run_id,subject,exercise,restimulus,rerepetition,n_samples,first_source_row,last_source_row,duration_seconds,segment_type
1,10,2,0,0,362,100778,101139,3.62,rest
2,10,2,1,1,367,101140,101506,3.67,active
3,10,2,0,0,530,101507,102036,5.3,rest
4,10,2,1,2,518,102037,102554,5.18,active
5,10,2,0,0,321,102555,102875,3.21,rest
6,10,2,1,3,294,102876,103169,2.94,active
7,10,2,0,0,544,103170,103713,5.44,rest
8,10,2,1,4,286,103714,103999,2.86,active
9,10,2,0,0,590,104000,104589,5.9,rest
10,10,2,1,5,314,104590,104903,3.14,active
11,10,2,0,0,480,104904,105383,4.8,rest
12,10,2,1,6,324,105384,105707,3.24,active
13,10,2,0,0,593,105708,106300,5.93,rest
14,10,2,1,7,215,106301,106515,2.15,active
15,10,2,0,0,572,106516,107087,5.72,rest
16,10,2,1,8,268,107088,107355,2.68,active
17,10,2,0,0,600,107356,107955,6.0,rest
18,10,2,1,9,229,107956,108184,2.29,active
19,10,2,0,0,525,108185,108709,5.25,rest
20,10,2,1,10,344,108710,109053,3.44,active
21,10,2,0,0,608,109054,109661,6.08,rest
22,10,2,2,1,331,109662,109992,3.31,active
23,10,2,0,0,414,109993,110406,4.14,rest
24,10,2,2,2,376,110407,110782,3.76,active
25,10,2,0,0,419,110783,111201,4.19,rest
26,10,2,2,3,435,111202,111636,4.35,active
27,10,2,0,0,405,111637,112041,4.05,rest
28,10,2,2,4,419,112042,112460,4.19,active
29,10,2,0,0,445,112461,112905,4.45,rest
30,10,2,2,5,439,112906,113344,4.39,active
31,10,2,0,0,418,113345,113762,4.18,rest
32,10,2,2,6,336,113763,114098,3.36,active
33,10,2,0,0,522,114099,114620,5.22,rest
34,10,2,2,7,328,114621,114948,3.28,active
35,10,2,0,0,500,114949,115448,5.0,rest
36,10,2,2,8,339,115449,115787,3.39,active
37,10,2,0,0,459,115788,116246,4.59,rest
38,10,2,2,9,382,116247,116628,3.82,active
39,10,2,0,0,488,116629,117116,4.88,rest
40,10,2,2,10,344,117117,117460,3.44,active
41,10,2,0,0,528,117461,117988,5.28,rest
42,10,2,3,1,397,117989,118385,3.97,active
43,10,2,0,0,410,118386,118795,4.1,rest
44,10,2,3,2,405,118796,119200,4.05,active
45,10,2,0,0,438,119201,119638,4.38,rest
46,10,2,3,3,423,119639,120061,4.23,active
47,10,2,0,0,416,120062,120477,4.16,rest
48,10,2,3,4,306,120478,120783,3.06,active
49,10,2,0,0,534,120784,121317,5.34,rest
50,10,2,3,5,362,121318,121679,3.62,active
51,10,2,0,0,475,121680,122154,4.75,rest
52,10,2,3,6,323,122155,122477,3.23,active
53,10,2,0,0,515,122478,122992,5.15,rest
54,10,2,3,7,384,122993,123376,3.84,active
55,10,2,0,0,441,123377,123817,4.41,rest
56,10,2,3,8,333,123818,124150,3.33,active
57,10,2,0,0,498,124151,124648,4.98,rest
58,10,2,3,9,322,124649,124970,3.22,active
59,10,2,0,0,513,124971,125483,5.13,rest
60,10,2,3,10,334,125484,125817,3.34,active
61,10,2,0,0,536,125818,126353,5.36,rest
62,10,2,4,1,381,126354,126734,3.81,active
63,10,2,0,0,505,126735,127239,5.05,rest
64,10,2,4,2,355,127240,127594,3.55,active
65,10,2,0,0,430,127595,128024,4.3,rest
66,10,2,4,3,455,128025,128479,4.55,active
67,10,2,0,0,382,128480,128861,3.82,rest
68,10,2,4,4,379,128862,129240,3.79,active
69,10,2,0,0,475,129241,129715,4.75,rest
70,10,2,4,5,353,129716,130068,3.53,active
71,10,2,0,0,484,130069,130552,4.84,rest
72,10,2,4,6,339,130553,130891,3.39,active
73,10,2,0,0,510,130892,131401,5.1,rest
74,10,2,4,7,356,131402,131757,3.56,active
75,10,2,0,0,468,131758,132225,4.68,rest
76,10,2,4,8,330,132226,132555,3.3,active
77,10,2,0,0,498,132556,133053,4.98,rest
78,10,2,4,9,311,133054,133364,3.11,active
79,10,2,0,0,533,133365,133897,5.33,rest
80,10,2,4,10,374,133898,134271,3.74,active
81,10,2,0,0,505,134272,134776,5.05,rest
82,10,2,5,1,385,134777,135161,3.85,active
83,10,2,0,0,461,135162,135622,4.61,rest
84,10,2,5,2,246,135623,135868,2.46,active
85,10,2,0,0,570,135869,136438,5.7,rest
86,10,2,5,3,411,136439,136849,4.11,active
87,10,2,0,0,426,136850,137275,4.26,rest
88,10,2,5,4,373,137276,137648,3.73,active
89,10,2,0,0,459,137649,138107,4.59,rest
90,10,2,5,5,332,138108,138439,3.32,active
91,10,2,0,0,517,138440,138956,5.17,rest
92,10,2,5,6,373,138957,139329,3.73,active
93,10,2,0,0,423,139330,139752,4.23,rest
94,10,2,5,7,376,139753,140128,3.76,active
95,10,2,0,0,480,140129,140608,4.8,rest
96,10,2,5,8,392,140609,141000,3.92,active
97,10,2,0,0,445,141001,141445,4.45,rest
98,10,2,5,9,283,141446,141728,2.83,active
99,10,2,0,0,551,141729,142279,5.51,rest
100,10,2,5,10,263,142280,142542,2.63,active
101,10,2,0,0,654,142543,143196,6.54,rest
102,10,2,6,1,249,143197,143445,2.49,active
103,10,2,0,0,550,143446,143995,5.5,rest
104,10,2,6,2,323,143996,144318,3.23,active
105,10,2,0,0,496,144319,144814,4.96,rest
106,10,2,6,3,361,144815,145175,3.61,active
107,10,2,0,0,471,145176,145646,4.71,rest
108,10,2,6,4,355,145647,146001,3.55,active
109,10,2,0,0,455,146002,146456,4.55,rest
110,10,2,6,5,404,146457,146860,4.04,active
111,10,2,0,0,493,146861,147353,4.93,rest
112,10,2,6,6,356,147354,147709,3.56,active
113,10,2,0,0,458,147710,148167,4.58,rest
114,10,2,6,7,407,148168,148574,4.07,active
115,10,2,0,0,433,148575,149007,4.33,rest
116,10,2,6,8,346,149008,149353,3.46,active
117,10,2,0,0,510,149354,149863,5.1,rest
118,10,2,6,9,239,149864,150102,2.39,active
119,10,2,0,0,591,150103,150693,5.91,rest
120,10,2,6,10,313,150694,151006,3.13,active
121,10,2,0,0,541,151007,151547,5.41,rest
122,10,2,7,1,363,151548,151910,3.63,active
123,10,2,0,0,453,151911,152363,4.53,rest
124,10,2,7,2,356,152364,152719,3.56,active
125,10,2,0,0,456,152720,153175,4.56,rest
126,10,2,7,3,406,153176,153581,4.06,active
127,10,2,0,0,430,153582,154011,4.3,rest
128,10,2,7,4,424,154012,154435,4.24,active
129,10,2,0,0,409,154436,154844,4.09,rest
130,10,2,7,5,428,154845,155272,4.28,active
131,10,2,0,0,445,155273,155717,4.45,rest
132,10,2,7,6,447,155718,156164,4.47,active
133,10,2,0,0,349,156165,156513,3.49,rest
134,10,2,7,7,481,156514,156994,4.81,active
135,10,2,0,0,358,156995,157352,3.58,rest
136,10,2,7,8,423,157353,157775,4.23,active
137,10,2,0,0,413,157776,158188,4.13,rest
138,10,2,7,9,420,158189,158608,4.2,active
139,10,2,0,0,436,158609,159044,4.36,rest
140,10,2,7,10,420,159045,159464,4.2,active
141,10,2,0,0,436,159465,159900,4.36,rest
142,10,2,8,1,439,159901,160339,4.39,active
143,10,2,0,0,485,160340,160824,4.85,rest
144,10,2,8,2,446,160825,161270,4.46,active
145,10,2,0,0,342,161271,161612,3.42,rest
146,10,2,8,3,418,161613,162030,4.18,active
147,10,2,0,0,369,162031,162399,3.69,rest
148,10,2,8,4,452,162400,162851,4.52,active
149,10,2,0,0,431,162852,163282,4.31,rest
150,10,2,8,5,409,163283,163691,4.09,active
151,10,2,0,0,427,163692,164118,4.27,rest
152,10,2,8,6,323,164119,164441,3.23,active
153,10,2,0,0,528,164442,164969,5.28,rest
154,10,2,8,7,395,164970,165364,3.95,active
155,10,2,0,0,429,165365,165793,4.29,rest
156,10,2,8,8,302,165794,166095,3.02,active
157,10,2,0,0,516,166096,166611,5.16,rest
158,10,2,8,9,436,166612,167047,4.36,active
159,10,2,0,0,451,167048,167498,4.51,rest
160,10,2,8,10,319,167499,167817,3.19,active
161,10,2,0,0,538,167818,168355,5.38,rest
162,10,2,9,1,510,168356,168865,5.1,active
163,10,2,0,0,280,168866,169145,2.8,rest
164,10,2,9,2,390,169146,169535,3.9,active
165,10,2,0,0,475,169536,170010,4.75,rest
166,10,2,9,3,365,170011,170375,3.65,active
167,10,2,0,0,454,170376,170829,4.54,rest
168,10,2,9,4,407,170830,171236,4.07,active
169,10,2,0,0,438,171237,171674,4.38,rest
170,10,2,9,5,545,171675,172219,5.45,active
171,10,2,0,0,318,172220,172537,3.18,rest
172,10,2,9,6,333,172538,172870,3.33,active
173,10,2,0,0,472,172871,173342,4.72,rest
174,10,2,9,7,494,173343,173836,4.94,active
175,10,2,0,0,381,173837,174217,3.81,rest
176,10,2,9,8,351,174218,174568,3.51,active
177,10,2,0,0,444,174569,175012,4.44,rest
178,10,2,9,9,396,175013,175408,3.96,active
179,10,2,0,0,479,175409,175887,4.79,rest
180,10,2,9,10,472,175888,176359,4.72,active
181,10,2,0,0,385,176360,176744,3.85,rest
182,10,2,10,1,379,176745,177123,3.79,active
183,10,2,0,0,413,177124,177536,4.13,rest
184,10,2,10,2,357,177537,177893,3.57,active
185,10,2,0,0,489,177894,178382,4.89,rest
186,10,2,10,3,371,178383,178753,3.71,active
187,10,2,0,0,441,178754,179194,4.41,rest
188,10,2,10,4,360,179195,179554,3.6,active
189,10,2,0,0,489,179555,180043,4.89,rest
190,10,2,10,5,313,180044,180356,3.13,active
191,10,2,0,0,532,180357,180888,5.32,rest
192,10,2,10,6,350,180889,181238,3.5,active
193,10,2,0,0,470,181239,181708,4.7,rest
194,10,2,10,7,321,181709,182029,3.21,active
195,10,2,0,0,524,182030,182553,5.24,rest
196,10,2,10,8,343,182554,182896,3.43,active
197,10,2,0,0,471,182897,183367,4.71,rest
198,10,2,10,9,414,183368,183781,4.14,active
199,10,2,0,0,415,183782,184196,4.15,rest
200,10,2,10,10,368,184197,184564,3.68,active
201,10,2,0,0,541,184565,185105,5.41,rest
202,10,2,11,1,350,185106,185455,3.5,active
203,10,2,0,0,453,185456,185908,4.53,rest
204,10,2,11,2,328,185909,186236,3.28,active
205,10,2,0,0,484,186237,186720,4.84,rest
206,10,2,11,3,327,186721,187047,3.27,active
207,10,2,0,0,504,187048,187551,5.04,rest
208,10,2,11,4,517,187552,188068,5.17,active
209,10,2,0,0,334,188069,188402,3.34,rest
210,10,2,11,5,315,188403,188717,3.15,active
211,10,2,0,0,548,188718,189265,5.48,rest
212,10,2,11,6,291,189266,189556,2.91,active
213,10,2,0,0,531,189557,190087,5.31,rest
214,10,2,11,7,352,190088,190439,3.52,active
215,10,2,0,0,477,190440,190916,4.77,rest
216,10,2,11,8,375,190917,191291,3.75,active
217,10,2,0,0,444,191292,191735,4.44,rest
218,10,2,11,9,457,191736,192192,4.57,active
219,10,2,0,0,387,192193,192579,3.87,rest
220,10,2,11,10,483,192580,193062,4.83,active
221,10,2,0,0,372,193063,193434,3.72,rest
222,10,2,12,1,383,193435,193817,3.83,active
223,10,2,0,0,402,193818,194219,4.02,rest
224,10,2,12,2,429,194220,194648,4.29,active
225,10,2,0,0,439,194649,195087,4.39,rest
226,10,2,12,3,387,195088,195474,3.87,active
227,10,2,0,0,419,195475,195893,4.19,rest
228,10,2,12,4,393,195894,196286,3.93,active
229,10,2,0,0,485,196287,196771,4.85,rest
230,10,2,12,5,326,196772,197097,3.26,active
231,10,2,0,0,510,197098,197607,5.1,rest
232,10,2,12,6,339,197608,197946,3.39,active
233,10,2,0,0,508,197947,198454,5.08,rest
234,10,2,12,7,332,198455,198786,3.32,active
235,10,2,0,0,484,198787,199270,4.84,rest
236,10,2,12,8,314,199271,199584,3.14,active
237,10,2,0,0,541,199585,200125,5.41,rest
238,10,2,12,9,306,200126,200431,3.06,active
239,10,2,0,0,533,200432,200964,5.33,rest
240,10,2,12,10,272,200965,201236,2.72,active
241,10,2,0,0,582,201237,201818,5.82,rest
242,10,2,13,1,403,201819,202221,4.03,active
243,10,2,0,0,424,202222,202645,4.24,rest
244,10,2,13,2,316,202646,202961,3.16,active
245,10,2,0,0,522,202962,203483,5.22,rest
246,10,2,13,3,362,203484,203845,3.62,active
247,10,2,0,0,477,203846,204322,4.77,rest
248,10,2,13,4,345,204323,204667,3.45,active
249,10,2,0,0,498,204668,205165,4.98,rest
250,10,2,13,5,302,205166,205467,3.02,active
251,10,2,0,0,527,205468,205994,5.27,rest
252,10,2,13,6,255,205995,206249,2.55,active
253,10,2,0,0,604,206250,206853,6.04,rest
254,10,2,13,7,258,206854,207111,2.58,active
255,10,2,0,0,560,207112,207671,5.6,rest
256,10,2,13,8,331,207672,208002,3.31,active
257,10,2,0,0,496,208003,208498,4.96,rest
258,10,2,13,9,308,208499,208806,3.08,active
259,10,2,0,0,538,208807,209344,5.38,rest
260,10,2,13,10,274,209345,209618,2.74,active
261,10,2,0,0,615,209619,210233,6.15,rest
262,10,2,14,1,304,210234,210537,3.04,active
263,10,2,0,0,511,210538,211048,5.11,rest
264,10,2,14,2,395,211049,211443,3.95,active
265,10,2,0,0,428,211444,211871,4.28,rest
266,10,2,14,3,339,211872,212210,3.39,active
267,10,2,0,0,506,212211,212716,5.06,rest
268,10,2,14,4,277,212717,212993,2.77,active
269,10,2,0,0,529,212994,213522,5.29,rest
270,10,2,14,5,303,213523,213825,3.03,active
271,10,2,0,0,554,213826,214379,5.54,rest
272,10,2,14,6,305,214380,214684,3.05,active
273,10,2,0,0,521,214685,215205,5.21,rest
274,10,2,14,7,305,215206,215510,3.05,active
275,10,2,0,0,586,215511,216096,5.86,rest
276,10,2,14,8,237,216097,216333,2.37,active
277,10,2,0,0,624,216334,216957,6.24,rest
278,10,2,14,9,270,216958,217227,2.7,active
279,10,2,0,0,499,217228,217726,4.99,rest
280,10,2,14,10,325,217727,218051,3.25,active
281,10,2,0,0,636,218052,218687,6.36,rest
282,10,2,15,1,303,218688,218990,3.03,active
283,10,2,0,0,470,218991,219460,4.7,rest
284,10,2,15,2,371,219461,219831,3.71,active
285,10,2,0,0,471,219832,220302,4.71,rest
286,10,2,15,3,369,220303,220671,3.69,active
287,10,2,0,0,468,220672,221139,4.68,rest
288,10,2,15,4,440,221140,221579,4.4,active
289,10,2,0,0,415,221580,221994,4.15,rest
290,10,2,15,5,430,221995,222424,4.3,active
291,10,2,0,0,352,222425,222776,3.52,rest
292,10,2,15,6,406,222777,223182,4.06,active
293,10,2,0,0,444,223183,223626,4.44,rest
294,10,2,15,7,332,223627,223958,3.32,active
295,10,2,0,0,530,223959,224488,5.3,rest
296,10,2,15,8,338,224489,224826,3.38,active
297,10,2,0,0,474,224827,225300,4.74,rest
298,10,2,15,9,330,225301,225630,3.3,active
299,10,2,0,0,518,225631,226148,5.18,rest
300,10,2,15,10,329,226149,226477,3.29,active
301,10,2,0,0,574,226478,227051,5.74,rest
302,10,2,16,1,452,227052,227503,4.52,active
303,10,2,0,0,325,227504,227828,3.25,rest
304,10,2,16,2,392,227829,228220,3.92,active
305,10,2,0,0,452,228221,228672,4.52,rest
306,10,2,16,3,401,228673,229073,4.01,active
307,10,2,0,0,421,229074,229494,4.21,rest
308,10,2,16,4,392,229495,229886,3.92,active
309,10,2,0,0,458,229887,230344,4.58,rest
310,10,2,16,5,374,230345,230718,3.74,active
311,10,2,0,0,433,230719,231151,4.33,rest
312,10,2,16,6,484,231152,231635,4.84,active
313,10,2,0,0,354,231636,231989,3.54,rest
314,10,2,16,7,416,231990,232405,4.16,active
315,10,2,0,0,400,232406,232805,4.0,rest
316,10,2,16,8,392,232806,233197,3.92,active
317,10,2,0,0,443,233198,233640,4.43,rest
318,10,2,16,9,386,233641,234026,3.86,active
319,10,2,0,0,514,234027,234540,5.14,rest
320,10,2,16,10,272,234541,234812,2.72,active
321,10,2,0,0,549,234813,235361,5.49,rest
322,10,2,17,1,381,235362,235742,3.81,active
323,10,2,0,0,484,235743,236226,4.84,rest
324,10,2,17,2,392,236227,236618,3.92,active
325,10,2,0,0,388,236619,237006,3.88,rest
326,10,2,17,3,438,237007,237444,4.38,active
327,10,2,0,0,394,237445,237838,3.94,rest
328,10,2,17,4,355,237839,238193,3.55,active
329,10,2,0,0,484,238194,238677,4.84,rest
330,10,2,17,5,451,238678,239128,4.51,active
331,10,2,0,0,382,239129,239510,3.82,rest
332,10,2,17,6,509,239511,240019,5.09,active
333,10,2,0,0,316,240020,240335,3.16,rest
334,10,2,17,7,428,240336,240763,4.28,active
335,10,2,0,0,470,240764,241233,4.7,rest
336,10,2,17,8,413,241234,241646,4.13,active
337,10,2,0,0,389,241647,242035,3.89,rest
338,10,2,17,9,441,242036,242476,4.41,active
339,10,2,0,0,385,242477,242861,3.85,rest
340,10,2,17,10,437,242862,243298,4.37,active
341,10,2,0,0,393,243299,243691,3.93,rest
342,10,3,0,0,436,243692,244127,4.36,rest
343,10,3,1,1,397,244128,244524,3.97,active
344,10,3,0,0,410,244525,244934,4.1,rest
345,10,3,1,2,478,244935,245412,4.78,active
346,10,3,0,0,342,245413,245754,3.42,rest
347,10,3,1,3,307,245755,246061,3.07,active
348,10,3,0,0,525,246062,246586,5.25,rest
349,10,3,1,4,408,246587,246994,4.08,active
350,10,3,0,0,423,246995,247417,4.23,rest
351,10,3,1,5,428,247418,247845,4.28,active
352,10,3,0,0,383,247846,248228,3.83,rest
353,10,3,1,6,434,248229,248662,4.34,active
354,10,3,0,0,433,248663,249095,4.33,rest
355,10,3,1,7,432,249096,249527,4.32,active
356,10,3,0,0,389,249528,249916,3.89,rest
357,10,3,1,8,359,249917,250275,3.59,active
358,10,3,0,0,489,250276,250764,4.89,rest
359,10,3,1,9,390,250765,251154,3.9,active
360,10,3,0,0,429,251155,251583,4.29,rest
361,10,3,1,10,381,251584,251964,3.81,active
362,10,3,0,0,1738,251965,253702,17.38,rest
363,10,3,2,1,435,253703,254137,4.35,active
364,10,3,0,0,477,254138,254614,4.77,rest
365,10,3,2,2,261,254615,254875,2.61,active
366,10,3,0,0,583,254876,255458,5.83,rest
367,10,3,2,3,230,255459,255688,2.3,active
368,10,3,0,0,540,255689,256228,5.4,rest
369,10,3,2,4,347,256229,256575,3.47,active
370,10,3,0,0,448,256576,257023,4.48,rest
371,10,3,2,5,371,257024,257394,3.71,active
372,10,3,0,0,433,257395,257827,4.33,rest
373,10,3,2,6,462,257828,258289,4.62,active
374,10,3,0,0,369,258290,258658,3.69,rest
375,10,3,2,7,450,258659,259108,4.5,active
376,10,3,0,0,407,259109,259515,4.07,rest
377,10,3,2,8,345,259516,259860,3.45,active
378,10,3,0,0,472,259861,260332,4.72,rest
379,10,3,2,9,366,260333,260698,3.66,active
380,10,3,0,0,609,260699,261307,6.09,rest
381,10,3,2,10,317,261308,261624,3.17,active
382,10,3,0,0,709,261625,262333,7.09,rest
383,10,3,3,1,368,262334,262701,3.68,active
384,10,3,0,0,388,262702,263089,3.88,rest
385,10,3,3,2,284,263090,263373,2.84,active
386,10,3,0,0,440,263374,263813,4.4,rest
387,10,3,3,3,386,263814,264199,3.86,active
388,10,3,0,0,468,264200,264667,4.68,rest
389,10,3,3,4,425,264668,265092,4.25,active
390,10,3,0,0,464,265093,265556,4.64,rest
391,10,3,3,5,270,265557,265826,2.7,active
392,10,3,0,0,477,265827,266303,4.77,rest
393,10,3,3,6,470,266304,266773,4.7,active
394,10,3,0,0,412,266774,267185,4.12,rest
395,10,3,3,7,432,267186,267617,4.32,active
396,10,3,0,0,397,267618,268014,3.97,rest
397,10,3,3,8,457,268015,268471,4.57,active
398,10,3,0,0,355,268472,268826,3.55,rest
399,10,3,3,9,475,268827,269301,4.75,active
400,10,3,0,0,429,269302,269730,4.29,rest
401,10,3,3,10,300,269731,270030,3.0,active
402,10,3,0,0,1379,270031,271409,13.79,rest
403,10,3,4,1,434,271410,271843,4.34,active
404,10,3,0,0,380,271844,272223,3.8,rest
405,10,3,4,2,338,272224,272561,3.38,active
406,10,3,0,0,488,272562,273049,4.88,rest
407,10,3,4,3,345,273050,273394,3.45,active
408,10,3,0,0,473,273395,273867,4.73,rest
409,10,3,4,4,432,273868,274299,4.32,active
410,10,3,0,0,461,274300,274760,4.61,rest
411,10,3,4,5,262,274761,275022,2.62,active
412,10,3,0,0,552,275023,275574,5.52,rest
413,10,3,4,6,361,275575,275935,3.61,active
414,10,3,0,0,465,275936,276400,4.65,rest
415,10,3,4,7,399,276401,276799,3.99,active
416,10,3,0,0,438,276800,277237,4.38,rest
417,10,3,4,8,341,277238,277578,3.41,active
418,10,3,0,0,491,277579,278069,4.91,rest
419,10,3,4,9,360,278070,278429,3.6,active
420,10,3,0,0,455,278430,278884,4.55,rest
421,10,3,4,10,410,278885,279294,4.1,active
422,10,3,0,0,1322,279295,280616,13.22,rest
423,10,3,5,1,404,280617,281020,4.04,active
424,10,3,0,0,417,281021,281437,4.17,rest
425,10,3,5,2,454,281438,281891,4.54,active
426,10,3,0,0,348,281892,282239,3.48,rest
427,10,3,5,3,459,282240,282698,4.59,active
428,10,3,0,0,446,282699,283144,4.46,rest
429,10,3,5,4,348,283145,283492,3.48,active
430,10,3,0,0,462,283493,283954,4.62,rest
431,10,3,5,5,417,283955,284371,4.17,active
432,10,3,0,0,417,284372,284788,4.17,rest
433,10,3,5,6,286,284789,285074,2.86,active
434,10,3,0,0,498,285075,285572,4.98,rest
435,10,3,5,7,435,285573,286007,4.35,active
436,10,3,0,0,441,286008,286448,4.41,rest
437,10,3,5,8,310,286449,286758,3.1,active
438,10,3,0,0,523,286759,287281,5.23,rest
439,10,3,5,9,363,287282,287644,3.63,active
440,10,3,0,0,461,287645,288105,4.61,rest
441,10,3,5,10,457,288106,288562,4.57,active
442,10,3,0,0,1430,288563,289992,14.3,rest
443,10,3,6,1,463,289993,290455,4.63,active
444,10,3,0,0,322,290456,290777,3.22,rest
445,10,3,6,2,337,290778,291114,3.37,active
446,10,3,0,0,511,291115,291625,5.11,rest
447,10,3,6,3,326,291626,291951,3.26,active
448,10,3,0,0,503,291952,292454,5.03,rest
449,10,3,6,4,355,292455,292809,3.55,active
450,10,3,0,0,454,292810,293263,4.54,rest
451,10,3,6,5,412,293264,293675,4.12,active
452,10,3,0,0,403,293676,294078,4.03,rest
453,10,3,6,6,472,294079,294550,4.72,active
454,10,3,0,0,458,294551,295008,4.58,rest
455,10,3,6,7,271,295009,295279,2.71,active
456,10,3,0,0,485,295280,295764,4.85,rest
457,10,3,6,8,350,295765,296114,3.5,active
458,10,3,0,0,519,296115,296633,5.19,rest
459,10,3,6,9,385,296634,297018,3.85,active
460,10,3,0,0,425,297019,297443,4.25,rest
461,10,3,6,10,421,297444,297864,4.21,active
462,10,3,0,0,932,297865,298796,9.32,rest
463,10,3,7,1,421,298797,299217,4.21,active
464,10,3,0,0,396,299218,299613,3.96,rest
465,10,3,7,2,505,299614,300118,5.05,active
466,10,3,0,0,343,300119,300461,3.43,rest
467,10,3,7,3,342,300462,300803,3.42,active
468,10,3,0,0,473,300804,301276,4.73,rest
469,10,3,7,4,404,301277,301680,4.04,active
470,10,3,0,0,434,301681,302114,4.34,rest
471,10,3,7,5,379,302115,302493,3.79,active
472,10,3,0,0,436,302494,302929,4.36,rest
473,10,3,7,6,439,302930,303368,4.39,active
474,10,3,0,0,434,303369,303802,4.34,rest
475,10,3,7,7,332,303803,304134,3.32,active
476,10,3,0,0,484,304135,304618,4.84,rest
477,10,3,7,8,377,304619,304995,3.77,active
478,10,3,0,0,451,304996,305446,4.51,rest
479,10,3,7,9,347,305447,305793,3.47,active
480,10,3,0,0,519,305794,306312,5.19,rest
481,10,3,7,10,369,306313,306681,3.69,active
482,10,3,0,0,608,306682,307289,6.08,rest
483,10,3,8,1,487,307290,307776,4.87,active
484,10,3,0,0,310,307777,308086,3.1,rest
485,10,3,8,2,484,308087,308570,4.84,active
486,10,3,0,0,372,308571,308942,3.72,rest
487,10,3,8,3,378,308943,309320,3.78,active
488,10,3,0,0,434,309321,309754,4.34,rest
489,10,3,8,4,409,309755,310163,4.09,active
490,10,3,0,0,434,310164,310597,4.34,rest
491,10,3,8,5,379,310598,310976,3.79,active
492,10,3,0,0,458,310977,311434,4.58,rest
493,10,3,8,6,406,311435,311840,4.06,active
494,10,3,0,0,446,311841,312286,4.46,rest
495,10,3,8,7,348,312287,312634,3.48,active
496,10,3,0,0,477,312635,313111,4.77,rest
497,10,3,8,8,396,313112,313507,3.96,active
498,10,3,0,0,448,313508,313955,4.48,rest
499,10,3,8,9,418,313956,314373,4.18,active
500,10,3,0,0,422,314374,314795,4.22,rest
501,10,3,8,10,405,314796,315200,4.05,active
502,10,3,0,0,938,315201,316138,9.38,rest
503,10,3,9,1,334,316139,316472,3.34,active
504,10,3,0,0,429,316473,316901,4.29,rest
505,10,3,9,2,351,316902,317252,3.51,active
506,10,3,0,0,463,317253,317715,4.63,rest
507,10,3,9,3,386,317716,318101,3.86,active
508,10,3,0,0,468,318102,318569,4.68,rest
509,10,3,9,4,338,318570,318907,3.38,active
510,10,3,0,0,480,318908,319387,4.8,rest
511,10,3,9,5,375,319388,319762,3.75,active
512,10,3,0,0,492,319763,320254,4.92,rest
513,10,3,9,6,314,320255,320568,3.14,active
514,10,3,0,0,601,320569,321169,6.01,rest
515,10,3,9,7,247,321170,321416,2.47,active
516,10,3,0,0,547,321417,321963,5.47,rest
517,10,3,9,8,317,321964,322280,3.17,active
518,10,3,0,0,485,322281,322765,4.85,rest
519,10,3,9,9,287,322766,323052,2.87,active
520,10,3,0,0,548,323053,323600,5.48,rest
521,10,3,9,10,345,323601,323945,3.45,active
522,10,3,0,0,1006,323946,324951,10.06,rest
523,10,3,10,1,359,324952,325310,3.59,active
524,10,3,0,0,465,325311,325775,4.65,rest
525,10,3,10,2,332,325776,326107,3.32,active
526,10,3,0,0,497,326108,326604,4.97,rest
527,10,3,10,3,384,326605,326988,3.84,active
528,10,3,0,0,455,326989,327443,4.55,rest
529,10,3,10,4,466,327444,327909,4.66,active
530,10,3,0,0,372,327910,328281,3.72,rest
531,10,3,10,5,357,328282,328638,3.57,active
532,10,3,0,0,492,328639,329130,4.92,rest
533,10,3,10,6,322,329131,329452,3.22,active
534,10,3,0,0,535,329453,329987,5.35,rest
535,10,3,10,7,305,329988,330292,3.05,active
536,10,3,0,0,514,330293,330806,5.14,rest
537,10,3,10,8,366,330807,331172,3.66,active
538,10,3,0,0,489,331173,331661,4.89,rest
539,10,3,10,9,399,331662,332060,3.99,active
540,10,3,0,0,454,332061,332514,4.54,rest
541,10,3,10,10,397,332515,332911,3.97,active
542,10,3,0,0,1378,332912,334289,13.78,rest
543,10,3,11,1,486,334290,334775,4.86,active
544,10,3,0,0,275,334776,335050,2.75,rest
545,10,3,11,2,443,335051,335493,4.43,active
546,10,3,0,0,401,335494,335894,4.01,rest
547,10,3,11,3,338,335895,336232,3.38,active
548,10,3,0,0,468,336233,336700,4.68,rest
549,10,3,11,4,415,336701,337115,4.15,active
550,10,3,0,0,456,337116,337571,4.56,rest
551,10,3,11,5,434,337572,338005,4.34,active
552,10,3,0,0,369,338006,338374,3.69,rest
553,10,3,11,6,467,338375,338841,4.67,active
554,10,3,0,0,410,338842,339251,4.1,rest
555,10,3,11,7,364,339252,339615,3.64,active
556,10,3,0,0,530,339616,340145,5.3,rest
557,10,3,11,8,279,340146,340424,2.79,active
558,10,3,0,0,490,340425,340914,4.9,rest
559,10,3,11,9,429,340915,341343,4.29,active
560,10,3,0,0,429,341344,341772,4.29,rest
561,10,3,11,10,384,341773,342156,3.84,active
562,10,3,0,0,1093,342157,343249,10.93,rest
563,10,3,12,1,359,343250,343608,3.59,active
564,10,3,0,0,370,343609,343978,3.7,rest
565,10,3,12,2,407,343979,344385,4.07,active
566,10,3,0,0,475,344386,344860,4.75,rest
567,10,3,12,3,413,344861,345273,4.13,active
568,10,3,0,0,396,345274,345669,3.96,rest
569,10,3,12,4,493,345670,346162,4.93,active
570,10,3,0,0,364,346163,346526,3.64,rest
571,10,3,12,5,415,346527,346941,4.15,active
572,10,3,0,0,454,346942,347395,4.54,rest
573,10,3,12,6,417,347396,347812,4.17,active
574,10,3,0,0,495,347813,348307,4.95,rest
575,10,3,12,7,288,348308,348595,2.88,active
576,10,3,0,0,427,348596,349022,4.27,rest
577,10,3,12,8,371,349023,349393,3.71,active
578,10,3,0,0,468,349394,349861,4.68,rest
579,10,3,12,9,349,349862,350210,3.49,active
580,10,3,0,0,518,350211,350728,5.18,rest
581,10,3,12,10,419,350729,351147,4.19,active
582,10,3,0,0,543,351148,351690,5.43,rest
583,10,3,13,1,322,351691,352012,3.22,active
584,10,3,0,0,428,352013,352440,4.28,rest
585,10,3,13,2,459,352441,352899,4.59,active
586,10,3,0,0,371,352900,353270,3.71,rest
587,10,3,13,3,444,353271,353714,4.44,active
588,10,3,0,0,430,353715,354144,4.3,rest
589,10,3,13,4,345,354145,354489,3.45,active
590,10,3,0,0,573,354490,355062,5.73,rest
591,10,3,13,5,256,355063,355318,2.56,active
592,10,3,0,0,484,355319,355802,4.84,rest
593,10,3,13,6,450,355803,356252,4.5,active
594,10,3,0,0,467,356253,356719,4.67,rest
595,10,3,13,7,303,356720,357022,3.03,active
596,10,3,0,0,469,357023,357491,4.69,rest
597,10,3,13,8,362,357492,357853,3.62,active
598,10,3,0,0,466,357854,358319,4.66,rest
599,10,3,13,9,329,358320,358648,3.29,active
600,10,3,0,0,509,358649,359157,5.09,rest
601,10,3,13,10,346,359158,359503,3.46,active
602,10,3,0,0,1058,359504,360561,10.58,rest
603,10,3,14,1,410,360562,360971,4.1,active
604,10,3,0,0,425,360972,361396,4.25,rest
605,10,3,14,2,381,361397,361777,3.81,active
606,10,3,0,0,460,361778,362237,4.6,rest
607,10,3,14,3,360,362238,362597,3.6,active
608,10,3,0,0,519,362598,363116,5.19,rest
609,10,3,14,4,423,363117,363539,4.23,active
610,10,3,0,0,381,363540,363920,3.81,rest
611,10,3,14,5,397,363921,364317,3.97,active
612,10,3,0,0,414,364318,364731,4.14,rest
613,10,3,14,6,351,364732,365082,3.51,active
614,10,3,0,0,510,365083,365592,5.1,rest
615,10,3,14,7,371,365593,365963,3.71,active
616,10,3,0,0,459,365964,366422,4.59,rest
617,10,3,14,8,366,366423,366788,3.66,active
618,10,3,0,0,480,366789,367268,4.8,rest
619,10,3,14,9,358,367269,367626,3.58,active
620,10,3,0,0,432,367627,368058,4.32,rest
621,10,3,14,10,313,368059,368371,3.13,active
622,10,3,0,0,1197,368372,369568,11.97,rest
623,10,3,15,1,525,369569,370093,5.25,active
624,10,3,0,0,289,370094,370382,2.89,rest
625,10,3,15,2,437,370383,370819,4.37,active
626,10,3,0,0,442,370820,371261,4.42,rest
627,10,3,15,3,366,371262,371627,3.66,active
628,10,3,0,0,430,371628,372057,4.3,rest
629,10,3,15,4,424,372058,372481,4.24,active
630,10,3,0,0,445,372482,372926,4.45,rest
631,10,3,15,5,408,372927,373334,4.08,active
632,10,3,0,0,421,373335,373755,4.21,rest
633,10,3,15,6,374,373756,374129,3.74,active
634,10,3,0,0,441,374130,374570,4.41,rest
635,10,3,15,7,387,374571,374957,3.87,active
636,10,3,0,0,462,374958,375419,4.62,rest
637,10,3,15,8,455,375420,375874,4.55,active
638,10,3,0,0,351,375875,376225,3.51,rest
639,10,3,15,9,414,376226,376639,4.14,active
640,10,3,0,0,434,376640,377073,4.34,rest
641,10,3,15,10,396,377074,377469,3.96,active
642,10,3,0,0,944,377470,378413,9.44,rest
643,10,3,16,1,335,378414,378748,3.35,active
644,10,3,0,0,474,378749,379222,4.74,rest
645,10,3,16,2,446,379223,379668,4.46,active
646,10,3,0,0,391,379669,380059,3.91,rest
647,10,3,16,3,342,380060,380401,3.42,active
648,10,3,0,0,438,380402,380839,4.38,rest
649,10,3,16,4,377,380840,381216,3.77,active
650,10,3,0,0,487,381217,381703,4.87,rest
651,10,3,16,5,350,381704,382053,3.5,active
652,10,3,0,0,489,382054,382542,4.89,rest
653,10,3,16,6,350,382543,382892,3.5,active
654,10,3,0,0,483,382893,383375,4.83,rest
655,10,3,16,7,403,383376,383778,4.03,active
656,10,3,0,0,414,383779,384192,4.14,rest
657,10,3,16,8,395,384193,384587,3.95,active
658,10,3,0,0,721,384588,385308,7.21,rest
659,10,3,16,9,211,385309,385519,2.11,active
660,10,3,0,0,314,385520,385833,3.14,rest
661,10,3,16,10,364,385834,386197,3.64,active
662,10,3,0,0,1368,386198,387565,13.68,rest
663,10,3,17,1,373,387566,387938,3.73,active
664,10,3,0,0,427,387939,388365,4.27,rest
665,10,3,17,2,504,388366,388869,5.04,active
666,10,3,0,0,318,388870,389187,3.18,rest
667,10,3,17,3,552,389188,389739,5.52,active
668,10,3,0,0,295,389740,390034,2.95,rest
669,10,3,17,4,540,390035,390574,5.4,active
670,10,3,0,0,256,390575,390830,2.56,rest
671,10,3,17,5,460,390831,391290,4.6,active
672,10,3,0,0,390,391291,391680,3.9,rest
673,10,3,17,6,548,391681,392228,5.48,active
674,10,3,0,0,279,392229,392507,2.79,rest
675,10,3,17,7,408,392508,392915,4.08,active
676,10,3,0,0,444,392916,393359,4.44,rest
677,10,3,17,8,467,393360,393826,4.67,active
678,10,3,0,0,366,393827,394192,3.66,rest
679,10,3,17,9,481,394193,394673,4.81,active
680,10,3,0,0,364,394674,395037,3.64,rest
681,10,3,17,10,485,395038,395522,4.85,active
682,10,3,0,0,1188,395523,396710,11.88,rest
683,10,3,18,1,426,396711,397136,4.26,active
684,10,3,0,0,398,397137,397534,3.98,rest
685,10,3,18,2,316,397535,397850,3.16,active
686,10,3,0,0,506,397851,398356,5.06,rest
687,10,3,18,3,380,398357,398736,3.8,active
688,10,3,0,0,472,398737,399208,4.72,rest
689,10,3,18,4,408,399209,399616,4.08,active
690,10,3,0,0,422,399617,400038,4.22,rest
691,10,3,18,5,342,400039,400380,3.42,active
692,10,3,0,0,487,400381,400867,4.87,rest
693,10,3,18,6,459,400868,401326,4.59,active
694,10,3,0,0,405,401327,401731,4.05,rest
695,10,3,18,7,343,401732,402074,3.43,active
696,10,3,0,0,504,402075,402578,5.04,rest
697,10,3,18,8,324,402579,402902,3.24,active
698,10,3,0,0,471,402903,403373,4.71,rest
699,10,3,18,9,398,403374,403771,3.98,active
700,10,3,0,0,468,403772,404239,4.68,rest
701,10,3,18,10,308,404240,404547,3.08,active
702,10,3,0,0,1090,404548,405637,10.9,rest
703,10,3,19,1,530,405638,406167,5.3,active
704,10,3,0,0,291,406168,406458,2.91,rest
705,10,3,19,2,457,406459,406915,4.57,active
706,10,3,0,0,369,406916,407284,3.69,rest
707,10,3,19,3,531,407285,407815,5.31,active
708,10,3,0,0,279,407816,408094,2.79,rest
709,10,3,19,4,502,408095,408596,5.02,active
710,10,3,0,0,349,408597,408945,3.49,rest
711,10,3,19,5,408,408946,409353,4.08,active
712,10,3,0,0,447,409354,409800,4.47,rest
713,10,3,19,6,402,409801,410202,4.02,active
714,10,3,0,0,422,410203,410624,4.22,rest
715,10,3,19,7,382,410625,411006,3.82,active
716,10,3,0,0,464,411007,411470,4.64,rest
717,10,3,19,8,440,411471,411910,4.4,active
718,10,3,0,0,404,411911,412314,4.04,rest
719,10,3,19,9,425,412315,412739,4.25,active
720,10,3,0,0,431,412740,413170,4.31,rest
721,10,3,19,10,488,413171,413658,4.88,active
722,10,3,0,0,1176,413659,414834,11.76,rest
723,10,3,20,1,485,414835,415319,4.85,active
724,10,3,0,0,304,415320,415623,3.04,rest
725,10,3,20,2,444,415624,416067,4.44,active
726,10,3,0,0,393,416068,416460,3.93,rest
727,10,3,20,3,417,416461,416877,4.17,active
728,10,3,0,0,385,416878,417262,3.85,rest
729,10,3,20,4,390,417263,417652,3.9,active
730,10,3,0,0,482,417653,418134,4.82,rest
731,10,3,20,5,483,418135,418617,4.83,active
732,10,3,0,0,389,418618,419006,3.89,rest
733,10,3,20,6,347,419007,419353,3.47,active
734,10,3,0,0,480,419354,419833,4.8,rest
735,10,3,20,7,362,419834,420195,3.62,active
736,10,3,0,0,455,420196,420650,4.55,rest
737,10,3,20,8,345,420651,420995,3.45,active
738,10,3,0,0,485,420996,421480,4.85,rest
739,10,3,20,9,485,421481,421965,4.85,active
740,10,3,0,0,349,421966,422314,3.49,rest
741,10,3,20,10,398,422315,422712,3.98,active
742,10,3,0,0,4837,422713,427549,48.37,rest
743,10,3,21,1,296,427550,427845,2.96,active
744,10,3,0,0,431,427846,428276,4.31,rest
745,10,3,21,2,441,428277,428717,4.41,active
746,10,3,0,0,337,428718,429054,3.37,rest
747,10,3,21,3,432,429055,429486,4.32,active
748,10,3,0,0,442,429487,429928,4.42,rest
749,10,3,21,4,382,429929,430310,3.82,active
750,10,3,0,0,444,430311,430754,4.44,rest
751,10,3,21,5,412,430755,431166,4.12,active
752,10,3,0,0,430,431167,431596,4.3,rest
753,10,3,21,6,363,431597,431959,3.63,active
754,10,3,0,0,478,431960,432437,4.78,rest
755,10,3,21,7,429,432438,432866,4.29,active
756,10,3,0,0,293,432867,433159,2.93,rest
757,10,3,21,8,471,433160,433630,4.71,active
758,10,3,0,0,375,433631,434005,3.75,rest
759,10,3,21,9,523,434006,434528,5.23,active
760,10,3,0,0,584,434529,435112,5.84,rest
761,10,3,21,10,313,435113,435425,3.13,active
762,10,3,0,0,3925,435426,439350,39.25,rest
763,10,3,22,1,444,439351,439794,4.44,active
764,10,3,0,0,357,439795,440151,3.57,rest
765,10,3,22,2,530,440152,440681,5.3,active
766,10,3,0,0,354,440682,441035,3.54,rest
767,10,3,22,3,417,441036,441452,4.17,active
768,10,3,0,0,326,441453,441778,3.26,rest
769,10,3,22,4,450,441779,442228,4.5,active
770,10,3,0,0,494,442229,442722,4.94,rest
771,10,3,22,5,409,442723,443131,4.09,active
772,10,3,0,0,389,443132,443520,3.89,rest
773,10,3,22,6,437,443521,443957,4.37,active
774,10,3,0,0,378,443958,444335,3.78,rest
775,10,3,22,7,422,444336,444757,4.22,active
776,10,3,0,0,396,444758,445153,3.96,rest
777,10,3,22,8,427,445154,445580,4.27,active
778,10,3,0,0,388,445581,445968,3.88,rest
779,10,3,22,9,410,445969,446378,4.1,active
780,10,3,0,0,471,446379,446849,4.71,rest
781,10,3,22,10,443,446850,447292,4.43,active
782,10,3,0,0,2372,447293,449664,23.72,rest
783,10,3,23,1,502,449665,450166,5.02,active
784,10,3,0,0,272,450167,450438,2.72,rest
785,10,3,23,2,533,450439,450971,5.33,active
786,10,3,0,0,345,450972,451316,3.45,rest
787,10,3,23,3,526,451317,451842,5.26,active
788,10,3,0,0,299,451843,452141,2.99,rest
789,10,3,23,4,498,452142,452639,4.98,active
790,10,3,0,0,306,452640,452945,3.06,rest
791,10,3,23,5,512,452946,453457,5.12,active
792,10,3,0,0,315,453458,453772,3.15,rest
793,10,3,23,6,510,453773,454282,5.1,active
794,10,3,0,0,302,454283,454584,3.02,rest
795,10,3,23,7,501,454585,455085,5.01,active
796,10,3,0,0,336,455086,455421,3.36,rest
797,10,3,23,8,512,455422,455933,5.12,active
798,10,3,0,0,347,455934,456280,3.47,rest
799,10,3,23,9,513,456281,456793,5.13,active
800,10,3,0,0,317,456794,457110,3.17,rest
801,10,3,23,10,555,457111,457665,5.55,active
802,10,3,0,0,262,457666,457927,2.62,rest
803,11,2,0,0,434,558827,559260,4.34,rest
804,11,2,1,1,296,559261,559556,2.96,active
805,11,2,0,0,532,559557,560088,5.32,rest
806,11,2,1,2,252,560089,560340,2.52,active
807,11,2,0,0,497,560341,560837,4.97,rest
808,11,2,1,3,455,560838,561292,4.55,active
809,11,2,0,0,466,561293,561758,4.66,rest
810,11,2,1,4,511,561759,562269,5.11,active
811,11,2,0,0,251,562270,562520,2.51,rest
812,11,2,1,5,450,562521,562970,4.5,active
813,11,2,0,0,550,562971,563520,5.5,rest
814,11,2,1,6,304,563521,563824,3.04,active
815,11,2,0,0,428,563825,564252,4.28,rest
816,11,2,1,7,514,564253,564766,5.14,active
817,11,2,0,0,310,564767,565076,3.1,rest
818,11,2,1,8,382,565077,565458,3.82,active
819,11,2,0,0,468,565459,565926,4.68,rest
820,11,2,1,9,376,565927,566302,3.76,active
821,11,2,0,0,455,566303,566757,4.55,rest
822,11,2,1,10,505,566758,567262,5.05,active
823,11,2,0,0,394,567263,567656,3.94,rest
824,11,2,2,1,322,567657,567978,3.22,active
825,11,2,0,0,508,567979,568486,5.08,rest
826,11,2,2,2,346,568487,568832,3.46,active
827,11,2,0,0,436,568833,569268,4.36,rest
828,11,2,2,3,522,569269,569790,5.22,active
829,11,2,0,0,324,569791,570114,3.24,rest
830,11,2,2,4,400,570115,570514,4.0,active
831,11,2,0,0,446,570515,570960,4.46,rest
832,11,2,2,5,355,570961,571315,3.55,active
833,11,2,0,0,482,571316,571797,4.82,rest
834,11,2,2,6,422,571798,572219,4.22,active
835,11,2,0,0,416,572220,572635,4.16,rest
836,11,2,2,7,346,572636,572981,3.46,active
837,11,2,0,0,494,572982,573475,4.94,rest
838,11,2,2,8,351,573476,573826,3.51,active
839,11,2,0,0,492,573827,574318,4.92,rest
840,11,2,2,9,437,574319,574755,4.37,active
841,11,2,0,0,375,574756,575130,3.75,rest
842,11,2,2,10,478,575131,575608,4.78,active
843,11,2,0,0,418,575609,576026,4.18,rest
844,11,2,3,1,394,576027,576420,3.94,active
845,11,2,0,0,423,576421,576843,4.23,rest
846,11,2,3,2,421,576844,577264,4.21,active
847,11,2,0,0,433,577265,577697,4.33,rest
848,11,2,3,3,355,577698,578052,3.55,active
849,11,2,0,0,476,578053,578528,4.76,rest
850,11,2,3,4,385,578529,578913,3.85,active
851,11,2,0,0,430,578914,579343,4.3,rest
852,11,2,3,5,405,579344,579748,4.05,active
853,11,2,0,0,441,579749,580189,4.41,rest
854,11,2,3,6,553,580190,580742,5.53,active
855,11,2,0,0,307,580743,581049,3.07,rest
856,11,2,3,7,417,581050,581466,4.17,active
857,11,2,0,0,401,581467,581867,4.01,rest
858,11,2,3,8,451,581868,582318,4.51,active
859,11,2,0,0,442,582319,582760,4.42,rest
860,11,2,3,9,364,582761,583124,3.64,active
861,11,2,0,0,407,583125,583531,4.07,rest
862,11,2,3,10,393,583532,583924,3.93,active
863,11,2,0,0,480,583925,584404,4.8,rest
864,11,2,4,1,362,584405,584766,3.62,active
865,11,2,0,0,450,584767,585216,4.5,rest
866,11,2,4,2,447,585217,585663,4.47,active
867,11,2,0,0,489,585664,586152,4.89,rest
868,11,2,4,3,359,586153,586511,3.59,active
869,11,2,0,0,456,586512,586967,4.56,rest
870,11,2,4,4,254,586968,587221,2.54,active
871,11,2,0,0,562,587222,587783,5.62,rest
872,11,2,4,5,390,587784,588173,3.9,active
873,11,2,0,0,475,588174,588648,4.75,rest
874,11,2,4,6,261,588649,588909,2.61,active
875,11,2,0,0,580,588910,589489,5.8,rest
876,11,2,4,7,396,589490,589885,3.96,active
877,11,2,0,0,453,589886,590338,4.53,rest
878,11,2,4,8,408,590339,590746,4.08,active
879,11,2,0,0,394,590747,591140,3.94,rest
880,11,2,4,9,450,591141,591590,4.5,active
881,11,2,0,0,385,591591,591975,3.85,rest
882,11,2,4,10,400,591976,592375,4.0,active
883,11,2,0,0,454,592376,592829,4.54,rest
884,11,2,5,1,288,592830,593117,2.88,active
885,11,2,0,0,519,593118,593636,5.19,rest
886,11,2,5,2,391,593637,594027,3.91,active
887,11,2,0,0,406,594028,594433,4.06,rest
888,11,2,5,3,429,594434,594862,4.29,active
889,11,2,0,0,429,594863,595291,4.29,rest
890,11,2,5,4,400,595292,595691,4.0,active
891,11,2,0,0,448,595692,596139,4.48,rest
892,11,2,5,5,334,596140,596473,3.34,active
893,11,2,0,0,527,596474,597000,5.27,rest
894,11,2,5,6,309,597001,597309,3.09,active
895,11,2,0,0,533,597310,597842,5.33,rest
896,11,2,5,7,338,597843,598180,3.38,active
897,11,2,0,0,476,598181,598656,4.76,rest
898,11,2,5,8,344,598657,599000,3.44,active
899,11,2,0,0,496,599001,599496,4.96,rest
900,11,2,5,9,357,599497,599853,3.57,active
901,11,2,0,0,472,599854,600325,4.72,rest
902,11,2,5,10,299,600326,600624,2.99,active
903,11,2,0,0,613,600625,601237,6.13,rest
904,11,2,6,1,423,601238,601660,4.23,active
905,11,2,0,0,374,601661,602034,3.74,rest
906,11,2,6,2,427,602035,602461,4.27,active
907,11,2,0,0,418,602462,602879,4.18,rest
908,11,2,6,3,408,602880,603287,4.08,active
909,11,2,0,0,412,603288,603699,4.12,rest
910,11,2,6,4,398,603700,604097,3.98,active
911,11,2,0,0,430,604098,604527,4.3,rest
912,11,2,6,5,422,604528,604949,4.22,active
913,11,2,0,0,399,604950,605348,3.99,rest
914,11,2,6,6,461,605349,605809,4.61,active
915,11,2,0,0,412,605810,606221,4.12,rest
916,11,2,6,7,385,606222,606606,3.85,active
917,11,2,0,0,552,606607,607158,5.52,rest
918,11,2,6,8,305,607159,607463,3.05,active
919,11,2,0,0,427,607464,607890,4.27,rest
920,11,2,6,9,370,607891,608260,3.7,active
921,11,2,0,0,467,608261,608727,4.67,rest
922,11,2,6,10,391,608728,609118,3.91,active
923,11,2,0,0,543,609119,609661,5.43,rest
924,11,2,7,1,303,609662,609964,3.03,active
925,11,2,0,0,538,609965,610502,5.38,rest
926,11,2,7,2,277,610503,610779,2.77,active
927,11,2,0,0,544,610780,611323,5.44,rest
928,11,2,7,3,323,611324,611646,3.23,active
929,11,2,0,0,434,611647,612080,4.34,rest
930,11,2,7,4,400,612081,612480,4.0,active
931,11,2,0,0,446,612481,612926,4.46,rest
932,11,2,7,5,424,612927,613350,4.24,active
933,11,2,0,0,398,613351,613748,3.98,rest
934,11,2,7,6,496,613749,614244,4.96,active
935,11,2,0,0,362,614245,614606,3.62,rest
936,11,2,7,7,353,614607,614959,3.53,active
937,11,2,0,0,537,614960,615496,5.37,rest
938,11,2,7,8,448,615497,615944,4.48,active
939,11,2,0,0,371,615945,616315,3.71,rest
940,11,2,7,9,476,616316,616791,4.76,active
941,11,2,0,0,346,616792,617137,3.46,rest
942,11,2,7,10,387,617138,617524,3.87,active
943,11,2,0,0,501,617525,618025,5.01,rest
944,11,2,8,1,349,618026,618374,3.49,active
945,11,2,0,0,472,618375,618846,4.72,rest
946,11,2,8,2,444,618847,619290,4.44,active
947,11,2,0,0,403,619291,619693,4.03,rest
948,11,2,8,3,352,619694,620045,3.52,active
949,11,2,0,0,511,620046,620556,5.11,rest
950,11,2,8,4,434,620557,620990,4.34,active
951,11,2,0,0,422,620991,621412,4.22,rest
952,11,2,8,5,370,621413,621782,3.7,active
953,11,2,0,0,386,621783,622168,3.86,rest
954,11,2,8,6,466,622169,622634,4.66,active
955,11,2,0,0,366,622635,623000,3.66,rest
956,11,2,8,7,466,623001,623466,4.66,active
957,11,2,0,0,414,623467,623880,4.14,rest
958,11,2,8,8,459,623881,624339,4.59,active
959,11,2,0,0,360,624340,624699,3.6,rest
960,11,2,8,9,468,624700,625167,4.68,active
961,11,2,0,0,402,625168,625569,4.02,rest
962,11,2,8,10,396,625570,625965,3.96,active
963,11,2,0,0,443,625966,626408,4.43,rest
964,11,2,9,1,524,626409,626932,5.24,active
965,11,2,0,0,311,626933,627243,3.11,rest
966,11,2,9,2,454,627244,627697,4.54,active
967,11,2,0,0,355,627698,628052,3.55,rest
968,11,2,9,3,435,628053,628487,4.35,active
969,11,2,0,0,381,628488,628868,3.81,rest
970,11,2,9,4,472,628869,629340,4.72,active
971,11,2,0,0,388,629341,629728,3.88,rest
972,11,2,9,5,467,629729,630195,4.67,active
973,11,2,0,0,383,630196,630578,3.83,rest
974,11,2,9,6,479,630579,631057,4.79,active
975,11,2,0,0,342,631058,631399,3.42,rest
976,11,2,9,7,480,631400,631879,4.8,active
977,11,2,0,0,367,631880,632246,3.67,rest
978,11,2,9,8,467,632247,632713,4.67,active
979,11,2,0,0,387,632714,633100,3.87,rest
980,11,2,9,9,419,633101,633519,4.19,active
981,11,2,0,0,385,633520,633904,3.85,rest
982,11,2,9,10,466,633905,634370,4.66,active
983,11,2,0,0,451,634371,634821,4.51,rest
984,11,2,10,1,363,634822,635184,3.63,active
985,11,2,0,0,503,635185,635687,5.03,rest
986,11,2,10,2,291,635688,635978,2.91,active
987,11,2,0,0,466,635979,636444,4.66,rest
988,11,2,10,3,430,636445,636874,4.3,active
989,11,2,0,0,412,636875,637286,4.12,rest
990,11,2,10,4,431,637287,637717,4.31,active
991,11,2,0,0,395,637718,638112,3.95,rest
992,11,2,10,5,434,638113,638546,4.34,active
993,11,2,0,0,383,638547,638929,3.83,rest
994,11,2,10,6,491,638930,639420,4.91,active
995,11,2,0,0,359,639421,639779,3.59,rest
996,11,2,10,7,435,639780,640214,4.35,active
997,11,2,0,0,412,640215,640626,4.12,rest
998,11,2,10,8,367,640627,640993,3.67,active
999,11,2,0,0,452,640994,641445,4.52,rest
1000,11,2,10,9,437,641446,641882,4.37,active
1001,11,2,0,0,381,641883,642263,3.81,rest
1002,11,2,10,10,513,642264,642776,5.13,active
1003,11,2,0,0,387,642777,643163,3.87,rest
1004,11,2,11,1,414,643164,643577,4.14,active
1005,11,2,0,0,396,643578,643973,3.96,rest
1006,11,2,11,2,474,643974,644447,4.74,active
1007,11,2,0,0,364,644448,644811,3.64,rest
1008,11,2,11,3,443,644812,645254,4.43,active
1009,11,2,0,0,403,645255,645657,4.03,rest
1010,11,2,11,4,434,645658,646091,4.34,active
1011,11,2,0,0,380,646092,646471,3.8,rest
1012,11,2,11,5,450,646472,646921,4.5,active
1013,11,2,0,0,387,646922,647308,3.87,rest
1014,11,2,11,6,448,647309,647756,4.48,active
1015,11,2,0,0,365,647757,648121,3.65,rest
1016,11,2,11,7,445,648122,648566,4.45,active
1017,11,2,0,0,402,648567,648968,4.02,rest
1018,11,2,11,8,421,648969,649389,4.21,active
1019,11,2,0,0,367,649390,649756,3.67,rest
1020,11,2,11,9,454,649757,650210,4.54,active
1021,11,2,0,0,403,650211,650613,4.03,rest
1022,11,2,11,10,459,650614,651072,4.59,active
1023,11,2,0,0,414,651073,651486,4.14,rest
1024,11,2,12,1,399,651487,651885,3.99,active
1025,11,2,0,0,433,651886,652318,4.33,rest
1026,11,2,12,2,414,652319,652732,4.14,active
1027,11,2,0,0,448,652733,653180,4.48,rest
1028,11,2,12,3,397,653181,653577,3.97,active
1029,11,2,0,0,419,653578,653996,4.19,rest
1030,11,2,12,4,394,653997,654390,3.94,active
1031,11,2,0,0,436,654391,654826,4.36,rest
1032,11,2,12,5,396,654827,655222,3.96,active
1033,11,2,0,0,443,655223,655665,4.43,rest
1034,11,2,12,6,428,655666,656093,4.28,active
1035,11,2,0,0,405,656094,656498,4.05,rest
1036,11,2,12,7,428,656499,656926,4.28,active
1037,11,2,0,0,408,656927,657334,4.08,rest
1038,11,2,12,8,450,657335,657784,4.5,active
1039,11,2,0,0,388,657785,658172,3.88,rest
1040,11,2,12,9,405,658173,658577,4.05,active
1041,11,2,0,0,430,658578,659007,4.3,rest
1042,11,2,12,10,364,659008,659371,3.64,active
1043,11,2,0,0,632,659372,660003,6.32,rest
1044,11,2,13,1,330,660004,660333,3.3,active
1045,11,2,0,0,381,660334,660714,3.81,rest
1046,11,2,13,2,451,660715,661165,4.51,active
1047,11,2,0,0,507,661166,661672,5.07,rest
1048,11,2,13,3,284,661673,661956,2.84,active
1049,11,2,0,0,428,661957,662384,4.28,rest
1050,11,2,13,4,486,662385,662870,4.86,active
1051,11,2,0,0,343,662871,663213,3.43,rest
1052,11,2,13,5,478,663214,663691,4.78,active
1053,11,2,0,0,354,663692,664045,3.54,rest
1054,11,2,13,6,480,664046,664525,4.8,active
1055,11,2,0,0,372,664526,664897,3.72,rest
1056,11,2,13,7,423,664898,665320,4.23,active
1057,11,2,0,0,398,665321,665718,3.98,rest
1058,11,2,13,8,490,665719,666208,4.9,active
1059,11,2,0,0,363,666209,666571,3.63,rest
1060,11,2,13,9,517,666572,667088,5.17,active
1061,11,2,0,0,339,667089,667427,3.39,rest
1062,11,2,13,10,484,667428,667911,4.84,active
1063,11,2,0,0,395,667912,668306,3.95,rest
1064,11,2,14,1,262,668307,668568,2.62,active
1065,11,2,0,0,529,668569,669097,5.29,rest
1066,11,2,14,2,501,669098,669598,5.01,active
1067,11,2,0,0,356,669599,669954,3.56,rest
1068,11,2,14,3,404,669955,670358,4.04,active
1069,11,2,0,0,426,670359,670784,4.26,rest
1070,11,2,14,4,289,670785,671073,2.89,active
1071,11,2,0,0,588,671074,671661,5.88,rest
1072,11,2,14,5,449,671662,672110,4.49,active
1073,11,2,0,0,350,672111,672460,3.5,rest
1074,11,2,14,6,490,672461,672950,4.9,active
1075,11,2,0,0,336,672951,673286,3.36,rest
1076,11,2,14,7,508,673287,673794,5.08,active
1077,11,2,0,0,309,673795,674103,3.09,rest
1078,11,2,14,8,349,674104,674452,3.49,active
1079,11,2,0,0,523,674453,674975,5.23,rest
1080,11,2,14,9,442,674976,675417,4.42,active
1081,11,2,0,0,398,675418,675815,3.98,rest
1082,11,2,14,10,366,675816,676181,3.66,active
1083,11,2,0,0,512,676182,676693,5.12,rest
1084,11,2,15,1,352,676694,677045,3.52,active
1085,11,2,0,0,481,677046,677526,4.81,rest
1086,11,2,15,2,357,677527,677883,3.57,active
1087,11,2,0,0,468,677884,678351,4.68,rest
1088,11,2,15,3,384,678352,678735,3.84,active
1089,11,2,0,0,480,678736,679215,4.8,rest
1090,11,2,15,4,354,679216,679569,3.54,active
1091,11,2,0,0,442,679570,680011,4.42,rest
1092,11,2,15,5,377,680012,680388,3.77,active
1093,11,2,0,0,453,680389,680841,4.53,rest
1094,11,2,15,6,333,680842,681174,3.33,active
1095,11,2,0,0,599,681175,681773,5.99,rest
1096,11,2,15,7,325,681774,682098,3.25,active
1097,11,2,0,0,426,682099,682524,4.26,rest
1098,11,2,15,8,425,682525,682949,4.25,active
1099,11,2,0,0,444,682950,683393,4.44,rest
1100,11,2,15,9,385,683394,683778,3.85,active
1101,11,2,0,0,422,683779,684200,4.22,rest
1102,11,2,15,10,418,684201,684618,4.18,active
1103,11,2,0,0,513,684619,685131,5.13,rest
1104,11,2,16,1,450,685132,685581,4.5,active
1105,11,2,0,0,340,685582,685921,3.4,rest
1106,11,2,16,2,460,685922,686381,4.6,active
1107,11,2,0,0,416,686382,686797,4.16,rest
1108,11,2,16,3,416,686798,687213,4.16,active
1109,11,2,0,0,385,687214,687598,3.85,rest
1110,11,2,16,4,411,687599,688009,4.11,active
1111,11,2,0,0,429,688010,688438,4.29,rest
1112,11,2,16,5,428,688439,688866,4.28,active
1113,11,2,0,0,418,688867,689284,4.18,rest
1114,11,2,16,6,433,689285,689717,4.33,active
1115,11,2,0,0,357,689718,690074,3.57,rest
1116,11,2,16,7,470,690075,690544,4.7,active
1117,11,2,0,0,369,690545,690913,3.69,rest
1118,11,2,16,8,461,690914,691374,4.61,active
1119,11,2,0,0,366,691375,691740,3.66,rest
1120,11,2,16,9,409,691741,692149,4.09,active
1121,11,2,0,0,431,692150,692580,4.31,rest
1122,11,2,16,10,469,692581,693049,4.69,active
1123,11,2,0,0,382,693050,693431,3.82,rest
1124,11,2,17,1,484,693432,693915,4.84,active
1125,11,2,0,0,358,693916,694273,3.58,rest
1126,11,2,17,2,423,694274,694696,4.23,active
1127,11,2,0,0,400,694697,695096,4.0,rest
1128,11,2,17,3,454,695097,695550,4.54,active
1129,11,2,0,0,411,695551,695961,4.11,rest
1130,11,2,17,4,368,695962,696329,3.68,active
1131,11,2,0,0,466,696330,696795,4.66,rest
1132,11,2,17,5,342,696796,697137,3.42,active
1133,11,2,0,0,499,697138,697636,4.99,rest
1134,11,2,17,6,344,697637,697980,3.44,active
1135,11,2,0,0,469,697981,698449,4.69,rest
1136,11,2,17,7,461,698450,698910,4.61,active
1137,11,2,0,0,379,698911,699289,3.79,rest
1138,11,2,17,8,418,699290,699707,4.18,active
1139,11,2,0,0,417,699708,700124,4.17,rest
1140,11,2,17,9,463,700125,700587,4.63,active
1141,11,2,0,0,359,700588,700946,3.59,rest
1142,11,2,17,10,363,700947,701309,3.63,active
1143,11,2,0,0,461,701310,701770,4.61,rest
1144,11,3,0,0,422,701771,702192,4.22,rest
1145,11,3,1,1,308,702193,702500,3.08,active
1146,11,3,0,0,517,702501,703017,5.17,rest
1147,11,3,1,2,310,703018,703327,3.1,active
1148,11,3,0,0,447,703328,703774,4.47,rest
1149,11,3,1,3,429,703775,704203,4.29,active
1150,11,3,0,0,421,704204,704624,4.21,rest
1151,11,3,1,4,340,704625,704964,3.4,active
1152,11,3,0,0,530,704965,705494,5.3,rest
1153,11,3,1,5,346,705495,705840,3.46,active
1154,11,3,0,0,432,705841,706272,4.32,rest
1155,11,3,1,6,427,706273,706699,4.27,active
1156,11,3,0,0,437,706700,707136,4.37,rest
1157,11,3,1,7,436,707137,707572,4.36,active
1158,11,3,0,0,362,707573,707934,3.62,rest
1159,11,3,1,8,413,707935,708347,4.13,active
1160,11,3,0,0,492,708348,708839,4.92,rest
1161,11,3,1,9,375,708840,709214,3.75,active
1162,11,3,0,0,421,709215,709635,4.21,rest
1163,11,3,1,10,398,709636,710033,3.98,active
1164,11,3,0,0,1802,710034,711835,18.02,rest
1165,11,3,2,1,422,711836,712257,4.22,active
1166,11,3,0,0,431,712258,712688,4.31,rest
1167,11,3,2,2,430,712689,713118,4.3,active
1168,11,3,0,0,425,713119,713543,4.25,rest
1169,11,3,2,3,393,713544,713936,3.93,active
1170,11,3,0,0,422,713937,714358,4.22,rest
1171,11,3,2,4,418,714359,714776,4.18,active
1172,11,3,0,0,429,714777,715205,4.29,rest
1173,11,3,2,5,392,715206,715597,3.92,active
1174,11,3,0,0,443,715598,716040,4.43,rest
1175,11,3,2,6,398,716041,716438,3.98,active
1176,11,3,0,0,465,716439,716903,4.65,rest
1177,11,3,2,7,325,716904,717228,3.25,active
1178,11,3,0,0,487,717229,717715,4.87,rest
1179,11,3,2,8,382,717716,718097,3.82,active
1180,11,3,0,0,405,718098,718502,4.05,rest
1181,11,3,2,9,520,718503,719022,5.2,active
1182,11,3,0,0,401,719023,719423,4.01,rest
1183,11,3,2,10,392,719424,719815,3.92,active
1184,11,3,0,0,1028,719816,720843,10.28,rest
1185,11,3,3,1,188,720844,721031,1.88,active
1186,11,3,0,0,303,721032,721334,3.03,rest
1187,11,3,3,2,479,721335,721813,4.79,active
1188,11,3,0,0,372,721814,722185,3.72,rest
1189,11,3,3,3,355,722186,722540,3.55,active
1190,11,3,0,0,499,722541,723039,4.99,rest
1191,11,3,3,4,328,723040,723367,3.28,active
1192,11,3,0,0,483,723368,723850,4.83,rest
1193,11,3,3,5,347,723851,724197,3.47,active
1194,11,3,0,0,488,724198,724685,4.88,rest
1195,11,3,3,6,329,724686,725014,3.29,active
1196,11,3,0,0,485,725015,725499,4.85,rest
1197,11,3,3,7,335,725500,725834,3.35,active
1198,11,3,0,0,482,725835,726316,4.82,rest
1199,11,3,3,8,322,726317,726638,3.22,active
1200,11,3,0,0,545,726639,727183,5.45,rest
1201,11,3,3,9,311,727184,727494,3.11,active
1202,11,3,0,0,507,727495,728001,5.07,rest
1203,11,3,3,10,303,728002,728304,3.03,active
1204,11,3,0,0,1917,728305,730221,19.17,rest
1205,11,3,4,1,321,730222,730542,3.21,active
1206,11,3,0,0,454,730543,730996,4.54,rest
1207,11,3,4,2,337,730997,731333,3.37,active
1208,11,3,0,0,482,731334,731815,4.82,rest
1209,11,3,4,3,315,731816,732130,3.15,active
1210,11,3,0,0,537,732131,732667,5.37,rest
1211,11,3,4,4,342,732668,733009,3.42,active
1212,11,3,0,0,457,733010,733466,4.57,rest
1213,11,3,4,5,354,733467,733820,3.54,active
1214,11,3,0,0,488,733821,734308,4.88,rest
1215,11,3,4,6,326,734309,734634,3.26,active
1216,11,3,0,0,513,734635,735147,5.13,rest
1217,11,3,4,7,339,735148,735486,3.39,active
1218,11,3,0,0,495,735487,735981,4.95,rest
1219,11,3,4,8,344,735982,736325,3.44,active
1220,11,3,0,0,516,736326,736841,5.16,rest
1221,11,3,4,9,339,736842,737180,3.39,active
1222,11,3,0,0,478,737181,737658,4.78,rest
1223,11,3,4,10,400,737659,738058,4.0,active
1224,11,3,0,0,1075,738059,739133,10.75,rest
1225,11,3,5,1,320,739134,739453,3.2,active
1226,11,3,0,0,511,739454,739964,5.11,rest
1227,11,3,5,2,372,739965,740336,3.72,active
1228,11,3,0,0,426,740337,740762,4.26,rest
1229,11,3,5,3,345,740763,741107,3.45,active
1230,11,3,0,0,493,741108,741600,4.93,rest
1231,11,3,5,4,397,741601,741997,3.97,active
1232,11,3,0,0,400,741998,742397,4.0,rest
1233,11,3,5,5,401,742398,742798,4.01,active
1234,11,3,0,0,466,742799,743264,4.66,rest
1235,11,3,5,6,388,743265,743652,3.88,active
1236,11,3,0,0,391,743653,744043,3.91,rest
1237,11,3,5,7,481,744044,744524,4.81,active
1238,11,3,0,0,402,744525,744926,4.02,rest
1239,11,3,5,8,419,744927,745345,4.19,active
1240,11,3,0,0,407,745346,745752,4.07,rest
1241,11,3,5,9,429,745753,746181,4.29,active
1242,11,3,0,0,369,746182,746550,3.69,rest
1243,11,3,5,10,421,746551,746971,4.21,active
1244,11,3,0,0,1281,746972,748252,12.81,rest
1245,11,3,6,1,361,748253,748613,3.61,active
1246,11,3,0,0,447,748614,749060,4.47,rest
1247,11,3,6,2,306,749061,749366,3.06,active
1248,11,3,0,0,477,749367,749843,4.77,rest
1249,11,3,6,3,421,749844,750264,4.21,active
1250,11,3,0,0,384,750265,750648,3.84,rest
1251,11,3,6,4,375,750649,751023,3.75,active
1252,11,3,0,0,477,751024,751500,4.77,rest
1253,11,3,6,5,363,751501,751863,3.63,active
1254,11,3,0,0,445,751864,752308,4.45,rest
1255,11,3,6,6,415,752309,752723,4.15,active
1256,11,3,0,0,417,752724,753140,4.17,rest
1257,11,3,6,7,441,753141,753581,4.41,active
1258,11,3,0,0,408,753582,753989,4.08,rest
1259,11,3,6,8,360,753990,754349,3.6,active
1260,11,3,0,0,458,754350,754807,4.58,rest
1261,11,3,6,9,397,754808,755204,3.97,active
1262,11,3,0,0,451,755205,755655,4.51,rest
1263,11,3,6,10,365,755656,756020,3.65,active
1264,11,3,0,0,1147,756021,757167,11.47,rest
1265,11,3,7,1,377,757168,757544,3.77,active
1266,11,3,0,0,433,757545,757977,4.33,rest
1267,11,3,7,2,339,757978,758316,3.39,active
1268,11,3,0,0,523,758317,758839,5.23,rest
1269,11,3,7,3,359,758840,759198,3.59,active
1270,11,3,0,0,486,759199,759684,4.86,rest
1271,11,3,7,4,338,759685,760022,3.38,active
1272,11,3,0,0,501,760023,760523,5.01,rest
1273,11,3,7,5,321,760524,760844,3.21,active
1274,11,3,0,0,487,760845,761331,4.87,rest
1275,11,3,7,6,324,761332,761655,3.24,active
1276,11,3,0,0,507,761656,762162,5.07,rest
1277,11,3,7,7,401,762163,762563,4.01,active
1278,11,3,0,0,419,762564,762982,4.19,rest
1279,11,3,7,8,477,762983,763459,4.77,active
1280,11,3,0,0,384,763460,763843,3.84,rest
1281,11,3,7,9,410,763844,764253,4.1,active
1282,11,3,0,0,409,764254,764662,4.09,rest
1283,11,3,7,10,447,764663,765109,4.47,active
1284,11,3,0,0,540,765110,765649,5.4,rest
1285,11,3,8,1,374,765650,766023,3.74,active
1286,11,3,0,0,435,766024,766458,4.35,rest
1287,11,3,8,2,383,766459,766841,3.83,active
1288,11,3,0,0,459,766842,767300,4.59,rest
1289,11,3,8,3,346,767301,767646,3.46,active
1290,11,3,0,0,494,767647,768140,4.94,rest
1291,11,3,8,4,360,768141,768500,3.6,active
1292,11,3,0,0,468,768501,768968,4.68,rest
1293,11,3,8,5,363,768969,769331,3.63,active
1294,11,3,0,0,496,769332,769827,4.96,rest
1295,11,3,8,6,373,769828,770200,3.73,active
1296,11,3,0,0,431,770201,770631,4.31,rest
1297,11,3,8,7,389,770632,771020,3.89,active
1298,11,3,0,0,445,771021,771465,4.45,rest
1299,11,3,8,8,414,771466,771879,4.14,active
1300,11,3,0,0,427,771880,772306,4.27,rest
1301,11,3,8,9,290,772307,772596,2.9,active
1302,11,3,0,0,539,772597,773135,5.39,rest
1303,11,3,8,10,336,773136,773471,3.36,active
1304,11,3,0,0,2796,773472,776267,27.96,rest
1305,11,3,9,1,316,776268,776583,3.16,active
1306,11,3,0,0,504,776584,777087,5.04,rest
1307,11,3,9,2,432,777088,777519,4.32,active
1308,11,3,0,0,430,777520,777949,4.3,rest
1309,11,3,9,3,279,777950,778228,2.79,active
1310,11,3,0,0,562,778229,778790,5.62,rest
1311,11,3,9,4,268,778791,779058,2.68,active
1312,11,3,0,0,577,779059,779635,5.77,rest
1313,11,3,9,5,337,779636,779972,3.37,active
1314,11,3,0,0,447,779973,780419,4.47,rest
1315,11,3,9,6,361,780420,780780,3.61,active
1316,11,3,0,0,498,780781,781278,4.98,rest
1317,11,3,9,7,332,781279,781610,3.32,active
1318,11,3,0,0,478,781611,782088,4.78,rest
1319,11,3,9,8,331,782089,782419,3.31,active
1320,11,3,0,0,502,782420,782921,5.02,rest
1321,11,3,9,9,331,782922,783252,3.31,active
1322,11,3,0,0,551,783253,783803,5.51,rest
1323,11,3,9,10,296,783804,784099,2.96,active
1324,11,3,0,0,1263,784100,785362,12.63,rest
1325,11,3,10,1,293,785363,785655,2.93,active
1326,11,3,0,0,580,785656,786235,5.8,rest
1327,11,3,10,2,254,786236,786489,2.54,active
1328,11,3,0,0,553,786490,787042,5.53,rest
1329,11,3,10,3,296,787043,787338,2.96,active
1330,11,3,0,0,505,787339,787843,5.05,rest
1331,11,3,10,4,360,787844,788203,3.6,active
1332,11,3,0,0,470,788204,788673,4.7,rest
1333,11,3,10,5,331,788674,789004,3.31,active
1334,11,3,0,0,521,789005,789525,5.21,rest
1335,11,3,10,6,299,789526,789824,2.99,active
1336,11,3,0,0,518,789825,790342,5.18,rest
1337,11,3,10,7,399,790343,790741,3.99,active
1338,11,3,0,0,418,790742,791159,4.18,rest
1339,11,3,10,8,362,791160,791521,3.62,active
1340,11,3,0,0,531,791522,792052,5.31,rest
1341,11,3,10,9,312,792053,792364,3.12,active
1342,11,3,0,0,530,792365,792894,5.3,rest
1343,11,3,10,10,343,792895,793237,3.43,active
1344,11,3,0,0,535,793238,793772,5.35,rest
1345,11,3,11,1,352,793773,794124,3.52,active
1346,11,3,0,0,438,794125,794562,4.38,rest
1347,11,3,11,2,302,794563,794864,3.02,active
1348,11,3,0,0,555,794865,795419,5.55,rest
1349,11,3,11,3,311,795420,795730,3.11,active
1350,11,3,0,0,501,795731,796231,5.01,rest
1351,11,3,11,4,286,796232,796517,2.86,active
1352,11,3,0,0,560,796518,797077,5.6,rest
1353,11,3,11,5,307,797078,797384,3.07,active
1354,11,3,0,0,546,797385,797930,5.46,rest
1355,11,3,11,6,292,797931,798222,2.92,active
1356,11,3,0,0,532,798223,798754,5.32,rest
1357,11,3,11,7,346,798755,799100,3.46,active
1358,11,3,0,0,513,799101,799613,5.13,rest
1359,11,3,11,8,341,799614,799954,3.41,active
1360,11,3,0,0,484,799955,800438,4.84,rest
1361,11,3,11,9,308,800439,800746,3.08,active
1362,11,3,0,0,502,800747,801248,5.02,rest
1363,11,3,11,10,393,801249,801641,3.93,active
1364,11,3,0,0,1717,801642,803358,17.17,rest
1365,11,3,12,1,333,803359,803691,3.33,active
1366,11,3,0,0,437,803692,804128,4.37,rest
1367,11,3,12,2,417,804129,804545,4.17,active
1368,11,3,0,0,432,804546,804977,4.32,rest
1369,11,3,12,3,321,804978,805298,3.21,active
1370,11,3,0,0,552,805299,805850,5.52,rest
1371,11,3,12,4,319,805851,806169,3.19,active
1372,11,3,0,0,523,806170,806692,5.23,rest
1373,11,3,12,5,266,806693,806958,2.66,active
1374,11,3,0,0,577,806959,807535,5.77,rest
1375,11,3,12,6,257,807536,807792,2.57,active
1376,11,3,0,0,561,807793,808353,5.61,rest
1377,11,3,12,7,293,808354,808646,2.93,active
1378,11,3,0,0,539,808647,809185,5.39,rest
1379,11,3,12,8,257,809186,809442,2.57,active
1380,11,3,0,0,550,809443,809992,5.5,rest
1381,11,3,12,9,307,809993,810299,3.07,active
1382,11,3,0,0,570,810300,810869,5.7,rest
1383,11,3,12,10,272,810870,811141,2.72,active
1384,11,3,0,0,2592,811142,813733,25.92,rest
1385,11,3,13,1,310,813734,814043,3.1,active
1386,11,3,0,0,480,814044,814523,4.8,rest
1387,11,3,13,2,343,814524,814866,3.43,active
1388,11,3,0,0,505,814867,815371,5.05,rest
1389,11,3,13,3,264,815372,815635,2.64,active
1390,11,3,0,0,583,815636,816218,5.83,rest
1391,11,3,13,4,430,816219,816648,4.3,active
1392,11,3,0,0,398,816649,817046,3.98,rest
1393,11,3,13,5,333,817047,817379,3.33,active
1394,11,3,0,0,437,817380,817816,4.37,rest
1395,11,3,13,6,404,817817,818220,4.04,active
1396,11,3,0,0,492,818221,818712,4.92,rest
1397,11,3,13,7,301,818713,819013,3.01,active
1398,11,3,0,0,516,819014,819529,5.16,rest
1399,11,3,13,8,273,819530,819802,2.73,active
1400,11,3,0,0,586,819803,820388,5.86,rest
1401,11,3,13,9,305,820389,820693,3.05,active
1402,11,3,0,0,481,820694,821174,4.81,rest
1403,11,3,13,10,410,821175,821584,4.1,active
1404,11,3,0,0,1267,821585,822851,12.67,rest
1405,11,3,14,1,288,822852,823139,2.88,active
1406,11,3,0,0,483,823140,823622,4.83,rest
1407,11,3,14,2,384,823623,824006,3.84,active
1408,11,3,0,0,467,824007,824473,4.67,rest
1409,11,3,14,3,362,824474,824835,3.62,active
1410,11,3,0,0,441,824836,825276,4.41,rest
1411,11,3,14,4,432,825277,825708,4.32,active
1412,11,3,0,0,416,825709,826124,4.16,rest
1413,11,3,14,5,303,826125,826427,3.03,active
1414,11,3,0,0,568,826428,826995,5.68,rest
1415,11,3,14,6,299,826996,827294,2.99,active
1416,11,3,0,0,503,827295,827797,5.03,rest
1417,11,3,14,7,432,827798,828229,4.32,active
1418,11,3,0,0,413,828230,828642,4.13,rest
1419,11,3,14,8,345,828643,828987,3.45,active
1420,11,3,0,0,481,828988,829468,4.81,rest
1421,11,3,14,9,330,829469,829798,3.3,active
1422,11,3,0,0,512,829799,830310,5.12,rest
1423,11,3,14,10,399,830311,830709,3.99,active
1424,11,3,0,0,1491,830710,832200,14.91,rest
1425,11,3,15,1,398,832201,832598,3.98,active
1426,11,3,0,0,385,832599,832983,3.85,rest
1427,11,3,15,2,391,832984,833374,3.91,active
1428,11,3,0,0,444,833375,833818,4.44,rest
1429,11,3,15,3,436,833819,834254,4.36,active
1430,11,3,0,0,400,834255,834654,4.0,rest
1431,11,3,15,4,388,834655,835042,3.88,active
1432,11,3,0,0,445,835043,835487,4.45,rest
1433,11,3,15,5,334,835488,835821,3.34,active
1434,11,3,0,0,496,835822,836317,4.96,rest
1435,11,3,15,6,435,836318,836752,4.35,active
1436,11,3,0,0,399,836753,837151,3.99,rest
1437,11,3,15,7,382,837152,837533,3.82,active
1438,11,3,0,0,444,837534,837977,4.44,rest
1439,11,3,15,8,426,837978,838403,4.26,active
1440,11,3,0,0,544,838404,838947,5.44,rest
1441,11,3,15,9,322,838948,839269,3.22,active
1442,11,3,0,0,383,839270,839652,3.83,rest
1443,11,3,15,10,358,839653,840010,3.58,active
1444,11,3,0,0,1183,840011,841193,11.83,rest
1445,11,3,16,1,432,841194,841625,4.32,active
1446,11,3,0,0,428,841626,842053,4.28,rest
1447,11,3,16,2,439,842054,842492,4.39,active
1448,11,3,0,0,398,842493,842890,3.98,rest
1449,11,3,16,3,264,842891,843154,2.64,active
1450,11,3,0,0,550,843155,843704,5.5,rest
1451,11,3,16,4,293,843705,843997,2.93,active
1452,11,3,0,0,596,843998,844593,5.96,rest
1453,11,3,16,5,269,844594,844862,2.69,active
1454,11,3,0,0,487,844863,845349,4.87,rest
1455,11,3,16,6,290,845350,845639,2.9,active
1456,11,3,0,0,559,845640,846198,5.59,rest
1457,11,3,16,7,440,846199,846638,4.4,active
1458,11,3,0,0,371,846639,847009,3.71,rest
1459,11,3,16,8,355,847010,847364,3.55,active
1460,11,3,0,0,464,847365,847828,4.64,rest
1461,11,3,16,9,407,847829,848235,4.07,active
1462,11,3,0,0,466,848236,848701,4.66,rest
1463,11,3,16,10,401,848702,849102,4.01,active
1464,11,3,0,0,1019,849103,850121,10.19,rest
1465,11,3,17,1,371,850122,850492,3.71,active
1466,11,3,0,0,446,850493,850938,4.46,rest
1467,11,3,17,2,514,850939,851452,5.14,active
1468,11,3,0,0,323,851453,851775,3.23,rest
1469,11,3,17,3,378,851776,852153,3.78,active
1470,11,3,0,0,457,852154,852610,4.57,rest
1471,11,3,17,4,397,852611,853007,3.97,active
1472,11,3,0,0,439,853008,853446,4.39,rest
1473,11,3,17,5,382,853447,853828,3.82,active
1474,11,3,0,0,480,853829,854308,4.8,rest
1475,11,3,17,6,336,854309,854644,3.36,active
1476,11,3,0,0,492,854645,855136,4.92,rest
1477,11,3,17,7,374,855137,855510,3.74,active
1478,11,3,0,0,455,855511,855965,4.55,rest
1479,11,3,17,8,345,855966,856310,3.45,active
1480,11,3,0,0,495,856311,856805,4.95,rest
1481,11,3,17,9,398,856806,857203,3.98,active
1482,11,3,0,0,424,857204,857627,4.24,rest
1483,11,3,17,10,355,857628,857982,3.55,active
1484,11,3,0,0,984,857983,858966,9.84,rest
1485,11,3,18,1,476,858967,859442,4.76,active
1486,11,3,0,0,362,859443,859804,3.62,rest
1487,11,3,18,2,303,859805,860107,3.03,active
1488,11,3,0,0,572,860108,860679,5.72,rest
1489,11,3,18,3,270,860680,860949,2.7,active
1490,11,3,0,0,486,860950,861435,4.86,rest
1491,11,3,18,4,487,861436,861922,4.87,active
1492,11,3,0,0,358,861923,862280,3.58,rest
1493,11,3,18,5,458,862281,862738,4.58,active
1494,11,3,0,0,355,862739,863093,3.55,rest
1495,11,3,18,6,443,863094,863536,4.43,active
1496,11,3,0,0,437,863537,863973,4.37,rest
1497,11,3,18,7,304,863974,864277,3.04,active
1498,11,3,0,0,490,864278,864767,4.9,rest
1499,11,3,18,8,437,864768,865204,4.37,active
1500,11,3,0,0,400,865205,865604,4.0,rest
1501,11,3,18,9,400,865605,866004,4.0,active
1502,11,3,0,0,432,866005,866436,4.32,rest
1503,11,3,18,10,469,866437,866905,4.69,active
1504,11,3,0,0,1111,866906,868016,11.11,rest
1505,11,3,19,1,366,868017,868382,3.66,active
1506,11,3,0,0,456,868383,868838,4.56,rest
1507,11,3,19,2,387,868839,869225,3.87,active
1508,11,3,0,0,471,869226,869696,4.71,rest
1509,11,3,19,3,349,869697,870045,3.49,active
1510,11,3,0,0,463,870046,870508,4.63,rest
1511,11,3,19,4,372,870509,870880,3.72,active
1512,11,3,0,0,457,870881,871337,4.57,rest
1513,11,3,19,5,405,871338,871742,4.05,active
1514,11,3,0,0,407,871743,872149,4.07,rest
1515,11,3,19,6,411,872150,872560,4.11,active
1516,11,3,0,0,446,872561,873006,4.46,rest
1517,11,3,19,7,408,873007,873414,4.08,active
1518,11,3,0,0,420,873415,873834,4.2,rest
1519,11,3,19,8,353,873835,874187,3.53,active
1520,11,3,0,0,469,874188,874656,4.69,rest
1521,11,3,19,9,475,874657,875131,4.75,active
1522,11,3,0,0,374,875132,875505,3.74,rest
1523,11,3,19,10,426,875506,875931,4.26,active
1524,11,3,0,0,1255,875932,877186,12.55,rest
1525,11,3,20,1,412,877187,877598,4.12,active
1526,11,3,0,0,412,877599,878010,4.12,rest
1527,11,3,20,2,399,878011,878409,3.99,active
1528,11,3,0,0,426,878410,878835,4.26,rest
1529,11,3,20,3,416,878836,879251,4.16,active
1530,11,3,0,0,435,879252,879686,4.35,rest
1531,11,3,20,4,370,879687,880056,3.7,active
1532,11,3,0,0,461,880057,880517,4.61,rest
1533,11,3,20,5,376,880518,880893,3.76,active
1534,11,3,0,0,429,880894,881322,4.29,rest
1535,11,3,20,6,405,881323,881727,4.05,active
1536,11,3,0,0,431,881728,882158,4.31,rest
1537,11,3,20,7,377,882159,882535,3.77,active
1538,11,3,0,0,434,882536,882969,4.34,rest
1539,11,3,20,8,453,882970,883422,4.53,active
1540,11,3,0,0,372,883423,883794,3.72,rest
1541,11,3,20,9,455,883795,884249,4.55,active
1542,11,3,0,0,401,884250,884650,4.01,rest
1543,11,3,20,10,460,884651,885110,4.6,active
1544,11,3,0,0,10937,885111,896047,109.37,rest
1545,11,3,21,1,405,896048,896452,4.05,active
1546,11,3,0,0,426,896453,896878,4.26,rest
1547,11,3,21,2,402,896879,897280,4.02,active
1548,11,3,0,0,434,897281,897714,4.34,rest
1549,11,3,21,3,294,897715,898008,2.94,active
1550,11,3,0,0,477,898009,898485,4.77,rest
1551,11,3,21,4,375,898486,898860,3.75,active
1552,11,3,0,0,533,898861,899393,5.33,rest
1553,11,3,21,5,388,899394,899781,3.88,active
1554,11,3,0,0,452,899782,900233,4.52,rest
1555,11,3,21,6,331,900234,900564,3.31,active
1556,11,3,0,0,487,900565,901051,4.87,rest
1557,11,3,21,7,310,901052,901361,3.1,active
1558,11,3,0,0,527,901362,901888,5.27,rest
1559,11,3,21,8,358,901889,902246,3.58,active
1560,11,3,0,0,466,902247,902712,4.66,rest
1561,11,3,21,9,350,902713,903062,3.5,active
1562,11,3,0,0,531,903063,903593,5.31,rest
1563,11,3,21,10,345,903594,903938,3.45,active
1564,11,3,0,0,6022,903939,909960,60.22,rest
1565,11,3,22,1,341,909961,910301,3.41,active
1566,11,3,0,0,524,910302,910825,5.24,rest
1567,11,3,22,2,289,910826,911114,2.89,active
1568,11,3,0,0,539,911115,911653,5.39,rest
1569,11,3,22,3,320,911654,911973,3.2,active
1570,11,3,0,0,455,911974,912428,4.55,rest
1571,11,3,22,4,410,912429,912838,4.1,active
1572,11,3,0,0,417,912839,913255,4.17,rest
1573,11,3,22,5,408,913256,913663,4.08,active
1574,11,3,0,0,461,913664,914124,4.61,rest
1575,11,3,22,6,376,914125,914500,3.76,active
1576,11,3,0,0,473,914501,914973,4.73,rest
1577,11,3,22,7,386,914974,915359,3.86,active
1578,11,3,0,0,438,915360,915797,4.38,rest
1579,11,3,22,8,285,915798,916082,2.85,active
1580,11,3,0,0,563,916083,916645,5.63,rest
1581,11,3,22,9,358,916646,917003,3.58,active
1582,11,3,0,0,566,917004,917569,5.66,rest
1583,11,3,22,10,417,917570,917986,4.17,active
1584,11,3,0,0,3666,917987,921652,36.66,rest
1585,11,3,23,1,411,921653,922063,4.11,active
1586,11,3,0,0,387,922064,922450,3.87,rest
1587,11,3,23,2,392,922451,922842,3.92,active
1588,11,3,0,0,414,922843,923256,4.14,rest
1589,11,3,23,3,439,923257,923695,4.39,active
1590,11,3,0,0,423,923696,924118,4.23,rest
1591,11,3,23,4,382,924119,924500,3.82,active
1592,11,3,0,0,399,924501,924899,3.99,rest
1593,11,3,23,5,446,924900,925345,4.46,active
1594,11,3,0,0,445,925346,925790,4.45,rest
1595,11,3,23,6,445,925791,926235,4.45,active
1596,11,3,0,0,347,926236,926582,3.47,rest
1597,11,3,23,7,481,926583,927063,4.81,active
1598,11,3,0,0,409,927064,927472,4.09,rest
1599,11,3,23,8,472,927473,927944,4.72,active
1600,11,3,0,0,315,927945,928259,3.15,rest
1601,11,3,23,9,481,928260,928740,4.81,active
1602,11,3,0,0,370,928741,929110,3.7,rest
1603,11,3,23,10,476,929111,929586,4.76,active
1604,11,3,0,0,295,929587,929881,2.95,rest
1605,12,2,0,0,451,1030802,1031252,4.51,rest
1606,12,2,1,1,323,1031253,1031575,3.23,active
1607,12,2,0,0,425,1031576,1032000,4.25,rest
1608,12,2,1,2,365,1032001,1032365,3.65,active
1609,12,2,0,0,484,1032366,1032849,4.84,rest
1610,12,2,1,3,400,1032850,1033249,4.0,active
1611,12,2,0,0,501,1033250,1033750,5.01,rest
1612,12,2,1,4,334,1033751,1034084,3.34,active
1613,12,2,0,0,492,1034085,1034576,4.92,rest
1614,12,2,1,5,325,1034577,1034901,3.25,active
1615,12,2,0,0,466,1034902,1035367,4.66,rest
1616,12,2,1,6,412,1035368,1035779,4.12,active
1617,12,2,0,0,415,1035780,1036194,4.15,rest
1618,12,2,1,7,411,1036195,1036605,4.11,active
1619,12,2,0,0,422,1036606,1037027,4.22,rest
1620,12,2,1,8,476,1037028,1037503,4.76,active
1621,12,2,0,0,357,1037504,1037860,3.57,rest
1622,12,2,1,9,420,1037861,1038280,4.2,active
1623,12,2,0,0,414,1038281,1038694,4.14,rest
1624,12,2,1,10,481,1038695,1039175,4.81,active
1625,12,2,0,0,455,1039176,1039630,4.55,rest
1626,12,2,2,1,369,1039631,1039999,3.69,active
1627,12,2,0,0,441,1040000,1040440,4.41,rest
1628,12,2,2,2,381,1040441,1040821,3.81,active
1629,12,2,0,0,465,1040822,1041286,4.65,rest
1630,12,2,2,3,336,1041287,1041622,3.36,active
1631,12,2,0,0,468,1041623,1042090,4.68,rest
1632,12,2,2,4,360,1042091,1042450,3.6,active
1633,12,2,0,0,458,1042451,1042908,4.58,rest
1634,12,2,2,5,382,1042909,1043290,3.82,active
1635,12,2,0,0,439,1043291,1043729,4.39,rest
1636,12,2,2,6,405,1043730,1044134,4.05,active
1637,12,2,0,0,484,1044135,1044618,4.84,rest
1638,12,2,2,7,306,1044619,1044924,3.06,active
1639,12,2,0,0,525,1044925,1045449,5.25,rest
1640,12,2,2,8,397,1045450,1045846,3.97,active
1641,12,2,0,0,501,1045847,1046347,5.01,rest
1642,12,2,2,9,451,1046348,1046798,4.51,active
1643,12,2,0,0,286,1046799,1047084,2.86,rest
1644,12,2,2,10,426,1047085,1047510,4.26,active
1645,12,2,0,0,434,1047511,1047944,4.34,rest
1646,12,2,3,1,354,1047945,1048298,3.54,active
1647,12,2,0,0,507,1048299,1048805,5.07,rest
1648,12,2,3,2,240,1048806,1049045,2.4,active
1649,12,2,0,0,545,1049046,1049590,5.45,rest
1650,12,2,3,3,379,1049591,1049969,3.79,active
1651,12,2,0,0,441,1049970,1050410,4.41,rest
1652,12,2,3,4,368,1050411,1050778,3.68,active
1653,12,2,0,0,504,1050779,1051282,5.04,rest
1654,12,2,3,5,303,1051283,1051585,3.03,active
1655,12,2,0,0,521,1051586,1052106,5.21,rest
1656,12,2,3,6,332,1052107,1052438,3.32,active
1657,12,2,0,0,506,1052439,1052944,5.06,rest
1658,12,2,3,7,408,1052945,1053352,4.08,active
1659,12,2,0,0,486,1053353,1053838,4.86,rest
1660,12,2,3,8,249,1053839,1054087,2.49,active
1661,12,2,0,0,588,1054088,1054675,5.88,rest
1662,12,2,3,9,208,1054676,1054883,2.08,active
1663,12,2,0,0,563,1054884,1055446,5.63,rest
1664,12,2,3,10,396,1055447,1055842,3.96,active
1665,12,2,0,0,527,1055843,1056369,5.27,rest
1666,12,2,4,1,308,1056370,1056677,3.08,active
1667,12,2,0,0,492,1056678,1057169,4.92,rest
1668,12,2,4,2,369,1057170,1057538,3.69,active
1669,12,2,0,0,478,1057539,1058016,4.78,rest
1670,12,2,4,3,366,1058017,1058382,3.66,active
1671,12,2,0,0,495,1058383,1058877,4.95,rest
1672,12,2,4,4,281,1058878,1059158,2.81,active
1673,12,2,0,0,550,1059159,1059708,5.5,rest
1674,12,2,4,5,319,1059709,1060027,3.19,active
1675,12,2,0,0,484,1060028,1060511,4.84,rest
1676,12,2,4,6,353,1060512,1060864,3.53,active
1677,12,2,0,0,481,1060865,1061345,4.81,rest
1678,12,2,4,7,344,1061346,1061689,3.44,active
1679,12,2,0,0,507,1061690,1062196,5.07,rest
1680,12,2,4,8,386,1062197,1062582,3.86,active
1681,12,2,0,0,437,1062583,1063019,4.37,rest
1682,12,2,4,9,422,1063020,1063441,4.22,active
1683,12,2,0,0,435,1063442,1063876,4.35,rest
1684,12,2,4,10,249,1063877,1064125,2.49,active
1685,12,2,0,0,634,1064126,1064759,6.34,rest
1686,12,2,5,1,220,1064760,1064979,2.2,active
1687,12,2,0,0,601,1064980,1065580,6.01,rest
1688,12,2,5,2,295,1065581,1065875,2.95,active
1689,12,2,0,0,536,1065876,1066411,5.36,rest
1690,12,2,5,3,333,1066412,1066744,3.33,active
1691,12,2,0,0,488,1066745,1067232,4.88,rest
1692,12,2,5,4,314,1067233,1067546,3.14,active
1693,12,2,0,0,537,1067547,1068083,5.37,rest
1694,12,2,5,5,296,1068084,1068379,2.96,active
1695,12,2,0,0,565,1068380,1068944,5.65,rest
1696,12,2,5,6,321,1068945,1069265,3.21,active
1697,12,2,0,0,477,1069266,1069742,4.77,rest
1698,12,2,5,7,286,1069743,1070028,2.86,active
1699,12,2,0,0,559,1070029,1070587,5.59,rest
1700,12,2,5,8,289,1070588,1070876,2.89,active
1701,12,2,0,0,557,1070877,1071433,5.57,rest
1702,12,2,5,9,281,1071434,1071714,2.81,active
1703,12,2,0,0,481,1071715,1072195,4.81,rest
1704,12,2,5,10,404,1072196,1072599,4.04,active
1705,12,2,0,0,517,1072600,1073116,5.17,rest
1706,12,2,6,1,375,1073117,1073491,3.75,active
1707,12,2,0,0,419,1073492,1073910,4.19,rest
1708,12,2,6,2,418,1073911,1074328,4.18,active
1709,12,2,0,0,448,1074329,1074776,4.48,rest
1710,12,2,6,3,342,1074777,1075118,3.42,active
1711,12,2,0,0,496,1075119,1075614,4.96,rest
1712,12,2,6,4,337,1075615,1075951,3.37,active
1713,12,2,0,0,484,1075952,1076435,4.84,rest
1714,12,2,6,5,379,1076436,1076814,3.79,active
1715,12,2,0,0,459,1076815,1077273,4.59,rest
1716,12,2,6,6,313,1077274,1077586,3.13,active
1717,12,2,0,0,504,1077587,1078090,5.04,rest
1718,12,2,6,7,353,1078091,1078443,3.53,active
1719,12,2,0,0,478,1078444,1078921,4.78,rest
1720,12,2,6,8,300,1078922,1079221,3.0,active
1721,12,2,0,0,557,1079222,1079778,5.57,rest
1722,12,2,6,9,284,1079779,1080062,2.84,active
1723,12,2,0,0,541,1080063,1080603,5.41,rest
1724,12,2,6,10,259,1080604,1080862,2.59,active
1725,12,2,0,0,668,1080863,1081530,6.68,rest
1726,12,2,7,1,281,1081531,1081811,2.81,active
1727,12,2,0,0,521,1081812,1082332,5.21,rest
1728,12,2,7,2,373,1082333,1082705,3.73,active
1729,12,2,0,0,493,1082706,1083198,4.93,rest
1730,12,2,7,3,438,1083199,1083636,4.38,active
1731,12,2,0,0,311,1083637,1083947,3.11,rest
1732,12,2,7,4,459,1083948,1084406,4.59,active
1733,12,2,0,0,374,1084407,1084780,3.74,rest
1734,12,2,7,5,451,1084781,1085231,4.51,active
1735,12,2,0,0,374,1085232,1085605,3.74,rest
1736,12,2,7,6,457,1085606,1086062,4.57,active
1737,12,2,0,0,369,1086063,1086431,3.69,rest
1738,12,2,7,7,449,1086432,1086880,4.49,active
1739,12,2,0,0,413,1086881,1087293,4.13,rest
1740,12,2,7,8,512,1087294,1087805,5.12,active
1741,12,2,0,0,299,1087806,1088104,2.99,rest
1742,12,2,7,9,436,1088105,1088540,4.36,active
1743,12,2,0,0,426,1088541,1088966,4.26,rest
1744,12,2,7,10,432,1088967,1089398,4.32,active
1745,12,2,0,0,465,1089399,1089863,4.65,rest
1746,12,2,8,1,387,1089864,1090250,3.87,active
1747,12,2,0,0,460,1090251,1090710,4.6,rest
1748,12,2,8,2,322,1090711,1091032,3.22,active
1749,12,2,0,0,495,1091033,1091527,4.95,rest
1750,12,2,8,3,303,1091528,1091830,3.03,active
1751,12,2,0,0,552,1091831,1092382,5.52,rest
1752,12,2,8,4,271,1092383,1092653,2.71,active
1753,12,2,0,0,558,1092654,1093211,5.58,rest
1754,12,2,8,5,340,1093212,1093551,3.4,active
1755,12,2,0,0,527,1093552,1094078,5.27,rest
1756,12,2,8,6,275,1094079,1094353,2.75,active
1757,12,2,0,0,556,1094354,1094909,5.56,rest
1758,12,2,8,7,295,1094910,1095204,2.95,active
1759,12,2,0,0,545,1095205,1095749,5.45,rest
1760,12,2,8,8,255,1095750,1096004,2.55,active
1761,12,2,0,0,568,1096005,1096572,5.68,rest
1762,12,2,8,9,353,1096573,1096925,3.53,active
1763,12,2,0,0,490,1096926,1097415,4.9,rest
1764,12,2,8,10,302,1097416,1097717,3.02,active
1765,12,2,0,0,571,1097718,1098288,5.71,rest
1766,12,2,9,1,427,1098289,1098715,4.27,active
1767,12,2,0,0,335,1098716,1099050,3.35,rest
1768,12,2,9,2,426,1099051,1099476,4.26,active
1769,12,2,0,0,440,1099477,1099916,4.4,rest
1770,12,2,9,3,418,1099917,1100334,4.18,active
1771,12,2,0,0,423,1100335,1100757,4.23,rest
1772,12,2,9,4,380,1100758,1101137,3.8,active
1773,12,2,0,0,456,1101138,1101593,4.56,rest
1774,12,2,9,5,350,1101594,1101943,3.5,active
1775,12,2,0,0,507,1101944,1102450,5.07,rest
1776,12,2,9,6,397,1102451,1102847,3.97,active
1777,12,2,0,0,428,1102848,1103275,4.28,rest
1778,12,2,9,7,331,1103276,1103606,3.31,active
1779,12,2,0,0,506,1103607,1104112,5.06,rest
1780,12,2,9,8,335,1104113,1104447,3.35,active
1781,12,2,0,0,493,1104448,1104940,4.93,rest
1782,12,2,9,9,339,1104941,1105279,3.39,active
1783,12,2,0,0,507,1105280,1105786,5.07,rest
1784,12,2,9,10,339,1105787,1106125,3.39,active
1785,12,2,0,0,529,1106126,1106654,5.29,rest
1786,12,2,10,1,300,1106655,1106954,3.0,active
1787,12,2,0,0,492,1106955,1107446,4.92,rest
1788,12,2,10,2,404,1107447,1107850,4.04,active
1789,12,2,0,0,441,1107851,1108291,4.41,rest
1790,12,2,10,3,266,1108292,1108557,2.66,active
1791,12,2,0,0,548,1108558,1109105,5.48,rest
1792,12,2,10,4,340,1109106,1109445,3.4,active
1793,12,2,0,0,528,1109446,1109973,5.28,rest
1794,12,2,10,5,345,1109974,1110318,3.45,active
1795,12,2,0,0,488,1110319,1110806,4.88,rest
1796,12,2,10,6,348,1110807,1111154,3.48,active
1797,12,2,0,0,465,1111155,1111619,4.65,rest
1798,12,2,10,7,428,1111620,1112047,4.28,active
1799,12,2,0,0,412,1112048,1112459,4.12,rest
1800,12,2,10,8,350,1112460,1112809,3.5,active
1801,12,2,0,0,480,1112810,1113289,4.8,rest
1802,12,2,10,9,371,1113290,1113660,3.71,active
1803,12,2,0,0,439,1113661,1114099,4.39,rest
1804,12,2,10,10,332,1114100,1114431,3.32,active
1805,12,2,0,0,529,1114432,1114960,5.29,rest
1806,12,2,11,1,405,1114961,1115365,4.05,active
1807,12,2,0,0,424,1115366,1115789,4.24,rest
1808,12,2,11,2,406,1115790,1116195,4.06,active
1809,12,2,0,0,401,1116196,1116596,4.01,rest
1810,12,2,11,3,443,1116597,1117039,4.43,active
1811,12,2,0,0,384,1117040,1117423,3.84,rest
1812,12,2,11,4,436,1117424,1117859,4.36,active
1813,12,2,0,0,422,1117860,1118281,4.22,rest
1814,12,2,11,5,395,1118282,1118676,3.95,active
1815,12,2,0,0,414,1118677,1119090,4.14,rest
1816,12,2,11,6,397,1119091,1119487,3.97,active
1817,12,2,0,0,453,1119488,1119940,4.53,rest
1818,12,2,11,7,407,1119941,1120347,4.07,active
1819,12,2,0,0,425,1120348,1120772,4.25,rest
1820,12,2,11,8,430,1120773,1121202,4.3,active
1821,12,2,0,0,403,1121203,1121605,4.03,rest
1822,12,2,11,9,335,1121606,1121940,3.35,active
1823,12,2,0,0,500,1121941,1122440,5.0,rest
1824,12,2,11,10,395,1122441,1122835,3.95,active
1825,12,2,0,0,456,1122836,1123291,4.56,rest
1826,12,2,12,1,396,1123292,1123687,3.96,active
1827,12,2,0,0,417,1123688,1124104,4.17,rest
1828,12,2,12,2,411,1124105,1124515,4.11,active
1829,12,2,0,0,476,1124516,1124991,4.76,rest
1830,12,2,12,3,254,1124992,1125245,2.54,active
1831,12,2,0,0,543,1125246,1125788,5.43,rest
1832,12,2,12,4,406,1125789,1126194,4.06,active
1833,12,2,0,0,410,1126195,1126604,4.1,rest
1834,12,2,12,5,327,1126605,1126931,3.27,active
1835,12,2,0,0,523,1126932,1127454,5.23,rest
1836,12,2,12,6,371,1127455,1127825,3.71,active
1837,12,2,0,0,476,1127826,1128301,4.76,rest
1838,12,2,12,7,257,1128302,1128558,2.57,active
1839,12,2,0,0,583,1128559,1129141,5.83,rest
1840,12,2,12,8,397,1129142,1129538,3.97,active
1841,12,2,0,0,437,1129539,1129975,4.37,rest
1842,12,2,12,9,312,1129976,1130287,3.12,active
1843,12,2,0,0,518,1130288,1130805,5.18,rest
1844,12,2,12,10,421,1130806,1131226,4.21,active
1845,12,2,0,0,471,1131227,1131697,4.71,rest
1846,12,2,13,1,255,1131698,1131952,2.55,active
1847,12,2,0,0,544,1131953,1132496,5.44,rest
1848,12,2,13,2,449,1132497,1132945,4.49,active
1849,12,2,0,0,370,1132946,1133315,3.7,rest
1850,12,2,13,3,479,1133316,1133794,4.79,active
1851,12,2,0,0,399,1133795,1134193,3.99,rest
1852,12,2,13,4,317,1134194,1134510,3.17,active
1853,12,2,0,0,507,1134511,1135017,5.07,rest
1854,12,2,13,5,348,1135018,1135365,3.48,active
1855,12,2,0,0,499,1135366,1135864,4.99,rest
1856,12,2,13,6,310,1135865,1136174,3.1,active
1857,12,2,0,0,516,1136175,1136690,5.16,rest
1858,12,2,13,7,341,1136691,1137031,3.41,active
1859,12,2,0,0,501,1137032,1137532,5.01,rest
1860,12,2,13,8,339,1137533,1137871,3.39,active
1861,12,2,0,0,440,1137872,1138311,4.4,rest
1862,12,2,13,9,372,1138312,1138683,3.72,active
1863,12,2,0,0,476,1138684,1139159,4.76,rest
1864,12,2,13,10,323,1139160,1139482,3.23,active
1865,12,2,0,0,585,1139483,1140067,5.85,rest
1866,12,2,14,1,227,1140068,1140294,2.27,active
1867,12,2,0,0,582,1140295,1140876,5.82,rest
1868,12,2,14,2,310,1140877,1141186,3.1,active
1869,12,2,0,0,510,1141187,1141696,5.1,rest
1870,12,2,14,3,274,1141697,1141970,2.74,active
1871,12,2,0,0,578,1141971,1142548,5.78,rest
1872,12,2,14,4,258,1142549,1142806,2.58,active
1873,12,2,0,0,559,1142807,1143365,5.59,rest
1874,12,2,14,5,303,1143366,1143668,3.03,active
1875,12,2,0,0,520,1143669,1144188,5.2,rest
1876,12,2,14,6,338,1144189,1144526,3.38,active
1877,12,2,0,0,518,1144527,1145044,5.18,rest
1878,12,2,14,7,322,1145045,1145366,3.22,active
1879,12,2,0,0,525,1145367,1145891,5.25,rest
1880,12,2,14,8,316,1145892,1146207,3.16,active
1881,12,2,0,0,526,1146208,1146733,5.26,rest
1882,12,2,14,9,252,1146734,1146985,2.52,active
1883,12,2,0,0,577,1146986,1147562,5.77,rest
1884,12,2,14,10,271,1147563,1147833,2.71,active
1885,12,2,0,0,603,1147834,1148436,6.03,rest
1886,12,2,15,1,249,1148437,1148685,2.49,active
1887,12,2,0,0,566,1148686,1149251,5.66,rest
1888,12,2,15,2,277,1149252,1149528,2.77,active
1889,12,2,0,0,558,1149529,1150086,5.58,rest
1890,12,2,15,3,299,1150087,1150385,2.99,active
1891,12,2,0,0,545,1150386,1150930,5.45,rest
1892,12,2,15,4,301,1150931,1151231,3.01,active
1893,12,2,0,0,521,1151232,1151752,5.21,rest
1894,12,2,15,5,300,1151753,1152052,3.0,active
1895,12,2,0,0,582,1152053,1152634,5.82,rest
1896,12,2,15,6,270,1152635,1152904,2.7,active
1897,12,2,0,0,558,1152905,1153462,5.58,rest
1898,12,2,15,7,334,1153463,1153796,3.34,active
1899,12,2,0,0,493,1153797,1154289,4.93,rest
1900,12,2,15,8,286,1154290,1154575,2.86,active
1901,12,2,0,0,535,1154576,1155110,5.35,rest
1902,12,2,15,9,271,1155111,1155381,2.71,active
1903,12,2,0,0,550,1155382,1155931,5.5,rest
1904,12,2,15,10,316,1155932,1156247,3.16,active
1905,12,2,0,0,564,1156248,1156811,5.64,rest
1906,12,2,16,1,361,1156812,1157172,3.61,active
1907,12,2,0,0,464,1157173,1157636,4.64,rest
1908,12,2,16,2,352,1157637,1157988,3.52,active
1909,12,2,0,0,475,1157989,1158463,4.75,rest
1910,12,2,16,3,334,1158464,1158797,3.34,active
1911,12,2,0,0,514,1158798,1159311,5.14,rest
1912,12,2,16,4,329,1159312,1159640,3.29,active
1913,12,2,0,0,498,1159641,1160138,4.98,rest
1914,12,2,16,5,276,1160139,1160414,2.76,active
1915,12,2,0,0,550,1160415,1160964,5.5,rest
1916,12,2,16,6,351,1160965,1161315,3.51,active
1917,12,2,0,0,466,1161316,1161781,4.66,rest
1918,12,2,16,7,353,1161782,1162134,3.53,active
1919,12,2,0,0,499,1162135,1162633,4.99,rest
1920,12,2,16,8,346,1162634,1162979,3.46,active
1921,12,2,0,0,472,1162980,1163451,4.72,rest
1922,12,2,16,9,343,1163452,1163794,3.43,active
1923,12,2,0,0,499,1163795,1164293,4.99,rest
1924,12,2,16,10,316,1164294,1164609,3.16,active
1925,12,2,0,0,556,1164610,1165165,5.56,rest
1926,12,2,17,1,360,1165166,1165525,3.6,active
1927,12,2,0,0,476,1165526,1166001,4.76,rest
1928,12,2,17,2,342,1166002,1166343,3.42,active
1929,12,2,0,0,467,1166344,1166810,4.67,rest
1930,12,2,17,3,340,1166811,1167150,3.4,active
1931,12,2,0,0,476,1167151,1167626,4.76,rest
1932,12,2,17,4,340,1167627,1167966,3.4,active
1933,12,2,0,0,500,1167967,1168466,5.0,rest
1934,12,2,17,5,343,1168467,1168809,3.43,active
1935,12,2,0,0,511,1168810,1169320,5.11,rest
1936,12,2,17,6,327,1169321,1169647,3.27,active
1937,12,2,0,0,497,1169648,1170144,4.97,rest
1938,12,2,17,7,334,1170145,1170478,3.34,active
1939,12,2,0,0,522,1170479,1171000,5.22,rest
1940,12,2,17,8,289,1171001,1171289,2.89,active
1941,12,2,0,0,539,1171290,1171828,5.39,rest
1942,12,2,17,9,324,1171829,1172152,3.24,active
1943,12,2,0,0,521,1172153,1172673,5.21,rest
1944,12,2,17,10,316,1172674,1172989,3.16,active
1945,12,2,0,0,475,1172990,1173464,4.75,rest
1946,12,3,0,0,420,1173465,1173884,4.2,rest
1947,12,3,1,1,368,1173885,1174252,3.68,active
1948,12,3,0,0,449,1174253,1174701,4.49,rest
1949,12,3,1,2,318,1174702,1175019,3.18,active
1950,12,3,0,0,512,1175020,1175531,5.12,rest
1951,12,3,1,3,387,1175532,1175918,3.87,active
1952,12,3,0,0,440,1175919,1176358,4.4,rest
1953,12,3,1,4,371,1176359,1176729,3.71,active
1954,12,3,0,0,457,1176730,1177186,4.57,rest
1955,12,3,1,5,295,1177187,1177481,2.95,active
1956,12,3,0,0,527,1177482,1178008,5.27,rest
1957,12,3,1,6,374,1178009,1178382,3.74,active
1958,12,3,0,0,444,1178383,1178826,4.44,rest
1959,12,3,1,7,348,1178827,1179174,3.48,active
1960,12,3,0,0,503,1179175,1179677,5.03,rest
1961,12,3,1,8,324,1179678,1180001,3.24,active
1962,12,3,0,0,529,1180002,1180530,5.29,rest
1963,12,3,1,9,265,1180531,1180795,2.65,active
1964,12,3,0,0,565,1180796,1181360,5.65,rest
1965,12,3,1,10,309,1181361,1181669,3.09,active
1966,12,3,0,0,2808,1181670,1184477,28.08,rest
1967,12,3,2,1,278,1184478,1184755,2.78,active
1968,12,3,0,0,482,1184756,1185237,4.82,rest
1969,12,3,2,2,411,1185238,1185648,4.11,active
1970,12,3,0,0,435,1185649,1186083,4.35,rest
1971,12,3,2,3,377,1186084,1186460,3.77,active
1972,12,3,0,0,408,1186461,1186868,4.08,rest
1973,12,3,2,4,414,1186869,1187282,4.14,active
1974,12,3,0,0,475,1187283,1187757,4.75,rest
1975,12,3,2,5,429,1187758,1188186,4.29,active
1976,12,3,0,0,401,1188187,1188587,4.01,rest
1977,12,3,2,6,432,1188588,1189019,4.32,active
1978,12,3,0,0,416,1189020,1189435,4.16,rest
1979,12,3,2,7,381,1189436,1189816,3.81,active
1980,12,3,0,0,435,1189817,1190251,4.35,rest
1981,12,3,2,8,393,1190252,1190644,3.93,active
1982,12,3,0,0,465,1190645,1191109,4.65,rest
1983,12,3,2,9,310,1191110,1191419,3.1,active
1984,12,3,0,0,528,1191420,1191947,5.28,rest
1985,12,3,2,10,375,1191948,1192322,3.75,active
1986,12,3,0,0,713,1192323,1193035,7.13,rest
1987,12,3,3,1,348,1193036,1193383,3.48,active
1988,12,3,0,0,426,1193384,1193809,4.26,rest
1989,12,3,3,2,346,1193810,1194155,3.46,active
1990,12,3,0,0,493,1194156,1194648,4.93,rest
1991,12,3,3,3,326,1194649,1194974,3.26,active
1992,12,3,0,0,500,1194975,1195474,5.0,rest
1993,12,3,3,4,237,1195475,1195711,2.37,active
1994,12,3,0,0,591,1195712,1196302,5.91,rest
1995,12,3,3,5,381,1196303,1196683,3.81,active
1996,12,3,0,0,423,1196684,1197106,4.23,rest
1997,12,3,3,6,338,1197107,1197444,3.38,active
1998,12,3,0,0,532,1197445,1197976,5.32,rest
1999,12,3,3,7,286,1197977,1198262,2.86,active
2000,12,3,0,0,514,1198263,1198776,5.14,rest
2001,12,3,3,8,414,1198777,1199190,4.14,active
2002,12,3,0,0,463,1199191,1199653,4.63,rest
2003,12,3,3,9,293,1199654,1199946,2.93,active
2004,12,3,0,0,536,1199947,1200482,5.36,rest
2005,12,3,3,10,384,1200483,1200866,3.84,active
2006,12,3,0,0,1311,1200867,1202177,13.11,rest
2007,12,3,4,1,336,1202178,1202513,3.36,active
2008,12,3,0,0,449,1202514,1202962,4.49,rest
2009,12,3,4,2,318,1202963,1203280,3.18,active
2010,12,3,0,0,489,1203281,1203769,4.89,rest
2011,12,3,4,3,378,1203770,1204147,3.78,active
2012,12,3,0,0,465,1204148,1204612,4.65,rest
2013,12,3,4,4,367,1204613,1204979,3.67,active
2014,12,3,0,0,474,1204980,1205453,4.74,rest
2015,12,3,4,5,414,1205454,1205867,4.14,active
2016,12,3,0,0,423,1205868,1206290,4.23,rest
2017,12,3,4,6,443,1206291,1206733,4.43,active
2018,12,3,0,0,421,1206734,1207154,4.21,rest
2019,12,3,4,7,354,1207155,1207508,3.54,active
2020,12,3,0,0,465,1207509,1207973,4.65,rest
2021,12,3,4,8,340,1207974,1208313,3.4,active
2022,12,3,0,0,501,1208314,1208814,5.01,rest
2023,12,3,4,9,440,1208815,1209254,4.4,active
2024,12,3,0,0,406,1209255,1209660,4.06,rest
2025,12,3,4,10,348,1209661,1210008,3.48,active
2026,12,3,0,0,1206,1210009,1211214,12.06,rest
2027,12,3,5,1,378,1211215,1211592,3.78,active
2028,12,3,0,0,412,1211593,1212004,4.12,rest
2029,12,3,5,2,507,1212005,1212511,5.07,active
2030,12,3,0,0,290,1212512,1212801,2.9,rest
2031,12,3,5,3,394,1212802,1213195,3.94,active
2032,12,3,0,0,450,1213196,1213645,4.5,rest
2033,12,3,5,4,448,1213646,1214093,4.48,active
2034,12,3,0,0,412,1214094,1214505,4.12,rest
2035,12,3,5,5,395,1214506,1214900,3.95,active
2036,12,3,0,0,446,1214901,1215346,4.46,rest
2037,12,3,5,6,424,1215347,1215770,4.24,active
2038,12,3,0,0,369,1215771,1216139,3.69,rest
2039,12,3,5,7,439,1216140,1216578,4.39,active
2040,12,3,0,0,423,1216579,1217001,4.23,rest
2041,12,3,5,8,533,1217002,1217534,5.33,active
2042,12,3,0,0,316,1217535,1217850,3.16,rest
2043,12,3,5,9,412,1217851,1218262,4.12,active
2044,12,3,0,0,435,1218263,1218697,4.35,rest
2045,12,3,5,10,430,1218698,1219127,4.3,active
2046,12,3,0,0,1193,1219128,1220320,11.93,rest
2047,12,3,6,1,447,1220321,1220767,4.47,active
2048,12,3,0,0,348,1220768,1221115,3.48,rest
2049,12,3,6,2,344,1221116,1221459,3.44,active
2050,12,3,0,0,489,1221460,1221948,4.89,rest
2051,12,3,6,3,302,1221949,1222250,3.02,active
2052,12,3,0,0,518,1222251,1222768,5.18,rest
2053,12,3,6,4,425,1222769,1223193,4.25,active
2054,12,3,0,0,408,1223194,1223601,4.08,rest
2055,12,3,6,5,309,1223602,1223910,3.09,active
2056,12,3,0,0,521,1223911,1224431,5.21,rest
2057,12,3,6,6,419,1224432,1224850,4.19,active
2058,12,3,0,0,444,1224851,1225294,4.44,rest
2059,12,3,6,7,431,1225295,1225725,4.31,active
2060,12,3,0,0,403,1225726,1226128,4.03,rest
2061,12,3,6,8,294,1226129,1226422,2.94,active
2062,12,3,0,0,556,1226423,1226978,5.56,rest
2063,12,3,6,9,315,1226979,1227293,3.15,active
2064,12,3,0,0,512,1227294,1227805,5.12,rest
2065,12,3,6,10,318,1227806,1228123,3.18,active
2066,12,3,0,0,1330,1228124,1229453,13.3,rest
2067,12,3,7,1,436,1229454,1229889,4.36,active
2068,12,3,0,0,390,1229890,1230279,3.9,rest
2069,12,3,7,2,423,1230280,1230702,4.23,active
2070,12,3,0,0,403,1230703,1231105,4.03,rest
2071,12,3,7,3,368,1231106,1231473,3.68,active
2072,12,3,0,0,485,1231474,1231958,4.85,rest
2073,12,3,7,4,345,1231959,1232303,3.45,active
2074,12,3,0,0,494,1232304,1232797,4.94,rest
2075,12,3,7,5,374,1232798,1233171,3.74,active
2076,12,3,0,0,466,1233172,1233637,4.66,rest
2077,12,3,7,6,404,1233638,1234041,4.04,active
2078,12,3,0,0,445,1234042,1234486,4.45,rest
2079,12,3,7,7,378,1234487,1234864,3.78,active
2080,12,3,0,0,460,1234865,1235324,4.6,rest
2081,12,3,7,8,345,1235325,1235669,3.45,active
2082,12,3,0,0,482,1235670,1236151,4.82,rest
2083,12,3,7,9,344,1236152,1236495,3.44,active
2084,12,3,0,0,480,1236496,1236975,4.8,rest
2085,12,3,7,10,400,1236976,1237375,4.0,active
2086,12,3,0,0,509,1237376,1237884,5.09,rest
2087,12,3,8,1,350,1237885,1238234,3.5,active
2088,12,3,0,0,417,1238235,1238651,4.17,rest
2089,12,3,8,2,396,1238652,1239047,3.96,active
2090,12,3,0,0,427,1239048,1239474,4.27,rest
2091,12,3,8,3,372,1239475,1239846,3.72,active
2092,12,3,0,0,474,1239847,1240320,4.74,rest
2093,12,3,8,4,359,1240321,1240679,3.59,active
2094,12,3,0,0,460,1240680,1241139,4.6,rest
2095,12,3,8,5,453,1241140,1241592,4.53,active
2096,12,3,0,0,405,1241593,1241997,4.05,rest
2097,12,3,8,6,426,1241998,1242423,4.26,active
2098,12,3,0,0,415,1242424,1242838,4.15,rest
2099,12,3,8,7,385,1242839,1243223,3.85,active
2100,12,3,0,0,457,1243224,1243680,4.57,rest
2101,12,3,8,8,375,1243681,1244055,3.75,active
2102,12,3,0,0,456,1244056,1244511,4.56,rest
2103,12,3,8,9,458,1244512,1244969,4.58,active
2104,12,3,0,0,383,1244970,1245352,3.83,rest
2105,12,3,8,10,439,1245353,1245791,4.39,active
2106,12,3,0,0,719,1245792,1246510,7.19,rest
2107,12,3,9,1,363,1246511,1246873,3.63,active
2108,12,3,0,0,417,1246874,1247290,4.17,rest
2109,12,3,9,2,352,1247291,1247642,3.52,active
2110,12,3,0,0,453,1247643,1248095,4.53,rest
2111,12,3,9,3,379,1248096,1248474,3.79,active
2112,12,3,0,0,463,1248475,1248937,4.63,rest
2113,12,3,9,4,377,1248938,1249314,3.77,active
2114,12,3,0,0,471,1249315,1249785,4.71,rest
2115,12,3,9,5,372,1249786,1250157,3.72,active
2116,12,3,0,0,474,1250158,1250631,4.74,rest
2117,12,3,9,6,319,1250632,1250950,3.19,active
2118,12,3,0,0,533,1250951,1251483,5.33,rest
2119,12,3,9,7,347,1251484,1251830,3.47,active
2120,12,3,0,0,504,1251831,1252334,5.04,rest
2121,12,3,9,8,412,1252335,1252746,4.12,active
2122,12,3,0,0,423,1252747,1253169,4.23,rest
2123,12,3,9,9,416,1253170,1253585,4.16,active
2124,12,3,0,0,409,1253586,1253994,4.09,rest
2125,12,3,9,10,384,1253995,1254378,3.84,active
2126,12,3,0,0,1094,1254379,1255472,10.94,rest
2127,12,3,10,1,469,1255473,1255941,4.69,active
2128,12,3,0,0,362,1255942,1256303,3.62,rest
2129,12,3,10,2,408,1256304,1256711,4.08,active
2130,12,3,0,0,435,1256712,1257146,4.35,rest
2131,12,3,10,3,376,1257147,1257522,3.76,active
2132,12,3,0,0,447,1257523,1257969,4.47,rest
2133,12,3,10,4,389,1257970,1258358,3.89,active
2134,12,3,0,0,459,1258359,1258817,4.59,rest
2135,12,3,10,5,352,1258818,1259169,3.52,active
2136,12,3,0,0,509,1259170,1259678,5.09,rest
2137,12,3,10,6,373,1259679,1260051,3.73,active
2138,12,3,0,0,441,1260052,1260492,4.41,rest
2139,12,3,10,7,434,1260493,1260926,4.34,active
2140,12,3,0,0,402,1260927,1261328,4.02,rest
2141,12,3,10,8,452,1261329,1261780,4.52,active
2142,12,3,0,0,396,1261781,1262176,3.96,rest
2143,12,3,10,9,371,1262177,1262547,3.71,active
2144,12,3,0,0,488,1262548,1263035,4.88,rest
2145,12,3,10,10,354,1263036,1263389,3.54,active
2146,12,3,0,0,1016,1263390,1264405,10.16,rest
2147,12,3,11,1,332,1264406,1264737,3.32,active
2148,12,3,0,0,471,1264738,1265208,4.71,rest
2149,12,3,11,2,332,1265209,1265540,3.32,active
2150,12,3,0,0,479,1265541,1266019,4.79,rest
2151,12,3,11,3,407,1266020,1266426,4.07,active
2152,12,3,0,0,423,1266427,1266849,4.23,rest
2153,12,3,11,4,489,1266850,1267338,4.89,active
2154,12,3,0,0,349,1267339,1267687,3.49,rest
2155,12,3,11,5,375,1267688,1268062,3.75,active
2156,12,3,0,0,482,1268063,1268544,4.82,rest
2157,12,3,11,6,397,1268545,1268941,3.97,active
2158,12,3,0,0,425,1268942,1269366,4.25,rest
2159,12,3,11,7,410,1269367,1269776,4.1,active
2160,12,3,0,0,428,1269777,1270204,4.28,rest
2161,12,3,11,8,405,1270205,1270609,4.05,active
2162,12,3,0,0,448,1270610,1271057,4.48,rest
2163,12,3,11,9,375,1271058,1271432,3.75,active
2164,12,3,0,0,445,1271433,1271877,4.45,rest
2165,12,3,11,10,487,1271878,1272364,4.87,active
2166,12,3,0,0,673,1272365,1273037,6.73,rest
2167,12,3,12,1,259,1273038,1273296,2.59,active
2168,12,3,0,0,495,1273297,1273791,4.95,rest
2169,12,3,12,2,436,1273792,1274227,4.36,active
2170,12,3,0,0,429,1274228,1274656,4.29,rest
2171,12,3,12,3,422,1274657,1275078,4.22,active
2172,12,3,0,0,387,1275079,1275465,3.87,rest
2173,12,3,12,4,348,1275466,1275813,3.48,active
2174,12,3,0,0,506,1275814,1276319,5.06,rest
2175,12,3,12,5,343,1276320,1276662,3.43,active
2176,12,3,0,0,447,1276663,1277109,4.47,rest
2177,12,3,12,6,402,1277110,1277511,4.02,active
2178,12,3,0,0,501,1277512,1278012,5.01,rest
2179,12,3,12,7,267,1278013,1278279,2.67,active
2180,12,3,0,0,553,1278280,1278832,5.53,rest
2181,12,3,12,8,442,1278833,1279274,4.42,active
2182,12,3,0,0,381,1279275,1279655,3.81,rest
2183,12,3,12,9,399,1279656,1280054,3.99,active
2184,12,3,0,0,431,1280055,1280485,4.31,rest
2185,12,3,12,10,287,1280486,1280772,2.87,active
2186,12,3,0,0,1254,1280773,1282026,12.54,rest
2187,12,3,13,1,389,1282027,1282415,3.89,active
2188,12,3,0,0,396,1282416,1282811,3.96,rest
2189,12,3,13,2,399,1282812,1283210,3.99,active
2190,12,3,0,0,393,1283211,1283603,3.93,rest
2191,12,3,13,3,423,1283604,1284026,4.23,active
2192,12,3,0,0,430,1284027,1284456,4.3,rest
2193,12,3,13,4,348,1284457,1284804,3.48,active
2194,12,3,0,0,531,1284805,1285335,5.31,rest
2195,12,3,13,5,361,1285336,1285696,3.61,active
2196,12,3,0,0,418,1285697,1286114,4.18,rest
2197,12,3,13,6,444,1286115,1286558,4.44,active
2198,12,3,0,0,441,1286559,1286999,4.41,rest
2199,12,3,13,7,391,1287000,1287390,3.91,active
2200,12,3,0,0,457,1287391,1287847,4.57,rest
2201,12,3,13,8,370,1287848,1288217,3.7,active
2202,12,3,0,0,476,1288218,1288693,4.76,rest
2203,12,3,13,9,367,1288694,1289060,3.67,active
2204,12,3,0,0,448,1289061,1289508,4.48,rest
2205,12,3,13,10,320,1289509,1289828,3.2,active
2206,12,3,0,0,995,1289829,1290823,9.95,rest
2207,12,3,14,1,280,1290824,1291103,2.8,active
2208,12,3,0,0,512,1291104,1291615,5.12,rest
2209,12,3,14,2,420,1291616,1292035,4.2,active
2210,12,3,0,0,436,1292036,1292471,4.36,rest
2211,12,3,14,3,386,1292472,1292857,3.86,active
2212,12,3,0,0,443,1292858,1293300,4.43,rest
2213,12,3,14,4,374,1293301,1293674,3.74,active
2214,12,3,0,0,475,1293675,1294149,4.75,rest
2215,12,3,14,5,378,1294150,1294527,3.78,active
2216,12,3,0,0,444,1294528,1294971,4.44,rest
2217,12,3,14,6,349,1294972,1295320,3.49,active
2218,12,3,0,0,468,1295321,1295788,4.68,rest
2219,12,3,14,7,413,1295789,1296201,4.13,active
2220,12,3,0,0,473,1296202,1296674,4.73,rest
2221,12,3,14,8,337,1296675,1297011,3.37,active
2222,12,3,0,0,470,1297012,1297481,4.7,rest
2223,12,3,14,9,419,1297482,1297900,4.19,active
2224,12,3,0,0,455,1297901,1298355,4.55,rest
2225,12,3,14,10,298,1298356,1298653,2.98,active
2226,12,3,0,0,1105,1298654,1299758,11.05,rest
2227,12,3,15,1,443,1299759,1300201,4.43,active
2228,12,3,0,0,376,1300202,1300577,3.76,rest
2229,12,3,15,2,426,1300578,1301003,4.26,active
2230,12,3,0,0,351,1301004,1301354,3.51,rest
2231,12,3,15,3,475,1301355,1301829,4.75,active
2232,12,3,0,0,385,1301830,1302214,3.85,rest
2233,12,3,15,4,365,1302215,1302579,3.65,active
2234,12,3,0,0,455,1302580,1303034,4.55,rest
2235,12,3,15,5,466,1303035,1303500,4.66,active
2236,12,3,0,0,388,1303501,1303888,3.88,rest
2237,12,3,15,6,463,1303889,1304351,4.63,active
2238,12,3,0,0,378,1304352,1304729,3.78,rest
2239,12,3,15,7,481,1304730,1305210,4.81,active
2240,12,3,0,0,368,1305211,1305578,3.68,rest
2241,12,3,15,8,468,1305579,1306046,4.68,active
2242,12,3,0,0,443,1306047,1306489,4.43,rest
2243,12,3,15,9,308,1306490,1306797,3.08,active
2244,12,3,0,0,455,1306798,1307252,4.55,rest
2245,12,3,15,10,476,1307253,1307728,4.76,active
2246,12,3,0,0,1198,1307729,1308926,11.98,rest
2247,12,3,16,1,280,1308927,1309206,2.8,active
2248,12,3,0,0,526,1309207,1309732,5.26,rest
2249,12,3,16,2,367,1309733,1310099,3.67,active
2250,12,3,0,0,463,1310100,1310562,4.63,rest
2251,12,3,16,3,342,1310563,1310904,3.42,active
2252,12,3,0,0,510,1310905,1311414,5.1,rest
2253,12,3,16,4,264,1311415,1311678,2.64,active
2254,12,3,0,0,538,1311679,1312216,5.38,rest
2255,12,3,16,5,395,1312217,1312611,3.95,active
2256,12,3,0,0,437,1312612,1313048,4.37,rest
2257,12,3,16,6,443,1313049,1313491,4.43,active
2258,12,3,0,0,418,1313492,1313909,4.18,rest
2259,12,3,16,7,267,1313910,1314176,2.67,active
2260,12,3,0,0,548,1314177,1314724,5.48,rest
2261,12,3,16,8,382,1314725,1315106,3.82,active
2262,12,3,0,0,461,1315107,1315567,4.61,rest
2263,12,3,16,9,412,1315568,1315979,4.12,active
2264,12,3,0,0,445,1315980,1316424,4.45,rest
2265,12,3,16,10,260,1316425,1316684,2.6,active
2266,12,3,0,0,884,1316685,1317568,8.84,rest
2267,12,3,17,1,461,1317569,1318029,4.61,active
2268,12,3,0,0,423,1318030,1318452,4.23,rest
2269,12,3,17,2,414,1318453,1318866,4.14,active
2270,12,3,0,0,426,1318867,1319292,4.26,rest
2271,12,3,17,3,532,1319293,1319824,5.32,active
2272,12,3,0,0,341,1319825,1320165,3.41,rest
2273,12,3,17,4,340,1320166,1320505,3.4,active
2274,12,3,0,0,520,1320506,1321025,5.2,rest
2275,12,3,17,5,497,1321026,1321522,4.97,active
2276,12,3,0,0,252,1321523,1321774,2.52,rest
2277,12,3,17,6,511,1321775,1322285,5.11,active
2278,12,3,0,0,467,1322286,1322752,4.67,rest
2279,12,3,17,7,446,1322753,1323198,4.46,active
2280,12,3,0,0,276,1323199,1323474,2.76,rest
2281,12,3,17,8,411,1323475,1323885,4.11,active
2282,12,3,0,0,421,1323886,1324306,4.21,rest
2283,12,3,17,9,565,1324307,1324871,5.65,active
2284,12,3,0,0,275,1324872,1325146,2.75,rest
2285,12,3,17,10,487,1325147,1325633,4.87,active
2286,12,3,0,0,1033,1325634,1326666,10.33,rest
2287,12,3,18,1,368,1326667,1327034,3.68,active
2288,12,3,0,0,447,1327035,1327481,4.47,rest
2289,12,3,18,2,445,1327482,1327926,4.45,active
2290,12,3,0,0,416,1327927,1328342,4.16,rest
2291,12,3,18,3,405,1328343,1328747,4.05,active
2292,12,3,0,0,405,1328748,1329152,4.05,rest
2293,12,3,18,4,420,1329153,1329572,4.2,active
2294,12,3,0,0,411,1329573,1329983,4.11,rest
2295,12,3,18,5,451,1329984,1330434,4.51,active
2296,12,3,0,0,429,1330435,1330863,4.29,rest
2297,12,3,18,6,279,1330864,1331142,2.79,active
2298,12,3,0,0,512,1331143,1331654,5.12,rest
2299,12,3,18,7,418,1331655,1332072,4.18,active
2300,12,3,0,0,407,1332073,1332479,4.07,rest
2301,12,3,18,8,447,1332480,1332926,4.47,active
2302,12,3,0,0,403,1332927,1333329,4.03,rest
2303,12,3,18,9,490,1333330,1333819,4.9,active
2304,12,3,0,0,416,1333820,1334235,4.16,rest
2305,12,3,18,10,325,1334236,1334560,3.25,active
2306,12,3,0,0,1026,1334561,1335586,10.26,rest
2307,12,3,19,1,514,1335587,1336100,5.14,active
2308,12,3,0,0,316,1336101,1336416,3.16,rest
2309,12,3,19,2,349,1336417,1336765,3.49,active
2310,12,3,0,0,496,1336766,1337261,4.96,rest
2311,12,3,19,3,377,1337262,1337638,3.77,active
2312,12,3,0,0,447,1337639,1338085,4.47,rest
2313,12,3,19,4,336,1338086,1338421,3.36,active
2314,12,3,0,0,518,1338422,1338939,5.18,rest
2315,12,3,19,5,387,1338940,1339326,3.87,active
2316,12,3,0,0,476,1339327,1339802,4.76,rest
2317,12,3,19,6,449,1339803,1340251,4.49,active
2318,12,3,0,0,362,1340252,1340613,3.62,rest
2319,12,3,19,7,531,1340614,1341144,5.31,active
2320,12,3,0,0,362,1341145,1341506,3.62,rest
2321,12,3,19,8,396,1341507,1341902,3.96,active
2322,12,3,0,0,444,1341903,1342346,4.44,rest
2323,12,3,19,9,279,1342347,1342625,2.79,active
2324,12,3,0,0,518,1342626,1343143,5.18,rest
2325,12,3,19,10,343,1343144,1343486,3.43,active
2326,12,3,0,0,1505,1343487,1344991,15.05,rest
2327,12,3,20,1,477,1344992,1345468,4.77,active
2328,12,3,0,0,309,1345469,1345777,3.09,rest
2329,12,3,20,2,459,1345778,1346236,4.59,active
2330,12,3,0,0,367,1346237,1346603,3.67,rest
2331,12,3,20,3,452,1346604,1347055,4.52,active
2332,12,3,0,0,363,1347056,1347418,3.63,rest
2333,12,3,20,4,419,1347419,1347837,4.19,active
2334,12,3,0,0,416,1347838,1348253,4.16,rest
2335,12,3,20,5,463,1348254,1348716,4.63,active
2336,12,3,0,0,374,1348717,1349090,3.74,rest
2337,12,3,20,6,432,1349091,1349522,4.32,active
2338,12,3,0,0,424,1349523,1349946,4.24,rest
2339,12,3,20,7,410,1349947,1350356,4.1,active
2340,12,3,0,0,415,1350357,1350771,4.15,rest
2341,12,3,20,8,387,1350772,1351158,3.87,active
2342,12,3,0,0,420,1351159,1351578,4.2,rest
2343,12,3,20,9,459,1351579,1352037,4.59,active
2344,12,3,0,0,420,1352038,1352457,4.2,rest
2345,12,3,20,10,405,1352458,1352862,4.05,active
2346,12,3,0,0,6037,1352863,1358899,60.37,rest
2347,12,3,21,1,454,1358900,1359353,4.54,active
2348,12,3,0,0,353,1359354,1359706,3.53,rest
2349,12,3,21,2,392,1359707,1360098,3.92,active
2350,12,3,0,0,435,1360099,1360533,4.35,rest
2351,12,3,21,3,486,1360534,1361019,4.86,active
2352,12,3,0,0,284,1361020,1361303,2.84,rest
2353,12,3,21,4,422,1361304,1361725,4.22,active
2354,12,3,0,0,486,1361726,1362211,4.86,rest
2355,12,3,21,5,463,1362212,1362674,4.63,active
2356,12,3,0,0,404,1362675,1363078,4.04,rest
2357,12,3,21,6,342,1363079,1363420,3.42,active
2358,12,3,0,0,472,1363421,1363892,4.72,rest
2359,12,3,21,7,329,1363893,1364221,3.29,active
2360,12,3,0,0,435,1364222,1364656,4.35,rest
2361,12,3,21,8,386,1364657,1365042,3.86,active
2362,12,3,0,0,529,1365043,1365571,5.29,rest
2363,12,3,21,9,325,1365572,1365896,3.25,active
2364,12,3,0,0,499,1365897,1366395,4.99,rest
2365,12,3,21,10,334,1366396,1366729,3.34,active
2366,12,3,0,0,5162,1366730,1371891,51.62,rest
2367,12,3,22,1,419,1371892,1372310,4.19,active
2368,12,3,0,0,298,1372311,1372608,2.98,rest
2369,12,3,22,2,364,1372609,1372972,3.64,active
2370,12,3,0,0,461,1372973,1373433,4.61,rest
2371,12,3,22,3,343,1373434,1373776,3.43,active
2372,12,3,0,0,486,1373777,1374262,4.86,rest
2373,12,3,22,4,359,1374263,1374621,3.59,active
2374,12,3,0,0,487,1374622,1375108,4.87,rest
2375,12,3,22,5,356,1375109,1375464,3.56,active
2376,12,3,0,0,462,1375465,1375926,4.62,rest
2377,12,3,22,6,363,1375927,1376289,3.63,active
2378,12,3,0,0,468,1376290,1376757,4.68,rest
2379,12,3,22,7,327,1376758,1377084,3.27,active
2380,12,3,0,0,524,1377085,1377608,5.24,rest
2381,12,3,22,8,329,1377609,1377937,3.29,active
2382,12,3,0,0,497,1377938,1378434,4.97,rest
2383,12,3,22,9,388,1378435,1378822,3.88,active
2384,12,3,0,0,457,1378823,1379279,4.57,rest
2385,12,3,22,10,371,1379280,1379650,3.71,active
2386,12,3,0,0,2273,1379651,1381923,22.73,rest
2387,12,3,23,1,475,1381924,1382398,4.75,active
2388,12,3,0,0,376,1382399,1382774,3.76,rest
2389,12,3,23,2,449,1382775,1383223,4.49,active
2390,12,3,0,0,388,1383224,1383611,3.88,rest
2391,12,3,23,3,429,1383612,1384040,4.29,active
2392,12,3,0,0,419,1384041,1384459,4.19,rest
2393,12,3,23,4,413,1384460,1384872,4.13,active
2394,12,3,0,0,425,1384873,1385297,4.25,rest
2395,12,3,23,5,414,1385298,1385711,4.14,active
2396,12,3,0,0,395,1385712,1386106,3.95,rest
2397,12,3,23,6,472,1386107,1386578,4.72,active
2398,12,3,0,0,363,1386579,1386941,3.63,rest
2399,12,3,23,7,430,1386942,1387371,4.3,active
2400,12,3,0,0,402,1387372,1387773,4.02,rest
2401,12,3,23,8,437,1387774,1388210,4.37,active
2402,12,3,0,0,431,1388211,1388641,4.31,rest
2403,12,3,23,9,532,1388642,1389173,5.32,active
2404,12,3,0,0,312,1389174,1389485,3.12,rest
2405,12,3,23,10,411,1389486,1389896,4.11,active
2406,12,3,0,0,367,1389897,1390263,3.67,rest
2407,13,2,0,0,412,1491212,1491623,4.12,rest
2408,13,2,1,1,328,1491624,1491951,3.28,active
2409,13,2,0,0,542,1491952,1492493,5.42,rest
2410,13,2,1,2,237,1492494,1492730,2.37,active
2411,13,2,0,0,492,1492731,1493222,4.92,rest
2412,13,2,1,3,354,1493223,1493576,3.54,active
2413,13,2,0,0,609,1493577,1494185,6.09,rest
2414,13,2,1,4,256,1494186,1494441,2.56,active
2415,13,2,0,0,524,1494442,1494965,5.24,rest
2416,13,2,1,5,329,1494966,1495294,3.29,active
2417,13,2,0,0,454,1495295,1495748,4.54,rest
2418,13,2,1,6,377,1495749,1496125,3.77,active
2419,13,2,0,0,531,1496126,1496656,5.31,rest
2420,13,2,1,7,312,1496657,1496968,3.12,active
2421,13,2,0,0,520,1496969,1497488,5.2,rest
2422,13,2,1,8,257,1497489,1497745,2.57,active
2423,13,2,0,0,577,1497746,1498322,5.77,rest
2424,13,2,1,9,302,1498323,1498624,3.02,active
2425,13,2,0,0,505,1498625,1499129,5.05,rest
2426,13,2,1,10,310,1499130,1499439,3.1,active
2427,13,2,0,0,577,1499440,1500016,5.77,rest
2428,13,2,2,1,293,1500017,1500309,2.93,active
2429,13,2,0,0,514,1500310,1500823,5.14,rest
2430,13,2,2,2,288,1500824,1501111,2.88,active
2431,13,2,0,0,579,1501112,1501690,5.79,rest
2432,13,2,2,3,264,1501691,1501954,2.64,active
2433,13,2,0,0,487,1501955,1502441,4.87,rest
2434,13,2,2,4,315,1502442,1502756,3.15,active
2435,13,2,0,0,551,1502757,1503307,5.51,rest
2436,13,2,2,5,293,1503308,1503600,2.93,active
2437,13,2,0,0,579,1503601,1504179,5.79,rest
2438,13,2,2,6,262,1504180,1504441,2.62,active
2439,13,2,0,0,618,1504442,1505059,6.18,rest
2440,13,2,2,7,253,1505060,1505312,2.53,active
2441,13,2,0,0,565,1505313,1505877,5.65,rest
2442,13,2,2,8,302,1505878,1506179,3.02,active
2443,13,2,0,0,575,1506180,1506754,5.75,rest
2444,13,2,2,9,232,1506755,1506986,2.32,active
2445,13,2,0,0,515,1506987,1507501,5.15,rest
2446,13,2,2,10,291,1507502,1507792,2.91,active
2447,13,2,0,0,562,1507793,1508354,5.62,rest
2448,13,2,3,1,287,1508355,1508641,2.87,active
2449,13,2,0,0,570,1508642,1509211,5.7,rest
2450,13,2,3,2,348,1509212,1509559,3.48,active
2451,13,2,0,0,473,1509560,1510032,4.73,rest
2452,13,2,3,3,245,1510033,1510277,2.45,active
2453,13,2,0,0,582,1510278,1510859,5.82,rest
2454,13,2,3,4,358,1510860,1511217,3.58,active
2455,13,2,0,0,487,1511218,1511704,4.87,rest
2456,13,2,3,5,290,1511705,1511994,2.9,active
2457,13,2,0,0,550,1511995,1512544,5.5,rest
2458,13,2,3,6,366,1512545,1512910,3.66,active
2459,13,2,0,0,498,1512911,1513408,4.98,rest
2460,13,2,3,7,294,1513409,1513702,2.94,active
2461,13,2,0,0,542,1513703,1514244,5.42,rest
2462,13,2,3,8,373,1514245,1514617,3.73,active
2463,13,2,0,0,457,1514618,1515074,4.57,rest
2464,13,2,3,9,272,1515075,1515346,2.72,active
2465,13,2,0,0,576,1515347,1515922,5.76,rest
2466,13,2,3,10,310,1515923,1516232,3.1,active
2467,13,2,0,0,569,1516233,1516801,5.69,rest
2468,13,2,4,1,355,1516802,1517156,3.55,active
2469,13,2,0,0,455,1517157,1517611,4.55,rest
2470,13,2,4,2,417,1517612,1518028,4.17,active
2471,13,2,0,0,430,1518029,1518458,4.3,rest
2472,13,2,4,3,347,1518459,1518805,3.47,active
2473,13,2,0,0,516,1518806,1519321,5.16,rest
2474,13,2,4,4,278,1519322,1519599,2.78,active
2475,13,2,0,0,507,1519600,1520106,5.07,rest
2476,13,2,4,5,405,1520107,1520511,4.05,active
2477,13,2,0,0,457,1520512,1520968,4.57,rest
2478,13,2,4,6,372,1520969,1521340,3.72,active
2479,13,2,0,0,462,1521341,1521802,4.62,rest
2480,13,2,4,7,350,1521803,1522152,3.5,active
2481,13,2,0,0,458,1522153,1522610,4.58,rest
2482,13,2,4,8,340,1522611,1522950,3.4,active
2483,13,2,0,0,586,1522951,1523536,5.86,rest
2484,13,2,4,9,299,1523537,1523835,2.99,active
2485,13,2,0,0,466,1523836,1524301,4.66,rest
2486,13,2,4,10,376,1524302,1524677,3.76,active
2487,13,2,0,0,538,1524678,1525215,5.38,rest
2488,13,2,5,1,271,1525216,1525486,2.71,active
2489,13,2,0,0,574,1525487,1526060,5.74,rest
2490,13,2,5,2,329,1526061,1526389,3.29,active
2491,13,2,0,0,470,1526390,1526859,4.7,rest
2492,13,2,5,3,334,1526860,1527193,3.34,active
2493,13,2,0,0,540,1527194,1527733,5.4,rest
2494,13,2,5,4,193,1527734,1527926,1.93,active
2495,13,2,0,0,580,1527927,1528506,5.8,rest
2496,13,2,5,5,331,1528507,1528837,3.31,active
2497,13,2,0,0,603,1528838,1529440,6.03,rest
2498,13,2,5,6,185,1529441,1529625,1.85,active
2499,13,2,0,0,597,1529626,1530222,5.97,rest
2500,13,2,5,7,321,1530223,1530543,3.21,active
2501,13,2,0,0,539,1530544,1531082,5.39,rest
2502,13,2,5,8,185,1531083,1531267,1.85,active
2503,13,2,0,0,594,1531268,1531861,5.94,rest
2504,13,2,5,9,411,1531862,1532272,4.11,active
2505,13,2,0,0,494,1532273,1532766,4.94,rest
2506,13,2,5,10,309,1532767,1533075,3.09,active
2507,13,2,0,0,517,1533076,1533592,5.17,rest
2508,13,2,6,1,302,1533593,1533894,3.02,active
2509,13,2,0,0,511,1533895,1534405,5.11,rest
2510,13,2,6,2,286,1534406,1534691,2.86,active
2511,13,2,0,0,573,1534692,1535264,5.73,rest
2512,13,2,6,3,249,1535265,1535513,2.49,active
2513,13,2,0,0,577,1535514,1536090,5.77,rest
2514,13,2,6,4,253,1536091,1536343,2.53,active
2515,13,2,0,0,570,1536344,1536913,5.7,rest
2516,13,2,6,5,359,1536914,1537272,3.59,active
2517,13,2,0,0,507,1537273,1537779,5.07,rest
2518,13,2,6,6,338,1537780,1538117,3.38,active
2519,13,2,0,0,484,1538118,1538601,4.84,rest
2520,13,2,6,7,346,1538602,1538947,3.46,active
2521,13,2,0,0,502,1538948,1539449,5.02,rest
2522,13,2,6,8,281,1539450,1539730,2.81,active
2523,13,2,0,0,553,1539731,1540283,5.53,rest
2524,13,2,6,9,376,1540284,1540659,3.76,active
2525,13,2,0,0,469,1540660,1541128,4.69,rest
2526,13,2,6,10,317,1541129,1541445,3.17,active
2527,13,2,0,0,539,1541446,1541984,5.39,rest
2528,13,2,7,1,224,1541985,1542208,2.24,active
2529,13,2,0,0,621,1542209,1542829,6.21,rest
2530,13,2,7,2,215,1542830,1543044,2.15,active
2531,13,2,0,0,620,1543045,1543664,6.2,rest
2532,13,2,7,3,204,1543665,1543868,2.04,active
2533,13,2,0,0,645,1543869,1544513,6.45,rest
2534,13,2,7,4,222,1544514,1544735,2.22,active
2535,13,2,0,0,645,1544736,1545380,6.45,rest
2536,13,2,7,5,196,1545381,1545576,1.96,active
2537,13,2,0,0,576,1545577,1546152,5.76,rest
2538,13,2,7,6,296,1546153,1546448,2.96,active
2539,13,2,0,0,604,1546449,1547052,6.04,rest
2540,13,2,7,7,227,1547053,1547279,2.27,active
2541,13,2,0,0,580,1547280,1547859,5.8,rest
2542,13,2,7,8,286,1547860,1548145,2.86,active
2543,13,2,0,0,510,1548146,1548655,5.1,rest
2544,13,2,7,9,359,1548656,1549014,3.59,active
2545,13,2,0,0,508,1549015,1549522,5.08,rest
2546,13,2,7,10,261,1549523,1549783,2.61,active
2547,13,2,0,0,581,1549784,1550364,5.81,rest
2548,13,2,8,1,320,1550365,1550684,3.2,active
2549,13,2,0,0,502,1550685,1551186,5.02,rest
2550,13,2,8,2,284,1551187,1551470,2.84,active
2551,13,2,0,0,539,1551471,1552009,5.39,rest
2552,13,2,8,3,421,1552010,1552430,4.21,active
2553,13,2,0,0,383,1552431,1552813,3.83,rest
2554,13,2,8,4,398,1552814,1553211,3.98,active
2555,13,2,0,0,465,1553212,1553676,4.65,rest
2556,13,2,8,5,390,1553677,1554066,3.9,active
2557,13,2,0,0,438,1554067,1554504,4.38,rest
2558,13,2,8,6,288,1554505,1554792,2.88,active
2559,13,2,0,0,582,1554793,1555374,5.82,rest
2560,13,2,8,7,339,1555375,1555713,3.39,active
2561,13,2,0,0,468,1555714,1556181,4.68,rest
2562,13,2,8,8,327,1556182,1556508,3.27,active
2563,13,2,0,0,495,1556509,1557003,4.95,rest
2564,13,2,8,9,394,1557004,1557397,3.94,active
2565,13,2,0,0,412,1557398,1557809,4.12,rest
2566,13,2,8,10,409,1557810,1558218,4.09,active
2567,13,2,0,0,533,1558219,1558751,5.33,rest
2568,13,2,9,1,418,1558752,1559169,4.18,active
2569,13,2,0,0,351,1559170,1559520,3.51,rest
2570,13,2,9,2,411,1559521,1559931,4.11,active
2571,13,2,0,0,475,1559932,1560406,4.75,rest
2572,13,2,9,3,373,1560407,1560779,3.73,active
2573,13,2,0,0,479,1560780,1561258,4.79,rest
2574,13,2,9,4,334,1561259,1561592,3.34,active
2575,13,2,0,0,475,1561593,1562067,4.75,rest
2576,13,2,9,5,394,1562068,1562461,3.94,active
2577,13,2,0,0,447,1562462,1562908,4.47,rest
2578,13,2,9,6,375,1562909,1563283,3.75,active
2579,13,2,0,0,481,1563284,1563764,4.81,rest
2580,13,2,9,7,330,1563765,1564094,3.3,active
2581,13,2,0,0,551,1564095,1564645,5.51,rest
2582,13,2,9,8,343,1564646,1564988,3.43,active
2583,13,2,0,0,475,1564989,1565463,4.75,rest
2584,13,2,9,9,272,1565464,1565735,2.72,active
2585,13,2,0,0,547,1565736,1566282,5.47,rest
2586,13,2,9,10,265,1566283,1566547,2.65,active
2587,13,2,0,0,695,1566548,1567242,6.95,rest
2588,13,2,10,1,184,1567243,1567426,1.84,active
2589,13,2,0,0,571,1567427,1567997,5.71,rest
2590,13,2,10,2,184,1567998,1568181,1.84,active
2591,13,2,0,0,591,1568182,1568772,5.91,rest
2592,13,2,10,3,410,1568773,1569182,4.1,active
2593,13,2,0,0,445,1569183,1569627,4.45,rest
2594,13,2,10,4,218,1569628,1569845,2.18,active
2595,13,2,0,0,688,1569846,1570533,6.88,rest
2596,13,2,10,5,204,1570534,1570737,2.04,active
2597,13,2,0,0,614,1570738,1571351,6.14,rest
2598,13,2,10,6,191,1571352,1571542,1.91,active
2599,13,2,0,0,606,1571543,1572148,6.06,rest
2600,13,2,10,7,399,1572149,1572547,3.99,active
2601,13,2,0,0,454,1572548,1573001,4.54,rest
2602,13,2,10,8,294,1573002,1573295,2.94,active
2603,13,2,0,0,619,1573296,1573914,6.19,rest
2604,13,2,10,9,239,1573915,1574153,2.39,active
2605,13,2,0,0,467,1574154,1574620,4.67,rest
2606,13,2,10,10,311,1574621,1574931,3.11,active
2607,13,2,0,0,615,1574932,1575546,6.15,rest
2608,13,2,11,1,304,1575547,1575850,3.04,active
2609,13,2,0,0,591,1575851,1576441,5.91,rest
2610,13,2,11,2,243,1576442,1576684,2.43,active
2611,13,2,0,0,415,1576685,1577099,4.15,rest
2612,13,2,11,3,388,1577100,1577487,3.88,active
2613,13,2,0,0,540,1577488,1578027,5.4,rest
2614,13,2,11,4,337,1578028,1578364,3.37,active
2615,13,2,0,0,420,1578365,1578784,4.2,rest
2616,13,2,11,5,387,1578785,1579171,3.87,active
2617,13,2,0,0,509,1579172,1579680,5.09,rest
2618,13,2,11,6,319,1579681,1579999,3.19,active
2619,13,2,0,0,540,1580000,1580539,5.4,rest
2620,13,2,11,7,193,1580540,1580732,1.93,active
2621,13,2,0,0,555,1580733,1581287,5.55,rest
2622,13,2,11,8,371,1581288,1581658,3.71,active
2623,13,2,0,0,605,1581659,1582263,6.05,rest
2624,13,2,11,9,317,1582264,1582580,3.17,active
2625,13,2,0,0,426,1582581,1583006,4.26,rest
2626,13,2,11,10,324,1583007,1583330,3.24,active
2627,13,2,0,0,589,1583331,1583919,5.89,rest
2628,13,2,12,1,209,1583920,1584128,2.09,active
2629,13,2,0,0,591,1584129,1584719,5.91,rest
2630,13,2,12,2,185,1584720,1584904,1.85,active
2631,13,2,0,0,692,1584905,1585596,6.92,rest
2632,13,2,12,3,187,1585597,1585783,1.87,active
2633,13,2,0,0,589,1585784,1586372,5.89,rest
2634,13,2,12,4,250,1586373,1586622,2.5,active
2635,13,2,0,0,613,1586623,1587235,6.13,rest
2636,13,2,12,5,201,1587236,1587436,2.01,active
2637,13,2,0,0,641,1587437,1588077,6.41,rest
2638,13,2,12,6,200,1588078,1588277,2.0,active
2639,13,2,0,0,592,1588278,1588869,5.92,rest
2640,13,2,12,7,267,1588870,1589136,2.67,active
2641,13,2,0,0,607,1589137,1589743,6.07,rest
2642,13,2,12,8,233,1589744,1589976,2.33,active
2643,13,2,0,0,615,1589977,1590591,6.15,rest
2644,13,2,12,9,218,1590592,1590809,2.18,active
2645,13,2,0,0,618,1590810,1591427,6.18,rest
2646,13,2,12,10,229,1591428,1591656,2.29,active
2647,13,2,0,0,649,1591657,1592305,6.49,rest
2648,13,2,13,1,190,1592306,1592495,1.9,active
2649,13,2,0,0,539,1592496,1593034,5.39,rest
2650,13,2,13,2,246,1593035,1593280,2.46,active
2651,13,2,0,0,644,1593281,1593924,6.44,rest
2652,13,2,13,3,329,1593925,1594253,3.29,active
2653,13,2,0,0,432,1594254,1594685,4.32,rest
2654,13,2,13,4,312,1594686,1594997,3.12,active
2655,13,2,0,0,596,1594998,1595593,5.96,rest
2656,13,2,13,5,303,1595594,1595896,3.03,active
2657,13,2,0,0,552,1595897,1596448,5.52,rest
2658,13,2,13,6,221,1596449,1596669,2.21,active
2659,13,2,0,0,604,1596670,1597273,6.04,rest
2660,13,2,13,7,262,1597274,1597535,2.62,active
2661,13,2,0,0,583,1597536,1598118,5.83,rest
2662,13,2,13,8,203,1598119,1598321,2.03,active
2663,13,2,0,0,639,1598322,1598960,6.39,rest
2664,13,2,13,9,222,1598961,1599182,2.22,active
2665,13,2,0,0,615,1599183,1599797,6.15,rest
2666,13,2,13,10,229,1599798,1600026,2.29,active
2667,13,2,0,0,580,1600027,1600606,5.8,rest
2668,13,2,14,1,284,1600607,1600890,2.84,active
2669,13,2,0,0,514,1600891,1601404,5.14,rest
2670,13,2,14,2,305,1601405,1601709,3.05,active
2671,13,2,0,0,551,1601710,1602260,5.51,rest
2672,13,2,14,3,313,1602261,1602573,3.13,active
2673,13,2,0,0,510,1602574,1603083,5.1,rest
2674,13,2,14,4,324,1603084,1603407,3.24,active
2675,13,2,0,0,532,1603408,1603939,5.32,rest
2676,13,2,14,5,260,1603940,1604199,2.6,active
2677,13,2,0,0,578,1604200,1604777,5.78,rest
2678,13,2,14,6,287,1604778,1605064,2.87,active
2679,13,2,0,0,517,1605065,1605581,5.17,rest
2680,13,2,14,7,306,1605582,1605887,3.06,active
2681,13,2,0,0,537,1605888,1606424,5.37,rest
2682,13,2,14,8,296,1606425,1606720,2.96,active
2683,13,2,0,0,621,1606721,1607341,6.21,rest
2684,13,2,14,9,236,1607342,1607577,2.36,active
2685,13,2,0,0,513,1607578,1608090,5.13,rest
2686,13,2,14,10,297,1608091,1608387,2.97,active
2687,13,2,0,0,640,1608388,1609027,6.4,rest
2688,13,2,15,1,230,1609028,1609257,2.3,active
2689,13,2,0,0,569,1609258,1609826,5.69,rest
2690,13,2,15,2,359,1609827,1610185,3.59,active
2691,13,2,0,0,472,1610186,1610657,4.72,rest
2692,13,2,15,3,280,1610658,1610937,2.8,active
2693,13,2,0,0,486,1610938,1611423,4.86,rest
2694,13,2,15,4,358,1611424,1611781,3.58,active
2695,13,2,0,0,514,1611782,1612295,5.14,rest
2696,13,2,15,5,336,1612296,1612631,3.36,active
2697,13,2,0,0,557,1612632,1613188,5.57,rest
2698,13,2,15,6,239,1613189,1613427,2.39,active
2699,13,2,0,0,538,1613428,1613965,5.38,rest
2700,13,2,15,7,300,1613966,1614265,3.0,active
2701,13,2,0,0,560,1614266,1614825,5.6,rest
2702,13,2,15,8,281,1614826,1615106,2.81,active
2703,13,2,0,0,851,1615107,1615957,8.51,rest
2704,13,2,15,9,237,1615958,1616194,2.37,active
2705,13,2,0,0,317,1616195,1616511,3.17,rest
2706,13,2,15,10,307,1616512,1616818,3.07,active
2707,13,2,0,0,597,1616819,1617415,5.97,rest
2708,13,2,16,1,277,1617416,1617692,2.77,active
2709,13,2,0,0,513,1617693,1618205,5.13,rest
2710,13,2,16,2,370,1618206,1618575,3.7,active
2711,13,2,0,0,481,1618576,1619056,4.81,rest
2712,13,2,16,3,258,1619057,1619314,2.58,active
2713,13,2,0,0,633,1619315,1619947,6.33,rest
2714,13,2,16,4,286,1619948,1620233,2.86,active
2715,13,2,0,0,488,1620234,1620721,4.88,rest
2716,13,2,16,5,302,1620722,1621023,3.02,active
2717,13,2,0,0,534,1621024,1621557,5.34,rest
2718,13,2,16,6,275,1621558,1621832,2.75,active
2719,13,2,0,0,520,1621833,1622352,5.2,rest
2720,13,2,16,7,284,1622353,1622636,2.84,active
2721,13,2,0,0,588,1622637,1623224,5.88,rest
2722,13,2,16,8,264,1623225,1623488,2.64,active
2723,13,2,0,0,570,1623489,1624058,5.7,rest
2724,13,2,16,9,313,1624059,1624371,3.13,active
2725,13,2,0,0,518,1624372,1624889,5.18,rest
2726,13,2,16,10,340,1624890,1625229,3.4,active
2727,13,2,0,0,503,1625230,1625732,5.03,rest
2728,13,2,17,1,276,1625733,1626008,2.76,active
2729,13,2,0,0,546,1626009,1626554,5.46,rest
2730,13,2,17,2,240,1626555,1626794,2.4,active
2731,13,2,0,0,600,1626795,1627394,6.0,rest
2732,13,2,17,3,261,1627395,1627655,2.61,active
2733,13,2,0,0,561,1627656,1628216,5.61,rest
2734,13,2,17,4,259,1628217,1628475,2.59,active
2735,13,2,0,0,597,1628476,1629072,5.97,rest
2736,13,2,17,5,358,1629073,1629430,3.58,active
2737,13,2,0,0,473,1629431,1629903,4.73,rest
2738,13,2,17,6,232,1629904,1630135,2.32,active
2739,13,2,0,0,592,1630136,1630727,5.92,rest
2740,13,2,17,7,431,1630728,1631158,4.31,active
2741,13,2,0,0,442,1631159,1631600,4.42,rest
2742,13,2,17,8,200,1631601,1631800,2.0,active
2743,13,2,0,0,592,1631801,1632392,5.92,rest
2744,13,2,17,9,306,1632393,1632698,3.06,active
2745,13,2,0,0,543,1632699,1633241,5.43,rest
2746,13,2,17,10,230,1633242,1633471,2.3,active
2747,13,2,0,0,537,1633472,1634008,5.37,rest
2748,13,3,0,0,425,1634009,1634433,4.25,rest
2749,13,3,1,1,355,1634434,1634788,3.55,active
2750,13,3,0,0,477,1634789,1635265,4.77,rest
2751,13,3,1,2,333,1635266,1635598,3.33,active
2752,13,3,0,0,453,1635599,1636051,4.53,rest
2753,13,3,1,3,422,1636052,1636473,4.22,active
2754,13,3,0,0,435,1636474,1636908,4.35,rest
2755,13,3,1,4,339,1636909,1637247,3.39,active
2756,13,3,0,0,463,1637248,1637710,4.63,rest
2757,13,3,1,5,388,1637711,1638098,3.88,active
2758,13,3,0,0,480,1638099,1638578,4.8,rest
2759,13,3,1,6,295,1638579,1638873,2.95,active
2760,13,3,0,0,499,1638874,1639372,4.99,rest
2761,13,3,1,7,403,1639373,1639775,4.03,active
2762,13,3,0,0,405,1639776,1640180,4.05,rest
2763,13,3,1,8,408,1640181,1640588,4.08,active
2764,13,3,0,0,500,1640589,1641088,5.0,rest
2765,13,3,1,9,334,1641089,1641422,3.34,active
2766,13,3,0,0,477,1641423,1641899,4.77,rest
2767,13,3,1,10,381,1641900,1642280,3.81,active
2768,13,3,0,0,1548,1642281,1643828,15.48,rest
2769,13,3,2,1,262,1643829,1644090,2.62,active
2770,13,3,0,0,557,1644091,1644647,5.57,rest
2771,13,3,2,2,320,1644648,1644967,3.2,active
2772,13,3,0,0,405,1644968,1645372,4.05,rest
2773,13,3,2,3,459,1645373,1645831,4.59,active
2774,13,3,0,0,459,1645832,1646290,4.59,rest
2775,13,3,2,4,311,1646291,1646601,3.11,active
2776,13,3,0,0,559,1646602,1647160,5.59,rest
2777,13,3,2,5,310,1647161,1647470,3.1,active
2778,13,3,0,0,423,1647471,1647893,4.23,rest
2779,13,3,2,6,402,1647894,1648295,4.02,active
2780,13,3,0,0,442,1648296,1648737,4.42,rest
2781,13,3,2,7,396,1648738,1649133,3.96,active
2782,13,3,0,0,521,1649134,1649654,5.21,rest
2783,13,3,2,8,240,1649655,1649894,2.4,active
2784,13,3,0,0,622,1649895,1650516,6.22,rest
2785,13,3,2,9,264,1650517,1650780,2.64,active
2786,13,3,0,0,581,1650781,1651361,5.81,rest
2787,13,3,2,10,302,1651362,1651663,3.02,active
2788,13,3,0,0,3106,1651664,1654769,31.06,rest
2789,13,3,3,1,452,1654770,1655221,4.52,active
2790,13,3,0,0,303,1655222,1655524,3.03,rest
2791,13,3,3,2,414,1655525,1655938,4.14,active
2792,13,3,0,0,436,1655939,1656374,4.36,rest
2793,13,3,3,3,401,1656375,1656775,4.01,active
2794,13,3,0,0,419,1656776,1657194,4.19,rest
2795,13,3,3,4,413,1657195,1657607,4.13,active
2796,13,3,0,0,481,1657608,1658088,4.81,rest
2797,13,3,3,5,184,1658089,1658272,1.84,active
2798,13,3,0,0,570,1658273,1658842,5.7,rest
2799,13,3,3,6,490,1658843,1659332,4.9,active
2800,13,3,0,0,371,1659333,1659703,3.71,rest
2801,13,3,3,7,393,1659704,1660096,3.93,active
2802,13,3,0,0,427,1660097,1660523,4.27,rest
2803,13,3,3,8,424,1660524,1660947,4.24,active
2804,13,3,0,0,401,1660948,1661348,4.01,rest
2805,13,3,3,9,466,1661349,1661814,4.66,active
2806,13,3,0,0,392,1661815,1662206,3.92,rest
2807,13,3,3,10,450,1662207,1662656,4.5,active
2808,13,3,0,0,1079,1662657,1663735,10.79,rest
2809,13,3,4,1,369,1663736,1664104,3.69,active
2810,13,3,0,0,451,1664105,1664555,4.51,rest
2811,13,3,4,2,267,1664556,1664822,2.67,active
2812,13,3,0,0,600,1664823,1665422,6.0,rest
2813,13,3,4,3,203,1665423,1665625,2.03,active
2814,13,3,0,0,587,1665626,1666212,5.87,rest
2815,13,3,4,4,333,1666213,1666545,3.33,active
2816,13,3,0,0,537,1666546,1667082,5.37,rest
2817,13,3,4,5,337,1667083,1667419,3.37,active
2818,13,3,0,0,430,1667420,1667849,4.3,rest
2819,13,3,4,6,434,1667850,1668283,4.34,active
2820,13,3,0,0,429,1668284,1668712,4.29,rest
2821,13,3,4,7,364,1668713,1669076,3.64,active
2822,13,3,0,0,470,1669077,1669546,4.7,rest
2823,13,3,4,8,318,1669547,1669864,3.18,active
2824,13,3,0,0,530,1669865,1670394,5.3,rest
2825,13,3,4,9,333,1670395,1670727,3.33,active
2826,13,3,0,0,478,1670728,1671205,4.78,rest
2827,13,3,4,10,312,1671206,1671517,3.12,active
2828,13,3,0,0,1215,1671518,1672732,12.15,rest
2829,13,3,5,1,436,1672733,1673168,4.36,active
2830,13,3,0,0,424,1673169,1673592,4.24,rest
2831,13,3,5,2,382,1673593,1673974,3.82,active
2832,13,3,0,0,457,1673975,1674431,4.57,rest
2833,13,3,5,3,369,1674432,1674800,3.69,active
2834,13,3,0,0,468,1674801,1675268,4.68,rest
2835,13,3,5,4,379,1675269,1675647,3.79,active
2836,13,3,0,0,463,1675648,1676110,4.63,rest
2837,13,3,5,5,363,1676111,1676473,3.63,active
2838,13,3,0,0,470,1676474,1676943,4.7,rest
2839,13,3,5,6,389,1676944,1677332,3.89,active
2840,13,3,0,0,419,1677333,1677751,4.19,rest
2841,13,3,5,7,426,1677752,1678177,4.26,active
2842,13,3,0,0,399,1678178,1678576,3.99,rest
2843,13,3,5,8,431,1678577,1679007,4.31,active
2844,13,3,0,0,412,1679008,1679419,4.12,rest
2845,13,3,5,9,436,1679420,1679855,4.36,active
2846,13,3,0,0,402,1679856,1680257,4.02,rest
2847,13,3,5,10,408,1680258,1680665,4.08,active
2848,13,3,0,0,2769,1680666,1683434,27.69,rest
2849,13,3,6,1,332,1683435,1683766,3.32,active
2850,13,3,0,0,467,1683767,1684233,4.67,rest
2851,13,3,6,2,256,1684234,1684489,2.56,active
2852,13,3,0,0,525,1684490,1685014,5.25,rest
2853,13,3,6,3,423,1685015,1685437,4.23,active
2854,13,3,0,0,402,1685438,1685839,4.02,rest
2855,13,3,6,4,418,1685840,1686257,4.18,active
2856,13,3,0,0,400,1686258,1686657,4.0,rest
2857,13,3,6,5,480,1686658,1687137,4.8,active
2858,13,3,0,0,362,1687138,1687499,3.62,rest
2859,13,3,6,6,486,1687500,1687985,4.86,active
2860,13,3,0,0,347,1687986,1688332,3.47,rest
2861,13,3,6,7,448,1688333,1688780,4.48,active
2862,13,3,0,0,424,1688781,1689204,4.24,rest
2863,13,3,6,8,510,1689205,1689714,5.1,active
2864,13,3,0,0,257,1689715,1689971,2.57,rest
2865,13,3,6,9,479,1689972,1690450,4.79,active
2866,13,3,0,0,393,1690451,1690843,3.93,rest
2867,13,3,6,10,433,1690844,1691276,4.33,active
2868,13,3,0,0,949,1691277,1692225,9.49,rest
2869,13,3,7,1,394,1692226,1692619,3.94,active
2870,13,3,0,0,398,1692620,1693017,3.98,rest
2871,13,3,7,2,359,1693018,1693376,3.59,active
2872,13,3,0,0,458,1693377,1693834,4.58,rest
2873,13,3,7,3,364,1693835,1694198,3.64,active
2874,13,3,0,0,445,1694199,1694643,4.45,rest
2875,13,3,7,4,288,1694644,1694931,2.88,active
2876,13,3,0,0,596,1694932,1695527,5.96,rest
2877,13,3,7,5,255,1695528,1695782,2.55,active
2878,13,3,0,0,640,1695783,1696422,6.4,rest
2879,13,3,7,6,199,1696423,1696621,1.99,active
2880,13,3,0,0,558,1696622,1697179,5.58,rest
2881,13,3,7,7,382,1697180,1697561,3.82,active
2882,13,3,0,0,430,1697562,1697991,4.3,rest
2883,13,3,7,8,302,1697992,1698293,3.02,active
2884,13,3,0,0,549,1698294,1698842,5.49,rest
2885,13,3,7,9,451,1698843,1699293,4.51,active
2886,13,3,0,0,469,1699294,1699762,4.69,rest
2887,13,3,7,10,315,1699763,1700077,3.15,active
2888,13,3,0,0,636,1700078,1700713,6.36,rest
2889,13,3,8,1,216,1700714,1700929,2.16,active
2890,13,3,0,0,479,1700930,1701408,4.79,rest
2891,13,3,8,2,294,1701409,1701702,2.94,active
2892,13,3,0,0,520,1701703,1702222,5.2,rest
2893,13,3,8,3,365,1702223,1702587,3.65,active
2894,13,3,0,0,507,1702588,1703094,5.07,rest
2895,13,3,8,4,261,1703095,1703355,2.61,active
2896,13,3,0,0,614,1703356,1703969,6.14,rest
2897,13,3,8,5,214,1703970,1704183,2.14,active
2898,13,3,0,0,582,1704184,1704765,5.82,rest
2899,13,3,8,6,369,1704766,1705134,3.69,active
2900,13,3,0,0,447,1705135,1705581,4.47,rest
2901,13,3,8,7,404,1705582,1705985,4.04,active
2902,13,3,0,0,416,1705986,1706401,4.16,rest
2903,13,3,8,8,396,1706402,1706797,3.96,active
2904,13,3,0,0,543,1706798,1707340,5.43,rest
2905,13,3,8,9,407,1707341,1707747,4.07,active
2906,13,3,0,0,343,1707748,1708090,3.43,rest
2907,13,3,8,10,361,1708091,1708451,3.61,active
2908,13,3,0,0,2871,1708452,1711322,28.71,rest
2909,13,3,9,1,330,1711323,1711652,3.3,active
2910,13,3,0,0,460,1711653,1712112,4.6,rest
2911,13,3,9,2,336,1712113,1712448,3.36,active
2912,13,3,0,0,461,1712449,1712909,4.61,rest
2913,13,3,9,3,308,1712910,1713217,3.08,active
2914,13,3,0,0,525,1713218,1713742,5.25,rest
2915,13,3,9,4,316,1713743,1714058,3.16,active
2916,13,3,0,0,521,1714059,1714579,5.21,rest
2917,13,3,9,5,344,1714580,1714923,3.44,active
2918,13,3,0,0,491,1714924,1715414,4.91,rest
2919,13,3,9,6,297,1715415,1715711,2.97,active
2920,13,3,0,0,566,1715712,1716277,5.66,rest
2921,13,3,9,7,363,1716278,1716640,3.63,active
2922,13,3,0,0,411,1716641,1717051,4.11,rest
2923,13,3,9,8,379,1717052,1717430,3.79,active
2924,13,3,0,0,477,1717431,1717907,4.77,rest
2925,13,3,9,9,294,1717908,1718201,2.94,active
2926,13,3,0,0,544,1718202,1718745,5.44,rest
2927,13,3,9,10,287,1718746,1719032,2.87,active
2928,13,3,0,0,1530,1719033,1720562,15.3,rest
2929,13,3,10,1,236,1720563,1720798,2.36,active
2930,13,3,0,0,460,1720799,1721258,4.6,rest
2931,13,3,10,2,358,1721259,1721616,3.58,active
2932,13,3,0,0,489,1721617,1722105,4.89,rest
2933,13,3,10,3,328,1722106,1722433,3.28,active
2934,13,3,0,0,533,1722434,1722966,5.33,rest
2935,13,3,10,4,295,1722967,1723261,2.95,active
2936,13,3,0,0,521,1723262,1723782,5.21,rest
2937,13,3,10,5,431,1723783,1724213,4.31,active
2938,13,3,0,0,388,1724214,1724601,3.88,rest
2939,13,3,10,6,392,1724602,1724993,3.92,active
2940,13,3,0,0,465,1724994,1725458,4.65,rest
2941,13,3,10,7,312,1725459,1725770,3.12,active
2942,13,3,0,0,515,1725771,1726285,5.15,rest
2943,13,3,10,8,356,1726286,1726641,3.56,active
2944,13,3,0,0,540,1726642,1727181,5.4,rest
2945,13,3,10,9,242,1727182,1727423,2.42,active
2946,13,3,0,0,541,1727424,1727964,5.41,rest
2947,13,3,10,10,388,1727965,1728352,3.88,active
2948,13,3,0,0,692,1728353,1729044,6.92,rest
2949,13,3,11,1,237,1729045,1729281,2.37,active
2950,13,3,0,0,534,1729282,1729815,5.34,rest
2951,13,3,11,2,387,1729816,1730202,3.87,active
2952,13,3,0,0,441,1730203,1730643,4.41,rest
2953,13,3,11,3,323,1730644,1730966,3.23,active
2954,13,3,0,0,506,1730967,1731472,5.06,rest
2955,13,3,11,4,377,1731473,1731849,3.77,active
2956,13,3,0,0,478,1731850,1732327,4.78,rest
2957,13,3,11,5,339,1732328,1732666,3.39,active
2958,13,3,0,0,518,1732667,1733184,5.18,rest
2959,13,3,11,6,264,1733185,1733448,2.64,active
2960,13,3,0,0,548,1733449,1733996,5.48,rest
2961,13,3,11,7,381,1733997,1734377,3.81,active
2962,13,3,0,0,542,1734378,1734919,5.42,rest
2963,13,3,11,8,201,1734920,1735120,2.01,active
2964,13,3,0,0,534,1735121,1735654,5.34,rest
2965,13,3,11,9,352,1735655,1736006,3.52,active
2966,13,3,0,0,526,1736007,1736532,5.26,rest
2967,13,3,11,10,257,1736533,1736789,2.57,active
2968,13,3,0,0,752,1736790,1737541,7.52,rest
2969,13,3,12,1,340,1737542,1737881,3.4,active
2970,13,3,0,0,406,1737882,1738287,4.06,rest
2971,13,3,12,2,384,1738288,1738671,3.84,active
2972,13,3,0,0,433,1738672,1739104,4.33,rest
2973,13,3,12,3,299,1739105,1739403,2.99,active
2974,13,3,0,0,527,1739404,1739930,5.27,rest
2975,13,3,12,4,387,1739931,1740317,3.87,active
2976,13,3,0,0,508,1740318,1740825,5.08,rest
2977,13,3,12,5,338,1740826,1741163,3.38,active
2978,13,3,0,0,483,1741164,1741646,4.83,rest
2979,13,3,12,6,254,1741647,1741900,2.54,active
2980,13,3,0,0,585,1741901,1742485,5.85,rest
2981,13,3,12,7,402,1742486,1742887,4.02,active
2982,13,3,0,0,425,1742888,1743312,4.25,rest
2983,13,3,12,8,445,1743313,1743757,4.45,active
2984,13,3,0,0,437,1743758,1744194,4.37,rest
2985,13,3,12,9,297,1744195,1744491,2.97,active
2986,13,3,0,0,517,1744492,1745008,5.17,rest
2987,13,3,12,10,352,1745009,1745360,3.52,active
2988,13,3,0,0,652,1745361,1746012,6.52,rest
2989,13,3,13,1,213,1746013,1746225,2.13,active
2990,13,3,0,0,560,1746226,1746785,5.6,rest
2991,13,3,13,2,306,1746786,1747091,3.06,active
2992,13,3,0,0,532,1747092,1747623,5.32,rest
2993,13,3,13,3,236,1747624,1747859,2.36,active
2994,13,3,0,0,592,1747860,1748451,5.92,rest
2995,13,3,13,4,233,1748452,1748684,2.33,active
2996,13,3,0,0,602,1748685,1749286,6.02,rest
2997,13,3,13,5,290,1749287,1749576,2.9,active
2998,13,3,0,0,536,1749577,1750112,5.36,rest
2999,13,3,13,6,348,1750113,1750460,3.48,active
3000,13,3,0,0,464,1750461,1750924,4.64,rest
3001,13,3,13,7,391,1750925,1751315,3.91,active
3002,13,3,0,0,450,1751316,1751765,4.5,rest
3003,13,3,13,8,347,1751766,1752112,3.47,active
3004,13,3,0,0,506,1752113,1752618,5.06,rest
3005,13,3,13,9,275,1752619,1752893,2.75,active
3006,13,3,0,0,579,1752894,1753472,5.79,rest
3007,13,3,13,10,314,1753473,1753786,3.14,active
3008,13,3,0,0,2420,1753787,1756206,24.2,rest
3009,13,3,14,1,428,1756207,1756634,4.28,active
3010,13,3,0,0,330,1756635,1756964,3.3,rest
3011,13,3,14,2,447,1756965,1757411,4.47,active
3012,13,3,0,0,350,1757412,1757761,3.5,rest
3013,13,3,14,3,476,1757762,1758237,4.76,active
3014,13,3,0,0,409,1758238,1758646,4.09,rest
3015,13,3,14,4,337,1758647,1758983,3.37,active
3016,13,3,0,0,500,1758984,1759483,5.0,rest
3017,13,3,14,5,412,1759484,1759895,4.12,active
3018,13,3,0,0,366,1759896,1760261,3.66,rest
3019,13,3,14,6,564,1760262,1760825,5.64,active
3020,13,3,0,0,313,1760826,1761138,3.13,rest
3021,13,3,14,7,457,1761139,1761595,4.57,active
3022,13,3,0,0,380,1761596,1761975,3.8,rest
3023,13,3,14,8,422,1761976,1762397,4.22,active
3024,13,3,0,0,415,1762398,1762812,4.15,rest
3025,13,3,14,9,431,1762813,1763243,4.31,active
3026,13,3,0,0,414,1763244,1763657,4.14,rest
3027,13,3,14,10,537,1763658,1764194,5.37,active
3028,13,3,0,0,722,1764195,1764916,7.22,rest
3029,13,3,15,1,492,1764917,1765408,4.92,active
3030,13,3,0,0,241,1765409,1765649,2.41,rest
3031,13,3,15,2,416,1765650,1766065,4.16,active
3032,13,3,0,0,426,1766066,1766491,4.26,rest
3033,13,3,15,3,465,1766492,1766956,4.65,active
3034,13,3,0,0,358,1766957,1767314,3.58,rest
3035,13,3,15,4,422,1767315,1767736,4.22,active
3036,13,3,0,0,457,1767737,1768193,4.57,rest
3037,13,3,15,5,424,1768194,1768617,4.24,active
3038,13,3,0,0,413,1768618,1769030,4.13,rest
3039,13,3,15,6,437,1769031,1769467,4.37,active
3040,13,3,0,0,383,1769468,1769850,3.83,rest
3041,13,3,15,7,459,1769851,1770309,4.59,active
3042,13,3,0,0,372,1770310,1770681,3.72,rest
3043,13,3,15,8,528,1770682,1771209,5.28,active
3044,13,3,0,0,323,1771210,1771532,3.23,rest
3045,13,3,15,9,538,1771533,1772070,5.38,active
3046,13,3,0,0,243,1772071,1772313,2.43,rest
3047,13,3,15,10,493,1772314,1772806,4.93,active
3048,13,3,0,0,673,1772807,1773479,6.73,rest
3049,13,3,16,1,416,1773480,1773895,4.16,active
3050,13,3,0,0,443,1773896,1774338,4.43,rest
3051,13,3,16,2,291,1774339,1774629,2.91,active
3052,13,3,0,0,546,1774630,1775175,5.46,rest
3053,13,3,16,3,283,1775176,1775458,2.83,active
3054,13,3,0,0,502,1775459,1775960,5.02,rest
3055,13,3,16,4,371,1775961,1776331,3.71,active
3056,13,3,0,0,494,1776332,1776825,4.94,rest
3057,13,3,16,5,356,1776826,1777181,3.56,active
3058,13,3,0,0,440,1777182,1777621,4.4,rest
3059,13,3,16,6,261,1777622,1777882,2.61,active
3060,13,3,0,0,614,1777883,1778496,6.14,rest
3061,13,3,16,7,260,1778497,1778756,2.6,active
3062,13,3,0,0,543,1778757,1779299,5.43,rest
3063,13,3,16,8,417,1779300,1779716,4.17,active
3064,13,3,0,0,394,1779717,1780110,3.94,rest
3065,13,3,16,9,390,1780111,1780500,3.9,active
3066,13,3,0,0,459,1780501,1780959,4.59,rest
3067,13,3,16,10,419,1780960,1781378,4.19,active
3068,13,3,0,0,1104,1781379,1782482,11.04,rest
3069,13,3,17,1,432,1782483,1782914,4.32,active
3070,13,3,0,0,324,1782915,1783238,3.24,rest
3071,13,3,17,2,435,1783239,1783673,4.35,active
3072,13,3,0,0,432,1783674,1784105,4.32,rest
3073,13,3,17,3,471,1784106,1784576,4.71,active
3074,13,3,0,0,338,1784577,1784914,3.38,rest
3075,13,3,17,4,496,1784915,1785410,4.96,active
3076,13,3,0,0,341,1785411,1785751,3.41,rest
3077,13,3,17,5,488,1785752,1786239,4.88,active
3078,13,3,0,0,743,1786240,1786982,7.43,rest
3079,13,3,17,6,185,1786983,1787167,1.85,active
3080,13,3,0,0,290,1787168,1787457,2.9,rest
3081,13,3,17,7,519,1787458,1787976,5.19,active
3082,13,3,0,0,304,1787977,1788280,3.04,rest
3083,13,3,17,8,466,1788281,1788746,4.66,active
3084,13,3,0,0,367,1788747,1789113,3.67,rest
3085,13,3,17,9,582,1789114,1789695,5.82,active
3086,13,3,0,0,282,1789696,1789977,2.82,rest
3087,13,3,17,10,500,1789978,1790477,5.0,active
3088,13,3,0,0,931,1790478,1791408,9.31,rest
3089,13,3,18,1,271,1791409,1791679,2.71,active
3090,13,3,0,0,455,1791680,1792134,4.55,rest
3091,13,3,18,2,383,1792135,1792517,3.83,active
3092,13,3,0,0,463,1792518,1792980,4.63,rest
3093,13,3,18,3,230,1792981,1793210,2.3,active
3094,13,3,0,0,903,1793211,1794113,9.03,rest
3095,13,3,18,4,265,1794114,1794378,2.65,active
3096,13,3,0,0,306,1794379,1794684,3.06,rest
3097,13,3,18,5,275,1794685,1794959,2.75,active
3098,13,3,0,0,574,1794960,1795533,5.74,rest
3099,13,3,18,6,257,1795534,1795790,2.57,active
3100,13,3,0,0,552,1795791,1796342,5.52,rest
3101,13,3,18,7,294,1796343,1796636,2.94,active
3102,13,3,0,0,558,1796637,1797194,5.58,rest
3103,13,3,18,8,273,1797195,1797467,2.73,active
3104,13,3,0,0,545,1797468,1798012,5.45,rest
3105,13,3,18,9,334,1798013,1798346,3.34,active
3106,13,3,0,0,488,1798347,1798834,4.88,rest
3107,13,3,18,10,475,1798835,1799309,4.75,active
3108,13,3,0,0,524,1799310,1799833,5.24,rest
3109,13,3,19,1,449,1799834,1800282,4.49,active
3110,13,3,0,0,351,1800283,1800633,3.51,rest
3111,13,3,19,2,368,1800634,1801001,3.68,active
3112,13,3,0,0,442,1801002,1801443,4.42,rest
3113,13,3,19,3,437,1801444,1801880,4.37,active
3114,13,3,0,0,411,1801881,1802291,4.11,rest
3115,13,3,19,4,373,1802292,1802664,3.73,active
3116,13,3,0,0,451,1802665,1803115,4.51,rest
3117,13,3,19,5,394,1803116,1803509,3.94,active
3118,13,3,0,0,442,1803510,1803951,4.42,rest
3119,13,3,19,6,334,1803952,1804285,3.34,active
3120,13,3,0,0,511,1804286,1804796,5.11,rest
3121,13,3,19,7,530,1804797,1805326,5.3,active
3122,13,3,0,0,322,1805327,1805648,3.22,rest
3123,13,3,19,8,410,1805649,1806058,4.1,active
3124,13,3,0,0,474,1806059,1806532,4.74,rest
3125,13,3,19,9,361,1806533,1806893,3.61,active
3126,13,3,0,0,449,1806894,1807342,4.49,rest
3127,13,3,19,10,401,1807343,1807743,4.01,active
3128,13,3,0,0,1190,1807744,1808933,11.9,rest
3129,13,3,20,1,391,1808934,1809324,3.91,active
3130,13,3,0,0,386,1809325,1809710,3.86,rest
3131,13,3,20,2,518,1809711,1810228,5.18,active
3132,13,3,0,0,353,1810229,1810581,3.53,rest
3133,13,3,20,3,452,1810582,1811033,4.52,active
3134,13,3,0,0,342,1811034,1811375,3.42,rest
3135,13,3,20,4,481,1811376,1811856,4.81,active
3136,13,3,0,0,372,1811857,1812228,3.72,rest
3137,13,3,20,5,432,1812229,1812660,4.32,active
3138,13,3,0,0,378,1812661,1813038,3.78,rest
3139,13,3,20,6,512,1813039,1813550,5.12,active
3140,13,3,0,0,327,1813551,1813877,3.27,rest
3141,13,3,20,7,470,1813878,1814347,4.7,active
3142,13,3,0,0,351,1814348,1814698,3.51,rest
3143,13,3,20,8,442,1814699,1815140,4.42,active
3144,13,3,0,0,420,1815141,1815560,4.2,rest
3145,13,3,20,9,492,1815561,1816052,4.92,active
3146,13,3,0,0,317,1816053,1816369,3.17,rest
3147,13,3,20,10,464,1816370,1816833,4.64,active
3148,13,3,0,0,1879,1816834,1818712,18.79,rest
3149,13,3,21,1,351,1818713,1819063,3.51,active
3150,13,3,0,0,453,1819064,1819516,4.53,rest
3151,13,3,21,2,337,1819517,1819853,3.37,active
3152,13,3,0,0,505,1819854,1820358,5.05,rest
3153,13,3,21,3,330,1820359,1820688,3.3,active
3154,13,3,0,0,492,1820689,1821180,4.92,rest
3155,13,3,21,4,278,1821181,1821458,2.78,active
3156,13,3,0,0,533,1821459,1821991,5.33,rest
3157,13,3,21,5,292,1821992,1822283,2.92,active
3158,13,3,0,0,606,1822284,1822889,6.06,rest
3159,13,3,21,6,278,1822890,1823167,2.78,active
3160,13,3,0,0,531,1823168,1823698,5.31,rest
3161,13,3,21,7,320,1823699,1824018,3.2,active
3162,13,3,0,0,565,1824019,1824583,5.65,rest
3163,13,3,21,8,238,1824584,1824821,2.38,active
3164,13,3,0,0,594,1824822,1825415,5.94,rest
3165,13,3,21,9,389,1825416,1825804,3.89,active
3166,13,3,0,0,431,1825805,1826235,4.31,rest
3167,13,3,21,10,283,1826236,1826518,2.83,active
3168,13,3,0,0,2534,1826519,1829052,25.34,rest
3169,13,3,22,1,308,1829053,1829360,3.08,active
3170,13,3,0,0,472,1829361,1829832,4.72,rest
3171,13,3,22,2,364,1829833,1830196,3.64,active
3172,13,3,0,0,391,1830197,1830587,3.91,rest
3173,13,3,22,3,393,1830588,1830980,3.93,active
3174,13,3,0,0,490,1830981,1831470,4.9,rest
3175,13,3,22,4,333,1831471,1831803,3.33,active
3176,13,3,0,0,517,1831804,1832320,5.17,rest
3177,13,3,22,5,383,1832321,1832703,3.83,active
3178,13,3,0,0,431,1832704,1833134,4.31,rest
3179,13,3,22,6,357,1833135,1833491,3.57,active
3180,13,3,0,0,480,1833492,1833971,4.8,rest
3181,13,3,22,7,352,1833972,1834323,3.52,active
3182,13,3,0,0,515,1834324,1834838,5.15,rest
3183,13,3,22,8,322,1834839,1835160,3.22,active
3184,13,3,0,0,490,1835161,1835650,4.9,rest
3185,13,3,22,9,361,1835651,1836011,3.61,active
3186,13,3,0,0,498,1836012,1836509,4.98,rest
3187,13,3,22,10,366,1836510,1836875,3.66,active
3188,13,3,0,0,1664,1836876,1838539,16.64,rest
3189,13,3,23,1,457,1838540,1838996,4.57,active
3190,13,3,0,0,415,1838997,1839411,4.15,rest
3191,13,3,23,2,379,1839412,1839790,3.79,active
3192,13,3,0,0,436,1839791,1840226,4.36,rest
3193,13,3,23,3,361,1840227,1840587,3.61,active
3194,13,3,0,0,476,1840588,1841063,4.76,rest
3195,13,3,23,4,386,1841064,1841449,3.86,active
3196,13,3,0,0,422,1841450,1841871,4.22,rest
3197,13,3,23,5,317,1841872,1842188,3.17,active
3198,13,3,0,0,516,1842189,1842704,5.16,rest
3199,13,3,23,6,395,1842705,1843099,3.95,active
3200,13,3,0,0,571,1843100,1843670,5.71,rest
3201,13,3,23,7,269,1843671,1843939,2.69,active
3202,13,3,0,0,446,1843940,1844385,4.46,rest
3203,13,3,23,8,337,1844386,1844722,3.37,active
3204,13,3,0,0,483,1844723,1845205,4.83,rest
3205,13,3,23,9,395,1845206,1845600,3.95,active
3206,13,3,0,0,574,1845601,1846174,5.74,rest
3207,13,3,23,10,320,1846175,1846494,3.2,active
3208,13,3,0,0,386,1846495,1846880,3.86,rest
3209,14,2,0,0,380,1947666,1948045,3.8,rest
3210,14,2,1,1,413,1948046,1948458,4.13,active
3211,14,2,0,0,466,1948459,1948924,4.66,rest
3212,14,2,1,2,346,1948925,1949270,3.46,active
3213,14,2,0,0,454,1949271,1949724,4.54,rest
3214,14,2,1,3,378,1949725,1950102,3.78,active
3215,14,2,0,0,484,1950103,1950586,4.84,rest
3216,14,2,1,4,341,1950587,1950927,3.41,active
3217,14,2,0,0,511,1950928,1951438,5.11,rest
3218,14,2,1,5,395,1951439,1951833,3.95,active
3219,14,2,0,0,405,1951834,1952238,4.05,rest
3220,14,2,1,6,444,1952239,1952682,4.44,active
3221,14,2,0,0,390,1952683,1953072,3.9,rest
3222,14,2,1,7,393,1953073,1953465,3.93,active
3223,14,2,0,0,468,1953466,1953933,4.68,rest
3224,14,2,1,8,425,1953934,1954358,4.25,active
3225,14,2,0,0,378,1954359,1954736,3.78,rest
3226,14,2,1,9,458,1954737,1955194,4.58,active
3227,14,2,0,0,379,1955195,1955573,3.79,rest
3228,14,2,1,10,435,1955574,1956008,4.35,active
3229,14,2,0,0,448,1956009,1956456,4.48,rest
3230,14,2,2,1,354,1956457,1956810,3.54,active
3231,14,2,0,0,479,1956811,1957289,4.79,rest
3232,14,2,2,2,309,1957290,1957598,3.09,active
3233,14,2,0,0,548,1957599,1958146,5.48,rest
3234,14,2,2,3,536,1958147,1958682,5.36,active
3235,14,2,0,0,298,1958683,1958980,2.98,rest
3236,14,2,2,4,422,1958981,1959402,4.22,active
3237,14,2,0,0,361,1959403,1959763,3.61,rest
3238,14,2,2,5,301,1959764,1960064,3.01,active
3239,14,2,0,0,578,1960065,1960642,5.78,rest
3240,14,2,2,6,415,1960643,1961057,4.15,active
3241,14,2,0,0,375,1961058,1961432,3.75,rest
3242,14,2,2,7,443,1961433,1961875,4.43,active
3243,14,2,0,0,447,1961876,1962322,4.47,rest
3244,14,2,2,8,293,1962323,1962615,2.93,active
3245,14,2,0,0,514,1962616,1963129,5.14,rest
3246,14,2,2,9,451,1963130,1963580,4.51,active
3247,14,2,0,0,416,1963581,1963996,4.16,rest
3248,14,2,2,10,304,1963997,1964300,3.04,active
3249,14,2,0,0,543,1964301,1964843,5.43,rest
3250,14,2,3,1,350,1964844,1965193,3.5,active
3251,14,2,0,0,478,1965194,1965671,4.78,rest
3252,14,2,3,2,469,1965672,1966140,4.69,active
3253,14,2,0,0,379,1966141,1966519,3.79,rest
3254,14,2,3,3,426,1966520,1966945,4.26,active
3255,14,2,0,0,430,1966946,1967375,4.3,rest
3256,14,2,3,4,351,1967376,1967726,3.51,active
3257,14,2,0,0,453,1967727,1968179,4.53,rest
3258,14,2,3,5,454,1968180,1968633,4.54,active
3259,14,2,0,0,420,1968634,1969053,4.2,rest
3260,14,2,3,6,279,1969054,1969332,2.79,active
3261,14,2,0,0,576,1969333,1969908,5.76,rest
3262,14,2,3,7,311,1969909,1970219,3.11,active
3263,14,2,0,0,494,1970220,1970713,4.94,rest
3264,14,2,3,8,318,1970714,1971031,3.18,active
3265,14,2,0,0,551,1971032,1971582,5.51,rest
3266,14,2,3,9,297,1971583,1971879,2.97,active
3267,14,2,0,0,550,1971880,1972429,5.5,rest
3268,14,2,3,10,294,1972430,1972723,2.94,active
3269,14,2,0,0,599,1972724,1973322,5.99,rest
3270,14,2,4,1,379,1973323,1973701,3.79,active
3271,14,2,0,0,387,1973702,1974088,3.87,rest
3272,14,2,4,2,393,1974089,1974481,3.93,active
3273,14,2,0,0,456,1974482,1974937,4.56,rest
3274,14,2,4,3,373,1974938,1975310,3.73,active
3275,14,2,0,0,531,1975311,1975841,5.31,rest
3276,14,2,4,4,393,1975842,1976234,3.93,active
3277,14,2,0,0,406,1976235,1976640,4.06,rest
3278,14,2,4,5,342,1976641,1976982,3.42,active
3279,14,2,0,0,462,1976983,1977444,4.62,rest
3280,14,2,4,6,414,1977445,1977858,4.14,active
3281,14,2,0,0,412,1977859,1978270,4.12,rest
3282,14,2,4,7,376,1978271,1978646,3.76,active
3283,14,2,0,0,466,1978647,1979112,4.66,rest
3284,14,2,4,8,436,1979113,1979548,4.36,active
3285,14,2,0,0,426,1979549,1979974,4.26,rest
3286,14,2,4,9,407,1979975,1980381,4.07,active
3287,14,2,0,0,441,1980382,1980822,4.41,rest
3288,14,2,4,10,374,1980823,1981196,3.74,active
3289,14,2,0,0,475,1981197,1981671,4.75,rest
3290,14,2,5,1,302,1981672,1981973,3.02,active
3291,14,2,0,0,542,1981974,1982515,5.42,rest
3292,14,2,5,2,373,1982516,1982888,3.73,active
3293,14,2,0,0,473,1982889,1983361,4.73,rest
3294,14,2,5,3,375,1983362,1983736,3.75,active
3295,14,2,0,0,458,1983737,1984194,4.58,rest
3296,14,2,5,4,371,1984195,1984565,3.71,active
3297,14,2,0,0,473,1984566,1985038,4.73,rest
3298,14,2,5,5,317,1985039,1985355,3.17,active
3299,14,2,0,0,518,1985356,1985873,5.18,rest
3300,14,2,5,6,331,1985874,1986204,3.31,active
3301,14,2,0,0,530,1986205,1986734,5.3,rest
3302,14,2,5,7,266,1986735,1987000,2.66,active
3303,14,2,0,0,563,1987001,1987563,5.63,rest
3304,14,2,5,8,394,1987564,1987957,3.94,active
3305,14,2,0,0,449,1987958,1988406,4.49,rest
3306,14,2,5,9,380,1988407,1988786,3.8,active
3307,14,2,0,0,458,1988787,1989244,4.58,rest
3308,14,2,5,10,314,1989245,1989558,3.14,active
3309,14,2,0,0,536,1989559,1990094,5.36,rest
3310,14,2,6,1,329,1990095,1990423,3.29,active
3311,14,2,0,0,458,1990424,1990881,4.58,rest
3312,14,2,6,2,392,1990882,1991273,3.92,active
3313,14,2,0,0,483,1991274,1991756,4.83,rest
3314,14,2,6,3,296,1991757,1992052,2.96,active
3315,14,2,0,0,538,1992053,1992590,5.38,rest
3316,14,2,6,4,324,1992591,1992914,3.24,active
3317,14,2,0,0,548,1992915,1993462,5.48,rest
3318,14,2,6,5,320,1993463,1993782,3.2,active
3319,14,2,0,0,507,1993783,1994289,5.07,rest
3320,14,2,6,6,360,1994290,1994649,3.6,active
3321,14,2,0,0,411,1994650,1995060,4.11,rest
3322,14,2,6,7,456,1995061,1995516,4.56,active
3323,14,2,0,0,436,1995517,1995952,4.36,rest
3324,14,2,6,8,275,1995953,1996227,2.75,active
3325,14,2,0,0,579,1996228,1996806,5.79,rest
3326,14,2,6,9,339,1996807,1997145,3.39,active
3327,14,2,0,0,506,1997146,1997651,5.06,rest
3328,14,2,6,10,261,1997652,1997912,2.61,active
3329,14,2,0,0,653,1997913,1998565,6.53,rest
3330,14,2,7,1,286,1998566,1998851,2.86,active
3331,14,2,0,0,518,1998852,1999369,5.18,rest
3332,14,2,7,2,324,1999370,1999693,3.24,active
3333,14,2,0,0,504,1999694,2000197,5.04,rest
3334,14,2,7,3,295,2000198,2000492,2.95,active
3335,14,2,0,0,555,2000493,2001047,5.55,rest
3336,14,2,7,4,230,2001048,2001277,2.3,active
3337,14,2,0,0,590,2001278,2001867,5.9,rest
3338,14,2,7,5,493,2001868,2002360,4.93,active
3339,14,2,0,0,326,2002361,2002686,3.26,rest
3340,14,2,7,6,238,2002687,2002924,2.38,active
3341,14,2,0,0,598,2002925,2003522,5.98,rest
3342,14,2,7,7,487,2003523,2004009,4.87,active
3343,14,2,0,0,397,2004010,2004406,3.97,rest
3344,14,2,7,8,307,2004407,2004713,3.07,active
3345,14,2,0,0,554,2004714,2005267,5.54,rest
3346,14,2,7,9,433,2005268,2005700,4.33,active
3347,14,2,0,0,366,2005701,2006066,3.66,rest
3348,14,2,7,10,349,2006067,2006415,3.49,active
3349,14,2,0,0,447,2006416,2006862,4.47,rest
3350,14,2,8,1,340,2006863,2007202,3.4,active
3351,14,2,0,0,511,2007203,2007713,5.11,rest
3352,14,2,8,2,399,2007714,2008112,3.99,active
3353,14,2,0,0,435,2008113,2008547,4.35,rest
3354,14,2,8,3,306,2008548,2008853,3.06,active
3355,14,2,0,0,533,2008854,2009386,5.33,rest
3356,14,2,8,4,276,2009387,2009662,2.76,active
3357,14,2,0,0,571,2009663,2010233,5.71,rest
3358,14,2,8,5,316,2010234,2010549,3.16,active
3359,14,2,0,0,532,2010550,2011081,5.32,rest
3360,14,2,8,6,362,2011082,2011443,3.62,active
3361,14,2,0,0,433,2011444,2011876,4.33,rest
3362,14,2,8,7,396,2011877,2012272,3.96,active
3363,14,2,0,0,503,2012273,2012775,5.03,rest
3364,14,2,8,8,504,2012776,2013279,5.04,active
3365,14,2,0,0,289,2013280,2013568,2.89,rest
3366,14,2,8,9,345,2013569,2013913,3.45,active
3367,14,2,0,0,484,2013914,2014397,4.84,rest
3368,14,2,8,10,489,2014398,2014886,4.89,active
3369,14,2,0,0,414,2014887,2015300,4.14,rest
3370,14,2,9,1,393,2015301,2015693,3.93,active
3371,14,2,0,0,425,2015694,2016118,4.25,rest
3372,14,2,9,2,500,2016119,2016618,5.0,active
3373,14,2,0,0,316,2016619,2016934,3.16,rest
3374,14,2,9,3,524,2016935,2017458,5.24,active
3375,14,2,0,0,378,2017459,2017836,3.78,rest
3376,14,2,9,4,441,2017837,2018277,4.41,active
3377,14,2,0,0,407,2018278,2018684,4.07,rest
3378,14,2,9,5,455,2018685,2019139,4.55,active
3379,14,2,0,0,300,2019140,2019439,3.0,rest
3380,14,2,9,6,546,2019440,2019985,5.46,active
3381,14,2,0,0,268,2019986,2020253,2.68,rest
3382,14,2,9,7,427,2020254,2020680,4.27,active
3383,14,2,0,0,424,2020681,2021104,4.24,rest
3384,14,2,9,8,469,2021105,2021573,4.69,active
3385,14,2,0,0,364,2021574,2021937,3.64,rest
3386,14,2,9,9,464,2021938,2022401,4.64,active
3387,14,2,0,0,417,2022402,2022818,4.17,rest
3388,14,2,9,10,486,2022819,2023304,4.86,active
3389,14,2,0,0,352,2023305,2023656,3.52,rest
3390,14,2,10,1,413,2023657,2024069,4.13,active
3391,14,2,0,0,450,2024070,2024519,4.5,rest
3392,14,2,10,2,461,2024520,2024980,4.61,active
3393,14,2,0,0,320,2024981,2025300,3.2,rest
3394,14,2,10,3,413,2025301,2025713,4.13,active
3395,14,2,0,0,406,2025714,2026119,4.06,rest
3396,14,2,10,4,436,2026120,2026555,4.36,active
3397,14,2,0,0,444,2026556,2026999,4.44,rest
3398,14,2,10,5,353,2027000,2027352,3.53,active
3399,14,2,0,0,493,2027353,2027845,4.93,rest
3400,14,2,10,6,305,2027846,2028150,3.05,active
3401,14,2,0,0,520,2028151,2028670,5.2,rest
3402,14,2,10,7,398,2028671,2029068,3.98,active
3403,14,2,0,0,425,2029069,2029493,4.25,rest
3404,14,2,10,8,444,2029494,2029937,4.44,active
3405,14,2,0,0,418,2029938,2030355,4.18,rest
3406,14,2,10,9,412,2030356,2030767,4.12,active
3407,14,2,0,0,413,2030768,2031180,4.13,rest
3408,14,2,10,10,379,2031181,2031559,3.79,active
3409,14,2,0,0,485,2031560,2032044,4.85,rest
3410,14,2,11,1,361,2032045,2032405,3.61,active
3411,14,2,0,0,464,2032406,2032869,4.64,rest
3412,14,2,11,2,428,2032870,2033297,4.28,active
3413,14,2,0,0,389,2033298,2033686,3.89,rest
3414,14,2,11,3,462,2033687,2034148,4.62,active
3415,14,2,0,0,418,2034149,2034566,4.18,rest
3416,14,2,11,4,311,2034567,2034877,3.11,active
3417,14,2,0,0,529,2034878,2035406,5.29,rest
3418,14,2,11,5,413,2035407,2035819,4.13,active
3419,14,2,0,0,373,2035820,2036192,3.73,rest
3420,14,2,11,6,437,2036193,2036629,4.37,active
3421,14,2,0,0,411,2036630,2037040,4.11,rest
3422,14,2,11,7,385,2037041,2037425,3.85,active
3423,14,2,0,0,443,2037426,2037868,4.43,rest
3424,14,2,11,8,392,2037869,2038260,3.92,active
3425,14,2,0,0,460,2038261,2038720,4.6,rest
3426,14,2,11,9,308,2038721,2039028,3.08,active
3427,14,2,0,0,498,2039029,2039526,4.98,rest
3428,14,2,11,10,350,2039527,2039876,3.5,active
3429,14,2,0,0,513,2039877,2040389,5.13,rest
3430,14,2,12,1,284,2040390,2040673,2.84,active
3431,14,2,0,0,499,2040674,2041172,4.99,rest
3432,14,2,12,2,390,2041173,2041562,3.9,active
3433,14,2,0,0,468,2041563,2042030,4.68,rest
3434,14,2,12,3,428,2042031,2042458,4.28,active
3435,14,2,0,0,397,2042459,2042855,3.97,rest
3436,14,2,12,4,391,2042856,2043246,3.91,active
3437,14,2,0,0,476,2043247,2043722,4.76,rest
3438,14,2,12,5,376,2043723,2044098,3.76,active
3439,14,2,0,0,434,2044099,2044532,4.34,rest
3440,14,2,12,6,396,2044533,2044928,3.96,active
3441,14,2,0,0,474,2044929,2045402,4.74,rest
3442,14,2,12,7,405,2045403,2045807,4.05,active
3443,14,2,0,0,427,2045808,2046234,4.27,rest
3444,14,2,12,8,436,2046235,2046670,4.36,active
3445,14,2,0,0,410,2046671,2047080,4.1,rest
3446,14,2,12,9,432,2047081,2047512,4.32,active
3447,14,2,0,0,423,2047513,2047935,4.23,rest
3448,14,2,12,10,367,2047936,2048302,3.67,active
3449,14,2,0,0,508,2048303,2048810,5.08,rest
3450,14,2,13,1,325,2048811,2049135,3.25,active
3451,14,2,0,0,496,2049136,2049631,4.96,rest
3452,14,2,13,2,374,2049632,2050005,3.74,active
3453,14,2,0,0,451,2050006,2050456,4.51,rest
3454,14,2,13,3,384,2050457,2050840,3.84,active
3455,14,2,0,0,455,2050841,2051295,4.55,rest
3456,14,2,13,4,360,2051296,2051655,3.6,active
3457,14,2,0,0,457,2051656,2052112,4.57,rest
3458,14,2,13,5,385,2052113,2052497,3.85,active
3459,14,2,0,0,474,2052498,2052971,4.74,rest
3460,14,2,13,6,363,2052972,2053334,3.63,active
3461,14,2,0,0,467,2053335,2053801,4.67,rest
3462,14,2,13,7,353,2053802,2054154,3.53,active
3463,14,2,0,0,475,2054155,2054629,4.75,rest
3464,14,2,13,8,456,2054630,2055085,4.56,active
3465,14,2,0,0,409,2055086,2055494,4.09,rest
3466,14,2,13,9,440,2055495,2055934,4.4,active
3467,14,2,0,0,374,2055935,2056308,3.74,rest
3468,14,2,13,10,374,2056309,2056682,3.74,active
3469,14,2,0,0,504,2056683,2057186,5.04,rest
3470,14,2,14,1,340,2057187,2057526,3.4,active
3471,14,2,0,0,506,2057527,2058032,5.06,rest
3472,14,2,14,2,322,2058033,2058354,3.22,active
3473,14,2,0,0,497,2058355,2058851,4.97,rest
3474,14,2,14,3,317,2058852,2059168,3.17,active
3475,14,2,0,0,494,2059169,2059662,4.94,rest
3476,14,2,14,4,342,2059663,2060004,3.42,active
3477,14,2,0,0,522,2060005,2060526,5.22,rest
3478,14,2,14,5,306,2060527,2060832,3.06,active
3479,14,2,0,0,523,2060833,2061355,5.23,rest
3480,14,2,14,6,326,2061356,2061681,3.26,active
3481,14,2,0,0,514,2061682,2062195,5.14,rest
3482,14,2,14,7,285,2062196,2062480,2.85,active
3483,14,2,0,0,591,2062481,2063071,5.91,rest
3484,14,2,14,8,270,2063072,2063341,2.7,active
3485,14,2,0,0,557,2063342,2063898,5.57,rest
3486,14,2,14,9,268,2063899,2064166,2.68,active
3487,14,2,0,0,585,2064167,2064751,5.85,rest
3488,14,2,14,10,268,2064752,2065019,2.68,active
3489,14,2,0,0,589,2065020,2065608,5.89,rest
3490,14,2,15,1,386,2065609,2065994,3.86,active
3491,14,2,0,0,424,2065995,2066418,4.24,rest
3492,14,2,15,2,359,2066419,2066777,3.59,active
3493,14,2,0,0,517,2066778,2067294,5.17,rest
3494,14,2,15,3,278,2067295,2067572,2.78,active
3495,14,2,0,0,558,2067573,2068130,5.58,rest
3496,14,2,15,4,342,2068131,2068472,3.42,active
3497,14,2,0,0,517,2068473,2068989,5.17,rest
3498,14,2,15,5,273,2068990,2069262,2.73,active
3499,14,2,0,0,551,2069263,2069813,5.51,rest
3500,14,2,15,6,323,2069814,2070136,3.23,active
3501,14,2,0,0,467,2070137,2070603,4.67,rest
3502,14,2,15,7,365,2070604,2070968,3.65,active
3503,14,2,0,0,488,2070969,2071456,4.88,rest
3504,14,2,15,8,333,2071457,2071789,3.33,active
3505,14,2,0,0,488,2071790,2072277,4.88,rest
3506,14,2,15,9,370,2072278,2072647,3.7,active
3507,14,2,0,0,462,2072648,2073109,4.62,rest
3508,14,2,15,10,361,2073110,2073470,3.61,active
3509,14,2,0,0,539,2073471,2074009,5.39,rest
3510,14,2,16,1,516,2074010,2074525,5.16,active
3511,14,2,0,0,249,2074526,2074774,2.49,rest
3512,14,2,16,2,378,2074775,2075152,3.78,active
3513,14,2,0,0,510,2075153,2075662,5.1,rest
3514,14,2,16,3,416,2075663,2076078,4.16,active
3515,14,2,0,0,396,2076079,2076474,3.96,rest
3516,14,2,16,4,405,2076475,2076879,4.05,active
3517,14,2,0,0,440,2076880,2077319,4.4,rest
3518,14,2,16,5,385,2077320,2077704,3.85,active
3519,14,2,0,0,467,2077705,2078171,4.67,rest
3520,14,2,16,6,364,2078172,2078535,3.64,active
3521,14,2,0,0,441,2078536,2078976,4.41,rest
3522,14,2,16,7,492,2078977,2079468,4.92,active
3523,14,2,0,0,343,2079469,2079811,3.43,rest
3524,14,2,16,8,445,2079812,2080256,4.45,active
3525,14,2,0,0,389,2080257,2080645,3.89,rest
3526,14,2,16,9,387,2080646,2081032,3.87,active
3527,14,2,0,0,453,2081033,2081485,4.53,rest
3528,14,2,16,10,410,2081486,2081895,4.1,active
3529,14,2,0,0,453,2081896,2082348,4.53,rest
3530,14,2,17,1,322,2082349,2082670,3.22,active
3531,14,2,0,0,514,2082671,2083184,5.14,rest
3532,14,2,17,2,409,2083185,2083593,4.09,active
3533,14,2,0,0,404,2083594,2083997,4.04,rest
3534,14,2,17,3,477,2083998,2084474,4.77,active
3535,14,2,0,0,407,2084475,2084881,4.07,rest
3536,14,2,17,4,484,2084882,2085365,4.84,active
3537,14,2,0,0,324,2085366,2085689,3.24,rest
3538,14,2,17,5,454,2085690,2086143,4.54,active
3539,14,2,0,0,385,2086144,2086528,3.85,rest
3540,14,2,17,6,528,2086529,2087056,5.28,active
3541,14,2,0,0,301,2087057,2087357,3.01,rest
3542,14,2,17,7,354,2087358,2087711,3.54,active
3543,14,2,0,0,491,2087712,2088202,4.91,rest
3544,14,2,17,8,505,2088203,2088707,5.05,active
3545,14,2,0,0,329,2088708,2089036,3.29,rest
3546,14,2,17,9,479,2089037,2089515,4.79,active
3547,14,2,0,0,405,2089516,2089920,4.05,rest
3548,14,2,17,10,437,2089921,2090357,4.37,active
3549,14,2,0,0,336,2090358,2090693,3.36,rest
3550,14,3,0,0,409,2090694,2091102,4.09,rest
3551,14,3,1,1,377,2091103,2091479,3.77,active
3552,14,3,0,0,432,2091480,2091911,4.32,rest
3553,14,3,1,2,373,2091912,2092284,3.73,active
3554,14,3,0,0,461,2092285,2092745,4.61,rest
3555,14,3,1,3,353,2092746,2093098,3.53,active
3556,14,3,0,0,455,2093099,2093553,4.55,rest
3557,14,3,1,4,386,2093554,2093939,3.86,active
3558,14,3,0,0,458,2093940,2094397,4.58,rest
3559,14,3,1,5,405,2094398,2094802,4.05,active
3560,14,3,0,0,420,2094803,2095222,4.2,rest
3561,14,3,1,6,364,2095223,2095586,3.64,active
3562,14,3,0,0,478,2095587,2096064,4.78,rest
3563,14,3,1,7,435,2096065,2096499,4.35,active
3564,14,3,0,0,442,2096500,2096941,4.42,rest
3565,14,3,1,8,413,2096942,2097354,4.13,active
3566,14,3,0,0,395,2097355,2097749,3.95,rest
3567,14,3,1,9,433,2097750,2098182,4.33,active
3568,14,3,0,0,402,2098183,2098584,4.02,rest
3569,14,3,1,10,453,2098585,2099037,4.53,active
3570,14,3,0,0,1763,2099038,2100800,17.63,rest
3571,14,3,2,1,322,2100801,2101122,3.22,active
3572,14,3,0,0,420,2101123,2101542,4.2,rest
3573,14,3,2,2,448,2101543,2101990,4.48,active
3574,14,3,0,0,389,2101991,2102379,3.89,rest
3575,14,3,2,3,435,2102380,2102814,4.35,active
3576,14,3,0,0,448,2102815,2103262,4.48,rest
3577,14,3,2,4,431,2103263,2103693,4.31,active
3578,14,3,0,0,394,2103694,2104087,3.94,rest
3579,14,3,2,5,454,2104088,2104541,4.54,active
3580,14,3,0,0,395,2104542,2104936,3.95,rest
3581,14,3,2,6,401,2104937,2105337,4.01,active
3582,14,3,0,0,431,2105338,2105768,4.31,rest
3583,14,3,2,7,358,2105769,2106126,3.58,active
3584,14,3,0,0,494,2106127,2106620,4.94,rest
3585,14,3,2,8,407,2106621,2107027,4.07,active
3586,14,3,0,0,428,2107028,2107455,4.28,rest
3587,14,3,2,9,402,2107456,2107857,4.02,active
3588,14,3,0,0,421,2107858,2108278,4.21,rest
3589,14,3,2,10,377,2108279,2108655,3.77,active
3590,14,3,0,0,724,2108656,2109379,7.24,rest
3591,14,3,3,1,361,2109380,2109740,3.61,active
3592,14,3,0,0,485,2109741,2110225,4.85,rest
3593,14,3,3,2,370,2110226,2110595,3.7,active
3594,14,3,0,0,429,2110596,2111024,4.29,rest
3595,14,3,3,3,403,2111025,2111427,4.03,active
3596,14,3,0,0,433,2111428,2111860,4.33,rest
3597,14,3,3,4,449,2111861,2112309,4.49,active
3598,14,3,0,0,430,2112310,2112739,4.3,rest
3599,14,3,3,5,349,2112740,2113088,3.49,active
3600,14,3,0,0,445,2113089,2113533,4.45,rest
3601,14,3,3,6,389,2113534,2113922,3.89,active
3602,14,3,0,0,468,2113923,2114390,4.68,rest
3603,14,3,3,7,382,2114391,2114772,3.82,active
3604,14,3,0,0,443,2114773,2115215,4.43,rest
3605,14,3,3,8,375,2115216,2115590,3.75,active
3606,14,3,0,0,424,2115591,2116014,4.24,rest
3607,14,3,3,9,408,2116015,2116422,4.08,active
3608,14,3,0,0,467,2116423,2116889,4.67,rest
3609,14,3,3,10,382,2116890,2117271,3.82,active
3610,14,3,0,0,1312,2117272,2118583,13.12,rest
3611,14,3,4,1,376,2118584,2118959,3.76,active
3612,14,3,0,0,436,2118960,2119395,4.36,rest
3613,14,3,4,2,344,2119396,2119739,3.44,active
3614,14,3,0,0,478,2119740,2120217,4.78,rest
3615,14,3,4,3,336,2120218,2120553,3.36,active
3616,14,3,0,0,498,2120554,2121051,4.98,rest
3617,14,3,4,4,443,2121052,2121494,4.43,active
3618,14,3,0,0,417,2121495,2121911,4.17,rest
3619,14,3,4,5,399,2121912,2122310,3.99,active
3620,14,3,0,0,416,2122311,2122726,4.16,rest
3621,14,3,4,6,346,2122727,2123072,3.46,active
3622,14,3,0,0,477,2123073,2123549,4.77,rest
3623,14,3,4,7,408,2123550,2123957,4.08,active
3624,14,3,0,0,470,2123958,2124427,4.7,rest
3625,14,3,4,8,364,2124428,2124791,3.64,active
3626,14,3,0,0,480,2124792,2125271,4.8,rest
3627,14,3,4,9,382,2125272,2125653,3.82,active
3628,14,3,0,0,434,2125654,2126087,4.34,rest
3629,14,3,4,10,397,2126088,2126484,3.97,active
3630,14,3,0,0,1131,2126485,2127615,11.31,rest
3631,14,3,5,1,407,2127616,2128022,4.07,active
3632,14,3,0,0,438,2128023,2128460,4.38,rest
3633,14,3,5,2,445,2128461,2128905,4.45,active
3634,14,3,0,0,403,2128906,2129308,4.03,rest
3635,14,3,5,3,327,2129309,2129635,3.27,active
3636,14,3,0,0,471,2129636,2130106,4.71,rest
3637,14,3,5,4,413,2130107,2130519,4.13,active
3638,14,3,0,0,381,2130520,2130900,3.81,rest
3639,14,3,5,5,437,2130901,2131337,4.37,active
3640,14,3,0,0,464,2131338,2131801,4.64,rest
3641,14,3,5,6,388,2131802,2132189,3.88,active
3642,14,3,0,0,443,2132190,2132632,4.43,rest
3643,14,3,5,7,422,2132633,2133054,4.22,active
3644,14,3,0,0,429,2133055,2133483,4.29,rest
3645,14,3,5,8,368,2133484,2133851,3.68,active
3646,14,3,0,0,460,2133852,2134311,4.6,rest
3647,14,3,5,9,375,2134312,2134686,3.75,active
3648,14,3,0,0,445,2134687,2135131,4.45,rest
3649,14,3,5,10,394,2135132,2135525,3.94,active
3650,14,3,0,0,1317,2135526,2136842,13.17,rest
3651,14,3,6,1,477,2136843,2137319,4.77,active
3652,14,3,0,0,318,2137320,2137637,3.18,rest
3653,14,3,6,2,462,2137638,2138099,4.62,active
3654,14,3,0,0,408,2138100,2138507,4.08,rest
3655,14,3,6,3,393,2138508,2138900,3.93,active
3656,14,3,0,0,500,2138901,2139400,5.0,rest
3657,14,3,6,4,415,2139401,2139815,4.15,active
3658,14,3,0,0,369,2139816,2140184,3.69,rest
3659,14,3,6,5,475,2140185,2140659,4.75,active
3660,14,3,0,0,369,2140660,2141028,3.69,rest
3661,14,3,6,6,390,2141029,2141418,3.9,active
3662,14,3,0,0,424,2141419,2141842,4.24,rest
3663,14,3,6,7,496,2141843,2142338,4.96,active
3664,14,3,0,0,322,2142339,2142660,3.22,rest
3665,14,3,6,8,456,2142661,2143116,4.56,active
3666,14,3,0,0,379,2143117,2143495,3.79,rest
3667,14,3,6,9,459,2143496,2143954,4.59,active
3668,14,3,0,0,357,2143955,2144311,3.57,rest
3669,14,3,6,10,421,2144312,2144732,4.21,active
3670,14,3,0,0,1023,2144733,2145755,10.23,rest
3671,14,3,7,1,375,2145756,2146130,3.75,active
3672,14,3,0,0,438,2146131,2146568,4.38,rest
3673,14,3,7,2,388,2146569,2146956,3.88,active
3674,14,3,0,0,461,2146957,2147417,4.61,rest
3675,14,3,7,3,505,2147418,2147922,5.05,active
3676,14,3,0,0,335,2147923,2148257,3.35,rest
3677,14,3,7,4,450,2148258,2148707,4.5,active
3678,14,3,0,0,380,2148708,2149087,3.8,rest
3679,14,3,7,5,378,2149088,2149465,3.78,active
3680,14,3,0,0,462,2149466,2149927,4.62,rest
3681,14,3,7,6,397,2149928,2150324,3.97,active
3682,14,3,0,0,491,2150325,2150815,4.91,rest
3683,14,3,7,7,532,2150816,2151347,5.32,active
3684,14,3,0,0,294,2151348,2151641,2.94,rest
3685,14,3,7,8,330,2151642,2151971,3.3,active
3686,14,3,0,0,511,2151972,2152482,5.11,rest
3687,14,3,7,9,351,2152483,2152833,3.51,active
3688,14,3,0,0,487,2152834,2153320,4.87,rest
3689,14,3,7,10,418,2153321,2153738,4.18,active
3690,14,3,0,0,2280,2153739,2156018,22.8,rest
3691,14,3,8,1,356,2156019,2156374,3.56,active
3692,14,3,0,0,417,2156375,2156791,4.17,rest
3693,14,3,8,2,352,2156792,2157143,3.52,active
3694,14,3,0,0,487,2157144,2157630,4.87,rest
3695,14,3,8,3,382,2157631,2158012,3.82,active
3696,14,3,0,0,448,2158013,2158460,4.48,rest
3697,14,3,8,4,373,2158461,2158833,3.73,active
3698,14,3,0,0,471,2158834,2159304,4.71,rest
3699,14,3,8,5,375,2159305,2159679,3.75,active
3700,14,3,0,0,476,2159680,2160155,4.76,rest
3701,14,3,8,6,398,2160156,2160553,3.98,active
3702,14,3,0,0,428,2160554,2160981,4.28,rest
3703,14,3,8,7,421,2160982,2161402,4.21,active
3704,14,3,0,0,425,2161403,2161827,4.25,rest
3705,14,3,8,8,421,2161828,2162248,4.21,active
3706,14,3,0,0,408,2162249,2162656,4.08,rest
3707,14,3,8,9,421,2162657,2163077,4.21,active
3708,14,3,0,0,394,2163078,2163471,3.94,rest
3709,14,3,8,10,443,2163472,2163914,4.43,active
3710,14,3,0,0,2563,2163915,2166477,25.63,rest
3711,14,3,9,1,342,2166478,2166819,3.42,active
3712,14,3,0,0,430,2166820,2167249,4.3,rest
3713,14,3,9,2,384,2167250,2167633,3.84,active
3714,14,3,0,0,482,2167634,2168115,4.82,rest
3715,14,3,9,3,370,2168116,2168485,3.7,active
3716,14,3,0,0,464,2168486,2168949,4.64,rest
3717,14,3,9,4,348,2168950,2169297,3.48,active
3718,14,3,0,0,473,2169298,2169770,4.73,rest
3719,14,3,9,5,339,2169771,2170109,3.39,active
3720,14,3,0,0,491,2170110,2170600,4.91,rest
3721,14,3,9,6,303,2170601,2170903,3.03,active
3722,14,3,0,0,535,2170904,2171438,5.35,rest
3723,14,3,9,7,313,2171439,2171751,3.13,active
3724,14,3,0,0,509,2171752,2172260,5.09,rest
3725,14,3,9,8,397,2172261,2172657,3.97,active
3726,14,3,0,0,421,2172658,2173078,4.21,rest
3727,14,3,9,9,493,2173079,2173571,4.93,active
3728,14,3,0,0,365,2173572,2173936,3.65,rest
3729,14,3,9,10,443,2173937,2174379,4.43,active
3730,14,3,0,0,1158,2174380,2175537,11.58,rest
3731,14,3,10,1,355,2175538,2175892,3.55,active
3732,14,3,0,0,459,2175893,2176351,4.59,rest
3733,14,3,10,2,423,2176352,2176774,4.23,active
3734,14,3,0,0,422,2176775,2177196,4.22,rest
3735,14,3,10,3,414,2177197,2177610,4.14,active
3736,14,3,0,0,397,2177611,2178007,3.97,rest
3737,14,3,10,4,390,2178008,2178397,3.9,active
3738,14,3,0,0,490,2178398,2178887,4.9,rest
3739,14,3,10,5,344,2178888,2179231,3.44,active
3740,14,3,0,0,489,2179232,2179720,4.89,rest
3741,14,3,10,6,377,2179721,2180097,3.77,active
3742,14,3,0,0,455,2180098,2180552,4.55,rest
3743,14,3,10,7,367,2180553,2180919,3.67,active
3744,14,3,0,0,418,2180920,2181337,4.18,rest
3745,14,3,10,8,458,2181338,2181795,4.58,active
3746,14,3,0,0,424,2181796,2182219,4.24,rest
3747,14,3,10,9,446,2182220,2182665,4.46,active
3748,14,3,0,0,405,2182666,2183070,4.05,rest
3749,14,3,10,10,392,2183071,2183462,3.92,active
3750,14,3,0,0,1830,2183463,2185292,18.3,rest
3751,14,3,11,1,302,2185293,2185594,3.02,active
3752,14,3,0,0,470,2185595,2186064,4.7,rest
3753,14,3,11,2,419,2186065,2186483,4.19,active
3754,14,3,0,0,395,2186484,2186878,3.95,rest
3755,14,3,11,3,429,2186879,2187307,4.29,active
3756,14,3,0,0,403,2187308,2187710,4.03,rest
3757,14,3,11,4,431,2187711,2188141,4.31,active
3758,14,3,0,0,408,2188142,2188549,4.08,rest
3759,14,3,11,5,453,2188550,2189002,4.53,active
3760,14,3,0,0,401,2189003,2189403,4.01,rest
3761,14,3,11,6,477,2189404,2189880,4.77,active
3762,14,3,0,0,389,2189881,2190269,3.89,rest
3763,14,3,11,7,441,2190270,2190710,4.41,active
3764,14,3,0,0,407,2190711,2191117,4.07,rest
3765,14,3,11,8,367,2191118,2191484,3.67,active
3766,14,3,0,0,460,2191485,2191944,4.6,rest
3767,14,3,11,9,444,2191945,2192388,4.44,active
3768,14,3,0,0,363,2192389,2192751,3.63,rest
3769,14,3,11,10,449,2192752,2193200,4.49,active
3770,14,3,0,0,957,2193201,2194157,9.57,rest
3771,14,3,12,1,374,2194158,2194531,3.74,active
3772,14,3,0,0,448,2194532,2194979,4.48,rest
3773,14,3,12,2,431,2194980,2195410,4.31,active
3774,14,3,0,0,358,2195411,2195768,3.58,rest
3775,14,3,12,3,458,2195769,2196226,4.58,active
3776,14,3,0,0,455,2196227,2196681,4.55,rest
3777,14,3,12,4,387,2196682,2197068,3.87,active
3778,14,3,0,0,408,2197069,2197476,4.08,rest
3779,14,3,12,5,410,2197477,2197886,4.1,active
3780,14,3,0,0,415,2197887,2198301,4.15,rest
3781,14,3,12,6,434,2198302,2198735,4.34,active
3782,14,3,0,0,372,2198736,2199107,3.72,rest
3783,14,3,12,7,436,2199108,2199543,4.36,active
3784,14,3,0,0,426,2199544,2199969,4.26,rest
3785,14,3,12,8,470,2199970,2200439,4.7,active
3786,14,3,0,0,347,2200440,2200786,3.47,rest
3787,14,3,12,9,465,2200787,2201251,4.65,active
3788,14,3,0,0,398,2201252,2201649,3.98,rest
3789,14,3,12,10,465,2201650,2202114,4.65,active
3790,14,3,0,0,716,2202115,2202830,7.16,rest
3791,14,3,13,1,278,2202831,2203108,2.78,active
3792,14,3,0,0,532,2203109,2203640,5.32,rest
3793,14,3,13,2,327,2203641,2203967,3.27,active
3794,14,3,0,0,442,2203968,2204409,4.42,rest
3795,14,3,13,3,412,2204410,2204821,4.12,active
3796,14,3,0,0,371,2204822,2205192,3.71,rest
3797,14,3,13,4,424,2205193,2205616,4.24,active
3798,14,3,0,0,434,2205617,2206050,4.34,rest
3799,14,3,13,5,425,2206051,2206475,4.25,active
3800,14,3,0,0,472,2206476,2206947,4.72,rest
3801,14,3,13,6,375,2206948,2207322,3.75,active
3802,14,3,0,0,416,2207323,2207738,4.16,rest
3803,14,3,13,7,396,2207739,2208134,3.96,active
3804,14,3,0,0,510,2208135,2208644,5.1,rest
3805,14,3,13,8,394,2208645,2209038,3.94,active
3806,14,3,0,0,376,2209039,2209414,3.76,rest
3807,14,3,13,9,426,2209415,2209840,4.26,active
3808,14,3,0,0,405,2209841,2210245,4.05,rest
3809,14,3,13,10,432,2210246,2210677,4.32,active
3810,14,3,0,0,1210,2210678,2211887,12.1,rest
3811,14,3,14,1,413,2211888,2212300,4.13,active
3812,14,3,0,0,392,2212301,2212692,3.92,rest
3813,14,3,14,2,494,2212693,2213186,4.94,active
3814,14,3,0,0,337,2213187,2213523,3.37,rest
3815,14,3,14,3,470,2213524,2213993,4.7,active
3816,14,3,0,0,414,2213994,2214407,4.14,rest
3817,14,3,14,4,403,2214408,2214810,4.03,active
3818,14,3,0,0,467,2214811,2215277,4.67,rest
3819,14,3,14,5,341,2215278,2215618,3.41,active
3820,14,3,0,0,511,2215619,2216129,5.11,rest
3821,14,3,14,6,346,2216130,2216475,3.46,active
3822,14,3,0,0,469,2216476,2216944,4.69,rest
3823,14,3,14,7,424,2216945,2217368,4.24,active
3824,14,3,0,0,342,2217369,2217710,3.42,rest
3825,14,3,14,8,486,2217711,2218196,4.86,active
3826,14,3,0,0,441,2218197,2218637,4.41,rest
3827,14,3,14,9,407,2218638,2219044,4.07,active
3828,14,3,0,0,361,2219045,2219405,3.61,rest
3829,14,3,14,10,496,2219406,2219901,4.96,active
3830,14,3,0,0,1043,2219902,2220944,10.43,rest
3831,14,3,15,1,454,2220945,2221398,4.54,active
3832,14,3,0,0,299,2221399,2221697,2.99,rest
3833,14,3,15,2,469,2221698,2222166,4.69,active
3834,14,3,0,0,430,2222167,2222596,4.3,rest
3835,14,3,15,3,358,2222597,2222954,3.58,active
3836,14,3,0,0,468,2222955,2223422,4.68,rest
3837,14,3,15,4,459,2223423,2223881,4.59,active
3838,14,3,0,0,331,2223882,2224212,3.31,rest
3839,14,3,15,5,442,2224213,2224654,4.42,active
3840,14,3,0,0,458,2224655,2225112,4.58,rest
3841,14,3,15,6,414,2225113,2225526,4.14,active
3842,14,3,0,0,420,2225527,2225946,4.2,rest
3843,14,3,15,7,360,2225947,2226306,3.6,active
3844,14,3,0,0,404,2226307,2226710,4.04,rest
3845,14,3,15,8,487,2226711,2227197,4.87,active
3846,14,3,0,0,351,2227198,2227548,3.51,rest
3847,14,3,15,9,533,2227549,2228081,5.33,active
3848,14,3,0,0,387,2228082,2228468,3.87,rest
3849,14,3,15,10,480,2228469,2228948,4.8,active
3850,14,3,0,0,1218,2228949,2230166,12.18,rest
3851,14,3,16,1,348,2230167,2230514,3.48,active
3852,14,3,0,0,393,2230515,2230907,3.93,rest
3853,14,3,16,2,453,2230908,2231360,4.53,active
3854,14,3,0,0,379,2231361,2231739,3.79,rest
3855,14,3,16,3,466,2231740,2232205,4.66,active
3856,14,3,0,0,395,2232206,2232600,3.95,rest
3857,14,3,16,4,381,2232601,2232981,3.81,active
3858,14,3,0,0,504,2232982,2233485,5.04,rest
3859,14,3,16,5,329,2233486,2233814,3.29,active
3860,14,3,0,0,418,2233815,2234232,4.18,rest
3861,14,3,16,6,441,2234233,2234673,4.41,active
3862,14,3,0,0,449,2234674,2235122,4.49,rest
3863,14,3,16,7,387,2235123,2235509,3.87,active
3864,14,3,0,0,409,2235510,2235918,4.09,rest
3865,14,3,16,8,408,2235919,2236326,4.08,active
3866,14,3,0,0,448,2236327,2236774,4.48,rest
3867,14,3,16,9,436,2236775,2237210,4.36,active
3868,14,3,0,0,407,2237211,2237617,4.07,rest
3869,14,3,16,10,421,2237618,2238038,4.21,active
3870,14,3,0,0,1095,2238039,2239133,10.95,rest
3871,14,3,17,1,528,2239134,2239661,5.28,active
3872,14,3,0,0,255,2239662,2239916,2.55,rest
3873,14,3,17,2,463,2239917,2240379,4.63,active
3874,14,3,0,0,394,2240380,2240773,3.94,rest
3875,14,3,17,3,476,2240774,2241249,4.76,active
3876,14,3,0,0,428,2241250,2241677,4.28,rest
3877,14,3,17,4,435,2241678,2242112,4.35,active
3878,14,3,0,0,379,2242113,2242491,3.79,rest
3879,14,3,17,5,448,2242492,2242939,4.48,active
3880,14,3,0,0,369,2242940,2243308,3.69,rest
3881,14,3,17,6,500,2243309,2243808,5.0,active
3882,14,3,0,0,342,2243809,2244150,3.42,rest
3883,14,3,17,7,436,2244151,2244586,4.36,active
3884,14,3,0,0,376,2244587,2244962,3.76,rest
3885,14,3,17,8,379,2244963,2245341,3.79,active
3886,14,3,0,0,473,2245342,2245814,4.73,rest
3887,14,3,17,9,466,2245815,2246280,4.66,active
3888,14,3,0,0,395,2246281,2246675,3.95,rest
3889,14,3,17,10,490,2246676,2247165,4.9,active
3890,14,3,0,0,916,2247166,2248081,9.16,rest
3891,14,3,18,1,378,2248082,2248459,3.78,active
3892,14,3,0,0,393,2248460,2248852,3.93,rest
3893,14,3,18,2,531,2248853,2249383,5.31,active
3894,14,3,0,0,300,2249384,2249683,3.0,rest
3895,14,3,18,3,476,2249684,2250159,4.76,active
3896,14,3,0,0,346,2250160,2250505,3.46,rest
3897,14,3,18,4,447,2250506,2250952,4.47,active
3898,14,3,0,0,355,2250953,2251307,3.55,rest
3899,14,3,18,5,482,2251308,2251789,4.82,active
3900,14,3,0,0,384,2251790,2252173,3.84,rest
3901,14,3,18,6,450,2252174,2252623,4.5,active
3902,14,3,0,0,385,2252624,2253008,3.85,rest
3903,14,3,18,7,489,2253009,2253497,4.89,active
3904,14,3,0,0,402,2253498,2253899,4.02,rest
3905,14,3,18,8,430,2253900,2254329,4.3,active
3906,14,3,0,0,530,2254330,2254859,5.3,rest
3907,14,3,18,9,386,2254860,2255245,3.86,active
3908,14,3,0,0,284,2255246,2255529,2.84,rest
3909,14,3,18,10,421,2255530,2255950,4.21,active
3910,14,3,0,0,1004,2255951,2256954,10.04,rest
3911,14,3,19,1,541,2256955,2257495,5.41,active
3912,14,3,0,0,243,2257496,2257738,2.43,rest
3913,14,3,19,2,593,2257739,2258331,5.93,active
3914,14,3,0,0,245,2258332,2258576,2.45,rest
3915,14,3,19,3,461,2258577,2259037,4.61,active
3916,14,3,0,0,383,2259038,2259420,3.83,rest
3917,14,3,19,4,465,2259421,2259885,4.65,active
3918,14,3,0,0,413,2259886,2260298,4.13,rest
3919,14,3,19,5,521,2260299,2260819,5.21,active
3920,14,3,0,0,287,2260820,2261106,2.87,rest
3921,14,3,19,6,516,2261107,2261622,5.16,active
3922,14,3,0,0,360,2261623,2261982,3.6,rest
3923,14,3,19,7,534,2261983,2262516,5.34,active
3924,14,3,0,0,250,2262517,2262766,2.5,rest
3925,14,3,19,8,490,2262767,2263256,4.9,active
3926,14,3,0,0,380,2263257,2263636,3.8,rest
3927,14,3,19,9,435,2263637,2264071,4.35,active
3928,14,3,0,0,415,2264072,2264486,4.15,rest
3929,14,3,19,10,549,2264487,2265035,5.49,active
3930,14,3,0,0,1243,2265036,2266278,12.43,rest
3931,14,3,20,1,388,2266279,2266666,3.88,active
3932,14,3,0,0,389,2266667,2267055,3.89,rest
3933,14,3,20,2,479,2267056,2267534,4.79,active
3934,14,3,0,0,331,2267535,2267865,3.31,rest
3935,14,3,20,3,430,2267866,2268295,4.3,active
3936,14,3,0,0,451,2268296,2268746,4.51,rest
3937,14,3,20,4,460,2268747,2269206,4.6,active
3938,14,3,0,0,344,2269207,2269550,3.44,rest
3939,14,3,20,5,529,2269551,2270079,5.29,active
3940,14,3,0,0,288,2270080,2270367,2.88,rest
3941,14,3,20,6,495,2270368,2270862,4.95,active
3942,14,3,0,0,360,2270863,2271222,3.6,rest
3943,14,3,20,7,471,2271223,2271693,4.71,active
3944,14,3,0,0,384,2271694,2272077,3.84,rest
3945,14,3,20,8,451,2272078,2272528,4.51,active
3946,14,3,0,0,382,2272529,2272910,3.82,rest
3947,14,3,20,9,383,2272911,2273293,3.83,active
3948,14,3,0,0,458,2273294,2273751,4.58,rest
3949,14,3,20,10,447,2273752,2274198,4.47,active
3950,14,3,0,0,3621,2274199,2277819,36.21,rest
3951,14,3,21,1,468,2277820,2278287,4.68,active
3952,14,3,0,0,432,2278288,2278719,4.32,rest
3953,14,3,21,2,361,2278720,2279080,3.61,active
3954,14,3,0,0,325,2279081,2279405,3.25,rest
3955,14,3,21,3,444,2279406,2279849,4.44,active
3956,14,3,0,0,471,2279850,2280320,4.71,rest
3957,14,3,21,4,459,2280321,2280779,4.59,active
3958,14,3,0,0,299,2280780,2281078,2.99,rest
3959,14,3,21,5,464,2281079,2281542,4.64,active
3960,14,3,0,0,349,2281543,2281891,3.49,rest
3961,14,3,21,6,537,2281892,2282428,5.37,active
3962,14,3,0,0,342,2282429,2282770,3.42,rest
3963,14,3,21,7,489,2282771,2283259,4.89,active
3964,14,3,0,0,345,2283260,2283604,3.45,rest
3965,14,3,21,8,430,2283605,2284034,4.3,active
3966,14,3,0,0,405,2284035,2284439,4.05,rest
3967,14,3,21,9,483,2284440,2284922,4.83,active
3968,14,3,0,0,336,2284923,2285258,3.36,rest
3969,14,3,21,10,525,2285259,2285783,5.25,active
3970,14,3,0,0,2982,2285784,2288765,29.82,rest
3971,14,3,22,1,432,2288766,2289197,4.32,active
3972,14,3,0,0,378,2289198,2289575,3.78,rest
3973,14,3,22,2,408,2289576,2289983,4.08,active
3974,14,3,0,0,417,2289984,2290400,4.17,rest
3975,14,3,22,3,396,2290401,2290796,3.96,active
3976,14,3,0,0,430,2290797,2291226,4.3,rest
3977,14,3,22,4,400,2291227,2291626,4.0,active
3978,14,3,0,0,425,2291627,2292051,4.25,rest
3979,14,3,22,5,408,2292052,2292459,4.08,active
3980,14,3,0,0,430,2292460,2292889,4.3,rest
3981,14,3,22,6,428,2292890,2293317,4.28,active
3982,14,3,0,0,430,2293318,2293747,4.3,rest
3983,14,3,22,7,410,2293748,2294157,4.1,active
3984,14,3,0,0,390,2294158,2294547,3.9,rest
3985,14,3,22,8,474,2294548,2295021,4.74,active
3986,14,3,0,0,368,2295022,2295389,3.68,rest
3987,14,3,22,9,489,2295390,2295878,4.89,active
3988,14,3,0,0,372,2295879,2296250,3.72,rest
3989,14,3,22,10,441,2296251,2296691,4.41,active
3990,14,3,0,0,3526,2296692,2300217,35.26,rest
3991,14,3,23,1,475,2300218,2300692,4.75,active
3992,14,3,0,0,283,2300693,2300975,2.83,rest
3993,14,3,23,2,471,2300976,2301446,4.71,active
3994,14,3,0,0,424,2301447,2301870,4.24,rest
3995,14,3,23,3,481,2301871,2302351,4.81,active
3996,14,3,0,0,338,2302352,2302689,3.38,rest
3997,14,3,23,4,540,2302690,2303229,5.4,active
3998,14,3,0,0,274,2303230,2303503,2.74,rest
3999,14,3,23,5,484,2303504,2303987,4.84,active
4000,14,3,0,0,372,2303988,2304359,3.72,rest
4001,14,3,23,6,520,2304360,2304879,5.2,active
4002,14,3,0,0,295,2304880,2305174,2.95,rest
4003,14,3,23,7,539,2305175,2305713,5.39,active
4004,14,3,0,0,303,2305714,2306016,3.03,rest
4005,14,3,23,8,496,2306017,2306512,4.96,active
4006,14,3,0,0,336,2306513,2306848,3.36,rest
4007,14,3,23,9,552,2306849,2307400,5.52,active
4008,14,3,0,0,279,2307401,2307679,2.79,rest
4009,14,3,23,10,559,2307680,2308238,5.59,active
4010,14,3,0,0,249,2308239,2308487,2.49,rest
4011,15,2,0,0,416,2409996,2410411,4.16,rest
4012,15,2,1,1,490,2410412,2410901,4.9,active
4013,15,2,0,0,359,2410902,2411260,3.59,rest
4014,15,2,1,2,491,2411261,2411751,4.91,active
4015,15,2,0,0,370,2411752,2412121,3.7,rest
4016,15,2,1,3,458,2412122,2412579,4.58,active
4017,15,2,0,0,322,2412580,2412901,3.22,rest
4018,15,2,1,4,472,2412902,2413373,4.72,active
4019,15,2,0,0,395,2413374,2413768,3.95,rest
4020,15,2,1,5,505,2413769,2414273,5.05,active
4021,15,2,0,0,339,2414274,2414612,3.39,rest
4022,15,2,1,6,482,2414613,2415094,4.82,active
4023,15,2,0,0,371,2415095,2415465,3.71,rest
4024,15,2,1,7,510,2415466,2415975,5.1,active
4025,15,2,0,0,323,2415976,2416298,3.23,rest
4026,15,2,1,8,496,2416299,2416794,4.96,active
4027,15,2,0,0,346,2416795,2417140,3.46,rest
4028,15,2,1,9,523,2417141,2417663,5.23,active
4029,15,2,0,0,322,2417664,2417985,3.22,rest
4030,15,2,1,10,513,2417986,2418498,5.13,active
4031,15,2,0,0,385,2418499,2418883,3.85,rest
4032,15,2,2,1,350,2418884,2419233,3.5,active
4033,15,2,0,0,442,2419234,2419675,4.42,rest
4034,15,2,2,2,331,2419676,2420006,3.31,active
4035,15,2,0,0,502,2420007,2420508,5.02,rest
4036,15,2,2,3,350,2420509,2420858,3.5,active
4037,15,2,0,0,489,2420859,2421347,4.89,rest
4038,15,2,2,4,386,2421348,2421733,3.86,active
4039,15,2,0,0,496,2421734,2422229,4.96,rest
4040,15,2,2,5,358,2422230,2422587,3.58,active
4041,15,2,0,0,406,2422588,2422993,4.06,rest
4042,15,2,2,6,593,2422994,2423586,5.93,active
4043,15,2,0,0,295,2423587,2423881,2.95,rest
4044,15,2,2,7,435,2423882,2424316,4.35,active
4045,15,2,0,0,417,2424317,2424733,4.17,rest
4046,15,2,2,8,389,2424734,2425122,3.89,active
4047,15,2,0,0,451,2425123,2425573,4.51,rest
4048,15,2,2,9,311,2425574,2425884,3.11,active
4049,15,2,0,0,527,2425885,2426411,5.27,rest
4050,15,2,2,10,392,2426412,2426803,3.92,active
4051,15,2,0,0,480,2426804,2427283,4.8,rest
4052,15,2,3,1,319,2427284,2427602,3.19,active
4053,15,2,0,0,513,2427603,2428115,5.13,rest
4054,15,2,3,2,373,2428116,2428488,3.73,active
4055,15,2,0,0,458,2428489,2428946,4.58,rest
4056,15,2,3,3,339,2428947,2429285,3.39,active
4057,15,2,0,0,497,2429286,2429782,4.97,rest
4058,15,2,3,4,336,2429783,2430118,3.36,active
4059,15,2,0,0,519,2430119,2430637,5.19,rest
4060,15,2,3,5,346,2430638,2430983,3.46,active
4061,15,2,0,0,485,2430984,2431468,4.85,rest
4062,15,2,3,6,348,2431469,2431816,3.48,active
4063,15,2,0,0,488,2431817,2432304,4.88,rest
4064,15,2,3,7,366,2432305,2432670,3.66,active
4065,15,2,0,0,480,2432671,2433150,4.8,rest
4066,15,2,3,8,364,2433151,2433514,3.64,active
4067,15,2,0,0,483,2433515,2433997,4.83,rest
4068,15,2,3,9,359,2433998,2434356,3.59,active
4069,15,2,0,0,498,2434357,2434854,4.98,rest
4070,15,2,3,10,341,2434855,2435195,3.41,active
4071,15,2,0,0,543,2435196,2435738,5.43,rest
4072,15,2,4,1,410,2435739,2436148,4.1,active
4073,15,2,0,0,411,2436149,2436559,4.11,rest
4074,15,2,4,2,381,2436560,2436940,3.81,active
4075,15,2,0,0,449,2436941,2437389,4.49,rest
4076,15,2,4,3,409,2437390,2437798,4.09,active
4077,15,2,0,0,442,2437799,2438240,4.42,rest
4078,15,2,4,4,350,2438241,2438590,3.5,active
4079,15,2,0,0,491,2438591,2439081,4.91,rest
4080,15,2,4,5,382,2439082,2439463,3.82,active
4081,15,2,0,0,471,2439464,2439934,4.71,rest
4082,15,2,4,6,321,2439935,2440255,3.21,active
4083,15,2,0,0,502,2440256,2440757,5.02,rest
4084,15,2,4,7,392,2440758,2441149,3.92,active
4085,15,2,0,0,459,2441150,2441608,4.59,rest
4086,15,2,4,8,374,2441609,2441982,3.74,active
4087,15,2,0,0,470,2441983,2442452,4.7,rest
4088,15,2,4,9,353,2442453,2442805,3.53,active
4089,15,2,0,0,511,2442806,2443316,5.11,rest
4090,15,2,4,10,353,2443317,2443669,3.53,active
4091,15,2,0,0,532,2443670,2444201,5.32,rest
4092,15,2,5,1,296,2444202,2444497,2.96,active
4093,15,2,0,0,531,2444498,2445028,5.31,rest
4094,15,2,5,2,296,2445029,2445324,2.96,active
4095,15,2,0,0,548,2445325,2445872,5.48,rest
4096,15,2,5,3,371,2445873,2446243,3.71,active
4097,15,2,0,0,415,2446244,2446658,4.15,rest
4098,15,2,5,4,414,2446659,2447072,4.14,active
4099,15,2,0,0,493,2447073,2447565,4.93,rest
4100,15,2,5,5,268,2447566,2447833,2.68,active
4101,15,2,0,0,563,2447834,2448396,5.63,rest
4102,15,2,5,6,334,2448397,2448730,3.34,active
4103,15,2,0,0,517,2448731,2449247,5.17,rest
4104,15,2,5,7,291,2449248,2449538,2.91,active
4105,15,2,0,0,559,2449539,2450097,5.59,rest
4106,15,2,5,8,281,2450098,2450378,2.81,active
4107,15,2,0,0,523,2450379,2450901,5.23,rest
4108,15,2,5,9,318,2450902,2451219,3.18,active
4109,15,2,0,0,500,2451220,2451719,5.0,rest
4110,15,2,5,10,357,2451720,2452076,3.57,active
4111,15,2,0,0,587,2452077,2452663,5.87,rest
4112,15,2,6,1,361,2452664,2453024,3.61,active
4113,15,2,0,0,456,2453025,2453480,4.56,rest
4114,15,2,6,2,337,2453481,2453817,3.37,active
4115,15,2,0,0,530,2453818,2454347,5.3,rest
4116,15,2,6,3,345,2454348,2454692,3.45,active
4117,15,2,0,0,493,2454693,2455185,4.93,rest
4118,15,2,6,4,305,2455186,2455490,3.05,active
4119,15,2,0,0,531,2455491,2456021,5.31,rest
4120,15,2,6,5,366,2456022,2456387,3.66,active
4121,15,2,0,0,500,2456388,2456887,5.0,rest
4122,15,2,6,6,349,2456888,2457236,3.49,active
4123,15,2,0,0,489,2457237,2457725,4.89,rest
4124,15,2,6,7,320,2457726,2458045,3.2,active
4125,15,2,0,0,540,2458046,2458585,5.4,rest
4126,15,2,6,8,284,2458586,2458869,2.84,active
4127,15,2,0,0,543,2458870,2459412,5.43,rest
4128,15,2,6,9,349,2459413,2459761,3.49,active
4129,15,2,0,0,479,2459762,2460240,4.79,rest
4130,15,2,6,10,372,2460241,2460612,3.72,active
4131,15,2,0,0,546,2460613,2461158,5.46,rest
4132,15,2,7,1,293,2461159,2461451,2.93,active
4133,15,2,0,0,435,2461452,2461886,4.35,rest
4134,15,2,7,2,422,2461887,2462308,4.22,active
4135,15,2,0,0,454,2462309,2462762,4.54,rest
4136,15,2,7,3,369,2462763,2463131,3.69,active
4137,15,2,0,0,546,2463132,2463677,5.46,rest
4138,15,2,7,4,351,2463678,2464028,3.51,active
4139,15,2,0,0,434,2464029,2464462,4.34,rest
4140,15,2,7,5,389,2464463,2464851,3.89,active
4141,15,2,0,0,459,2464852,2465310,4.59,rest
4142,15,2,7,6,368,2465311,2465678,3.68,active
4143,15,2,0,0,430,2465679,2466108,4.3,rest
4144,15,2,7,7,392,2466109,2466500,3.92,active
4145,15,2,0,0,457,2466501,2466957,4.57,rest
4146,15,2,7,8,398,2466958,2467355,3.98,active
4147,15,2,0,0,493,2467356,2467848,4.93,rest
4148,15,2,7,9,406,2467849,2468254,4.06,active
4149,15,2,0,0,471,2468255,2468725,4.71,rest
4150,15,2,7,10,398,2468726,2469123,3.98,active
4151,15,2,0,0,456,2469124,2469579,4.56,rest
4152,15,2,8,1,283,2469580,2469862,2.83,active
4153,15,2,0,0,555,2469863,2470417,5.55,rest
4154,15,2,8,2,290,2470418,2470707,2.9,active
4155,15,2,0,0,575,2470708,2471282,5.75,rest
4156,15,2,8,3,452,2471283,2471734,4.52,active
4157,15,2,0,0,381,2471735,2472115,3.81,rest
4158,15,2,8,4,229,2472116,2472344,2.29,active
4159,15,2,0,0,621,2472345,2472965,6.21,rest
4160,15,2,8,5,231,2472966,2473196,2.31,active
4161,15,2,0,0,583,2473197,2473779,5.83,rest
4162,15,2,8,6,505,2473780,2474284,5.05,active
4163,15,2,0,0,366,2474285,2474650,3.66,rest
4164,15,2,8,7,520,2474651,2475170,5.2,active
4165,15,2,0,0,343,2475171,2475513,3.43,rest
4166,15,2,8,8,363,2475514,2475876,3.63,active
4167,15,2,0,0,437,2475877,2476313,4.37,rest
4168,15,2,8,9,285,2476314,2476598,2.85,active
4169,15,2,0,0,559,2476599,2477157,5.59,rest
4170,15,2,8,10,493,2477158,2477650,4.93,active
4171,15,2,0,0,382,2477651,2478032,3.82,rest
4172,15,2,9,1,368,2478033,2478400,3.68,active
4173,15,2,0,0,454,2478401,2478854,4.54,rest
4174,15,2,9,2,472,2478855,2479326,4.72,active
4175,15,2,0,0,416,2479327,2479742,4.16,rest
4176,15,2,9,3,328,2479743,2480070,3.28,active
4177,15,2,0,0,483,2480071,2480553,4.83,rest
4178,15,2,9,4,398,2480554,2480951,3.98,active
4179,15,2,0,0,463,2480952,2481414,4.63,rest
4180,15,2,9,5,342,2481415,2481756,3.42,active
4181,15,2,0,0,476,2481757,2482232,4.76,rest
4182,15,2,9,6,362,2482233,2482594,3.62,active
4183,15,2,0,0,489,2482595,2483083,4.89,rest
4184,15,2,9,7,374,2483084,2483457,3.74,active
4185,15,2,0,0,481,2483458,2483938,4.81,rest
4186,15,2,9,8,365,2483939,2484303,3.65,active
4187,15,2,0,0,474,2484304,2484777,4.74,rest
4188,15,2,9,9,392,2484778,2485169,3.92,active
4189,15,2,0,0,454,2485170,2485623,4.54,rest
4190,15,2,9,10,403,2485624,2486026,4.03,active
4191,15,2,0,0,479,2486027,2486505,4.79,rest
4192,15,2,10,1,336,2486506,2486841,3.36,active
4193,15,2,0,0,472,2486842,2487313,4.72,rest
4194,15,2,10,2,355,2487314,2487668,3.55,active
4195,15,2,0,0,480,2487669,2488148,4.8,rest
4196,15,2,10,3,369,2488149,2488517,3.69,active
4197,15,2,0,0,478,2488518,2488995,4.78,rest
4198,15,2,10,4,338,2488996,2489333,3.38,active
4199,15,2,0,0,496,2489334,2489829,4.96,rest
4200,15,2,10,5,312,2489830,2490141,3.12,active
4201,15,2,0,0,533,2490142,2490674,5.33,rest
4202,15,2,10,6,417,2490675,2491091,4.17,active
4203,15,2,0,0,427,2491092,2491518,4.27,rest
4204,15,2,10,7,406,2491519,2491924,4.06,active
4205,15,2,0,0,434,2491925,2492358,4.34,rest
4206,15,2,10,8,433,2492359,2492791,4.33,active
4207,15,2,0,0,415,2492792,2493206,4.15,rest
4208,15,2,10,9,317,2493207,2493523,3.17,active
4209,15,2,0,0,515,2493524,2494038,5.15,rest
4210,15,2,10,10,420,2494039,2494458,4.2,active
4211,15,2,0,0,450,2494459,2494908,4.5,rest
4212,15,2,11,1,371,2494909,2495279,3.71,active
4213,15,2,0,0,473,2495280,2495752,4.73,rest
4214,15,2,11,2,437,2495753,2496189,4.37,active
4215,15,2,0,0,376,2496190,2496565,3.76,rest
4216,15,2,11,3,376,2496566,2496941,3.76,active
4217,15,2,0,0,491,2496942,2497432,4.91,rest
4218,15,2,11,4,322,2497433,2497754,3.22,active
4219,15,2,0,0,515,2497755,2498269,5.15,rest
4220,15,2,11,5,320,2498270,2498589,3.2,active
4221,15,2,0,0,471,2498590,2499060,4.71,rest
4222,15,2,11,6,282,2499061,2499342,2.82,active
4223,15,2,0,0,598,2499343,2499940,5.98,rest
4224,15,2,11,7,394,2499941,2500334,3.94,active
4225,15,2,0,0,444,2500335,2500778,4.44,rest
4226,15,2,11,8,373,2500779,2501151,3.73,active
4227,15,2,0,0,458,2501152,2501609,4.58,rest
4228,15,2,11,9,329,2501610,2501938,3.29,active
4229,15,2,0,0,523,2501939,2502461,5.23,rest
4230,15,2,11,10,408,2502462,2502869,4.08,active
4231,15,2,0,0,489,2502870,2503358,4.89,rest
4232,15,2,12,1,338,2503359,2503696,3.38,active
4233,15,2,0,0,464,2503697,2504160,4.64,rest
4234,15,2,12,2,364,2504161,2504524,3.64,active
4235,15,2,0,0,473,2504525,2504997,4.73,rest
4236,15,2,12,3,426,2504998,2505423,4.26,active
4237,15,2,0,0,425,2505424,2505848,4.25,rest
4238,15,2,12,4,438,2505849,2506286,4.38,active
4239,15,2,0,0,402,2506287,2506688,4.02,rest
4240,15,2,12,5,386,2506689,2507074,3.86,active
4241,15,2,0,0,457,2507075,2507531,4.57,rest
4242,15,2,12,6,358,2507532,2507889,3.58,active
4243,15,2,0,0,494,2507890,2508383,4.94,rest
4244,15,2,12,7,362,2508384,2508745,3.62,active
4245,15,2,0,0,466,2508746,2509211,4.66,rest
4246,15,2,12,8,310,2509212,2509521,3.1,active
4247,15,2,0,0,538,2509522,2510059,5.38,rest
4248,15,2,12,9,377,2510060,2510436,3.77,active
4249,15,2,0,0,482,2510437,2510918,4.82,rest
4250,15,2,12,10,288,2510919,2511206,2.88,active
4251,15,2,0,0,566,2511207,2511772,5.66,rest
4252,15,2,13,1,413,2511773,2512185,4.13,active
4253,15,2,0,0,432,2512186,2512617,4.32,rest
4254,15,2,13,2,362,2512618,2512979,3.62,active
4255,15,2,0,0,474,2512980,2513453,4.74,rest
4256,15,2,13,3,412,2513454,2513865,4.12,active
4257,15,2,0,0,439,2513866,2514304,4.39,rest
4258,15,2,13,4,309,2514305,2514613,3.09,active
4259,15,2,0,0,570,2514614,2515183,5.7,rest
4260,15,2,13,5,354,2515184,2515537,3.54,active
4261,15,2,0,0,450,2515538,2515987,4.5,rest
4262,15,2,13,6,388,2515988,2516375,3.88,active
4263,15,2,0,0,477,2516376,2516852,4.77,rest
4264,15,2,13,7,377,2516853,2517229,3.77,active
4265,15,2,0,0,453,2517230,2517682,4.53,rest
4266,15,2,13,8,309,2517683,2517991,3.09,active
4267,15,2,0,0,622,2517992,2518613,6.22,rest
4268,15,2,13,9,218,2518614,2518831,2.18,active
4269,15,2,0,0,538,2518832,2519369,5.38,rest
4270,15,2,13,10,259,2519370,2519628,2.59,active
4271,15,2,0,0,605,2519629,2520233,6.05,rest
4272,15,2,14,1,395,2520234,2520628,3.95,active
4273,15,2,0,0,443,2520629,2521071,4.43,rest
4274,15,2,14,2,419,2521072,2521490,4.19,active
4275,15,2,0,0,426,2521491,2521916,4.26,rest
4276,15,2,14,3,320,2521917,2522236,3.2,active
4277,15,2,0,0,541,2522237,2522777,5.41,rest
4278,15,2,14,4,376,2522778,2523153,3.76,active
4279,15,2,0,0,416,2523154,2523569,4.16,rest
4280,15,2,14,5,337,2523570,2523906,3.37,active
4281,15,2,0,0,538,2523907,2524444,5.38,rest
4282,15,2,14,6,442,2524445,2524886,4.42,active
4283,15,2,0,0,430,2524887,2525316,4.3,rest
4284,15,2,14,7,350,2525317,2525666,3.5,active
4285,15,2,0,0,472,2525667,2526138,4.72,rest
4286,15,2,14,8,379,2526139,2526517,3.79,active
4287,15,2,0,0,475,2526518,2526992,4.75,rest
4288,15,2,14,9,374,2526993,2527366,3.74,active
4289,15,2,0,0,467,2527367,2527833,4.67,rest
4290,15,2,14,10,463,2527834,2528296,4.63,active
4291,15,2,0,0,440,2528297,2528736,4.4,rest
4292,15,2,15,1,341,2528737,2529077,3.41,active
4293,15,2,0,0,475,2529078,2529552,4.75,rest
4294,15,2,15,2,329,2529553,2529881,3.29,active
4295,15,2,0,0,517,2529882,2530398,5.17,rest
4296,15,2,15,3,353,2530399,2530751,3.53,active
4297,15,2,0,0,496,2530752,2531247,4.96,rest
4298,15,2,15,4,320,2531248,2531567,3.2,active
4299,15,2,0,0,516,2531568,2532083,5.16,rest
4300,15,2,15,5,337,2532084,2532420,3.37,active
4301,15,2,0,0,490,2532421,2532910,4.9,rest
4302,15,2,15,6,339,2532911,2533249,3.39,active
4303,15,2,0,0,536,2533250,2533785,5.36,rest
4304,15,2,15,7,279,2533786,2534064,2.79,active
4305,15,2,0,0,539,2534065,2534603,5.39,rest
4306,15,2,15,8,372,2534604,2534975,3.72,active
4307,15,2,0,0,476,2534976,2535451,4.76,rest
4308,15,2,15,9,358,2535452,2535809,3.58,active
4309,15,2,0,0,508,2535810,2536317,5.08,rest
4310,15,2,15,10,339,2536318,2536656,3.39,active
4311,15,2,0,0,499,2536657,2537155,4.99,rest
4312,15,2,16,1,478,2537156,2537633,4.78,active
4313,15,2,0,0,363,2537634,2537996,3.63,rest
4314,15,2,16,2,375,2537997,2538371,3.75,active
4315,15,2,0,0,467,2538372,2538838,4.67,rest
4316,15,2,16,3,431,2538839,2539269,4.31,active
4317,15,2,0,0,396,2539270,2539665,3.96,rest
4318,15,2,16,4,359,2539666,2540024,3.59,active
4319,15,2,0,0,472,2540025,2540496,4.72,rest
4320,15,2,16,5,361,2540497,2540857,3.61,active
4321,15,2,0,0,481,2540858,2541338,4.81,rest
4322,15,2,16,6,360,2541339,2541698,3.6,active
4323,15,2,0,0,533,2541699,2542231,5.33,rest
4324,15,2,16,7,296,2542232,2542527,2.96,active
4325,15,2,0,0,494,2542528,2543021,4.94,rest
4326,15,2,16,8,405,2543022,2543426,4.05,active
4327,15,2,0,0,440,2543427,2543866,4.4,rest
4328,15,2,16,9,310,2543867,2544176,3.1,active
4329,15,2,0,0,496,2544177,2544672,4.96,rest
4330,15,2,16,10,441,2544673,2545113,4.41,active
4331,15,2,0,0,453,2545114,2545566,4.53,rest
4332,15,2,17,1,464,2545567,2546030,4.64,active
4333,15,2,0,0,376,2546031,2546406,3.76,rest
4334,15,2,17,2,311,2546407,2546717,3.11,active
4335,15,2,0,0,547,2546718,2547264,5.47,rest
4336,15,2,17,3,423,2547265,2547687,4.23,active
4337,15,2,0,0,417,2547688,2548104,4.17,rest
4338,15,2,17,4,411,2548105,2548515,4.11,active
4339,15,2,0,0,432,2548516,2548947,4.32,rest
4340,15,2,17,5,328,2548948,2549275,3.28,active
4341,15,2,0,0,519,2549276,2549794,5.19,rest
4342,15,2,17,6,421,2549795,2550215,4.21,active
4343,15,2,0,0,418,2550216,2550633,4.18,rest
4344,15,2,17,7,452,2550634,2551085,4.52,active
4345,15,2,0,0,389,2551086,2551474,3.89,rest
4346,15,2,17,8,321,2551475,2551795,3.21,active
4347,15,2,0,0,518,2551796,2552313,5.18,rest
4348,15,2,17,9,438,2552314,2552751,4.38,active
4349,15,2,0,0,404,2552752,2553155,4.04,rest
4350,15,2,17,10,343,2553156,2553498,3.43,active
4351,15,2,0,0,472,2553499,2553970,4.72,rest
4352,15,3,0,0,489,2553971,2554459,4.89,rest
4353,15,3,1,1,267,2554460,2554726,2.67,active
4354,15,3,0,0,479,2554727,2555205,4.79,rest
4355,15,3,1,2,362,2555206,2555567,3.62,active
4356,15,3,0,0,471,2555568,2556038,4.71,rest
4357,15,3,1,3,349,2556039,2556387,3.49,active
4358,15,3,0,0,494,2556388,2556881,4.94,rest
4359,15,3,1,4,384,2556882,2557265,3.84,active
4360,15,3,0,0,427,2557266,2557692,4.27,rest
4361,15,3,1,5,340,2557693,2558032,3.4,active
4362,15,3,0,0,533,2558033,2558565,5.33,rest
4363,15,3,1,6,346,2558566,2558911,3.46,active
4364,15,3,0,0,491,2558912,2559402,4.91,rest
4365,15,3,1,7,367,2559403,2559769,3.67,active
4366,15,3,0,0,482,2559770,2560251,4.82,rest
4367,15,3,1,8,353,2560252,2560604,3.53,active
4368,15,3,0,0,427,2560605,2561031,4.27,rest
4369,15,3,1,9,427,2561032,2561458,4.27,active
4370,15,3,0,0,483,2561459,2561941,4.83,rest
4371,15,3,1,10,367,2561942,2562308,3.67,active
4372,15,3,0,0,3531,2562309,2565839,35.31,rest
4373,15,3,2,1,426,2565840,2566265,4.26,active
4374,15,3,0,0,386,2566266,2566651,3.86,rest
4375,15,3,2,2,287,2566652,2566938,2.87,active
4376,15,3,0,0,629,2566939,2567567,6.29,rest
4377,15,3,2,3,336,2567568,2567903,3.36,active
4378,15,3,0,0,481,2567904,2568384,4.81,rest
4379,15,3,2,4,349,2568385,2568733,3.49,active
4380,15,3,0,0,650,2568734,2569383,6.5,rest
4381,15,3,2,5,190,2569384,2569573,1.9,active
4382,15,3,0,0,509,2569574,2570082,5.09,rest
4383,15,3,2,6,302,2570083,2570384,3.02,active
4384,15,3,0,0,545,2570385,2570929,5.45,rest
4385,15,3,2,7,315,2570930,2571244,3.15,active
4386,15,3,0,0,509,2571245,2571753,5.09,rest
4387,15,3,2,8,322,2571754,2572075,3.22,active
4388,15,3,0,0,550,2572076,2572625,5.5,rest
4389,15,3,2,9,327,2572626,2572952,3.27,active
4390,15,3,0,0,524,2572953,2573476,5.24,rest
4391,15,3,2,10,187,2573477,2573663,1.87,active
4392,15,3,0,0,2022,2573664,2575685,20.22,rest
4393,15,3,3,1,232,2575686,2575917,2.32,active
4394,15,3,0,0,495,2575918,2576412,4.95,rest
4395,15,3,3,2,376,2576413,2576788,3.76,active
4396,15,3,0,0,464,2576789,2577252,4.64,rest
4397,15,3,3,3,341,2577253,2577593,3.41,active
4398,15,3,0,0,494,2577594,2578087,4.94,rest
4399,15,3,3,4,341,2578088,2578428,3.41,active
4400,15,3,0,0,502,2578429,2578930,5.02,rest
4401,15,3,3,5,376,2578931,2579306,3.76,active
4402,15,3,0,0,472,2579307,2579778,4.72,rest
4403,15,3,3,6,332,2579779,2580110,3.32,active
4404,15,3,0,0,505,2580111,2580615,5.05,rest
4405,15,3,3,7,359,2580616,2580974,3.59,active
4406,15,3,0,0,480,2580975,2581454,4.8,rest
4407,15,3,3,8,363,2581455,2581817,3.63,active
4408,15,3,0,0,483,2581818,2582300,4.83,rest
4409,15,3,3,9,337,2582301,2582637,3.37,active
4410,15,3,0,0,502,2582638,2583139,5.02,rest
4411,15,3,3,10,391,2583140,2583530,3.91,active
4412,15,3,0,0,1948,2583531,2585478,19.48,rest
4413,15,3,4,1,347,2585479,2585825,3.47,active
4414,15,3,0,0,446,2585826,2586271,4.46,rest
4415,15,3,4,2,370,2586272,2586641,3.7,active
4416,15,3,0,0,483,2586642,2587124,4.83,rest
4417,15,3,4,3,332,2587125,2587456,3.32,active
4418,15,3,0,0,511,2587457,2587967,5.11,rest
4419,15,3,4,4,390,2587968,2588357,3.9,active
4420,15,3,0,0,441,2588358,2588798,4.41,rest
4421,15,3,4,5,396,2588799,2589194,3.96,active
4422,15,3,0,0,432,2589195,2589626,4.32,rest
4423,15,3,4,6,436,2589627,2590062,4.36,active
4424,15,3,0,0,408,2590063,2590470,4.08,rest
4425,15,3,4,7,407,2590471,2590877,4.07,active
4426,15,3,0,0,427,2590878,2591304,4.27,rest
4427,15,3,4,8,399,2591305,2591703,3.99,active
4428,15,3,0,0,443,2591704,2592146,4.43,rest
4429,15,3,4,9,402,2592147,2592548,4.02,active
4430,15,3,0,0,441,2592549,2592989,4.41,rest
4431,15,3,4,10,421,2592990,2593410,4.21,active
4432,15,3,0,0,1414,2593411,2594824,14.14,rest
4433,15,3,5,1,365,2594825,2595189,3.65,active
4434,15,3,0,0,477,2595190,2595666,4.77,rest
4435,15,3,5,2,299,2595667,2595965,2.99,active
4436,15,3,0,0,547,2595966,2596512,5.47,rest
4437,15,3,5,3,371,2596513,2596883,3.71,active
4438,15,3,0,0,463,2596884,2597346,4.63,rest
4439,15,3,5,4,375,2597347,2597721,3.75,active
4440,15,3,0,0,465,2597722,2598186,4.65,rest
4441,15,3,5,5,370,2598187,2598556,3.7,active
4442,15,3,0,0,470,2598557,2599026,4.7,rest
4443,15,3,5,6,358,2599027,2599384,3.58,active
4444,15,3,0,0,476,2599385,2599860,4.76,rest
4445,15,3,5,7,361,2599861,2600221,3.61,active
4446,15,3,0,0,454,2600222,2600675,4.54,rest
4447,15,3,5,8,372,2600676,2601047,3.72,active
4448,15,3,0,0,459,2601048,2601506,4.59,rest
4449,15,3,5,9,382,2601507,2601888,3.82,active
4450,15,3,0,0,456,2601889,2602344,4.56,rest
4451,15,3,5,10,406,2602345,2602750,4.06,active
4452,15,3,0,0,1551,2602751,2604301,15.51,rest
4453,15,3,6,1,454,2604302,2604755,4.54,active
4454,15,3,0,0,322,2604756,2605077,3.22,rest
4455,15,3,6,2,339,2605078,2605416,3.39,active
4456,15,3,0,0,470,2605417,2605886,4.7,rest
4457,15,3,6,3,310,2605887,2606196,3.1,active
4458,15,3,0,0,578,2606197,2606774,5.78,rest
4459,15,3,6,4,387,2606775,2607161,3.87,active
4460,15,3,0,0,398,2607162,2607559,3.98,rest
4461,15,3,6,5,463,2607560,2608022,4.63,active
4462,15,3,0,0,411,2608023,2608433,4.11,rest
4463,15,3,6,6,283,2608434,2608716,2.83,active
4464,15,3,0,0,624,2608717,2609340,6.24,rest
4465,15,3,6,7,209,2609341,2609549,2.09,active
4466,15,3,0,0,533,2609550,2610082,5.33,rest
4467,15,3,6,8,335,2610083,2610417,3.35,active
4468,15,3,0,0,516,2610418,2610933,5.16,rest
4469,15,3,6,9,442,2610934,2611375,4.42,active
4470,15,3,0,0,409,2611376,2611784,4.09,rest
4471,15,3,6,10,354,2611785,2612138,3.54,active
4472,15,3,0,0,1844,2612139,2613982,18.44,rest
4473,15,3,7,1,358,2613983,2614340,3.58,active
4474,15,3,0,0,411,2614341,2614751,4.11,rest
4475,15,3,7,2,320,2614752,2615071,3.2,active
4476,15,3,0,0,513,2615072,2615584,5.13,rest
4477,15,3,7,3,369,2615585,2615953,3.69,active
4478,15,3,0,0,471,2615954,2616424,4.71,rest
4479,15,3,7,4,553,2616425,2616977,5.53,active
4480,15,3,0,0,289,2616978,2617266,2.89,rest
4481,15,3,7,5,390,2617267,2617656,3.9,active
4482,15,3,0,0,428,2617657,2618084,4.28,rest
4483,15,3,7,6,366,2618085,2618450,3.66,active
4484,15,3,0,0,506,2618451,2618956,5.06,rest
4485,15,3,7,7,345,2618957,2619301,3.45,active
4486,15,3,0,0,515,2619302,2619816,5.15,rest
4487,15,3,7,8,365,2619817,2620181,3.65,active
4488,15,3,0,0,479,2620182,2620660,4.79,rest
4489,15,3,7,9,421,2620661,2621081,4.21,active
4490,15,3,0,0,409,2621082,2621490,4.09,rest
4491,15,3,7,10,551,2621491,2622041,5.51,active
4492,15,3,0,0,464,2622042,2622505,4.64,rest
4493,15,3,8,1,353,2622506,2622858,3.53,active
4494,15,3,0,0,449,2622859,2623307,4.49,rest
4495,15,3,8,2,364,2623308,2623671,3.64,active
4496,15,3,0,0,480,2623672,2624151,4.8,rest
4497,15,3,8,3,442,2624152,2624593,4.42,active
4498,15,3,0,0,431,2624594,2625024,4.31,rest
4499,15,3,8,4,356,2625025,2625380,3.56,active
4500,15,3,0,0,475,2625381,2625855,4.75,rest
4501,15,3,8,5,543,2625856,2626398,5.43,active
4502,15,3,0,0,284,2626399,2626682,2.84,rest
4503,15,3,8,6,406,2626683,2627088,4.06,active
4504,15,3,0,0,437,2627089,2627525,4.37,rest
4505,15,3,8,7,327,2627526,2627852,3.27,active
4506,15,3,0,0,523,2627853,2628375,5.23,rest
4507,15,3,8,8,366,2628376,2628741,3.66,active
4508,15,3,0,0,470,2628742,2629211,4.7,rest
4509,15,3,8,9,377,2629212,2629588,3.77,active
4510,15,3,0,0,478,2629589,2630066,4.78,rest
4511,15,3,8,10,416,2630067,2630482,4.16,active
4512,15,3,0,0,674,2630483,2631156,6.74,rest
4513,15,3,9,1,342,2631157,2631498,3.42,active
4514,15,3,0,0,422,2631499,2631920,4.22,rest
4515,15,3,9,2,393,2631921,2632313,3.93,active
4516,15,3,0,0,479,2632314,2632792,4.79,rest
4517,15,3,9,3,430,2632793,2633222,4.3,active
4518,15,3,0,0,409,2633223,2633631,4.09,rest
4519,15,3,9,4,291,2633632,2633922,2.91,active
4520,15,3,0,0,573,2633923,2634495,5.73,rest
4521,15,3,9,5,326,2634496,2634821,3.26,active
4522,15,3,0,0,504,2634822,2635325,5.04,rest
4523,15,3,9,6,353,2635326,2635678,3.53,active
4524,15,3,0,0,489,2635679,2636167,4.89,rest
4525,15,3,9,7,369,2636168,2636536,3.69,active
4526,15,3,0,0,443,2636537,2636979,4.43,rest
4527,15,3,9,8,347,2636980,2637326,3.47,active
4528,15,3,0,0,502,2637327,2637828,5.02,rest
4529,15,3,9,9,498,2637829,2638326,4.98,active
4530,15,3,0,0,345,2638327,2638671,3.45,rest
4531,15,3,9,10,411,2638672,2639082,4.11,active
4532,15,3,0,0,2466,2639083,2641548,24.66,rest
4533,15,3,10,1,394,2641549,2641942,3.94,active
4534,15,3,0,0,429,2641943,2642371,4.29,rest
4535,15,3,10,2,394,2642372,2642765,3.94,active
4536,15,3,0,0,424,2642766,2643189,4.24,rest
4537,15,3,10,3,409,2643190,2643598,4.09,active
4538,15,3,0,0,408,2643599,2644006,4.08,rest
4539,15,3,10,4,480,2644007,2644486,4.8,active
4540,15,3,0,0,412,2644487,2644898,4.12,rest
4541,15,3,10,5,427,2644899,2645325,4.27,active
4542,15,3,0,0,416,2645326,2645741,4.16,rest
4543,15,3,10,6,392,2645742,2646133,3.92,active
4544,15,3,0,0,446,2646134,2646579,4.46,rest
4545,15,3,10,7,367,2646580,2646946,3.67,active
4546,15,3,0,0,480,2646947,2647426,4.8,rest
4547,15,3,10,8,370,2647427,2647796,3.7,active
4548,15,3,0,0,469,2647797,2648265,4.69,rest
4549,15,3,10,9,451,2648266,2648716,4.51,active
4550,15,3,0,0,362,2648717,2649078,3.62,rest
4551,15,3,10,10,469,2649079,2649547,4.69,active
4552,15,3,0,0,524,2649548,2650071,5.24,rest
4553,15,3,11,1,413,2650072,2650484,4.13,active
4554,15,3,0,0,411,2650485,2650895,4.11,rest
4555,15,3,11,2,403,2650896,2651298,4.03,active
4556,15,3,0,0,452,2651299,2651750,4.52,rest
4557,15,3,11,3,313,2651751,2652063,3.13,active
4558,15,3,0,0,533,2652064,2652596,5.33,rest
4559,15,3,11,4,402,2652597,2652998,4.02,active
4560,15,3,0,0,407,2652999,2653405,4.07,rest
4561,15,3,11,5,456,2653406,2653861,4.56,active
4562,15,3,0,0,404,2653862,2654265,4.04,rest
4563,15,3,11,6,453,2654266,2654718,4.53,active
4564,15,3,0,0,403,2654719,2655121,4.03,rest
4565,15,3,11,7,406,2655122,2655527,4.06,active
4566,15,3,0,0,427,2655528,2655954,4.27,rest
4567,15,3,11,8,354,2655955,2656308,3.54,active
4568,15,3,0,0,483,2656309,2656791,4.83,rest
4569,15,3,11,9,334,2656792,2657125,3.34,active
4570,15,3,0,0,518,2657126,2657643,5.18,rest
4571,15,3,11,10,357,2657644,2658000,3.57,active
4572,15,3,0,0,3465,2658001,2661465,34.65,rest
4573,15,3,12,1,448,2661466,2661913,4.48,active
4574,15,3,0,0,310,2661914,2662223,3.1,rest
4575,15,3,12,2,320,2662224,2662543,3.2,active
4576,15,3,0,0,542,2662544,2663085,5.42,rest
4577,15,3,12,3,289,2663086,2663374,2.89,active
4578,15,3,0,0,524,2663375,2663898,5.24,rest
4579,15,3,12,4,403,2663899,2664301,4.03,active
4580,15,3,0,0,443,2664302,2664744,4.43,rest
4581,15,3,12,5,360,2664745,2665104,3.6,active
4582,15,3,0,0,502,2665105,2665606,5.02,rest
4583,15,3,12,6,439,2665607,2666045,4.39,active
4584,15,3,0,0,401,2666046,2666446,4.01,rest
4585,15,3,12,7,376,2666447,2666822,3.76,active
4586,15,3,0,0,472,2666823,2667294,4.72,rest
4587,15,3,12,8,371,2667295,2667665,3.71,active
4588,15,3,0,0,500,2667666,2668165,5.0,rest
4589,15,3,12,9,340,2668166,2668505,3.4,active
4590,15,3,0,0,458,2668506,2668963,4.58,rest
4591,15,3,12,10,350,2668964,2669313,3.5,active
4592,15,3,0,0,747,2669314,2670060,7.47,rest
4593,15,3,13,1,343,2670061,2670403,3.43,active
4594,15,3,0,0,437,2670404,2670840,4.37,rest
4595,15,3,13,2,364,2670841,2671204,3.64,active
4596,15,3,0,0,465,2671205,2671669,4.65,rest
4597,15,3,13,3,371,2671670,2672040,3.71,active
4598,15,3,0,0,427,2672041,2672467,4.27,rest
4599,15,3,13,4,369,2672468,2672836,3.69,active
4600,15,3,0,0,521,2672837,2673357,5.21,rest
4601,15,3,13,5,332,2673358,2673689,3.32,active
4602,15,3,0,0,523,2673690,2674212,5.23,rest
4603,15,3,13,6,312,2674213,2674524,3.12,active
4604,15,3,0,0,522,2674525,2675046,5.22,rest
4605,15,3,13,7,439,2675047,2675485,4.39,active
4606,15,3,0,0,390,2675486,2675875,3.9,rest
4607,15,3,13,8,324,2675876,2676199,3.24,active
4608,15,3,0,0,803,2676200,2677002,8.03,rest
4609,15,3,13,9,267,2677003,2677269,2.67,active
4610,15,3,0,0,408,2677270,2677677,4.08,rest
4611,15,3,13,10,254,2677678,2677931,2.54,active
4612,15,3,0,0,2268,2677932,2680199,22.68,rest
4613,15,3,14,1,380,2680200,2680579,3.8,active
4614,15,3,0,0,412,2680580,2680991,4.12,rest
4615,15,3,14,2,540,2680992,2681531,5.4,active
4616,15,3,0,0,274,2681532,2681805,2.74,rest
4617,15,3,14,3,462,2681806,2682267,4.62,active
4618,15,3,0,0,426,2682268,2682693,4.26,rest
4619,15,3,14,4,463,2682694,2683156,4.63,active
4620,15,3,0,0,413,2683157,2683569,4.13,rest
4621,15,3,14,5,370,2683570,2683939,3.7,active
4622,15,3,0,0,445,2683940,2684384,4.45,rest
4623,15,3,14,6,389,2684385,2684773,3.89,active
4624,15,3,0,0,437,2684774,2685210,4.37,rest
4625,15,3,14,7,414,2685211,2685624,4.14,active
4626,15,3,0,0,415,2685625,2686039,4.15,rest
4627,15,3,14,8,453,2686040,2686492,4.53,active
4628,15,3,0,0,402,2686493,2686894,4.02,rest
4629,15,3,14,9,398,2686895,2687292,3.98,active
4630,15,3,0,0,458,2687293,2687750,4.58,rest
4631,15,3,14,10,479,2687751,2688229,4.79,active
4632,15,3,0,0,1996,2688230,2690225,19.96,rest
4633,15,3,15,1,485,2690226,2690710,4.85,active
4634,15,3,0,0,390,2690711,2691100,3.9,rest
4635,15,3,15,2,426,2691101,2691526,4.26,active
4636,15,3,0,0,402,2691527,2691928,4.02,rest
4637,15,3,15,3,476,2691929,2692404,4.76,active
4638,15,3,0,0,362,2692405,2692766,3.62,rest
4639,15,3,15,4,445,2692767,2693211,4.45,active
4640,15,3,0,0,417,2693212,2693628,4.17,rest
4641,15,3,15,5,410,2693629,2694038,4.1,active
4642,15,3,0,0,382,2694039,2694420,3.82,rest
4643,15,3,15,6,456,2694421,2694876,4.56,active
4644,15,3,0,0,433,2694877,2695309,4.33,rest
4645,15,3,15,7,474,2695310,2695783,4.74,active
4646,15,3,0,0,343,2695784,2696126,3.43,rest
4647,15,3,15,8,414,2696127,2696540,4.14,active
4648,15,3,0,0,418,2696541,2696958,4.18,rest
4649,15,3,15,9,460,2696959,2697418,4.6,active
4650,15,3,0,0,375,2697419,2697793,3.75,rest
4651,15,3,15,10,498,2697794,2698291,4.98,active
4652,15,3,0,0,1281,2698292,2699572,12.81,rest
4653,15,3,16,1,302,2699573,2699874,3.02,active
4654,15,3,0,0,496,2699875,2700370,4.96,rest
4655,15,3,16,2,416,2700371,2700786,4.16,active
4656,15,3,0,0,404,2700787,2701190,4.04,rest
4657,15,3,16,3,389,2701191,2701579,3.89,active
4658,15,3,0,0,437,2701580,2702016,4.37,rest
4659,15,3,16,4,437,2702017,2702453,4.37,active
4660,15,3,0,0,432,2702454,2702885,4.32,rest
4661,15,3,16,5,347,2702886,2703232,3.47,active
4662,15,3,0,0,506,2703233,2703738,5.06,rest
4663,15,3,16,6,274,2703739,2704012,2.74,active
4664,15,3,0,0,554,2704013,2704566,5.54,rest
4665,15,3,16,7,403,2704567,2704969,4.03,active
4666,15,3,0,0,459,2704970,2705428,4.59,rest
4667,15,3,16,8,360,2705429,2705788,3.6,active
4668,15,3,0,0,463,2705789,2706251,4.63,rest
4669,15,3,16,9,385,2706252,2706636,3.85,active
4670,15,3,0,0,465,2706637,2707101,4.65,rest
4671,15,3,16,10,416,2707102,2707517,4.16,active
4672,15,3,0,0,1539,2707518,2709056,15.39,rest
4673,15,3,17,1,442,2709057,2709498,4.42,active
4674,15,3,0,0,349,2709499,2709847,3.49,rest
4675,15,3,17,2,445,2709848,2710292,4.45,active
4676,15,3,0,0,412,2710293,2710704,4.12,rest
4677,15,3,17,3,343,2710705,2711047,3.43,active
4678,15,3,0,0,503,2711048,2711550,5.03,rest
4679,15,3,17,4,535,2711551,2712085,5.35,active
4680,15,3,0,0,290,2712086,2712375,2.9,rest
4681,15,3,17,5,488,2712376,2712863,4.88,active
4682,15,3,0,0,386,2712864,2713249,3.86,rest
4683,15,3,17,6,424,2713250,2713673,4.24,active
4684,15,3,0,0,435,2713674,2714108,4.35,rest
4685,15,3,17,7,528,2714109,2714636,5.28,active
4686,15,3,0,0,295,2714637,2714931,2.95,rest
4687,15,3,17,8,547,2714932,2715478,5.47,active
4688,15,3,0,0,284,2715479,2715762,2.84,rest
4689,15,3,17,9,555,2715763,2716317,5.55,active
4690,15,3,0,0,292,2716318,2716609,2.92,rest
4691,15,3,17,10,550,2716610,2717159,5.5,active
4692,15,3,0,0,1262,2717160,2718421,12.62,rest
4693,15,3,18,1,405,2718422,2718826,4.05,active
4694,15,3,0,0,382,2718827,2719208,3.82,rest
4695,15,3,18,2,414,2719209,2719622,4.14,active
4696,15,3,0,0,447,2719623,2720069,4.47,rest
4697,15,3,18,3,395,2720070,2720464,3.95,active
4698,15,3,0,0,432,2720465,2720896,4.32,rest
4699,15,3,18,4,429,2720897,2721325,4.29,active
4700,15,3,0,0,418,2721326,2721743,4.18,rest
4701,15,3,18,5,546,2721744,2722289,5.46,active
4702,15,3,0,0,314,2722290,2722603,3.14,rest
4703,15,3,18,6,270,2722604,2722873,2.7,active
4704,15,3,0,0,568,2722874,2723441,5.68,rest
4705,15,3,18,7,266,2723442,2723707,2.66,active
4706,15,3,0,0,531,2723708,2724238,5.31,rest
4707,15,3,18,8,475,2724239,2724713,4.75,active
4708,15,3,0,0,381,2724714,2725094,3.81,rest
4709,15,3,18,9,353,2725095,2725447,3.53,active
4710,15,3,0,0,512,2725448,2725959,5.12,rest
4711,15,3,18,10,462,2725960,2726421,4.62,active
4712,15,3,0,0,2689,2726422,2729110,26.89,rest
4713,15,3,19,1,527,2729111,2729637,5.27,active
4714,15,3,0,0,301,2729638,2729938,3.01,rest
4715,15,3,19,2,337,2729939,2730275,3.37,active
4716,15,3,0,0,502,2730276,2730777,5.02,rest
4717,15,3,19,3,389,2730778,2731166,3.89,active
4718,15,3,0,0,449,2731167,2731615,4.49,rest
4719,15,3,19,4,410,2731616,2732025,4.1,active
4720,15,3,0,0,417,2732026,2732442,4.17,rest
4721,15,3,19,5,375,2732443,2732817,3.75,active
4722,15,3,0,0,458,2732818,2733275,4.58,rest
4723,15,3,19,6,392,2733276,2733667,3.92,active
4724,15,3,0,0,532,2733668,2734199,5.32,rest
4725,15,3,19,7,325,2734200,2734524,3.25,active
4726,15,3,0,0,481,2734525,2735005,4.81,rest
4727,15,3,19,8,409,2735006,2735414,4.09,active
4728,15,3,0,0,397,2735415,2735811,3.97,rest
4729,15,3,19,9,387,2735812,2736198,3.87,active
4730,15,3,0,0,485,2736199,2736683,4.85,rest
4731,15,3,19,10,416,2736684,2737099,4.16,active
4732,15,3,0,0,1691,2737100,2738790,16.91,rest
4733,15,3,20,1,351,2738791,2739141,3.51,active
4734,15,3,0,0,419,2739142,2739560,4.19,rest
4735,15,3,20,2,421,2739561,2739981,4.21,active
4736,15,3,0,0,444,2739982,2740425,4.44,rest
4737,15,3,20,3,336,2740426,2740761,3.36,active
4738,15,3,0,0,514,2740762,2741275,5.14,rest
4739,15,3,20,4,376,2741276,2741651,3.76,active
4740,15,3,0,0,466,2741652,2742117,4.66,rest
4741,15,3,20,5,438,2742118,2742555,4.38,active
4742,15,3,0,0,392,2742556,2742947,3.92,rest
4743,15,3,20,6,436,2742948,2743383,4.36,active
4744,15,3,0,0,418,2743384,2743801,4.18,rest
4745,15,3,20,7,357,2743802,2744158,3.57,active
4746,15,3,0,0,477,2744159,2744635,4.77,rest
4747,15,3,20,8,379,2744636,2745014,3.79,active
4748,15,3,0,0,461,2745015,2745475,4.61,rest
4749,15,3,20,9,436,2745476,2745911,4.36,active
4750,15,3,0,0,401,2745912,2746312,4.01,rest
4751,15,3,20,10,408,2746313,2746720,4.08,active
4752,15,3,0,0,6009,2746721,2752729,60.09,rest
4753,15,3,21,1,337,2752730,2753066,3.37,active
4754,15,3,0,0,476,2753067,2753542,4.76,rest
4755,15,3,21,2,447,2753543,2753989,4.47,active
4756,15,3,0,0,409,2753990,2754398,4.09,rest
4757,15,3,21,3,375,2754399,2754773,3.75,active
4758,15,3,0,0,466,2754774,2755239,4.66,rest
4759,15,3,21,4,331,2755240,2755570,3.31,active
4760,15,3,0,0,523,2755571,2756093,5.23,rest
4761,15,3,21,5,260,2756094,2756353,2.6,active
4762,15,3,0,0,569,2756354,2756922,5.69,rest
4763,15,3,21,6,323,2756923,2757245,3.23,active
4764,15,3,0,0,537,2757246,2757782,5.37,rest
4765,15,3,21,7,402,2757783,2758184,4.02,active
4766,15,3,0,0,437,2758185,2758621,4.37,rest
4767,15,3,21,8,427,2758622,2759048,4.27,active
4768,15,3,0,0,423,2759049,2759471,4.23,rest
4769,15,3,21,9,344,2759472,2759815,3.44,active
4770,15,3,0,0,523,2759816,2760338,5.23,rest
4771,15,3,21,10,309,2760339,2760647,3.09,active
4772,15,3,0,0,4532,2760648,2765179,45.32,rest
4773,15,3,22,1,434,2765180,2765613,4.34,active
4774,15,3,0,0,348,2765614,2765961,3.48,rest
4775,15,3,22,2,469,2765962,2766430,4.69,active
4776,15,3,0,0,341,2766431,2766771,3.41,rest
4777,15,3,22,3,483,2766772,2767254,4.83,active
4778,15,3,0,0,364,2767255,2767618,3.64,rest
4779,15,3,22,4,525,2767619,2768143,5.25,active
4780,15,3,0,0,326,2768144,2768469,3.26,rest
4781,15,3,22,5,508,2768470,2768977,5.08,active
4782,15,3,0,0,324,2768978,2769301,3.24,rest
4783,15,3,22,6,383,2769302,2769684,3.83,active
4784,15,3,0,0,523,2769685,2770207,5.23,rest
4785,15,3,22,7,335,2770208,2770542,3.35,active
4786,15,3,0,0,428,2770543,2770970,4.28,rest
4787,15,3,22,8,378,2770971,2771348,3.78,active
4788,15,3,0,0,463,2771349,2771811,4.63,rest
4789,15,3,22,9,275,2771812,2772086,2.75,active
4790,15,3,0,0,717,2772087,2772803,7.17,rest
4791,15,3,22,10,323,2772804,2773126,3.23,active
4792,15,3,0,0,5205,2773127,2778331,52.05,rest
4793,15,3,23,1,486,2778332,2778817,4.86,active
4794,15,3,0,0,389,2778818,2779206,3.89,rest
4795,15,3,23,2,441,2779207,2779647,4.41,active
4796,15,3,0,0,378,2779648,2780025,3.78,rest
4797,15,3,23,3,454,2780026,2780479,4.54,active
4798,15,3,0,0,391,2780480,2780870,3.91,rest
4799,15,3,23,4,408,2780871,2781278,4.08,active
4800,15,3,0,0,443,2781279,2781721,4.43,rest
4801,15,3,23,5,451,2781722,2782172,4.51,active
4802,15,3,0,0,449,2782173,2782621,4.49,rest
4803,15,3,23,6,382,2782622,2783003,3.82,active
4804,15,3,0,0,452,2783004,2783455,4.52,rest
4805,15,3,23,7,430,2783456,2783885,4.3,active
4806,15,3,0,0,329,2783886,2784214,3.29,rest
4807,15,3,23,8,461,2784215,2784675,4.61,active
4808,15,3,0,0,392,2784676,2785067,3.92,rest
4809,15,3,23,9,477,2785068,2785544,4.77,active
4810,15,3,0,0,378,2785545,2785922,3.78,rest
4811,15,3,23,10,431,2785923,2786353,4.31,active
4812,15,3,0,0,327,2786354,2786680,3.27,rest
4813,16,2,0,0,467,2887872,2888338,4.67,rest
4814,16,2,1,1,222,2888339,2888560,2.22,active
4815,16,2,0,0,561,2888561,2889121,5.61,rest
4816,16,2,1,2,375,2889122,2889496,3.75,active
4817,16,2,0,0,438,2889497,2889934,4.38,rest
4818,16,2,1,3,307,2889935,2890241,3.07,active
4819,16,2,0,0,579,2890242,2890820,5.79,rest
4820,16,2,1,4,257,2890821,2891077,2.57,active
4821,16,2,0,0,574,2891078,2891651,5.74,rest
4822,16,2,1,5,288,2891652,2891939,2.88,active
4823,16,2,0,0,526,2891940,2892465,5.26,rest
4824,16,2,1,6,311,2892466,2892776,3.11,active
4825,16,2,0,0,522,2892777,2893298,5.22,rest
4826,16,2,1,7,356,2893299,2893654,3.56,active
4827,16,2,0,0,453,2893655,2894107,4.53,rest
4828,16,2,1,8,365,2894108,2894472,3.65,active
4829,16,2,0,0,491,2894473,2894963,4.91,rest
4830,16,2,1,9,414,2894964,2895377,4.14,active
4831,16,2,0,0,397,2895378,2895774,3.97,rest
4832,16,2,1,10,411,2895775,2896185,4.11,active
4833,16,2,0,0,508,2896186,2896693,5.08,rest
4834,16,2,2,1,281,2896694,2896974,2.81,active
4835,16,2,0,0,490,2896975,2897464,4.9,rest
4836,16,2,2,2,333,2897465,2897797,3.33,active
4837,16,2,0,0,511,2897798,2898308,5.11,rest
4838,16,2,2,3,294,2898309,2898602,2.94,active
4839,16,2,0,0,523,2898603,2899125,5.23,rest
4840,16,2,2,4,297,2899126,2899422,2.97,active
4841,16,2,0,0,585,2899423,2900007,5.85,rest
4842,16,2,2,5,295,2900008,2900302,2.95,active
4843,16,2,0,0,506,2900303,2900808,5.06,rest
4844,16,2,2,6,284,2900809,2901092,2.84,active
4845,16,2,0,0,537,2901093,2901629,5.37,rest
4846,16,2,2,7,377,2901630,2902006,3.77,active
4847,16,2,0,0,452,2902007,2902458,4.52,rest
4848,16,2,2,8,293,2902459,2902751,2.93,active
4849,16,2,0,0,551,2902752,2903302,5.51,rest
4850,16,2,2,9,386,2903303,2903688,3.86,active
4851,16,2,0,0,488,2903689,2904176,4.88,rest
4852,16,2,2,10,321,2904177,2904497,3.21,active
4853,16,2,0,0,514,2904498,2905011,5.14,rest
4854,16,2,3,1,293,2905012,2905304,2.93,active
4855,16,2,0,0,541,2905305,2905845,5.41,rest
4856,16,2,3,2,284,2905846,2906129,2.84,active
4857,16,2,0,0,565,2906130,2906694,5.65,rest
4858,16,2,3,3,290,2906695,2906984,2.9,active
4859,16,2,0,0,558,2906985,2907542,5.58,rest
4860,16,2,3,4,258,2907543,2907800,2.58,active
4861,16,2,0,0,570,2907801,2908370,5.7,rest
4862,16,2,3,5,284,2908371,2908654,2.84,active
4863,16,2,0,0,511,2908655,2909165,5.11,rest
4864,16,2,3,6,311,2909166,2909476,3.11,active
4865,16,2,0,0,542,2909477,2910018,5.42,rest
4866,16,2,3,7,286,2910019,2910304,2.86,active
4867,16,2,0,0,557,2910305,2910861,5.57,rest
4868,16,2,3,8,258,2910862,2911119,2.58,active
4869,16,2,0,0,575,2911120,2911694,5.75,rest
4870,16,2,3,9,311,2911695,2912005,3.11,active
4871,16,2,0,0,531,2912006,2912536,5.31,rest
4872,16,2,3,10,265,2912537,2912801,2.65,active
4873,16,2,0,0,652,2912802,2913453,6.52,rest
4874,16,2,4,1,284,2913454,2913737,2.84,active
4875,16,2,0,0,527,2913738,2914264,5.27,rest
4876,16,2,4,2,320,2914265,2914584,3.2,active
4877,16,2,0,0,529,2914585,2915113,5.29,rest
4878,16,2,4,3,290,2915114,2915403,2.9,active
4879,16,2,0,0,533,2915404,2915936,5.33,rest
4880,16,2,4,4,285,2915937,2916221,2.85,active
4881,16,2,0,0,514,2916222,2916735,5.14,rest
4882,16,2,4,5,338,2916736,2917073,3.38,active
4883,16,2,0,0,552,2917074,2917625,5.52,rest
4884,16,2,4,6,306,2917626,2917931,3.06,active
4885,16,2,0,0,527,2917932,2918458,5.27,rest
4886,16,2,4,7,263,2918459,2918721,2.63,active
4887,16,2,0,0,581,2918722,2919302,5.81,rest
4888,16,2,4,8,254,2919303,2919556,2.54,active
4889,16,2,0,0,576,2919557,2920132,5.76,rest
4890,16,2,4,9,308,2920133,2920440,3.08,active
4891,16,2,0,0,531,2920441,2920971,5.31,rest
4892,16,2,4,10,239,2920972,2921210,2.39,active
4893,16,2,0,0,629,2921211,2921839,6.29,rest
4894,16,2,5,1,234,2921840,2922073,2.34,active
4895,16,2,0,0,628,2922074,2922701,6.28,rest
4896,16,2,5,2,198,2922702,2922899,1.98,active
4897,16,2,0,0,620,2922900,2923519,6.2,rest
4898,16,2,5,3,283,2923520,2923802,2.83,active
4899,16,2,0,0,535,2923803,2924337,5.35,rest
4900,16,2,5,4,316,2924338,2924653,3.16,active
4901,16,2,0,0,551,2924654,2925204,5.51,rest
4902,16,2,5,5,210,2925205,2925414,2.1,active
4903,16,2,0,0,603,2925415,2926017,6.03,rest
4904,16,2,5,6,269,2926018,2926286,2.69,active
4905,16,2,0,0,501,2926287,2926787,5.01,rest
4906,16,2,5,7,307,2926788,2927094,3.07,active
4907,16,2,0,0,532,2927095,2927626,5.32,rest
4908,16,2,5,8,319,2927627,2927945,3.19,active
4909,16,2,0,0,503,2927946,2928448,5.03,rest
4910,16,2,5,9,344,2928449,2928792,3.44,active
4911,16,2,0,0,542,2928793,2929334,5.42,rest
4912,16,2,5,10,301,2929335,2929635,3.01,active
4913,16,2,0,0,656,2929636,2930291,6.56,rest
4914,16,2,6,1,208,2930292,2930499,2.08,active
4915,16,2,0,0,551,2930500,2931050,5.51,rest
4916,16,2,6,2,253,2931051,2931303,2.53,active
4917,16,2,0,0,601,2931304,2931904,6.01,rest
4918,16,2,6,3,258,2931905,2932162,2.58,active
4919,16,2,0,0,537,2932163,2932699,5.37,rest
4920,16,2,6,4,347,2932700,2933046,3.47,active
4921,16,2,0,0,482,2933047,2933528,4.82,rest
4922,16,2,6,5,279,2933529,2933807,2.79,active
4923,16,2,0,0,586,2933808,2934393,5.86,rest
4924,16,2,6,6,284,2934394,2934677,2.84,active
4925,16,2,0,0,523,2934678,2935200,5.23,rest
4926,16,2,6,7,315,2935201,2935515,3.15,active
4927,16,2,0,0,519,2935516,2936034,5.19,rest
4928,16,2,6,8,311,2936035,2936345,3.11,active
4929,16,2,0,0,520,2936346,2936865,5.2,rest
4930,16,2,6,9,291,2936866,2937156,2.91,active
4931,16,2,0,0,586,2937157,2937742,5.86,rest
4932,16,2,6,10,273,2937743,2938015,2.73,active
4933,16,2,0,0,668,2938016,2938683,6.68,rest
4934,16,2,7,1,200,2938684,2938883,2.0,active
4935,16,2,0,0,618,2938884,2939501,6.18,rest
4936,16,2,7,2,257,2939502,2939758,2.57,active
4937,16,2,0,0,569,2939759,2940327,5.69,rest
4938,16,2,7,3,205,2940328,2940532,2.05,active
4939,16,2,0,0,637,2940533,2941169,6.37,rest
4940,16,2,7,4,344,2941170,2941513,3.44,active
4941,16,2,0,0,353,2941514,2941866,3.53,rest
4942,16,2,7,5,502,2941867,2942368,5.02,active
4943,16,2,0,0,475,2942369,2942843,4.75,rest
4944,16,2,7,6,283,2942844,2943126,2.83,active
4945,16,2,0,0,524,2943127,2943650,5.24,rest
4946,16,2,7,7,350,2943651,2944000,3.5,active
4947,16,2,0,0,374,2944001,2944374,3.74,rest
4948,16,2,7,8,413,2944375,2944787,4.13,active
4949,16,2,0,0,543,2944788,2945330,5.43,rest
4950,16,2,7,9,265,2945331,2945595,2.65,active
4951,16,2,0,0,574,2945596,2946169,5.74,rest
4952,16,2,7,10,284,2946170,2946453,2.84,active
4953,16,2,0,0,462,2946454,2946915,4.62,rest
4954,16,2,8,1,402,2946916,2947317,4.02,active
4955,16,2,0,0,521,2947318,2947838,5.21,rest
4956,16,2,8,2,248,2947839,2948086,2.48,active
4957,16,2,0,0,618,2948087,2948704,6.18,rest
4958,16,2,8,3,185,2948705,2948889,1.85,active
4959,16,2,0,0,578,2948890,2949467,5.78,rest
4960,16,2,8,4,270,2949468,2949737,2.7,active
4961,16,2,0,0,609,2949738,2950346,6.09,rest
4962,16,2,8,5,223,2950347,2950569,2.23,active
4963,16,2,0,0,649,2950570,2951218,6.49,rest
4964,16,2,8,6,215,2951219,2951433,2.15,active
4965,16,2,0,0,552,2951434,2951985,5.52,rest
4966,16,2,8,7,259,2951986,2952244,2.59,active
4967,16,2,0,0,652,2952245,2952896,6.52,rest
4968,16,2,8,8,185,2952897,2953081,1.85,active
4969,16,2,0,0,627,2953082,2953708,6.27,rest
4970,16,2,8,9,217,2953709,2953925,2.17,active
4971,16,2,0,0,624,2953926,2954549,6.24,rest
4972,16,2,8,10,211,2954550,2954760,2.11,active
4973,16,2,0,0,653,2954761,2955413,6.53,rest
4974,16,2,9,1,238,2955414,2955651,2.38,active
4975,16,2,0,0,551,2955652,2956202,5.51,rest
4976,16,2,9,2,242,2956203,2956444,2.42,active
4977,16,2,0,0,607,2956445,2957051,6.07,rest
4978,16,2,9,3,253,2957052,2957304,2.53,active
4979,16,2,0,0,576,2957305,2957880,5.76,rest
4980,16,2,9,4,237,2957881,2958117,2.37,active
4981,16,2,0,0,627,2958118,2958744,6.27,rest
4982,16,2,9,5,213,2958745,2958957,2.13,active
4983,16,2,0,0,609,2958958,2959566,6.09,rest
4984,16,2,9,6,231,2959567,2959797,2.31,active
4985,16,2,0,0,657,2959798,2960454,6.57,rest
4986,16,2,9,7,185,2960455,2960639,1.85,active
4987,16,2,0,0,609,2960640,2961248,6.09,rest
4988,16,2,9,8,234,2961249,2961482,2.34,active
4989,16,2,0,0,634,2961483,2962116,6.34,rest
4990,16,2,9,9,202,2962117,2962318,2.02,active
4991,16,2,0,0,612,2962319,2962930,6.12,rest
4992,16,2,9,10,208,2962931,2963138,2.08,active
4993,16,2,0,0,670,2963139,2963808,6.7,rest
4994,16,2,10,1,264,2963809,2964072,2.64,active
4995,16,2,0,0,612,2964073,2964684,6.12,rest
4996,16,2,10,2,184,2964685,2964868,1.84,active
4997,16,2,0,0,622,2964869,2965490,6.22,rest
4998,16,2,10,3,188,2965491,2965678,1.88,active
4999,16,2,0,0,673,2965679,2966351,6.73,rest
5000,16,2,10,4,199,2966352,2966550,1.99,active
5001,16,2,0,0,497,2966551,2967047,4.97,rest
5002,16,2,10,5,329,2967048,2967376,3.29,active
5003,16,2,0,0,589,2967377,2967965,5.89,rest
5004,16,2,10,6,211,2967966,2968176,2.11,active
5005,16,2,0,0,581,2968177,2968757,5.81,rest
5006,16,2,10,7,287,2968758,2969044,2.87,active
5007,16,2,0,0,530,2969045,2969574,5.3,rest
5008,16,2,10,8,289,2969575,2969863,2.89,active
5009,16,2,0,0,559,2969864,2970422,5.59,rest
5010,16,2,10,9,281,2970423,2970703,2.81,active
5011,16,2,0,0,520,2970704,2971223,5.2,rest
5012,16,2,10,10,314,2971224,2971537,3.14,active
5013,16,2,0,0,537,2971538,2972074,5.37,rest
5014,16,2,11,1,318,2972075,2972392,3.18,active
5015,16,2,0,0,513,2972393,2972905,5.13,rest
5016,16,2,11,2,249,2972906,2973154,2.49,active
5017,16,2,0,0,615,2973155,2973769,6.15,rest
5018,16,2,11,3,273,2973770,2974042,2.73,active
5019,16,2,0,0,517,2974043,2974559,5.17,rest
5020,16,2,11,4,331,2974560,2974890,3.31,active
5021,16,2,0,0,516,2974891,2975406,5.16,rest
5022,16,2,11,5,289,2975407,2975695,2.89,active
5023,16,2,0,0,540,2975696,2976235,5.4,rest
5024,16,2,11,6,276,2976236,2976511,2.76,active
5025,16,2,0,0,559,2976512,2977070,5.59,rest
5026,16,2,11,7,249,2977071,2977319,2.49,active
5027,16,2,0,0,609,2977320,2977928,6.09,rest
5028,16,2,11,8,294,2977929,2978222,2.94,active
5029,16,2,0,0,550,2978223,2978772,5.5,rest
5030,16,2,11,9,215,2978773,2978987,2.15,active
5031,16,2,0,0,541,2978988,2979528,5.41,rest
5032,16,2,11,10,307,2979529,2979835,3.07,active
5033,16,2,0,0,628,2979836,2980463,6.28,rest
5034,16,2,12,1,206,2980464,2980669,2.06,active
5035,16,2,0,0,599,2980670,2981268,5.99,rest
5036,16,2,12,2,255,2981269,2981523,2.55,active
5037,16,2,0,0,582,2981524,2982105,5.82,rest
5038,16,2,12,3,236,2982106,2982341,2.36,active
5039,16,2,0,0,594,2982342,2982935,5.94,rest
5040,16,2,12,4,289,2982936,2983224,2.89,active
5041,16,2,0,0,626,2983225,2983850,6.26,rest
5042,16,2,12,5,263,2983851,2984113,2.63,active
5043,16,2,0,0,507,2984114,2984620,5.07,rest
5044,16,2,12,6,253,2984621,2984873,2.53,active
5045,16,2,0,0,613,2984874,2985486,6.13,rest
5046,16,2,12,7,189,2985487,2985675,1.89,active
5047,16,2,0,0,589,2985676,2986264,5.89,rest
5048,16,2,12,8,269,2986265,2986533,2.69,active
5049,16,2,0,0,615,2986534,2987148,6.15,rest
5050,16,2,12,9,226,2987149,2987374,2.26,active
5051,16,2,0,0,695,2987375,2988069,6.95,rest
5052,16,2,12,10,350,2988070,2988419,3.5,active
5053,16,2,0,0,407,2988420,2988826,4.07,rest
5054,16,2,13,1,317,2988827,2989143,3.17,active
5055,16,2,0,0,478,2989144,2989621,4.78,rest
5056,16,2,13,2,385,2989622,2990006,3.85,active
5057,16,2,0,0,435,2990007,2990441,4.35,rest
5058,16,2,13,3,311,2990442,2990752,3.11,active
5059,16,2,0,0,562,2990753,2991314,5.62,rest
5060,16,2,13,4,317,2991315,2991631,3.17,active
5061,16,2,0,0,567,2991632,2992198,5.67,rest
5062,16,2,13,5,214,2992199,2992412,2.14,active
5063,16,2,0,0,553,2992413,2992965,5.53,rest
5064,16,2,13,6,317,2992966,2993282,3.17,active
5065,16,2,0,0,546,2993283,2993828,5.46,rest
5066,16,2,13,7,276,2993829,2994104,2.76,active
5067,16,2,0,0,557,2994105,2994661,5.57,rest
5068,16,2,13,8,303,2994662,2994964,3.03,active
5069,16,2,0,0,511,2994965,2995475,5.11,rest
5070,16,2,13,9,289,2995476,2995764,2.89,active
5071,16,2,0,0,555,2995765,2996319,5.55,rest
5072,16,2,13,10,456,2996320,2996775,4.56,active
5073,16,2,0,0,426,2996776,2997201,4.26,rest
5074,16,2,14,1,274,2997202,2997475,2.74,active
5075,16,2,0,0,526,2997476,2998001,5.26,rest
5076,16,2,14,2,324,2998002,2998325,3.24,active
5077,16,2,0,0,512,2998326,2998837,5.12,rest
5078,16,2,14,3,288,2998838,2999125,2.88,active
5079,16,2,0,0,571,2999126,2999696,5.71,rest
5080,16,2,14,4,219,2999697,2999915,2.19,active
5081,16,2,0,0,583,2999916,3000498,5.83,rest
5082,16,2,14,5,366,3000499,3000864,3.66,active
5083,16,2,0,0,487,3000865,3001351,4.87,rest
5084,16,2,14,6,344,3001352,3001695,3.44,active
5085,16,2,0,0,526,3001696,3002221,5.26,rest
5086,16,2,14,7,403,3002222,3002624,4.03,active
5087,16,2,0,0,403,3002625,3003027,4.03,rest
5088,16,2,14,8,279,3003028,3003306,2.79,active
5089,16,2,0,0,601,3003307,3003907,6.01,rest
5090,16,2,14,9,333,3003908,3004240,3.33,active
5091,16,2,0,0,461,3004241,3004701,4.61,rest
5092,16,2,14,10,305,3004702,3005006,3.05,active
5093,16,2,0,0,564,3005007,3005570,5.64,rest
5094,16,2,15,1,314,3005571,3005884,3.14,active
5095,16,2,0,0,529,3005885,3006413,5.29,rest
5096,16,2,15,2,271,3006414,3006684,2.71,active
5097,16,2,0,0,570,3006685,3007254,5.7,rest
5098,16,2,15,3,250,3007255,3007504,2.5,active
5099,16,2,0,0,624,3007505,3008128,6.24,rest
5100,16,2,15,4,230,3008129,3008358,2.3,active
5101,16,2,0,0,597,3008359,3008955,5.97,rest
5102,16,2,15,5,228,3008956,3009183,2.28,active
5103,16,2,0,0,564,3009184,3009747,5.64,rest
5104,16,2,15,6,292,3009748,3010039,2.92,active
5105,16,2,0,0,584,3010040,3010623,5.84,rest
5106,16,2,15,7,236,3010624,3010859,2.36,active
5107,16,2,0,0,598,3010860,3011457,5.98,rest
5108,16,2,15,8,264,3011458,3011721,2.64,active
5109,16,2,0,0,530,3011722,3012251,5.3,rest
5110,16,2,15,9,313,3012252,3012564,3.13,active
5111,16,2,0,0,557,3012565,3013121,5.57,rest
5112,16,2,15,10,248,3013122,3013369,2.48,active
5113,16,2,0,0,651,3013370,3014020,6.51,rest
5114,16,2,16,1,341,3014021,3014361,3.41,active
5115,16,2,0,0,450,3014362,3014811,4.5,rest
5116,16,2,16,2,355,3014812,3015166,3.55,active
5117,16,2,0,0,496,3015167,3015662,4.96,rest
5118,16,2,16,3,365,3015663,3016027,3.65,active
5119,16,2,0,0,407,3016028,3016434,4.07,rest
5120,16,2,16,4,377,3016435,3016811,3.77,active
5121,16,2,0,0,526,3016812,3017337,5.26,rest
5122,16,2,16,5,313,3017338,3017650,3.13,active
5123,16,2,0,0,528,3017651,3018178,5.28,rest
5124,16,2,16,6,286,3018179,3018464,2.86,active
5125,16,2,0,0,525,3018465,3018989,5.25,rest
5126,16,2,16,7,318,3018990,3019307,3.18,active
5127,16,2,0,0,518,3019308,3019825,5.18,rest
5128,16,2,16,8,368,3019826,3020193,3.68,active
5129,16,2,0,0,475,3020194,3020668,4.75,rest
5130,16,2,16,9,327,3020669,3020995,3.27,active
5131,16,2,0,0,463,3020996,3021458,4.63,rest
5132,16,2,16,10,324,3021459,3021782,3.24,active
5133,16,2,0,0,576,3021783,3022358,5.76,rest
5134,16,2,17,1,379,3022359,3022737,3.79,active
5135,16,2,0,0,435,3022738,3023172,4.35,rest
5136,16,2,17,2,315,3023173,3023487,3.15,active
5137,16,2,0,0,472,3023488,3023959,4.72,rest
5138,16,2,17,3,337,3023960,3024296,3.37,active
5139,16,2,0,0,541,3024297,3024837,5.41,rest
5140,16,2,17,4,249,3024838,3025086,2.49,active
5141,16,2,0,0,543,3025087,3025629,5.43,rest
5142,16,2,17,5,333,3025630,3025962,3.33,active
5143,16,2,0,0,559,3025963,3026521,5.59,rest
5144,16,2,17,6,312,3026522,3026833,3.12,active
5145,16,2,0,0,526,3026834,3027359,5.26,rest
5146,16,2,17,7,332,3027360,3027691,3.32,active
5147,16,2,0,0,504,3027692,3028195,5.04,rest
5148,16,2,17,8,310,3028196,3028505,3.1,active
5149,16,2,0,0,512,3028506,3029017,5.12,rest
5150,16,2,17,9,247,3029018,3029264,2.47,active
5151,16,2,0,0,593,3029265,3029857,5.93,rest
5152,16,2,17,10,286,3029858,3030143,2.86,active
5153,16,2,0,0,494,3030144,3030637,4.94,rest
5154,16,3,0,0,413,3030638,3031050,4.13,rest
5155,16,3,1,1,264,3031051,3031314,2.64,active
5156,16,3,0,0,570,3031315,3031884,5.7,rest
5157,16,3,1,2,455,3031885,3032339,4.55,active
5158,16,3,0,0,423,3032340,3032762,4.23,rest
5159,16,3,1,3,224,3032763,3032986,2.24,active
5160,16,3,0,0,533,3032987,3033519,5.33,rest
5161,16,3,1,4,303,3033520,3033822,3.03,active
5162,16,3,0,0,541,3033823,3034363,5.41,rest
5163,16,3,1,5,316,3034364,3034679,3.16,active
5164,16,3,0,0,517,3034680,3035196,5.17,rest
5165,16,3,1,6,316,3035197,3035512,3.16,active
5166,16,3,0,0,508,3035513,3036020,5.08,rest
5167,16,3,1,7,366,3036021,3036386,3.66,active
5168,16,3,0,0,441,3036387,3036827,4.41,rest
5169,16,3,1,8,362,3036828,3037189,3.62,active
5170,16,3,0,0,497,3037190,3037686,4.97,rest
5171,16,3,1,9,321,3037687,3038007,3.21,active
5172,16,3,0,0,475,3038008,3038482,4.75,rest
5173,16,3,1,10,341,3038483,3038823,3.41,active
5174,16,3,0,0,2077,3038824,3040900,20.77,rest
5175,16,3,2,1,331,3040901,3041231,3.31,active
5176,16,3,0,0,577,3041232,3041808,5.77,rest
5177,16,3,2,2,273,3041809,3042081,2.73,active
5178,16,3,0,0,558,3042082,3042639,5.58,rest
5179,16,3,2,3,266,3042640,3042905,2.66,active
5180,16,3,0,0,586,3042906,3043491,5.86,rest
5181,16,3,2,4,295,3043492,3043786,2.95,active
5182,16,3,0,0,525,3043787,3044311,5.25,rest
5183,16,3,2,5,388,3044312,3044699,3.88,active
5184,16,3,0,0,397,3044700,3045096,3.97,rest
5185,16,3,2,6,316,3045097,3045412,3.16,active
5186,16,3,0,0,677,3045413,3046089,6.77,rest
5187,16,3,2,7,197,3046090,3046286,1.97,active
5188,16,3,0,0,531,3046287,3046817,5.31,rest
5189,16,3,2,8,273,3046818,3047090,2.73,active
5190,16,3,0,0,573,3047091,3047663,5.73,rest
5191,16,3,2,9,366,3047664,3048029,3.66,active
5192,16,3,0,0,485,3048030,3048514,4.85,rest
5193,16,3,2,10,188,3048515,3048702,1.88,active
5194,16,3,0,0,2028,3048703,3050730,20.28,rest
5195,16,3,3,1,291,3050731,3051021,2.91,active
5196,16,3,0,0,426,3051022,3051447,4.26,rest
5197,16,3,3,2,394,3051448,3051841,3.94,active
5198,16,3,0,0,507,3051842,3052348,5.07,rest
5199,16,3,3,3,211,3052349,3052559,2.11,active
5200,16,3,0,0,616,3052560,3053175,6.16,rest
5201,16,3,3,4,308,3053176,3053483,3.08,active
5202,16,3,0,0,516,3053484,3053999,5.16,rest
5203,16,3,3,5,272,3054000,3054271,2.72,active
5204,16,3,0,0,585,3054272,3054856,5.85,rest
5205,16,3,3,6,230,3054857,3055086,2.3,active
5206,16,3,0,0,560,3055087,3055646,5.6,rest
5207,16,3,3,7,268,3055647,3055914,2.68,active
5208,16,3,0,0,558,3055915,3056472,5.58,rest
5209,16,3,3,8,330,3056473,3056802,3.3,active
5210,16,3,0,0,463,3056803,3057265,4.63,rest
5211,16,3,3,9,290,3057266,3057555,2.9,active
5212,16,3,0,0,529,3057556,3058084,5.29,rest
5213,16,3,3,10,375,3058085,3058459,3.75,active
5214,16,3,0,0,1227,3058460,3059686,12.27,rest
5215,16,3,4,1,323,3059687,3060009,3.23,active
5216,16,3,0,0,488,3060010,3060497,4.88,rest
5217,16,3,4,2,481,3060498,3060978,4.81,active
5218,16,3,0,0,341,3060979,3061319,3.41,rest
5219,16,3,4,3,376,3061320,3061695,3.76,active
5220,16,3,0,0,523,3061696,3062218,5.23,rest
5221,16,3,4,4,255,3062219,3062473,2.55,active
5222,16,3,0,0,535,3062474,3063008,5.35,rest
5223,16,3,4,5,309,3063009,3063317,3.09,active
5224,16,3,0,0,532,3063318,3063849,5.32,rest
5225,16,3,4,6,295,3063850,3064144,2.95,active
5226,16,3,0,0,557,3064145,3064701,5.57,rest
5227,16,3,4,7,320,3064702,3065021,3.2,active
5228,16,3,0,0,561,3065022,3065582,5.61,rest
5229,16,3,4,8,265,3065583,3065847,2.65,active
5230,16,3,0,0,535,3065848,3066382,5.35,rest
5231,16,3,4,9,324,3066383,3066706,3.24,active
5232,16,3,0,0,511,3066707,3067217,5.11,rest
5233,16,3,4,10,292,3067218,3067509,2.92,active
5234,16,3,0,0,1434,3067510,3068943,14.34,rest
5235,16,3,5,1,370,3068944,3069313,3.7,active
5236,16,3,0,0,446,3069314,3069759,4.46,rest
5237,16,3,5,2,299,3069760,3070058,2.99,active
5238,16,3,0,0,553,3070059,3070611,5.53,rest
5239,16,3,5,3,287,3070612,3070898,2.87,active
5240,16,3,0,0,543,3070899,3071441,5.43,rest
5241,16,3,5,4,329,3071442,3071770,3.29,active
5242,16,3,0,0,541,3071771,3072311,5.41,rest
5243,16,3,5,5,262,3072312,3072573,2.62,active
5244,16,3,0,0,544,3072574,3073117,5.44,rest
5245,16,3,5,6,361,3073118,3073478,3.61,active
5246,16,3,0,0,372,3073479,3073850,3.72,rest
5247,16,3,5,7,326,3073851,3074176,3.26,active
5248,16,3,0,0,532,3074177,3074708,5.32,rest
5249,16,3,5,8,390,3074709,3075098,3.9,active
5250,16,3,0,0,503,3075099,3075601,5.03,rest
5251,16,3,5,9,263,3075602,3075864,2.63,active
5252,16,3,0,0,489,3075865,3076353,4.89,rest
5253,16,3,5,10,329,3076354,3076682,3.29,active
5254,16,3,0,0,1566,3076683,3078248,15.66,rest
5255,16,3,6,1,305,3078249,3078553,3.05,active
5256,16,3,0,0,464,3078554,3079017,4.64,rest
5257,16,3,6,2,291,3079018,3079308,2.91,active
5258,16,3,0,0,514,3079309,3079822,5.14,rest
5259,16,3,6,3,328,3079823,3080150,3.28,active
5260,16,3,0,0,483,3080151,3080633,4.83,rest
5261,16,3,6,4,382,3080634,3081015,3.82,active
5262,16,3,0,0,499,3081016,3081514,4.99,rest
5263,16,3,6,5,285,3081515,3081799,2.85,active
5264,16,3,0,0,577,3081800,3082376,5.77,rest
5265,16,3,6,6,257,3082377,3082633,2.57,active
5266,16,3,0,0,501,3082634,3083134,5.01,rest
5267,16,3,6,7,309,3083135,3083443,3.09,active
5268,16,3,0,0,552,3083444,3083995,5.52,rest
5269,16,3,6,8,298,3083996,3084293,2.98,active
5270,16,3,0,0,495,3084294,3084788,4.95,rest
5271,16,3,6,9,311,3084789,3085099,3.11,active
5272,16,3,0,0,548,3085100,3085647,5.48,rest
5273,16,3,6,10,274,3085648,3085921,2.74,active
5274,16,3,0,0,1336,3085922,3087257,13.36,rest
5275,16,3,7,1,344,3087258,3087601,3.44,active
5276,16,3,0,0,394,3087602,3087995,3.94,rest
5277,16,3,7,2,531,3087996,3088526,5.31,active
5278,16,3,0,0,314,3088527,3088840,3.14,rest
5279,16,3,7,3,299,3088841,3089139,2.99,active
5280,16,3,0,0,529,3089140,3089668,5.29,rest
5281,16,3,7,4,438,3089669,3090106,4.38,active
5282,16,3,0,0,414,3090107,3090520,4.14,rest
5283,16,3,7,5,398,3090521,3090918,3.98,active
5284,16,3,0,0,450,3090919,3091368,4.5,rest
5285,16,3,7,6,295,3091369,3091663,2.95,active
5286,16,3,0,0,527,3091664,3092190,5.27,rest
5287,16,3,7,7,559,3092191,3092749,5.59,active
5288,16,3,0,0,404,3092750,3093153,4.04,rest
5289,16,3,7,8,441,3093154,3093594,4.41,active
5290,16,3,0,0,580,3093595,3094174,5.8,rest
5291,16,3,7,9,257,3094175,3094431,2.57,active
5292,16,3,0,0,260,3094432,3094691,2.6,rest
5293,16,3,7,10,510,3094692,3095201,5.1,active
5294,16,3,0,0,489,3095202,3095690,4.89,rest
5295,16,3,8,1,325,3095691,3096015,3.25,active
5296,16,3,0,0,434,3096016,3096449,4.34,rest
5297,16,3,8,2,507,3096450,3096956,5.07,active
5298,16,3,0,0,253,3096957,3097209,2.53,rest
5299,16,3,8,3,264,3097210,3097473,2.64,active
5300,16,3,0,0,582,3097474,3098055,5.82,rest
5301,16,3,8,4,399,3098056,3098454,3.99,active
5302,16,3,0,0,514,3098455,3098968,5.14,rest
5303,16,3,8,5,215,3098969,3099183,2.15,active
5304,16,3,0,0,649,3099184,3099832,6.49,rest
5305,16,3,8,6,268,3099833,3100100,2.68,active
5306,16,3,0,0,565,3100101,3100665,5.65,rest
5307,16,3,8,7,189,3100666,3100854,1.89,active
5308,16,3,0,0,581,3100855,3101435,5.81,rest
5309,16,3,8,8,432,3101436,3101867,4.32,active
5310,16,3,0,0,363,3101868,3102230,3.63,rest
5311,16,3,8,9,472,3102231,3102702,4.72,active
5312,16,3,0,0,460,3102703,3103162,4.6,rest
5313,16,3,8,10,198,3103163,3103360,1.98,active
5314,16,3,0,0,1149,3103361,3104509,11.49,rest
5315,16,3,9,1,217,3104510,3104726,2.17,active
5316,16,3,0,0,577,3104727,3105303,5.77,rest
5317,16,3,9,2,310,3105304,3105613,3.1,active
5318,16,3,0,0,516,3105614,3106129,5.16,rest
5319,16,3,9,3,376,3106130,3106505,3.76,active
5320,16,3,0,0,448,3106506,3106953,4.48,rest
5321,16,3,9,4,457,3106954,3107410,4.57,active
5322,16,3,0,0,401,3107411,3107811,4.01,rest
5323,16,3,9,5,346,3107812,3108157,3.46,active
5324,16,3,0,0,683,3108158,3108840,6.83,rest
5325,16,3,9,6,384,3108841,3109224,3.84,active
5326,16,3,0,0,249,3109225,3109473,2.49,rest
5327,16,3,9,7,186,3109474,3109659,1.86,active
5328,16,3,0,0,680,3109660,3110339,6.8,rest
5329,16,3,9,8,342,3110340,3110681,3.42,active
5330,16,3,0,0,489,3110682,3111170,4.89,rest
5331,16,3,9,9,281,3111171,3111451,2.81,active
5332,16,3,0,0,570,3111452,3112021,5.7,rest
5333,16,3,9,10,280,3112022,3112301,2.8,active
5334,16,3,0,0,1039,3112302,3113340,10.39,rest
5335,16,3,10,1,338,3113341,3113678,3.38,active
5336,16,3,0,0,482,3113679,3114160,4.82,rest
5337,16,3,10,2,342,3114161,3114502,3.42,active
5338,16,3,0,0,524,3114503,3115026,5.24,rest
5339,16,3,10,3,316,3115027,3115342,3.16,active
5340,16,3,0,0,521,3115343,3115863,5.21,rest
5341,16,3,10,4,276,3115864,3116139,2.76,active
5342,16,3,0,0,536,3116140,3116675,5.36,rest
5343,16,3,10,5,303,3116676,3116978,3.03,active
5344,16,3,0,0,520,3116979,3117498,5.2,rest
5345,16,3,10,6,327,3117499,3117825,3.27,active
5346,16,3,0,0,515,3117826,3118340,5.15,rest
5347,16,3,10,7,363,3118341,3118703,3.63,active
5348,16,3,0,0,484,3118704,3119187,4.84,rest
5349,16,3,10,8,299,3119188,3119486,2.99,active
5350,16,3,0,0,529,3119487,3120015,5.29,rest
5351,16,3,10,9,295,3120016,3120310,2.95,active
5352,16,3,0,0,557,3120311,3120867,5.57,rest
5353,16,3,10,10,299,3120868,3121166,2.99,active
5354,16,3,0,0,612,3121167,3121778,6.12,rest
5355,16,3,11,1,344,3121779,3122122,3.44,active
5356,16,3,0,0,430,3122123,3122552,4.3,rest
5357,16,3,11,2,421,3122553,3122973,4.21,active
5358,16,3,0,0,413,3122974,3123386,4.13,rest
5359,16,3,11,3,399,3123387,3123785,3.99,active
5360,16,3,0,0,426,3123786,3124211,4.26,rest
5361,16,3,11,4,523,3124212,3124734,5.23,active
5362,16,3,0,0,320,3124735,3125054,3.2,rest
5363,16,3,11,5,511,3125055,3125565,5.11,active
5364,16,3,0,0,356,3125566,3125921,3.56,rest
5365,16,3,11,6,400,3125922,3126321,4.0,active
5366,16,3,0,0,467,3126322,3126788,4.67,rest
5367,16,3,11,7,265,3126789,3127053,2.65,active
5368,16,3,0,0,572,3127054,3127625,5.72,rest
5369,16,3,11,8,349,3127626,3127974,3.49,active
5370,16,3,0,0,460,3127975,3128434,4.6,rest
5371,16,3,11,9,288,3128435,3128722,2.88,active
5372,16,3,0,0,538,3128723,3129260,5.38,rest
5373,16,3,11,10,374,3129261,3129634,3.74,active
5374,16,3,0,0,791,3129635,3130425,7.91,rest
5375,16,3,12,1,428,3130426,3130853,4.28,active
5376,16,3,0,0,364,3130854,3131217,3.64,rest
5377,16,3,12,2,282,3131218,3131499,2.82,active
5378,16,3,0,0,560,3131500,3132059,5.6,rest
5379,16,3,12,3,280,3132060,3132339,2.8,active
5380,16,3,0,0,600,3132340,3132939,6.0,rest
5381,16,3,12,4,247,3132940,3133186,2.47,active
5382,16,3,0,0,537,3133187,3133723,5.37,rest
5383,16,3,12,5,457,3133724,3134180,4.57,active
5384,16,3,0,0,390,3134181,3134570,3.9,rest
5385,16,3,12,6,445,3134571,3135015,4.45,active
5386,16,3,0,0,375,3135016,3135390,3.75,rest
5387,16,3,12,7,465,3135391,3135855,4.65,active
5388,16,3,0,0,386,3135856,3136241,3.86,rest
5389,16,3,12,8,456,3136242,3136697,4.56,active
5390,16,3,0,0,412,3136698,3137109,4.12,rest
5391,16,3,12,9,418,3137110,3137527,4.18,active
5392,16,3,0,0,395,3137528,3137922,3.95,rest
5393,16,3,12,10,374,3137923,3138296,3.74,active
5394,16,3,0,0,583,3138297,3138879,5.83,rest
5395,16,3,13,1,342,3138880,3139221,3.42,active
5396,16,3,0,0,498,3139222,3139719,4.98,rest
5397,16,3,13,2,407,3139720,3140126,4.07,active
5398,16,3,0,0,422,3140127,3140548,4.22,rest
5399,16,3,13,3,318,3140549,3140866,3.18,active
5400,16,3,0,0,523,3140867,3141389,5.23,rest
5401,16,3,13,4,502,3141390,3141891,5.02,active
5402,16,3,0,0,303,3141892,3142194,3.03,rest
5403,16,3,13,5,280,3142195,3142474,2.8,active
5404,16,3,0,0,496,3142475,3142970,4.96,rest
5405,16,3,13,6,367,3142971,3143337,3.67,active
5406,16,3,0,0,525,3143338,3143862,5.25,rest
5407,16,3,13,7,313,3143863,3144175,3.13,active
5408,16,3,0,0,487,3144176,3144662,4.87,rest
5409,16,3,13,8,363,3144663,3145025,3.63,active
5410,16,3,0,0,519,3145026,3145544,5.19,rest
5411,16,3,13,9,394,3145545,3145938,3.94,active
5412,16,3,0,0,401,3145939,3146339,4.01,rest
5413,16,3,13,10,362,3146340,3146701,3.62,active
5414,16,3,0,0,1307,3146702,3148008,13.07,rest
5415,16,3,14,1,370,3148009,3148378,3.7,active
5416,16,3,0,0,455,3148379,3148833,4.55,rest
5417,16,3,14,2,351,3148834,3149184,3.51,active
5418,16,3,0,0,504,3149185,3149688,5.04,rest
5419,16,3,14,3,365,3149689,3150053,3.65,active
5420,16,3,0,0,460,3150054,3150513,4.6,rest
5421,16,3,14,4,420,3150514,3150933,4.2,active
5422,16,3,0,0,387,3150934,3151320,3.87,rest
5423,16,3,14,5,369,3151321,3151689,3.69,active
5424,16,3,0,0,563,3151690,3152252,5.63,rest
5425,16,3,14,6,299,3152253,3152551,2.99,active
5426,16,3,0,0,552,3152552,3153103,5.52,rest
5427,16,3,14,7,313,3153104,3153416,3.13,active
5428,16,3,0,0,759,3153417,3154175,7.59,rest
5429,16,3,14,8,228,3154176,3154403,2.28,active
5430,16,3,0,0,342,3154404,3154745,3.42,rest
5431,16,3,14,9,269,3154746,3155014,2.69,active
5432,16,3,0,0,537,3155015,3155551,5.37,rest
5433,16,3,14,10,474,3155552,3156025,4.74,active
5434,16,3,0,0,1577,3156026,3157602,15.77,rest
5435,16,3,15,1,199,3157603,3157801,1.99,active
5436,16,3,0,0,373,3157802,3158174,3.73,rest
5437,16,3,15,2,289,3158175,3158463,2.89,active
5438,16,3,0,0,699,3158464,3159162,6.99,rest
5439,16,3,15,3,214,3159163,3159376,2.14,active
5440,16,3,0,0,486,3159377,3159862,4.86,rest
5441,16,3,15,4,266,3159863,3160128,2.66,active
5442,16,3,0,0,550,3160129,3160678,5.5,rest
5443,16,3,15,5,341,3160679,3161019,3.41,active
5444,16,3,0,0,553,3161020,3161572,5.53,rest
5445,16,3,15,6,233,3161573,3161805,2.33,active
5446,16,3,0,0,610,3161806,3162415,6.1,rest
5447,16,3,15,7,383,3162416,3162798,3.83,active
5448,16,3,0,0,434,3162799,3163232,4.34,rest
5449,16,3,15,8,461,3163233,3163693,4.61,active
5450,16,3,0,0,264,3163694,3163957,2.64,rest
5451,16,3,15,9,568,3163958,3164525,5.68,active
5452,16,3,0,0,308,3164526,3164833,3.08,rest
5453,16,3,15,10,320,3164834,3165153,3.2,active
5454,16,3,0,0,1815,3165154,3166968,18.15,rest
5455,16,3,16,1,323,3166969,3167291,3.23,active
5456,16,3,0,0,491,3167292,3167782,4.91,rest
5457,16,3,16,2,523,3167783,3168305,5.23,active
5458,16,3,0,0,249,3168306,3168554,2.49,rest
5459,16,3,16,3,350,3168555,3168904,3.5,active
5460,16,3,0,0,531,3168905,3169435,5.31,rest
5461,16,3,16,4,284,3169436,3169719,2.84,active
5462,16,3,0,0,532,3169720,3170251,5.32,rest
5463,16,3,16,5,312,3170252,3170563,3.12,active
5464,16,3,0,0,529,3170564,3171092,5.29,rest
5465,16,3,16,6,298,3171093,3171390,2.98,active
5466,16,3,0,0,552,3171391,3171942,5.52,rest
5467,16,3,16,7,274,3171943,3172216,2.74,active
5468,16,3,0,0,550,3172217,3172766,5.5,rest
5469,16,3,16,8,344,3172767,3173110,3.44,active
5470,16,3,0,0,465,3173111,3173575,4.65,rest
5471,16,3,16,9,404,3173576,3173979,4.04,active
5472,16,3,0,0,446,3173980,3174425,4.46,rest
5473,16,3,16,10,332,3174426,3174757,3.32,active
5474,16,3,0,0,1312,3174758,3176069,13.12,rest
5475,16,3,17,1,452,3176070,3176521,4.52,active
5476,16,3,0,0,341,3176522,3176862,3.41,rest
5477,16,3,17,2,498,3176863,3177360,4.98,active
5478,16,3,0,0,380,3177361,3177740,3.8,rest
5479,16,3,17,3,357,3177741,3178097,3.57,active
5480,16,3,0,0,472,3178098,3178569,4.72,rest
5481,16,3,17,4,418,3178570,3178987,4.18,active
5482,16,3,0,0,406,3178988,3179393,4.06,rest
5483,16,3,17,5,215,3179394,3179608,2.15,active
5484,16,3,0,0,619,3179609,3180227,6.19,rest
5485,16,3,17,6,483,3180228,3180710,4.83,active
5486,16,3,0,0,354,3180711,3181064,3.54,rest
5487,16,3,17,7,185,3181065,3181249,1.85,active
5488,16,3,0,0,678,3181250,3181927,6.78,rest
5489,16,3,17,8,552,3181928,3182479,5.52,active
5490,16,3,0,0,298,3182480,3182777,2.98,rest
5491,16,3,17,9,361,3182778,3183138,3.61,active
5492,16,3,0,0,480,3183139,3183618,4.8,rest
5493,16,3,17,10,355,3183619,3183973,3.55,active
5494,16,3,0,0,1515,3183974,3185488,15.15,rest
5495,16,3,18,1,208,3185489,3185696,2.08,active
5496,16,3,0,0,515,3185697,3186211,5.15,rest
5497,16,3,18,2,429,3186212,3186640,4.29,active
5498,16,3,0,0,369,3186641,3187009,3.69,rest
5499,16,3,18,3,466,3187010,3187475,4.66,active
5500,16,3,0,0,455,3187476,3187930,4.55,rest
5501,16,3,18,4,314,3187931,3188244,3.14,active
5502,16,3,0,0,492,3188245,3188736,4.92,rest
5503,16,3,18,5,347,3188737,3189083,3.47,active
5504,16,3,0,0,456,3189084,3189539,4.56,rest
5505,16,3,18,6,351,3189540,3189890,3.51,active
5506,16,3,0,0,467,3189891,3190357,4.67,rest
5507,16,3,18,7,319,3190358,3190676,3.19,active
5508,16,3,0,0,561,3190677,3191237,5.61,rest
5509,16,3,18,8,451,3191238,3191688,4.51,active
5510,16,3,0,0,370,3191689,3192058,3.7,rest
5511,16,3,18,9,373,3192059,3192431,3.73,active
5512,16,3,0,0,478,3192432,3192909,4.78,rest
5513,16,3,18,10,435,3192910,3193344,4.35,active
5514,16,3,0,0,1081,3193345,3194425,10.81,rest
5515,16,3,19,1,350,3194426,3194775,3.5,active
5516,16,3,0,0,428,3194776,3195203,4.28,rest
5517,16,3,19,2,383,3195204,3195586,3.83,active
5518,16,3,0,0,493,3195587,3196079,4.93,rest
5519,16,3,19,3,411,3196080,3196490,4.11,active
5520,16,3,0,0,424,3196491,3196914,4.24,rest
5521,16,3,19,4,453,3196915,3197367,4.53,active
5522,16,3,0,0,391,3197368,3197758,3.91,rest
5523,16,3,19,5,394,3197759,3198152,3.94,active
5524,16,3,0,0,421,3198153,3198573,4.21,rest
5525,16,3,19,6,408,3198574,3198981,4.08,active
5526,16,3,0,0,431,3198982,3199412,4.31,rest
5527,16,3,19,7,369,3199413,3199781,3.69,active
5528,16,3,0,0,645,3199782,3200426,6.45,rest
5529,16,3,19,8,384,3200427,3200810,3.84,active
5530,16,3,0,0,276,3200811,3201086,2.76,rest
5531,16,3,19,9,405,3201087,3201491,4.05,active
5532,16,3,0,0,423,3201492,3201914,4.23,rest
5533,16,3,19,10,469,3201915,3202383,4.69,active
5534,16,3,0,0,938,3202384,3203321,9.38,rest
5535,16,3,20,1,513,3203322,3203834,5.13,active
5536,16,3,0,0,282,3203835,3204116,2.82,rest
5537,16,3,20,2,385,3204117,3204501,3.85,active
5538,16,3,0,0,431,3204502,3204932,4.31,rest
5539,16,3,20,3,409,3204933,3205341,4.09,active
5540,16,3,0,0,416,3205342,3205757,4.16,rest
5541,16,3,20,4,427,3205758,3206184,4.27,active
5542,16,3,0,0,436,3206185,3206620,4.36,rest
5543,16,3,20,5,397,3206621,3207017,3.97,active
5544,16,3,0,0,427,3207018,3207444,4.27,rest
5545,16,3,20,6,401,3207445,3207845,4.01,active
5546,16,3,0,0,482,3207846,3208327,4.82,rest
5547,16,3,20,7,413,3208328,3208740,4.13,active
5548,16,3,0,0,377,3208741,3209117,3.77,rest
5549,16,3,20,8,491,3209118,3209608,4.91,active
5550,16,3,0,0,475,3209609,3210083,4.75,rest
5551,16,3,20,9,419,3210084,3210502,4.19,active
5552,16,3,0,0,487,3210503,3210989,4.87,rest
5553,16,3,20,10,254,3210990,3211243,2.54,active
5554,16,3,0,0,3912,3211244,3215155,39.12,rest
5555,16,3,21,1,292,3215156,3215447,2.92,active
5556,16,3,0,0,564,3215448,3216011,5.64,rest
5557,16,3,21,2,366,3216012,3216377,3.66,active
5558,16,3,0,0,407,3216378,3216784,4.07,rest
5559,16,3,21,3,396,3216785,3217180,3.96,active
5560,16,3,0,0,543,3217181,3217723,5.43,rest
5561,16,3,21,4,306,3217724,3218029,3.06,active
5562,16,3,0,0,457,3218030,3218486,4.57,rest
5563,16,3,21,5,391,3218487,3218877,3.91,active
5564,16,3,0,0,416,3218878,3219293,4.16,rest
5565,16,3,21,6,418,3219294,3219711,4.18,active
5566,16,3,0,0,513,3219712,3220224,5.13,rest
5567,16,3,21,7,291,3220225,3220515,2.91,active
5568,16,3,0,0,505,3220516,3221020,5.05,rest
5569,16,3,21,8,384,3221021,3221404,3.84,active
5570,16,3,0,0,499,3221405,3221903,4.99,rest
5571,16,3,21,9,352,3221904,3222255,3.52,active
5572,16,3,0,0,535,3222256,3222790,5.35,rest
5573,16,3,21,10,301,3222791,3223091,3.01,active
5574,16,3,0,0,2266,3223092,3225357,22.66,rest
5575,16,3,22,1,344,3225358,3225701,3.44,active
5576,16,3,0,0,501,3225702,3226202,5.01,rest
5577,16,3,22,2,332,3226203,3226534,3.32,active
5578,16,3,0,0,499,3226535,3227033,4.99,rest
5579,16,3,22,3,462,3227034,3227495,4.62,active
5580,16,3,0,0,361,3227496,3227856,3.61,rest
5581,16,3,22,4,375,3227857,3228231,3.75,active
5582,16,3,0,0,485,3228232,3228716,4.85,rest
5583,16,3,22,5,320,3228717,3229036,3.2,active
5584,16,3,0,0,449,3229037,3229485,4.49,rest
5585,16,3,22,6,367,3229486,3229852,3.67,active
5586,16,3,0,0,513,3229853,3230365,5.13,rest
5587,16,3,22,7,345,3230366,3230710,3.45,active
5588,16,3,0,0,459,3230711,3231169,4.59,rest
5589,16,3,22,8,432,3231170,3231601,4.32,active
5590,16,3,0,0,421,3231602,3232022,4.21,rest
5591,16,3,22,9,390,3232023,3232412,3.9,active
5592,16,3,0,0,410,3232413,3232822,4.1,rest
5593,16,3,22,10,437,3232823,3233259,4.37,active
5594,16,3,0,0,2038,3233260,3235297,20.38,rest
5595,16,3,23,1,527,3235298,3235824,5.27,active
5596,16,3,0,0,280,3235825,3236104,2.8,rest
5597,16,3,23,2,398,3236105,3236502,3.98,active
5598,16,3,0,0,475,3236503,3236977,4.75,rest
5599,16,3,23,3,412,3236978,3237389,4.12,active
5600,16,3,0,0,403,3237390,3237792,4.03,rest
5601,16,3,23,4,415,3237793,3238207,4.15,active
5602,16,3,0,0,457,3238208,3238664,4.57,rest
5603,16,3,23,5,428,3238665,3239092,4.28,active
5604,16,3,0,0,366,3239093,3239458,3.66,rest
5605,16,3,23,6,454,3239459,3239912,4.54,active
5606,16,3,0,0,380,3239913,3240292,3.8,rest
5607,16,3,23,7,365,3240293,3240657,3.65,active
5608,16,3,0,0,473,3240658,3241130,4.73,rest
5609,16,3,23,8,302,3241131,3241432,3.02,active
5610,16,3,0,0,596,3241433,3242028,5.96,rest
5611,16,3,23,9,486,3242029,3242514,4.86,active
5612,16,3,0,0,328,3242515,3242842,3.28,rest
5613,16,3,23,10,439,3242843,3243281,4.39,active
5614,16,3,0,0,227,3243282,3243508,2.27,rest
5615,17,2,0,0,401,3345184,3345584,4.01,rest
5616,17,2,1,1,319,3345585,3345903,3.19,active
5617,17,2,0,0,531,3345904,3346434,5.31,rest
5618,17,2,1,2,291,3346435,3346725,2.91,active
5619,17,2,0,0,547,3346726,3347272,5.47,rest
5620,17,2,1,3,321,3347273,3347593,3.21,active
5621,17,2,0,0,508,3347594,3348101,5.08,rest
5622,17,2,1,4,299,3348102,3348400,2.99,active
5623,17,2,0,0,533,3348401,3348933,5.33,rest
5624,17,2,1,5,324,3348934,3349257,3.24,active
5625,17,2,0,0,514,3349258,3349771,5.14,rest
5626,17,2,1,6,371,3349772,3350142,3.71,active
5627,17,2,0,0,499,3350143,3350641,4.99,rest
5628,17,2,1,7,325,3350642,3350966,3.25,active
5629,17,2,0,0,505,3350967,3351471,5.05,rest
5630,17,2,1,8,283,3351472,3351754,2.83,active
5631,17,2,0,0,582,3351755,3352336,5.82,rest
5632,17,2,1,9,279,3352337,3352615,2.79,active
5633,17,2,0,0,565,3352616,3353180,5.65,rest
5634,17,2,1,10,290,3353181,3353470,2.9,active
5635,17,2,0,0,578,3353471,3354048,5.78,rest
5636,17,2,2,1,234,3354049,3354282,2.34,active
5637,17,2,0,0,520,3354283,3354802,5.2,rest
5638,17,2,2,2,319,3354803,3355121,3.19,active
5639,17,2,0,0,545,3355122,3355666,5.45,rest
5640,17,2,2,3,365,3355667,3356031,3.65,active
5641,17,2,0,0,462,3356032,3356493,4.62,rest
5642,17,2,2,4,322,3356494,3356815,3.22,active
5643,17,2,0,0,539,3356816,3357354,5.39,rest
5644,17,2,2,5,296,3357355,3357650,2.96,active
5645,17,2,0,0,549,3357651,3358199,5.49,rest
5646,17,2,2,6,309,3358200,3358508,3.09,active
5647,17,2,0,0,528,3358509,3359036,5.28,rest
5648,17,2,2,7,277,3359037,3359313,2.77,active
5649,17,2,0,0,559,3359314,3359872,5.59,rest
5650,17,2,2,8,385,3359873,3360257,3.85,active
5651,17,2,0,0,454,3360258,3360711,4.54,rest
5652,17,2,2,9,406,3360712,3361117,4.06,active
5653,17,2,0,0,462,3361118,3361579,4.62,rest
5654,17,2,2,10,370,3361580,3361949,3.7,active
5655,17,2,0,0,476,3361950,3362425,4.76,rest
5656,17,2,3,1,287,3362426,3362712,2.87,active
5657,17,2,0,0,547,3362713,3363259,5.47,rest
5658,17,2,3,2,429,3363260,3363688,4.29,active
5659,17,2,0,0,388,3363689,3364076,3.88,rest
5660,17,2,3,3,424,3364077,3364500,4.24,active
5661,17,2,0,0,428,3364501,3364928,4.28,rest
5662,17,2,3,4,426,3364929,3365354,4.26,active
5663,17,2,0,0,433,3365355,3365787,4.33,rest
5664,17,2,3,5,389,3365788,3366176,3.89,active
5665,17,2,0,0,452,3366177,3366628,4.52,rest
5666,17,2,3,6,390,3366629,3367018,3.9,active
5667,17,2,0,0,460,3367019,3367478,4.6,rest
5668,17,2,3,7,413,3367479,3367891,4.13,active
5669,17,2,0,0,420,3367892,3368311,4.2,rest
5670,17,2,3,8,378,3368312,3368689,3.78,active
5671,17,2,0,0,466,3368690,3369155,4.66,rest
5672,17,2,3,9,346,3369156,3369501,3.46,active
5673,17,2,0,0,529,3369502,3370030,5.29,rest
5674,17,2,3,10,356,3370031,3370386,3.56,active
5675,17,2,0,0,618,3370387,3371004,6.18,rest
5676,17,2,4,1,310,3371005,3371314,3.1,active
5677,17,2,0,0,502,3371315,3371816,5.02,rest
5678,17,2,4,2,414,3371817,3372230,4.14,active
5679,17,2,0,0,451,3372231,3372681,4.51,rest
5680,17,2,4,3,446,3372682,3373127,4.46,active
5681,17,2,0,0,404,3373128,3373531,4.04,rest
5682,17,2,4,4,395,3373532,3373926,3.95,active
5683,17,2,0,0,427,3373927,3374353,4.27,rest
5684,17,2,4,5,390,3374354,3374743,3.9,active
5685,17,2,0,0,503,3374744,3375246,5.03,rest
5686,17,2,4,6,440,3375247,3375686,4.4,active
5687,17,2,0,0,404,3375687,3376090,4.04,rest
5688,17,2,4,7,375,3376091,3376465,3.75,active
5689,17,2,0,0,480,3376466,3376945,4.8,rest
5690,17,2,4,8,409,3376946,3377354,4.09,active
5691,17,2,0,0,435,3377355,3377789,4.35,rest
5692,17,2,4,9,425,3377790,3378214,4.25,active
5693,17,2,0,0,422,3378215,3378636,4.22,rest
5694,17,2,4,10,364,3378637,3379000,3.64,active
5695,17,2,0,0,537,3379001,3379537,5.37,rest
5696,17,2,5,1,246,3379538,3379783,2.46,active
5697,17,2,0,0,607,3379784,3380390,6.07,rest
5698,17,2,5,2,353,3380391,3380743,3.53,active
5699,17,2,0,0,521,3380744,3381264,5.21,rest
5700,17,2,5,3,316,3381265,3381580,3.16,active
5701,17,2,0,0,523,3381581,3382103,5.23,rest
5702,17,2,5,4,332,3382104,3382435,3.32,active
5703,17,2,0,0,527,3382436,3382962,5.27,rest
5704,17,2,5,5,281,3382963,3383243,2.81,active
5705,17,2,0,0,559,3383244,3383802,5.59,rest
5706,17,2,5,6,344,3383803,3384146,3.44,active
5707,17,2,0,0,506,3384147,3384652,5.06,rest
5708,17,2,5,7,291,3384653,3384943,2.91,active
5709,17,2,0,0,608,3384944,3385551,6.08,rest
5710,17,2,5,8,247,3385552,3385798,2.47,active
5711,17,2,0,0,567,3385799,3386365,5.67,rest
5712,17,2,5,9,350,3386366,3386715,3.5,active
5713,17,2,0,0,505,3386716,3387220,5.05,rest
5714,17,2,5,10,310,3387221,3387530,3.1,active
5715,17,2,0,0,559,3387531,3388089,5.59,rest
5716,17,2,6,1,282,3388090,3388371,2.82,active
5717,17,2,0,0,568,3388372,3388939,5.68,rest
5718,17,2,6,2,278,3388940,3389217,2.78,active
5719,17,2,0,0,550,3389218,3389767,5.5,rest
5720,17,2,6,3,265,3389768,3390032,2.65,active
5721,17,2,0,0,579,3390033,3390611,5.79,rest
5722,17,2,6,4,270,3390612,3390881,2.7,active
5723,17,2,0,0,588,3390882,3391469,5.88,rest
5724,17,2,6,5,243,3391470,3391712,2.43,active
5725,17,2,0,0,584,3391713,3392296,5.84,rest
5726,17,2,6,6,303,3392297,3392599,3.03,active
5727,17,2,0,0,551,3392600,3393150,5.51,rest
5728,17,2,6,7,264,3393151,3393414,2.64,active
5729,17,2,0,0,590,3393415,3394004,5.9,rest
5730,17,2,6,8,301,3394005,3394305,3.01,active
5731,17,2,0,0,529,3394306,3394834,5.29,rest
5732,17,2,6,9,346,3394835,3395180,3.46,active
5733,17,2,0,0,570,3395181,3395750,5.7,rest
5734,17,2,6,10,305,3395751,3396055,3.05,active
5735,17,2,0,0,677,3396056,3396732,6.77,rest
5736,17,2,7,1,422,3396733,3397154,4.22,active
5737,17,2,0,0,398,3397155,3397552,3.98,rest
5738,17,2,7,2,446,3397553,3397998,4.46,active
5739,17,2,0,0,323,3397999,3398321,3.23,rest
5740,17,2,7,3,392,3398322,3398713,3.92,active
5741,17,2,0,0,379,3398714,3399092,3.79,rest
5742,17,2,7,4,394,3399093,3399486,3.94,active
5743,17,2,0,0,537,3399487,3400023,5.37,rest
5744,17,2,7,5,306,3400024,3400329,3.06,active
5745,17,2,0,0,567,3400330,3400896,5.67,rest
5746,17,2,7,6,258,3400897,3401154,2.58,active
5747,17,2,0,0,563,3401155,3401717,5.63,rest
5748,17,2,7,7,297,3401718,3402014,2.97,active
5749,17,2,0,0,594,3402015,3402608,5.94,rest
5750,17,2,7,8,190,3402609,3402798,1.9,active
5751,17,2,0,0,524,3402799,3403322,5.24,rest
5752,17,2,7,9,421,3403323,3403743,4.21,active
5753,17,2,0,0,489,3403744,3404232,4.89,rest
5754,17,2,7,10,344,3404233,3404576,3.44,active
5755,17,2,0,0,512,3404577,3405088,5.12,rest
5756,17,2,8,1,409,3405089,3405497,4.09,active
5757,17,2,0,0,482,3405498,3405979,4.82,rest
5758,17,2,8,2,220,3405980,3406199,2.2,active
5759,17,2,0,0,613,3406200,3406812,6.13,rest
5760,17,2,8,3,232,3406813,3407044,2.32,active
5761,17,2,0,0,572,3407045,3407616,5.72,rest
5762,17,2,8,4,365,3407617,3407981,3.65,active
5763,17,2,0,0,494,3407982,3408475,4.94,rest
5764,17,2,8,5,353,3408476,3408828,3.53,active
5765,17,2,0,0,485,3408829,3409313,4.85,rest
5766,17,2,8,6,389,3409314,3409702,3.89,active
5767,17,2,0,0,434,3409703,3410136,4.34,rest
5768,17,2,8,7,394,3410137,3410530,3.94,active
5769,17,2,0,0,500,3410531,3411030,5.0,rest
5770,17,2,8,8,219,3411031,3411249,2.19,active
5771,17,2,0,0,625,3411250,3411874,6.25,rest
5772,17,2,8,9,334,3411875,3412208,3.34,active
5773,17,2,0,0,522,3412209,3412730,5.22,rest
5774,17,2,8,10,297,3412731,3413027,2.97,active
5775,17,2,0,0,594,3413028,3413621,5.94,rest
5776,17,2,9,1,399,3413622,3414020,3.99,active
5777,17,2,0,0,371,3414021,3414391,3.71,rest
5778,17,2,9,2,418,3414392,3414809,4.18,active
5779,17,2,0,0,476,3414810,3415285,4.76,rest
5780,17,2,9,3,310,3415286,3415595,3.1,active
5781,17,2,0,0,523,3415596,3416118,5.23,rest
5782,17,2,9,4,361,3416119,3416479,3.61,active
5783,17,2,0,0,484,3416480,3416963,4.84,rest
5784,17,2,9,5,384,3416964,3417347,3.84,active
5785,17,2,0,0,465,3417348,3417812,4.65,rest
5786,17,2,9,6,323,3417813,3418135,3.23,active
5787,17,2,0,0,501,3418136,3418636,5.01,rest
5788,17,2,9,7,345,3418637,3418981,3.45,active
5789,17,2,0,0,453,3418982,3419434,4.53,rest
5790,17,2,9,8,447,3419435,3419881,4.47,active
5791,17,2,0,0,474,3419882,3420355,4.74,rest
5792,17,2,9,9,310,3420356,3420665,3.1,active
5793,17,2,0,0,481,3420666,3421146,4.81,rest
5794,17,2,9,10,426,3421147,3421572,4.26,active
5795,17,2,0,0,431,3421573,3422003,4.31,rest
5796,17,2,10,1,440,3422004,3422443,4.4,active
5797,17,2,0,0,397,3422444,3422840,3.97,rest
5798,17,2,10,2,397,3422841,3423237,3.97,active
5799,17,2,0,0,433,3423238,3423670,4.33,rest
5800,17,2,10,3,421,3423671,3424091,4.21,active
5801,17,2,0,0,423,3424092,3424514,4.23,rest
5802,17,2,10,4,382,3424515,3424896,3.82,active
5803,17,2,0,0,434,3424897,3425330,4.34,rest
5804,17,2,10,5,399,3425331,3425729,3.99,active
5805,17,2,0,0,448,3425730,3426177,4.48,rest
5806,17,2,10,6,423,3426178,3426600,4.23,active
5807,17,2,0,0,423,3426601,3427023,4.23,rest
5808,17,2,10,7,414,3427024,3427437,4.14,active
5809,17,2,0,0,465,3427438,3427902,4.65,rest
5810,17,2,10,8,368,3427903,3428270,3.68,active
5811,17,2,0,0,460,3428271,3428730,4.6,rest
5812,17,2,10,9,367,3428731,3429097,3.67,active
5813,17,2,0,0,462,3429098,3429559,4.62,rest
5814,17,2,10,10,399,3429560,3429958,3.99,active
5815,17,2,0,0,464,3429959,3430422,4.64,rest
5816,17,2,11,1,409,3430423,3430831,4.09,active
5817,17,2,0,0,435,3430832,3431266,4.35,rest
5818,17,2,11,2,431,3431267,3431697,4.31,active
5819,17,2,0,0,384,3431698,3432081,3.84,rest
5820,17,2,11,3,419,3432082,3432500,4.19,active
5821,17,2,0,0,422,3432501,3432922,4.22,rest
5822,17,2,11,4,426,3432923,3433348,4.26,active
5823,17,2,0,0,437,3433349,3433785,4.37,rest
5824,17,2,11,5,407,3433786,3434192,4.07,active
5825,17,2,0,0,417,3434193,3434609,4.17,rest
5826,17,2,11,6,433,3434610,3435042,4.33,active
5827,17,2,0,0,409,3435043,3435451,4.09,rest
5828,17,2,11,7,438,3435452,3435889,4.38,active
5829,17,2,0,0,394,3435890,3436283,3.94,rest
5830,17,2,11,8,419,3436284,3436702,4.19,active
5831,17,2,0,0,416,3436703,3437118,4.16,rest
5832,17,2,11,9,418,3437119,3437536,4.18,active
5833,17,2,0,0,441,3437537,3437977,4.41,rest
5834,17,2,11,10,420,3437978,3438397,4.2,active
5835,17,2,0,0,440,3438398,3438837,4.4,rest
5836,17,2,12,1,446,3438838,3439283,4.46,active
5837,17,2,0,0,379,3439284,3439662,3.79,rest
5838,17,2,12,2,376,3439663,3440038,3.76,active
5839,17,2,0,0,488,3440039,3440526,4.88,rest
5840,17,2,12,3,349,3440527,3440875,3.49,active
5841,17,2,0,0,485,3440876,3441360,4.85,rest
5842,17,2,12,4,316,3441361,3441676,3.16,active
5843,17,2,0,0,517,3441677,3442193,5.17,rest
5844,17,2,12,5,390,3442194,3442583,3.9,active
5845,17,2,0,0,452,3442584,3443035,4.52,rest
5846,17,2,12,6,418,3443036,3443453,4.18,active
5847,17,2,0,0,441,3443454,3443894,4.41,rest
5848,17,2,12,7,388,3443895,3444282,3.88,active
5849,17,2,0,0,452,3444283,3444734,4.52,rest
5850,17,2,12,8,387,3444735,3445121,3.87,active
5851,17,2,0,0,463,3445122,3445584,4.63,rest
5852,17,2,12,9,315,3445585,3445899,3.15,active
5853,17,2,0,0,533,3445900,3446432,5.33,rest
5854,17,2,12,10,314,3446433,3446746,3.14,active
5855,17,2,0,0,551,3446747,3447297,5.51,rest
5856,17,2,13,1,391,3447298,3447688,3.91,active
5857,17,2,0,0,455,3447689,3448143,4.55,rest
5858,17,2,13,2,289,3448144,3448432,2.89,active
5859,17,2,0,0,546,3448433,3448978,5.46,rest
5860,17,2,13,3,295,3448979,3449273,2.95,active
5861,17,2,0,0,556,3449274,3449829,5.56,rest
5862,17,2,13,4,385,3449830,3450214,3.85,active
5863,17,2,0,0,448,3450215,3450662,4.48,rest
5864,17,2,13,5,300,3450663,3450962,3.0,active
5865,17,2,0,0,531,3450963,3451493,5.31,rest
5866,17,2,13,6,316,3451494,3451809,3.16,active
5867,17,2,0,0,529,3451810,3452338,5.29,rest
5868,17,2,13,7,427,3452339,3452765,4.27,active
5869,17,2,0,0,411,3452766,3453176,4.11,rest
5870,17,2,13,8,301,3453177,3453477,3.01,active
5871,17,2,0,0,568,3453478,3454045,5.68,rest
5872,17,2,13,9,333,3454046,3454378,3.33,active
5873,17,2,0,0,537,3454379,3454915,5.37,rest
5874,17,2,13,10,268,3454916,3455183,2.68,active
5875,17,2,0,0,577,3455184,3455760,5.77,rest
5876,17,2,14,1,298,3455761,3456058,2.98,active
5877,17,2,0,0,525,3456059,3456583,5.25,rest
5878,17,2,14,2,266,3456584,3456849,2.66,active
5879,17,2,0,0,584,3456850,3457433,5.84,rest
5880,17,2,14,3,271,3457434,3457704,2.71,active
5881,17,2,0,0,579,3457705,3458283,5.79,rest
5882,17,2,14,4,384,3458284,3458667,3.84,active
5883,17,2,0,0,481,3458668,3459148,4.81,rest
5884,17,2,14,5,373,3459149,3459521,3.73,active
5885,17,2,0,0,450,3459522,3459971,4.5,rest
5886,17,2,14,6,385,3459972,3460356,3.85,active
5887,17,2,0,0,441,3460357,3460797,4.41,rest
5888,17,2,14,7,419,3460798,3461216,4.19,active
5889,17,2,0,0,456,3461217,3461672,4.56,rest
5890,17,2,14,8,232,3461673,3461904,2.32,active
5891,17,2,0,0,608,3461905,3462512,6.08,rest
5892,17,2,14,9,422,3462513,3462934,4.22,active
5893,17,2,0,0,433,3462935,3463367,4.33,rest
5894,17,2,14,10,396,3463368,3463763,3.96,active
5895,17,2,0,0,498,3463764,3464261,4.98,rest
5896,17,2,15,1,269,3464262,3464530,2.69,active
5897,17,2,0,0,553,3464531,3465083,5.53,rest
5898,17,2,15,2,317,3465084,3465400,3.17,active
5899,17,2,0,0,502,3465401,3465902,5.02,rest
5900,17,2,15,3,320,3465903,3466222,3.2,active
5901,17,2,0,0,515,3466223,3466737,5.15,rest
5902,17,2,15,4,300,3466738,3467037,3.0,active
5903,17,2,0,0,580,3467038,3467617,5.8,rest
5904,17,2,15,5,297,3467618,3467914,2.97,active
5905,17,2,0,0,503,3467915,3468417,5.03,rest
5906,17,2,15,6,345,3468418,3468762,3.45,active
5907,17,2,0,0,527,3468763,3469289,5.27,rest
5908,17,2,15,7,303,3469290,3469592,3.03,active
5909,17,2,0,0,517,3469593,3470109,5.17,rest
5910,17,2,15,8,329,3470110,3470438,3.29,active
5911,17,2,0,0,547,3470439,3470985,5.47,rest
5912,17,2,15,9,299,3470986,3471284,2.99,active
5913,17,2,0,0,541,3471285,3471825,5.41,rest
5914,17,2,15,10,258,3471826,3472083,2.58,active
5915,17,2,0,0,637,3472084,3472720,6.37,rest
5916,17,2,16,1,387,3472721,3473107,3.87,active
5917,17,2,0,0,451,3473108,3473558,4.51,rest
5918,17,2,16,2,369,3473559,3473927,3.69,active
5919,17,2,0,0,457,3473928,3474384,4.57,rest
5920,17,2,16,3,390,3474385,3474774,3.9,active
5921,17,2,0,0,419,3474775,3475193,4.19,rest
5922,17,2,16,4,458,3475194,3475651,4.58,active
5923,17,2,0,0,443,3475652,3476094,4.43,rest
5924,17,2,16,5,385,3476095,3476479,3.85,active
5925,17,2,0,0,395,3476480,3476874,3.95,rest
5926,17,2,16,6,427,3476875,3477301,4.27,active
5927,17,2,0,0,391,3477302,3477692,3.91,rest
5928,17,2,16,7,443,3477693,3478135,4.43,active
5929,17,2,0,0,419,3478136,3478554,4.19,rest
5930,17,2,16,8,439,3478555,3478993,4.39,active
5931,17,2,0,0,419,3478994,3479412,4.19,rest
5932,17,2,16,9,420,3479413,3479832,4.2,active
5933,17,2,0,0,379,3479833,3480211,3.79,rest
5934,17,2,16,10,444,3480212,3480655,4.44,active
5935,17,2,0,0,448,3480656,3481103,4.48,rest
5936,17,2,17,1,463,3481104,3481566,4.63,active
5937,17,2,0,0,371,3481567,3481937,3.71,rest
5938,17,2,17,2,456,3481938,3482393,4.56,active
5939,17,2,0,0,393,3482394,3482786,3.93,rest
5940,17,2,17,3,442,3482787,3483228,4.42,active
5941,17,2,0,0,435,3483229,3483663,4.35,rest
5942,17,2,17,4,392,3483664,3484055,3.92,active
5943,17,2,0,0,417,3484056,3484472,4.17,rest
5944,17,2,17,5,445,3484473,3484917,4.45,active
5945,17,2,0,0,415,3484918,3485332,4.15,rest
5946,17,2,17,6,414,3485333,3485746,4.14,active
5947,17,2,0,0,438,3485747,3486184,4.38,rest
5948,17,2,17,7,321,3486185,3486505,3.21,active
5949,17,2,0,0,479,3486506,3486984,4.79,rest
5950,17,2,17,8,444,3486985,3487428,4.44,active
5951,17,2,0,0,470,3487429,3487898,4.7,rest
5952,17,2,17,9,316,3487899,3488214,3.16,active
5953,17,2,0,0,477,3488215,3488691,4.77,rest
5954,17,2,17,10,462,3488692,3489153,4.62,active
5955,17,2,0,0,363,3489154,3489516,3.63,rest
5956,17,3,0,0,437,3489517,3489953,4.37,rest
5957,17,3,1,1,285,3489954,3490238,2.85,active
5958,17,3,0,0,512,3490239,3490750,5.12,rest
5959,17,3,1,2,395,3490751,3491145,3.95,active
5960,17,3,0,0,426,3491146,3491571,4.26,rest
5961,17,3,1,3,405,3491572,3491976,4.05,active
5962,17,3,0,0,425,3491977,3492401,4.25,rest
5963,17,3,1,4,414,3492402,3492815,4.14,active
5964,17,3,0,0,482,3492816,3493297,4.82,rest
5965,17,3,1,5,353,3493298,3493650,3.53,active
5966,17,3,0,0,433,3493651,3494083,4.33,rest
5967,17,3,1,6,439,3494084,3494522,4.39,active
5968,17,3,0,0,440,3494523,3494962,4.4,rest
5969,17,3,1,7,251,3494963,3495213,2.51,active
5970,17,3,0,0,550,3495214,3495763,5.5,rest
5971,17,3,1,8,331,3495764,3496094,3.31,active
5972,17,3,0,0,529,3496095,3496623,5.29,rest
5973,17,3,1,9,361,3496624,3496984,3.61,active
5974,17,3,0,0,449,3496985,3497433,4.49,rest
5975,17,3,1,10,352,3497434,3497785,3.52,active
5976,17,3,0,0,2062,3497786,3499847,20.62,rest
5977,17,3,2,1,412,3499848,3500259,4.12,active
5978,17,3,0,0,451,3500260,3500710,4.51,rest
5979,17,3,2,2,413,3500711,3501123,4.13,active
5980,17,3,0,0,488,3501124,3501611,4.88,rest
5981,17,3,2,3,243,3501612,3501854,2.43,active
5982,17,3,0,0,500,3501855,3502354,5.0,rest
5983,17,3,2,4,406,3502355,3502760,4.06,active
5984,17,3,0,0,431,3502761,3503191,4.31,rest
5985,17,3,2,5,396,3503192,3503587,3.96,active
5986,17,3,0,0,468,3503588,3504055,4.68,rest
5987,17,3,2,6,357,3504056,3504412,3.57,active
5988,17,3,0,0,564,3504413,3504976,5.64,rest
5989,17,3,2,7,281,3504977,3505257,2.81,active
5990,17,3,0,0,547,3505258,3505804,5.47,rest
5991,17,3,2,8,313,3505805,3506117,3.13,active
5992,17,3,0,0,557,3506118,3506674,5.57,rest
5993,17,3,2,9,307,3506675,3506981,3.07,active
5994,17,3,0,0,484,3506982,3507465,4.84,rest
5995,17,3,2,10,357,3507466,3507822,3.57,active
5996,17,3,0,0,582,3507823,3508404,5.82,rest
5997,17,3,3,1,336,3508405,3508740,3.36,active
5998,17,3,0,0,426,3508741,3509166,4.26,rest
5999,17,3,3,2,377,3509167,3509543,3.77,active
6000,17,3,0,0,527,3509544,3510070,5.27,rest
6001,17,3,3,3,322,3510071,3510392,3.22,active
6002,17,3,0,0,520,3510393,3510912,5.2,rest
6003,17,3,3,4,305,3510913,3511217,3.05,active
6004,17,3,0,0,527,3511218,3511744,5.27,rest
6005,17,3,3,5,307,3511745,3512051,3.07,active
6006,17,3,0,0,551,3512052,3512602,5.51,rest
6007,17,3,3,6,523,3512603,3513125,5.23,active
6008,17,3,0,0,266,3513126,3513391,2.66,rest
6009,17,3,3,7,460,3513392,3513851,4.6,active
6010,17,3,0,0,427,3513852,3514278,4.27,rest
6011,17,3,3,8,362,3514279,3514640,3.62,active
6012,17,3,0,0,438,3514641,3515078,4.38,rest
6013,17,3,3,9,337,3515079,3515415,3.37,active
6014,17,3,0,0,558,3515416,3515973,5.58,rest
6015,17,3,3,10,324,3515974,3516297,3.24,active
6016,17,3,0,0,1903,3516298,3518200,19.03,rest
6017,17,3,4,1,313,3518201,3518513,3.13,active
6018,17,3,0,0,479,3518514,3518992,4.79,rest
6019,17,3,4,2,461,3518993,3519453,4.61,active
6020,17,3,0,0,394,3519454,3519847,3.94,rest
6021,17,3,4,3,390,3519848,3520237,3.9,active
6022,17,3,0,0,455,3520238,3520692,4.55,rest
6023,17,3,4,4,233,3520693,3520925,2.33,active
6024,17,3,0,0,588,3520926,3521513,5.88,rest
6025,17,3,4,5,386,3521514,3521899,3.86,active
6026,17,3,0,0,442,3521900,3522341,4.42,rest
6027,17,3,4,6,344,3522342,3522685,3.44,active
6028,17,3,0,0,533,3522686,3523218,5.33,rest
6029,17,3,4,7,312,3523219,3523530,3.12,active
6030,17,3,0,0,532,3523531,3524062,5.32,rest
6031,17,3,4,8,310,3524063,3524372,3.1,active
6032,17,3,0,0,529,3524373,3524901,5.29,rest
6033,17,3,4,9,317,3524902,3525218,3.17,active
6034,17,3,0,0,531,3525219,3525749,5.31,rest
6035,17,3,4,10,353,3525750,3526102,3.53,active
6036,17,3,0,0,1477,3526103,3527579,14.77,rest
6037,17,3,5,1,361,3527580,3527940,3.61,active
6038,17,3,0,0,461,3527941,3528401,4.61,rest
6039,17,3,5,2,399,3528402,3528800,3.99,active
6040,17,3,0,0,458,3528801,3529258,4.58,rest
6041,17,3,5,3,375,3529259,3529633,3.75,active
6042,17,3,0,0,414,3529634,3530047,4.14,rest
6043,17,3,5,4,403,3530048,3530450,4.03,active
6044,17,3,0,0,496,3530451,3530946,4.96,rest
6045,17,3,5,5,359,3530947,3531305,3.59,active
6046,17,3,0,0,450,3531306,3531755,4.5,rest
6047,17,3,5,6,342,3531756,3532097,3.42,active
6048,17,3,0,0,479,3532098,3532576,4.79,rest
6049,17,3,5,7,370,3532577,3532946,3.7,active
6050,17,3,0,0,530,3532947,3533476,5.3,rest
6051,17,3,5,8,326,3533477,3533802,3.26,active
6052,17,3,0,0,483,3533803,3534285,4.83,rest
6053,17,3,5,9,369,3534286,3534654,3.69,active
6054,17,3,0,0,478,3534655,3535132,4.78,rest
6055,17,3,5,10,347,3535133,3535479,3.47,active
6056,17,3,0,0,1863,3535480,3537342,18.63,rest
6057,17,3,6,1,451,3537343,3537793,4.51,active
6058,17,3,0,0,345,3537794,3538138,3.45,rest
6059,17,3,6,2,306,3538139,3538444,3.06,active
6060,17,3,0,0,532,3538445,3538976,5.32,rest
6061,17,3,6,3,321,3538977,3539297,3.21,active
6062,17,3,0,0,516,3539298,3539813,5.16,rest
6063,17,3,6,4,436,3539814,3540249,4.36,active
6064,17,3,0,0,421,3540250,3540670,4.21,rest
6065,17,3,6,5,268,3540671,3540938,2.68,active
6066,17,3,0,0,542,3540939,3541480,5.42,rest
6067,17,3,6,6,425,3541481,3541905,4.25,active
6068,17,3,0,0,501,3541906,3542406,5.01,rest
6069,17,3,6,7,465,3542407,3542871,4.65,active
6070,17,3,0,0,326,3542872,3543197,3.26,rest
6071,17,3,6,8,368,3543198,3543565,3.68,active
6072,17,3,0,0,475,3543566,3544040,4.75,rest
6073,17,3,6,9,412,3544041,3544452,4.12,active
6074,17,3,0,0,450,3544453,3544902,4.5,rest
6075,17,3,6,10,296,3544903,3545198,2.96,active
6076,17,3,0,0,1192,3545199,3546390,11.92,rest
6077,17,3,7,1,372,3546391,3546762,3.72,active
6078,17,3,0,0,497,3546763,3547259,4.97,rest
6079,17,3,7,2,330,3547260,3547589,3.3,active
6080,17,3,0,0,462,3547590,3548051,4.62,rest
6081,17,3,7,3,359,3548052,3548410,3.59,active
6082,17,3,0,0,492,3548411,3548902,4.92,rest
6083,17,3,7,4,378,3548903,3549280,3.78,active
6084,17,3,0,0,525,3549281,3549805,5.25,rest
6085,17,3,7,5,387,3549806,3550192,3.87,active
6086,17,3,0,0,415,3550193,3550607,4.15,rest
6087,17,3,7,6,333,3550608,3550940,3.33,active
6088,17,3,0,0,532,3550941,3551472,5.32,rest
6089,17,3,7,7,360,3551473,3551832,3.6,active
6090,17,3,0,0,501,3551833,3552333,5.01,rest
6091,17,3,7,8,316,3552334,3552649,3.16,active
6092,17,3,0,0,473,3552650,3553122,4.73,rest
6093,17,3,7,9,362,3553123,3553484,3.62,active
6094,17,3,0,0,494,3553485,3553978,4.94,rest
6095,17,3,7,10,338,3553979,3554316,3.38,active
6096,17,3,0,0,1239,3554317,3555555,12.39,rest
6097,17,3,8,1,364,3555556,3555919,3.64,active
6098,17,3,0,0,483,3555920,3556402,4.83,rest
6099,17,3,8,2,446,3556403,3556848,4.46,active
6100,17,3,0,0,412,3556849,3557260,4.12,rest
6101,17,3,8,3,362,3557261,3557622,3.62,active
6102,17,3,0,0,438,3557623,3558060,4.38,rest
6103,17,3,8,4,390,3558061,3558450,3.9,active
6104,17,3,0,0,472,3558451,3558922,4.72,rest
6105,17,3,8,5,329,3558923,3559251,3.29,active
6106,17,3,0,0,514,3559252,3559765,5.14,rest
6107,17,3,8,6,320,3559766,3560085,3.2,active
6108,17,3,0,0,538,3560086,3560623,5.38,rest
6109,17,3,8,7,347,3560624,3560970,3.47,active
6110,17,3,0,0,463,3560971,3561433,4.63,rest
6111,17,3,8,8,345,3561434,3561778,3.45,active
6112,17,3,0,0,526,3561779,3562304,5.26,rest
6113,17,3,8,9,342,3562305,3562646,3.42,active
6114,17,3,0,0,475,3562647,3563121,4.75,rest
6115,17,3,8,10,395,3563122,3563516,3.95,active
6116,17,3,0,0,985,3563517,3564501,9.85,rest
6117,17,3,9,1,291,3564502,3564792,2.91,active
6118,17,3,0,0,487,3564793,3565279,4.87,rest
6119,17,3,9,2,371,3565280,3565650,3.71,active
6120,17,3,0,0,452,3565651,3566102,4.52,rest
6121,17,3,9,3,373,3566103,3566475,3.73,active
6122,17,3,0,0,463,3566476,3566938,4.63,rest
6123,17,3,9,4,408,3566939,3567346,4.08,active
6124,17,3,0,0,436,3567347,3567782,4.36,rest
6125,17,3,9,5,354,3567783,3568136,3.54,active
6126,17,3,0,0,517,3568137,3568653,5.17,rest
6127,17,3,9,6,324,3568654,3568977,3.24,active
6128,17,3,0,0,498,3568978,3569475,4.98,rest
6129,17,3,9,7,384,3569476,3569859,3.84,active
6130,17,3,0,0,471,3569860,3570330,4.71,rest
6131,17,3,9,8,357,3570331,3570687,3.57,active
6132,17,3,0,0,525,3570688,3571212,5.25,rest
6133,17,3,9,9,362,3571213,3571574,3.62,active
6134,17,3,0,0,503,3571575,3572077,5.03,rest
6135,17,3,9,10,353,3572078,3572430,3.53,active
6136,17,3,0,0,3489,3572431,3575919,34.89,rest
6137,17,3,10,1,307,3575920,3576226,3.07,active
6138,17,3,0,0,485,3576227,3576711,4.85,rest
6139,17,3,10,2,418,3576712,3577129,4.18,active
6140,17,3,0,0,481,3577130,3577610,4.81,rest
6141,17,3,10,3,363,3577611,3577973,3.63,active
6142,17,3,0,0,498,3577974,3578471,4.98,rest
6143,17,3,10,4,251,3578472,3578722,2.51,active
6144,17,3,0,0,603,3578723,3579325,6.03,rest
6145,17,3,10,5,278,3579326,3579603,2.78,active
6146,17,3,0,0,545,3579604,3580148,5.45,rest
6147,17,3,10,6,350,3580149,3580498,3.5,active
6148,17,3,0,0,510,3580499,3581008,5.1,rest
6149,17,3,10,7,230,3581009,3581238,2.3,active
6150,17,3,0,0,545,3581239,3581783,5.45,rest
6151,17,3,10,8,453,3581784,3582236,4.53,active
6152,17,3,0,0,449,3582237,3582685,4.49,rest
6153,17,3,10,9,260,3582686,3582945,2.6,active
6154,17,3,0,0,596,3582946,3583541,5.96,rest
6155,17,3,10,10,244,3583542,3583785,2.44,active
6156,17,3,0,0,856,3583786,3584641,8.56,rest
6157,17,3,11,1,344,3584642,3584985,3.44,active
6158,17,3,0,0,425,3584986,3585410,4.25,rest
6159,17,3,11,2,335,3585411,3585745,3.35,active
6160,17,3,0,0,520,3585746,3586265,5.2,rest
6161,17,3,11,3,356,3586266,3586621,3.56,active
6162,17,3,0,0,475,3586622,3587096,4.75,rest
6163,17,3,11,4,382,3587097,3587478,3.82,active
6164,17,3,0,0,457,3587479,3587935,4.57,rest
6165,17,3,11,5,328,3587936,3588263,3.28,active
6166,17,3,0,0,512,3588264,3588775,5.12,rest
6167,17,3,11,6,338,3588776,3589113,3.38,active
6168,17,3,0,0,564,3589114,3589677,5.64,rest
6169,17,3,11,7,369,3589678,3590046,3.69,active
6170,17,3,0,0,431,3590047,3590477,4.31,rest
6171,17,3,11,8,395,3590478,3590872,3.95,active
6172,17,3,0,0,447,3590873,3591319,4.47,rest
6173,17,3,11,9,334,3591320,3591653,3.34,active
6174,17,3,0,0,505,3591654,3592158,5.05,rest
6175,17,3,11,10,423,3592159,3592581,4.23,active
6176,17,3,0,0,1545,3592582,3594126,15.45,rest
6177,17,3,12,1,402,3594127,3594528,4.02,active
6178,17,3,0,0,351,3594529,3594879,3.51,rest
6179,17,3,12,2,323,3594880,3595202,3.23,active
6180,17,3,0,0,498,3595203,3595700,4.98,rest
6181,17,3,12,3,348,3595701,3596048,3.48,active
6182,17,3,0,0,504,3596049,3596552,5.04,rest
6183,17,3,12,4,414,3596553,3596966,4.14,active
6184,17,3,0,0,434,3596967,3597400,4.34,rest
6185,17,3,12,5,414,3597401,3597814,4.14,active
6186,17,3,0,0,407,3597815,3598221,4.07,rest
6187,17,3,12,6,443,3598222,3598664,4.43,active
6188,17,3,0,0,385,3598665,3599049,3.85,rest
6189,17,3,12,7,452,3599050,3599501,4.52,active
6190,17,3,0,0,435,3599502,3599936,4.35,rest
6191,17,3,12,8,392,3599937,3600328,3.92,active
6192,17,3,0,0,424,3600329,3600752,4.24,rest
6193,17,3,12,9,453,3600753,3601205,4.53,active
6194,17,3,0,0,478,3601206,3601683,4.78,rest
6195,17,3,12,10,346,3601684,3602029,3.46,active
6196,17,3,0,0,875,3602030,3602904,8.75,rest
6197,17,3,13,1,323,3602905,3603227,3.23,active
6198,17,3,0,0,383,3603228,3603610,3.83,rest
6199,17,3,13,2,349,3603611,3603959,3.49,active
6200,17,3,0,0,479,3603960,3604438,4.79,rest
6201,17,3,13,3,410,3604439,3604848,4.1,active
6202,17,3,0,0,448,3604849,3605296,4.48,rest
6203,17,3,13,4,416,3605297,3605712,4.16,active
6204,17,3,0,0,483,3605713,3606195,4.83,rest
6205,17,3,13,5,377,3606196,3606572,3.77,active
6206,17,3,0,0,424,3606573,3606996,4.24,rest
6207,17,3,13,6,462,3606997,3607458,4.62,active
6208,17,3,0,0,388,3607459,3607846,3.88,rest
6209,17,3,13,7,411,3607847,3608257,4.11,active
6210,17,3,0,0,470,3608258,3608727,4.7,rest
6211,17,3,13,8,360,3608728,3609087,3.6,active
6212,17,3,0,0,478,3609088,3609565,4.78,rest
6213,17,3,13,9,360,3609566,3609925,3.6,active
6214,17,3,0,0,453,3609926,3610378,4.53,rest
6215,17,3,13,10,463,3610379,3610841,4.63,active
6216,17,3,0,0,1246,3610842,3612087,12.46,rest
6217,17,3,14,1,524,3612088,3612611,5.24,active
6218,17,3,0,0,364,3612612,3612975,3.64,rest
6219,17,3,14,2,401,3612976,3613376,4.01,active
6220,17,3,0,0,460,3613377,3613836,4.6,rest
6221,17,3,14,3,446,3613837,3614282,4.46,active
6222,17,3,0,0,346,3614283,3614628,3.46,rest
6223,17,3,14,4,473,3614629,3615101,4.73,active
6224,17,3,0,0,399,3615102,3615500,3.99,rest
6225,17,3,14,5,489,3615501,3615989,4.89,active
6226,17,3,0,0,364,3615990,3616353,3.64,rest
6227,17,3,14,6,412,3616354,3616765,4.12,active
6228,17,3,0,0,433,3616766,3617198,4.33,rest
6229,17,3,14,7,342,3617199,3617540,3.42,active
6230,17,3,0,0,479,3617541,3618019,4.79,rest
6231,17,3,14,8,442,3618020,3618461,4.42,active
6232,17,3,0,0,432,3618462,3618893,4.32,rest
6233,17,3,14,9,488,3618894,3619381,4.88,active
6234,17,3,0,0,722,3619382,3620103,7.22,rest
6235,17,3,14,10,194,3620104,3620297,1.94,active
6236,17,3,0,0,987,3620298,3621284,9.87,rest
6237,17,3,15,1,470,3621285,3621754,4.7,active
6238,17,3,0,0,393,3621755,3622147,3.93,rest
6239,17,3,15,2,453,3622148,3622600,4.53,active
6240,17,3,0,0,373,3622601,3622973,3.73,rest
6241,17,3,15,3,463,3622974,3623436,4.63,active
6242,17,3,0,0,383,3623437,3623819,3.83,rest
6243,17,3,15,4,413,3623820,3624232,4.13,active
6244,17,3,0,0,428,3624233,3624660,4.28,rest
6245,17,3,15,5,471,3624661,3625131,4.71,active
6246,17,3,0,0,387,3625132,3625518,3.87,rest
6247,17,3,15,6,436,3625519,3625954,4.36,active
6248,17,3,0,0,394,3625955,3626348,3.94,rest
6249,17,3,15,7,431,3626349,3626779,4.31,active
6250,17,3,0,0,425,3626780,3627204,4.25,rest
6251,17,3,15,8,500,3627205,3627704,5.0,active
6252,17,3,0,0,341,3627705,3628045,3.41,rest
6253,17,3,15,9,434,3628046,3628479,4.34,active
6254,17,3,0,0,418,3628480,3628897,4.18,rest
6255,17,3,15,10,346,3628898,3629243,3.46,active
6256,17,3,0,0,1435,3629244,3630678,14.35,rest
6257,17,3,16,1,298,3630679,3630976,2.98,active
6258,17,3,0,0,492,3630977,3631468,4.92,rest
6259,17,3,16,2,416,3631469,3631884,4.16,active
6260,17,3,0,0,436,3631885,3632320,4.36,rest
6261,17,3,16,3,435,3632321,3632755,4.35,active
6262,17,3,0,0,411,3632756,3633166,4.11,rest
6263,17,3,16,4,428,3633167,3633594,4.28,active
6264,17,3,0,0,401,3633595,3633995,4.01,rest
6265,17,3,16,5,409,3633996,3634404,4.09,active
6266,17,3,0,0,437,3634405,3634841,4.37,rest
6267,17,3,16,6,488,3634842,3635329,4.88,active
6268,17,3,0,0,379,3635330,3635708,3.79,rest
6269,17,3,16,7,399,3635709,3636107,3.99,active
6270,17,3,0,0,432,3636108,3636539,4.32,rest
6271,17,3,16,8,407,3636540,3636946,4.07,active
6272,17,3,0,0,450,3636947,3637396,4.5,rest
6273,17,3,16,9,412,3637397,3637808,4.12,active
6274,17,3,0,0,421,3637809,3638229,4.21,rest
6275,17,3,16,10,345,3638230,3638574,3.45,active
6276,17,3,0,0,2220,3638575,3640794,22.2,rest
6277,17,3,17,1,381,3640795,3641175,3.81,active
6278,17,3,0,0,372,3641176,3641547,3.72,rest
6279,17,3,17,2,445,3641548,3641992,4.45,active
6280,17,3,0,0,396,3641993,3642388,3.96,rest
6281,17,3,17,3,506,3642389,3642894,5.06,active
6282,17,3,0,0,365,3642895,3643259,3.65,rest
6283,17,3,17,4,439,3643260,3643698,4.39,active
6284,17,3,0,0,395,3643699,3644093,3.95,rest
6285,17,3,17,5,495,3644094,3644588,4.95,active
6286,17,3,0,0,376,3644589,3644964,3.76,rest
6287,17,3,17,6,409,3644965,3645373,4.09,active
6288,17,3,0,0,409,3645374,3645782,4.09,rest
6289,17,3,17,7,443,3645783,3646225,4.43,active
6290,17,3,0,0,419,3646226,3646644,4.19,rest
6291,17,3,17,8,409,3646645,3647053,4.09,active
6292,17,3,0,0,429,3647054,3647482,4.29,rest
6293,17,3,17,9,406,3647483,3647888,4.06,active
6294,17,3,0,0,423,3647889,3648311,4.23,rest
6295,17,3,17,10,432,3648312,3648743,4.32,active
6296,17,3,0,0,1524,3648744,3650267,15.24,rest
6297,17,3,18,1,377,3650268,3650644,3.77,active
6298,17,3,0,0,389,3650645,3651033,3.89,rest
6299,17,3,18,2,418,3651034,3651451,4.18,active
6300,17,3,0,0,407,3651452,3651858,4.07,rest
6301,17,3,18,3,459,3651859,3652317,4.59,active
6302,17,3,0,0,366,3652318,3652683,3.66,rest
6303,17,3,18,4,498,3652684,3653181,4.98,active
6304,17,3,0,0,371,3653182,3653552,3.71,rest
6305,17,3,18,5,431,3653553,3653983,4.31,active
6306,17,3,0,0,421,3653984,3654404,4.21,rest
6307,17,3,18,6,415,3654405,3654819,4.15,active
6308,17,3,0,0,402,3654820,3655221,4.02,rest
6309,17,3,18,7,452,3655222,3655673,4.52,active
6310,17,3,0,0,404,3655674,3656077,4.04,rest
6311,17,3,18,8,420,3656078,3656497,4.2,active
6312,17,3,0,0,481,3656498,3656978,4.81,rest
6313,17,3,18,9,379,3656979,3657357,3.79,active
6314,17,3,0,0,434,3657358,3657791,4.34,rest
6315,17,3,18,10,402,3657792,3658193,4.02,active
6316,17,3,0,0,1380,3658194,3659573,13.8,rest
6317,17,3,19,1,432,3659574,3660005,4.32,active
6318,17,3,0,0,460,3660006,3660465,4.6,rest
6319,17,3,19,2,371,3660466,3660836,3.71,active
6320,17,3,0,0,443,3660837,3661279,4.43,rest
6321,17,3,19,3,455,3661280,3661734,4.55,active
6322,17,3,0,0,376,3661735,3662110,3.76,rest
6323,17,3,19,4,404,3662111,3662514,4.04,active
6324,17,3,0,0,449,3662515,3662963,4.49,rest
6325,17,3,19,5,386,3662964,3663349,3.86,active
6326,17,3,0,0,485,3663350,3663834,4.85,rest
6327,17,3,19,6,374,3663835,3664208,3.74,active
6328,17,3,0,0,450,3664209,3664658,4.5,rest
6329,17,3,19,7,443,3664659,3665101,4.43,active
6330,17,3,0,0,411,3665102,3665512,4.11,rest
6331,17,3,19,8,429,3665513,3665941,4.29,active
6332,17,3,0,0,394,3665942,3666335,3.94,rest
6333,17,3,19,9,437,3666336,3666772,4.37,active
6334,17,3,0,0,409,3666773,3667181,4.09,rest
6335,17,3,19,10,471,3667182,3667652,4.71,active
6336,17,3,0,0,1132,3667653,3668784,11.32,rest
6337,17,3,20,1,427,3668785,3669211,4.27,active
6338,17,3,0,0,335,3669212,3669546,3.35,rest
6339,17,3,20,2,500,3669547,3670046,5.0,active
6340,17,3,0,0,361,3670047,3670407,3.61,rest
6341,17,3,20,3,470,3670408,3670877,4.7,active
6342,17,3,0,0,352,3670878,3671229,3.52,rest
6343,17,3,20,4,442,3671230,3671671,4.42,active
6344,17,3,0,0,413,3671672,3672084,4.13,rest
6345,17,3,20,5,357,3672085,3672441,3.57,active
6346,17,3,0,0,486,3672442,3672927,4.86,rest
6347,17,3,20,6,424,3672928,3673351,4.24,active
6348,17,3,0,0,417,3673352,3673768,4.17,rest
6349,17,3,20,7,391,3673769,3674159,3.91,active
6350,17,3,0,0,498,3674160,3674657,4.98,rest
6351,17,3,20,8,382,3674658,3675039,3.82,active
6352,17,3,0,0,445,3675040,3675484,4.45,rest
6353,17,3,20,9,374,3675485,3675858,3.74,active
6354,17,3,0,0,468,3675859,3676326,4.68,rest
6355,17,3,20,10,428,3676327,3676754,4.28,active
6356,17,3,0,0,6849,3676755,3683603,68.49,rest
6357,17,3,21,1,277,3683604,3683880,2.77,active
6358,17,3,0,0,437,3683881,3684317,4.37,rest
6359,17,3,21,2,422,3684318,3684739,4.22,active
6360,17,3,0,0,505,3684740,3685244,5.05,rest
6361,17,3,21,3,255,3685245,3685499,2.55,active
6362,17,3,0,0,531,3685500,3686030,5.31,rest
6363,17,3,21,4,406,3686031,3686436,4.06,active
6364,17,3,0,0,470,3686437,3686906,4.7,rest
6365,17,3,21,5,297,3686907,3687203,2.97,active
6366,17,3,0,0,530,3687204,3687733,5.3,rest
6367,17,3,21,6,452,3687734,3688185,4.52,active
6368,17,3,0,0,436,3688186,3688621,4.36,rest
6369,17,3,21,7,366,3688622,3688987,3.66,active
6370,17,3,0,0,474,3688988,3689461,4.74,rest
6371,17,3,21,8,318,3689462,3689779,3.18,active
6372,17,3,0,0,449,3689780,3690228,4.49,rest
6373,17,3,21,9,377,3690229,3690605,3.77,active
6374,17,3,0,0,544,3690606,3691149,5.44,rest
6375,17,3,21,10,389,3691150,3691538,3.89,active
6376,17,3,0,0,5154,3691539,3696692,51.54,rest
6377,17,3,22,1,434,3696693,3697126,4.34,active
6378,17,3,0,0,374,3697127,3697500,3.74,rest
6379,17,3,22,2,422,3697501,3697922,4.22,active
6380,17,3,0,0,398,3697923,3698320,3.98,rest
6381,17,3,22,3,404,3698321,3698724,4.04,active
6382,17,3,0,0,456,3698725,3699180,4.56,rest
6383,17,3,22,4,449,3699181,3699629,4.49,active
6384,17,3,0,0,347,3699630,3699976,3.47,rest
6385,17,3,22,5,396,3699977,3700372,3.96,active
6386,17,3,0,0,473,3700373,3700845,4.73,rest
6387,17,3,22,6,445,3700846,3701290,4.45,active
6388,17,3,0,0,379,3701291,3701669,3.79,rest
6389,17,3,22,7,383,3701670,3702052,3.83,active
6390,17,3,0,0,432,3702053,3702484,4.32,rest
6391,17,3,22,8,407,3702485,3702891,4.07,active
6392,17,3,0,0,477,3702892,3703368,4.77,rest
6393,17,3,22,9,400,3703369,3703768,4.0,active
6394,17,3,0,0,425,3703769,3704193,4.25,rest
6395,17,3,22,10,409,3704194,3704602,4.09,active
6396,17,3,0,0,4558,3704603,3709160,45.58,rest
6397,17,3,23,1,422,3709161,3709582,4.22,active
6398,17,3,0,0,378,3709583,3709960,3.78,rest
6399,17,3,23,2,371,3709961,3710331,3.71,active
6400,17,3,0,0,455,3710332,3710786,4.55,rest
6401,17,3,23,3,504,3710787,3711290,5.04,active
6402,17,3,0,0,340,3711291,3711630,3.4,rest
6403,17,3,23,4,478,3711631,3712108,4.78,active
6404,17,3,0,0,395,3712109,3712503,3.95,rest
6405,17,3,23,5,423,3712504,3712926,4.23,active
6406,17,3,0,0,359,3712927,3713285,3.59,rest
6407,17,3,23,6,479,3713286,3713764,4.79,active
6408,17,3,0,0,393,3713765,3714157,3.93,rest
6409,17,3,23,7,473,3714158,3714630,4.73,active
6410,17,3,0,0,374,3714631,3715004,3.74,rest
6411,17,3,23,8,485,3715005,3715489,4.85,active
6412,17,3,0,0,361,3715490,3715850,3.61,rest
6413,17,3,23,9,481,3715851,3716331,4.81,active
6414,17,3,0,0,330,3716332,3716661,3.3,rest
6415,17,3,23,10,525,3716662,3717186,5.25,active
6416,17,3,0,0,310,3717187,3717496,3.1,rest
6417,18,2,0,0,430,3818820,3819249,4.3,rest
6418,18,2,1,1,337,3819250,3819586,3.37,active
6419,18,2,0,0,454,3819587,3820040,4.54,rest
6420,18,2,1,2,531,3820041,3820571,5.31,active
6421,18,2,0,0,267,3820572,3820838,2.67,rest
6422,18,2,1,3,340,3820839,3821178,3.4,active
6423,18,2,0,0,547,3821179,3821725,5.47,rest
6424,18,2,1,4,350,3821726,3822075,3.5,active
6425,18,2,0,0,535,3822076,3822610,5.35,rest
6426,18,2,1,5,262,3822611,3822872,2.62,active
6427,18,2,0,0,541,3822873,3823413,5.41,rest
6428,18,2,1,6,330,3823414,3823743,3.3,active
6429,18,2,0,0,530,3823744,3824273,5.3,rest
6430,18,2,1,7,254,3824274,3824527,2.54,active
6431,18,2,0,0,570,3824528,3825097,5.7,rest
6432,18,2,1,8,288,3825098,3825385,2.88,active
6433,18,2,0,0,549,3825386,3825934,5.49,rest
6434,18,2,1,9,447,3825935,3826381,4.47,active
6435,18,2,0,0,339,3826382,3826720,3.39,rest
6436,18,2,1,10,373,3826721,3827093,3.73,active
6437,18,2,0,0,584,3827094,3827677,5.84,rest
6438,18,2,2,1,354,3827678,3828031,3.54,active
6439,18,2,0,0,385,3828032,3828416,3.85,rest
6440,18,2,2,2,453,3828417,3828869,4.53,active
6441,18,2,0,0,427,3828870,3829296,4.27,rest
6442,18,2,2,3,434,3829297,3829730,4.34,active
6443,18,2,0,0,479,3829731,3830209,4.79,rest
6444,18,2,2,4,370,3830210,3830579,3.7,active
6445,18,2,0,0,411,3830580,3830990,4.11,rest
6446,18,2,2,5,345,3830991,3831335,3.45,active
6447,18,2,0,0,497,3831336,3831832,4.97,rest
6448,18,2,2,6,370,3831833,3832202,3.7,active
6449,18,2,0,0,459,3832203,3832661,4.59,rest
6450,18,2,2,7,298,3832662,3832959,2.98,active
6451,18,2,0,0,563,3832960,3833522,5.63,rest
6452,18,2,2,8,360,3833523,3833882,3.6,active
6453,18,2,0,0,475,3833883,3834357,4.75,rest
6454,18,2,2,9,379,3834358,3834736,3.79,active
6455,18,2,0,0,495,3834737,3835231,4.95,rest
6456,18,2,2,10,373,3835232,3835604,3.73,active
6457,18,2,0,0,386,3835605,3835990,3.86,rest
6458,18,2,3,1,479,3835991,3836469,4.79,active
6459,18,2,0,0,417,3836470,3836886,4.17,rest
6460,18,2,3,2,366,3836887,3837252,3.66,active
6461,18,2,0,0,459,3837253,3837711,4.59,rest
6462,18,2,3,3,421,3837712,3838132,4.21,active
6463,18,2,0,0,487,3838133,3838619,4.87,rest
6464,18,2,3,4,262,3838620,3838881,2.62,active
6465,18,2,0,0,513,3838882,3839394,5.13,rest
6466,18,2,3,5,336,3839395,3839730,3.36,active
6467,18,2,0,0,546,3839731,3840276,5.46,rest
6468,18,2,3,6,327,3840277,3840603,3.27,active
6469,18,2,0,0,439,3840604,3841042,4.39,rest
6470,18,2,3,7,368,3841043,3841410,3.68,active
6471,18,2,0,0,506,3841411,3841916,5.06,rest
6472,18,2,3,8,416,3841917,3842332,4.16,active
6473,18,2,0,0,428,3842333,3842760,4.28,rest
6474,18,2,3,9,398,3842761,3843158,3.98,active
6475,18,2,0,0,492,3843159,3843650,4.92,rest
6476,18,2,3,10,409,3843651,3844059,4.09,active
6477,18,2,0,0,496,3844060,3844555,4.96,rest
6478,18,2,4,1,277,3844556,3844832,2.77,active
6479,18,2,0,0,518,3844833,3845350,5.18,rest
6480,18,2,4,2,284,3845351,3845634,2.84,active
6481,18,2,0,0,556,3845635,3846190,5.56,rest
6482,18,2,4,3,333,3846191,3846523,3.33,active
6483,18,2,0,0,537,3846524,3847060,5.37,rest
6484,18,2,4,4,378,3847061,3847438,3.78,active
6485,18,2,0,0,445,3847439,3847883,4.45,rest
6486,18,2,4,5,294,3847884,3848177,2.94,active
6487,18,2,0,0,545,3848178,3848722,5.45,rest
6488,18,2,4,6,433,3848723,3849155,4.33,active
6489,18,2,0,0,400,3849156,3849555,4.0,rest
6490,18,2,4,7,356,3849556,3849911,3.56,active
6491,18,2,0,0,517,3849912,3850428,5.17,rest
6492,18,2,4,8,298,3850429,3850726,2.98,active
6493,18,2,0,0,548,3850727,3851274,5.48,rest
6494,18,2,4,9,278,3851275,3851552,2.78,active
6495,18,2,0,0,542,3851553,3852094,5.42,rest
6496,18,2,4,10,319,3852095,3852413,3.19,active
6497,18,2,0,0,580,3852414,3852993,5.8,rest
6498,18,2,5,1,441,3852994,3853434,4.41,active
6499,18,2,0,0,354,3853435,3853788,3.54,rest
6500,18,2,5,2,267,3853789,3854055,2.67,active
6501,18,2,0,0,618,3854056,3854673,6.18,rest
6502,18,2,5,3,244,3854674,3854917,2.44,active
6503,18,2,0,0,578,3854918,3855495,5.78,rest
6504,18,2,5,4,340,3855496,3855835,3.4,active
6505,18,2,0,0,497,3855836,3856332,4.97,rest
6506,18,2,5,5,213,3856333,3856545,2.13,active
6507,18,2,0,0,579,3856546,3857124,5.79,rest
6508,18,2,5,6,301,3857125,3857425,3.01,active
6509,18,2,0,0,589,3857426,3858014,5.89,rest
6510,18,2,5,7,195,3858015,3858209,1.95,active
6511,18,2,0,0,618,3858210,3858827,6.18,rest
6512,18,2,5,8,368,3858828,3859195,3.68,active
6513,18,2,0,0,479,3859196,3859674,4.79,rest
6514,18,2,5,9,354,3859675,3860028,3.54,active
6515,18,2,0,0,521,3860029,3860549,5.21,rest
6516,18,2,5,10,434,3860550,3860983,4.34,active
6517,18,2,0,0,360,3860984,3861343,3.6,rest
6518,18,2,6,1,338,3861344,3861681,3.38,active
6519,18,2,0,0,466,3861682,3862147,4.66,rest
6520,18,2,6,2,318,3862148,3862465,3.18,active
6521,18,2,0,0,568,3862466,3863033,5.68,rest
6522,18,2,6,3,334,3863034,3863367,3.34,active
6523,18,2,0,0,526,3863368,3863893,5.26,rest
6524,18,2,6,4,248,3863894,3864141,2.48,active
6525,18,2,0,0,616,3864142,3864757,6.16,rest
6526,18,2,6,5,223,3864758,3864980,2.23,active
6527,18,2,0,0,580,3864981,3865560,5.8,rest
6528,18,2,6,6,490,3865561,3866050,4.9,active
6529,18,2,0,0,393,3866051,3866443,3.93,rest
6530,18,2,6,7,229,3866444,3866672,2.29,active
6531,18,2,0,0,575,3866673,3867247,5.75,rest
6532,18,2,6,8,402,3867248,3867649,4.02,active
6533,18,2,0,0,432,3867650,3868081,4.32,rest
6534,18,2,6,9,353,3868082,3868434,3.53,active
6535,18,2,0,0,454,3868435,3868888,4.54,rest
6536,18,2,6,10,482,3868889,3869370,4.82,active
6537,18,2,0,0,484,3869371,3869854,4.84,rest
6538,18,2,7,1,324,3869855,3870178,3.24,active
6539,18,2,0,0,427,3870179,3870605,4.27,rest
6540,18,2,7,2,254,3870606,3870859,2.54,active
6541,18,2,0,0,642,3870860,3871501,6.42,rest
6542,18,2,7,3,335,3871502,3871836,3.35,active
6543,18,2,0,0,418,3871837,3872254,4.18,rest
6544,18,2,7,4,472,3872255,3872726,4.72,active
6545,18,2,0,0,464,3872727,3873190,4.64,rest
6546,18,2,7,5,435,3873191,3873625,4.35,active
6547,18,2,0,0,453,3873626,3874078,4.53,rest
6548,18,2,7,6,352,3874079,3874430,3.52,active
6549,18,2,0,0,461,3874431,3874891,4.61,rest
6550,18,2,7,7,332,3874892,3875223,3.32,active
6551,18,2,0,0,505,3875224,3875728,5.05,rest
6552,18,2,7,8,316,3875729,3876044,3.16,active
6553,18,2,0,0,494,3876045,3876538,4.94,rest
6554,18,2,7,9,406,3876539,3876944,4.06,active
6555,18,2,0,0,493,3876945,3877437,4.93,rest
6556,18,2,7,10,412,3877438,3877849,4.12,active
6557,18,2,0,0,410,3877850,3878259,4.1,rest
6558,18,2,8,1,216,3878260,3878475,2.16,active
6559,18,2,0,0,617,3878476,3879092,6.17,rest
6560,18,2,8,2,237,3879093,3879329,2.37,active
6561,18,2,0,0,534,3879330,3879863,5.34,rest
6562,18,2,8,3,416,3879864,3880279,4.16,active
6563,18,2,0,0,567,3880280,3880846,5.67,rest
6564,18,2,8,4,285,3880847,3881131,2.85,active
6565,18,2,0,0,474,3881132,3881605,4.74,rest
6566,18,2,8,5,271,3881606,3881876,2.71,active
6567,18,2,0,0,550,3881877,3882426,5.5,rest
6568,18,2,8,6,279,3882427,3882705,2.79,active
6569,18,2,0,0,584,3882706,3883289,5.84,rest
6570,18,2,8,7,278,3883290,3883567,2.78,active
6571,18,2,0,0,604,3883568,3884171,6.04,rest
6572,18,2,8,8,197,3884172,3884368,1.97,active
6573,18,2,0,0,638,3884369,3885006,6.38,rest
6574,18,2,8,9,220,3885007,3885226,2.2,active
6575,18,2,0,0,579,3885227,3885805,5.79,rest
6576,18,2,8,10,404,3885806,3886209,4.04,active
6577,18,2,0,0,560,3886210,3886769,5.6,rest
6578,18,2,9,1,321,3886770,3887090,3.21,active
6579,18,2,0,0,471,3887091,3887561,4.71,rest
6580,18,2,9,2,256,3887562,3887817,2.56,active
6581,18,2,0,0,564,3887818,3888381,5.64,rest
6582,18,2,9,3,300,3888382,3888681,3.0,active
6583,18,2,0,0,515,3888682,3889196,5.15,rest
6584,18,2,9,4,292,3889197,3889488,2.92,active
6585,18,2,0,0,563,3889489,3890051,5.63,rest
6586,18,2,9,5,245,3890052,3890296,2.45,active
6587,18,2,0,0,573,3890297,3890869,5.73,rest
6588,18,2,9,6,360,3890870,3891229,3.6,active
6589,18,2,0,0,448,3891230,3891677,4.48,rest
6590,18,2,9,7,400,3891678,3892077,4.0,active
6591,18,2,0,0,451,3892078,3892528,4.51,rest
6592,18,2,9,8,447,3892529,3892975,4.47,active
6593,18,2,0,0,440,3892976,3893415,4.4,rest
6594,18,2,9,9,377,3893416,3893792,3.77,active
6595,18,2,0,0,452,3893793,3894244,4.52,rest
6596,18,2,9,10,334,3894245,3894578,3.34,active
6597,18,2,0,0,517,3894579,3895095,5.17,rest
6598,18,2,10,1,426,3895096,3895521,4.26,active
6599,18,2,0,0,427,3895522,3895948,4.27,rest
6600,18,2,10,2,373,3895949,3896321,3.73,active
6601,18,2,0,0,417,3896322,3896738,4.17,rest
6602,18,2,10,3,331,3896739,3897069,3.31,active
6603,18,2,0,0,530,3897070,3897599,5.3,rest
6604,18,2,10,4,371,3897600,3897970,3.71,active
6605,18,2,0,0,496,3897971,3898466,4.96,rest
6606,18,2,10,5,263,3898467,3898729,2.63,active
6607,18,2,0,0,556,3898730,3899285,5.56,rest
6608,18,2,10,6,300,3899286,3899585,3.0,active
6609,18,2,0,0,512,3899586,3900097,5.12,rest
6610,18,2,10,7,296,3900098,3900393,2.96,active
6611,18,2,0,0,560,3900394,3900953,5.6,rest
6612,18,2,10,8,355,3900954,3901308,3.55,active
6613,18,2,0,0,473,3901309,3901781,4.73,rest
6614,18,2,10,9,314,3901782,3902095,3.14,active
6615,18,2,0,0,514,3902096,3902609,5.14,rest
6616,18,2,10,10,361,3902610,3902970,3.61,active
6617,18,2,0,0,489,3902971,3903459,4.89,rest
6618,18,2,11,1,388,3903460,3903847,3.88,active
6619,18,2,0,0,462,3903848,3904309,4.62,rest
6620,18,2,11,2,352,3904310,3904661,3.52,active
6621,18,2,0,0,512,3904662,3905173,5.12,rest
6622,18,2,11,3,418,3905174,3905591,4.18,active
6623,18,2,0,0,463,3905592,3906054,4.63,rest
6624,18,2,11,4,245,3906055,3906299,2.45,active
6625,18,2,0,0,497,3906300,3906796,4.97,rest
6626,18,2,11,5,300,3906797,3907096,3.0,active
6627,18,2,0,0,579,3907097,3907675,5.79,rest
6628,18,2,11,6,350,3907676,3908025,3.5,active
6629,18,2,0,0,478,3908026,3908503,4.78,rest
6630,18,2,11,7,292,3908504,3908795,2.92,active
6631,18,2,0,0,503,3908796,3909298,5.03,rest
6632,18,2,11,8,377,3909299,3909675,3.77,active
6633,18,2,0,0,468,3909676,3910143,4.68,rest
6634,18,2,11,9,467,3910144,3910610,4.67,active
6635,18,2,0,0,366,3910611,3910976,3.66,rest
6636,18,2,11,10,524,3910977,3911500,5.24,active
6637,18,2,0,0,347,3911501,3911847,3.47,rest
6638,18,2,12,1,307,3911848,3912154,3.07,active
6639,18,2,0,0,484,3912155,3912638,4.84,rest
6640,18,2,12,2,339,3912639,3912977,3.39,active
6641,18,2,0,0,513,3912978,3913490,5.13,rest
6642,18,2,12,3,467,3913491,3913957,4.67,active
6643,18,2,0,0,394,3913958,3914351,3.94,rest
6644,18,2,12,4,318,3914352,3914669,3.18,active
6645,18,2,0,0,530,3914670,3915199,5.3,rest
6646,18,2,12,5,263,3915200,3915462,2.63,active
6647,18,2,0,0,563,3915463,3916025,5.63,rest
6648,18,2,12,6,388,3916026,3916413,3.88,active
6649,18,2,0,0,475,3916414,3916888,4.75,rest
6650,18,2,12,7,251,3916889,3917139,2.51,active
6651,18,2,0,0,567,3917140,3917706,5.67,rest
6652,18,2,12,8,207,3917707,3917913,2.07,active
6653,18,2,0,0,650,3917914,3918563,6.5,rest
6654,18,2,12,9,297,3918564,3918860,2.97,active
6655,18,2,0,0,559,3918861,3919419,5.59,rest
6656,18,2,12,10,292,3919420,3919711,2.92,active
6657,18,2,0,0,559,3919712,3920270,5.59,rest
6658,18,2,13,1,328,3920271,3920598,3.28,active
6659,18,2,0,0,473,3920599,3921071,4.73,rest
6660,18,2,13,2,503,3921072,3921574,5.03,active
6661,18,2,0,0,371,3921575,3921945,3.71,rest
6662,18,2,13,3,315,3921946,3922260,3.15,active
6663,18,2,0,0,523,3922261,3922783,5.23,rest
6664,18,2,13,4,328,3922784,3923111,3.28,active
6665,18,2,0,0,552,3923112,3923663,5.52,rest
6666,18,2,13,5,317,3923664,3923980,3.17,active
6667,18,2,0,0,499,3923981,3924479,4.99,rest
6668,18,2,13,6,292,3924480,3924771,2.92,active
6669,18,2,0,0,543,3924772,3925314,5.43,rest
6670,18,2,13,7,242,3925315,3925556,2.42,active
6671,18,2,0,0,609,3925557,3926165,6.09,rest
6672,18,2,13,8,272,3926166,3926437,2.72,active
6673,18,2,0,0,569,3926438,3927006,5.69,rest
6674,18,2,13,9,305,3927007,3927311,3.05,active
6675,18,2,0,0,541,3927312,3927852,5.41,rest
6676,18,2,13,10,282,3927853,3928134,2.82,active
6677,18,2,0,0,589,3928135,3928723,5.89,rest
6678,18,2,14,1,265,3928724,3928988,2.65,active
6679,18,2,0,0,562,3928989,3929550,5.62,rest
6680,18,2,14,2,255,3929551,3929805,2.55,active
6681,18,2,0,0,595,3929806,3930400,5.95,rest
6682,18,2,14,3,269,3930401,3930669,2.69,active
6683,18,2,0,0,560,3930670,3931229,5.6,rest
6684,18,2,14,4,197,3931230,3931426,1.97,active
6685,18,2,0,0,636,3931427,3932062,6.36,rest
6686,18,2,14,5,225,3932063,3932287,2.25,active
6687,18,2,0,0,615,3932288,3932902,6.15,rest
6688,18,2,14,6,282,3932903,3933184,2.82,active
6689,18,2,0,0,625,3933185,3933809,6.25,rest
6690,18,2,14,7,205,3933810,3934014,2.05,active
6691,18,2,0,0,586,3934015,3934600,5.86,rest
6692,18,2,14,8,215,3934601,3934815,2.15,active
6693,18,2,0,0,569,3934816,3935384,5.69,rest
6694,18,2,14,9,270,3935385,3935654,2.7,active
6695,18,2,0,0,577,3935655,3936231,5.77,rest
6696,18,2,14,10,397,3936232,3936628,3.97,active
6697,18,2,0,0,539,3936629,3937167,5.39,rest
6698,18,2,15,1,301,3937168,3937468,3.01,active
6699,18,2,0,0,598,3937469,3938066,5.98,rest
6700,18,2,15,2,309,3938067,3938375,3.09,active
6701,18,2,0,0,393,3938376,3938768,3.93,rest
6702,18,2,15,3,368,3938769,3939136,3.68,active
6703,18,2,0,0,487,3939137,3939623,4.87,rest
6704,18,2,15,4,397,3939624,3940020,3.97,active
6705,18,2,0,0,444,3940021,3940464,4.44,rest
6706,18,2,15,5,368,3940465,3940832,3.68,active
6707,18,2,0,0,517,3940833,3941349,5.17,rest
6708,18,2,15,6,403,3941350,3941752,4.03,active
6709,18,2,0,0,398,3941753,3942150,3.98,rest
6710,18,2,15,7,438,3942151,3942588,4.38,active
6711,18,2,0,0,386,3942589,3942974,3.86,rest
6712,18,2,15,8,494,3942975,3943468,4.94,active
6713,18,2,0,0,373,3943469,3943841,3.73,rest
6714,18,2,15,9,264,3943842,3944105,2.64,active
6715,18,2,0,0,554,3944106,3944659,5.54,rest
6716,18,2,15,10,439,3944660,3945098,4.39,active
6717,18,2,0,0,508,3945099,3945606,5.08,rest
6718,18,2,16,1,314,3945607,3945920,3.14,active
6719,18,2,0,0,450,3945921,3946370,4.5,rest
6720,18,2,16,2,375,3946371,3946745,3.75,active
6721,18,2,0,0,519,3946746,3947264,5.19,rest
6722,18,2,16,3,402,3947265,3947666,4.02,active
6723,18,2,0,0,400,3947667,3948066,4.0,rest
6724,18,2,16,4,333,3948067,3948399,3.33,active
6725,18,2,0,0,498,3948400,3948897,4.98,rest
6726,18,2,16,5,341,3948898,3949238,3.41,active
6727,18,2,0,0,536,3949239,3949774,5.36,rest
6728,18,2,16,6,272,3949775,3950046,2.72,active
6729,18,2,0,0,518,3950047,3950564,5.18,rest
6730,18,2,16,7,458,3950565,3951022,4.58,active
6731,18,2,0,0,338,3951023,3951360,3.38,rest
6732,18,2,16,8,393,3951361,3951753,3.93,active
6733,18,2,0,0,496,3951754,3952249,4.96,rest
6734,18,2,16,9,386,3952250,3952635,3.86,active
6735,18,2,0,0,449,3952636,3953084,4.49,rest
6736,18,2,16,10,426,3953085,3953510,4.26,active
6737,18,2,0,0,432,3953511,3953942,4.32,rest
6738,18,2,17,1,376,3953943,3954318,3.76,active
6739,18,2,0,0,432,3954319,3954750,4.32,rest
6740,18,2,17,2,324,3954751,3955074,3.24,active
6741,18,2,0,0,528,3955075,3955602,5.28,rest
6742,18,2,17,3,430,3955603,3956032,4.3,active
6743,18,2,0,0,396,3956033,3956428,3.96,rest
6744,18,2,17,4,305,3956429,3956733,3.05,active
6745,18,2,0,0,563,3956734,3957296,5.63,rest
6746,18,2,17,5,317,3957297,3957613,3.17,active
6747,18,2,0,0,533,3957614,3958146,5.33,rest
6748,18,2,17,6,411,3958147,3958557,4.11,active
6749,18,2,0,0,434,3958558,3958991,4.34,rest
6750,18,2,17,7,304,3958992,3959295,3.04,active
6751,18,2,0,0,550,3959296,3959845,5.5,rest
6752,18,2,17,8,336,3959846,3960181,3.36,active
6753,18,2,0,0,480,3960182,3960661,4.8,rest
6754,18,2,17,9,467,3960662,3961128,4.67,active
6755,18,2,0,0,416,3961129,3961544,4.16,rest
6756,18,2,17,10,341,3961545,3961885,3.41,active
6757,18,2,0,0,394,3961886,3962279,3.94,rest
6758,18,3,0,0,414,3962280,3962693,4.14,rest
6759,18,3,1,1,362,3962694,3963055,3.62,active
6760,18,3,0,0,428,3963056,3963483,4.28,rest
6761,18,3,1,2,361,3963484,3963844,3.61,active
6762,18,3,0,0,501,3963845,3964345,5.01,rest
6763,18,3,1,3,400,3964346,3964745,4.0,active
6764,18,3,0,0,430,3964746,3965175,4.3,rest
6765,18,3,1,4,335,3965176,3965510,3.35,active
6766,18,3,0,0,456,3965511,3965966,4.56,rest
6767,18,3,1,5,394,3965967,3966360,3.94,active
6768,18,3,0,0,511,3966361,3966871,5.11,rest
6769,18,3,1,6,404,3966872,3967275,4.04,active
6770,18,3,0,0,427,3967276,3967702,4.27,rest
6771,18,3,1,7,348,3967703,3968050,3.48,active
6772,18,3,0,0,479,3968051,3968529,4.79,rest
6773,18,3,1,8,396,3968530,3968925,3.96,active
6774,18,3,0,0,465,3968926,3969390,4.65,rest
6775,18,3,1,9,359,3969391,3969749,3.59,active
6776,18,3,0,0,473,3969750,3970222,4.73,rest
6777,18,3,1,10,393,3970223,3970615,3.93,active
6778,18,3,0,0,2095,3970616,3972710,20.95,rest
6779,18,3,2,1,433,3972711,3973143,4.33,active
6780,18,3,0,0,429,3973144,3973572,4.29,rest
6781,18,3,2,2,359,3973573,3973931,3.59,active
6782,18,3,0,0,399,3973932,3974330,3.99,rest
6783,18,3,2,3,508,3974331,3974838,5.08,active
6784,18,3,0,0,333,3974839,3975171,3.33,rest
6785,18,3,2,4,428,3975172,3975599,4.28,active
6786,18,3,0,0,529,3975600,3976128,5.29,rest
6787,18,3,2,5,380,3976129,3976508,3.8,active
6788,18,3,0,0,367,3976509,3976875,3.67,rest
6789,18,3,2,6,409,3976876,3977284,4.09,active
6790,18,3,0,0,428,3977285,3977712,4.28,rest
6791,18,3,2,7,416,3977713,3978128,4.16,active
6792,18,3,0,0,378,3978129,3978506,3.78,rest
6793,18,3,2,8,455,3978507,3978961,4.55,active
6794,18,3,0,0,478,3978962,3979439,4.78,rest
6795,18,3,2,9,479,3979440,3979918,4.79,active
6796,18,3,0,0,331,3979919,3980249,3.31,rest
6797,18,3,2,10,368,3980250,3980617,3.68,active
6798,18,3,0,0,1489,3980618,3982106,14.89,rest
6799,18,3,3,1,391,3982107,3982497,3.91,active
6800,18,3,0,0,399,3982498,3982896,3.99,rest
6801,18,3,3,2,356,3982897,3983252,3.56,active
6802,18,3,0,0,456,3983253,3983708,4.56,rest
6803,18,3,3,3,398,3983709,3984106,3.98,active
6804,18,3,0,0,408,3984107,3984514,4.08,rest
6805,18,3,3,4,282,3984515,3984796,2.82,active
6806,18,3,0,0,568,3984797,3985364,5.68,rest
6807,18,3,3,5,350,3985365,3985714,3.5,active
6808,18,3,0,0,494,3985715,3986208,4.94,rest
6809,18,3,3,6,362,3986209,3986570,3.62,active
6810,18,3,0,0,478,3986571,3987048,4.78,rest
6811,18,3,3,7,460,3987049,3987508,4.6,active
6812,18,3,0,0,354,3987509,3987862,3.54,rest
6813,18,3,3,8,451,3987863,3988313,4.51,active
6814,18,3,0,0,379,3988314,3988692,3.79,rest
6815,18,3,3,9,448,3988693,3989140,4.48,active
6816,18,3,0,0,420,3989141,3989560,4.2,rest
6817,18,3,3,10,359,3989561,3989919,3.59,active
6818,18,3,0,0,1414,3989920,3991333,14.14,rest
6819,18,3,4,1,363,3991334,3991696,3.63,active
6820,18,3,0,0,391,3991697,3992087,3.91,rest
6821,18,3,4,2,365,3992088,3992452,3.65,active
6822,18,3,0,0,480,3992453,3992932,4.8,rest
6823,18,3,4,3,318,3992933,3993250,3.18,active
6824,18,3,0,0,482,3993251,3993732,4.82,rest
6825,18,3,4,4,408,3993733,3994140,4.08,active
6826,18,3,0,0,456,3994141,3994596,4.56,rest
6827,18,3,4,5,307,3994597,3994903,3.07,active
6828,18,3,0,0,543,3994904,3995446,5.43,rest
6829,18,3,4,6,481,3995447,3995927,4.81,active
6830,18,3,0,0,450,3995928,3996377,4.5,rest
6831,18,3,4,7,357,3996378,3996734,3.57,active
6832,18,3,0,0,350,3996735,3997084,3.5,rest
6833,18,3,4,8,473,3997085,3997557,4.73,active
6834,18,3,0,0,360,3997558,3997917,3.6,rest
6835,18,3,4,9,448,3997918,3998365,4.48,active
6836,18,3,0,0,381,3998366,3998746,3.81,rest
6837,18,3,4,10,496,3998747,3999242,4.96,active
6838,18,3,0,0,1021,3999243,4000263,10.21,rest
6839,18,3,5,1,317,4000264,4000580,3.17,active
6840,18,3,0,0,502,4000581,4001082,5.02,rest
6841,18,3,5,2,378,4001083,4001460,3.78,active
6842,18,3,0,0,371,4001461,4001831,3.71,rest
6843,18,3,5,3,406,4001832,4002237,4.06,active
6844,18,3,0,0,431,4002238,4002668,4.31,rest
6845,18,3,5,4,474,4002669,4003142,4.74,active
6846,18,3,0,0,412,4003143,4003554,4.12,rest
6847,18,3,5,5,393,4003555,4003947,3.93,active
6848,18,3,0,0,432,4003948,4004379,4.32,rest
6849,18,3,5,6,350,4004380,4004729,3.5,active
6850,18,3,0,0,454,4004730,4005183,4.54,rest
6851,18,3,5,7,392,4005184,4005575,3.92,active
6852,18,3,0,0,503,4005576,4006078,5.03,rest
6853,18,3,5,8,341,4006079,4006419,3.41,active
6854,18,3,0,0,453,4006420,4006872,4.53,rest
6855,18,3,5,9,450,4006873,4007322,4.5,active
6856,18,3,0,0,415,4007323,4007737,4.15,rest
6857,18,3,5,10,416,4007738,4008153,4.16,active
6858,18,3,0,0,2840,4008154,4010993,28.4,rest
6859,18,3,6,1,306,4010994,4011299,3.06,active
6860,18,3,0,0,241,4011300,4011540,2.41,rest
6861,18,3,6,2,522,4011541,4012062,5.22,active
6862,18,3,0,0,314,4012063,4012376,3.14,rest
6863,18,3,6,3,419,4012377,4012795,4.19,active
6864,18,3,0,0,419,4012796,4013214,4.19,rest
6865,18,3,6,4,440,4013215,4013654,4.4,active
6866,18,3,0,0,395,4013655,4014049,3.95,rest
6867,18,3,6,5,482,4014050,4014531,4.82,active
6868,18,3,0,0,379,4014532,4014910,3.79,rest
6869,18,3,6,6,445,4014911,4015355,4.45,active
6870,18,3,0,0,371,4015356,4015726,3.71,rest
6871,18,3,6,7,496,4015727,4016222,4.96,active
6872,18,3,0,0,387,4016223,4016609,3.87,rest
6873,18,3,6,8,440,4016610,4017049,4.4,active
6874,18,3,0,0,394,4017050,4017443,3.94,rest
6875,18,3,6,9,436,4017444,4017879,4.36,active
6876,18,3,0,0,397,4017880,4018276,3.97,rest
6877,18,3,6,10,351,4018277,4018627,3.51,active
6878,18,3,0,0,988,4018628,4019615,9.88,rest
6879,18,3,7,1,425,4019616,4020040,4.25,active
6880,18,3,0,0,312,4020041,4020352,3.12,rest
6881,18,3,7,2,491,4020353,4020843,4.91,active
6882,18,3,0,0,350,4020844,4021193,3.5,rest
6883,18,3,7,3,437,4021194,4021630,4.37,active
6884,18,3,0,0,412,4021631,4022042,4.12,rest
6885,18,3,7,4,543,4022043,4022585,5.43,active
6886,18,3,0,0,322,4022586,4022907,3.22,rest
6887,18,3,7,5,352,4022908,4023259,3.52,active
6888,18,3,0,0,520,4023260,4023779,5.2,rest
6889,18,3,7,6,296,4023780,4024075,2.96,active
6890,18,3,0,0,833,4024076,4024908,8.33,rest
6891,18,3,7,7,237,4024909,4025145,2.37,active
6892,18,3,0,0,284,4025146,4025429,2.84,rest
6893,18,3,7,8,335,4025430,4025764,3.35,active
6894,18,3,0,0,546,4025765,4026310,5.46,rest
6895,18,3,7,9,438,4026311,4026748,4.38,active
6896,18,3,0,0,384,4026749,4027132,3.84,rest
6897,18,3,7,10,307,4027133,4027439,3.07,active
6898,18,3,0,0,654,4027440,4028093,6.54,rest
6899,18,3,8,1,417,4028094,4028510,4.17,active
6900,18,3,0,0,392,4028511,4028902,3.92,rest
6901,18,3,8,2,452,4028903,4029354,4.52,active
6902,18,3,0,0,376,4029355,4029730,3.76,rest
6903,18,3,8,3,389,4029731,4030119,3.89,active
6904,18,3,0,0,475,4030120,4030594,4.75,rest
6905,18,3,8,4,449,4030595,4031043,4.49,active
6906,18,3,0,0,323,4031044,4031366,3.23,rest
6907,18,3,8,5,475,4031367,4031841,4.75,active
6908,18,3,0,0,363,4031842,4032204,3.63,rest
6909,18,3,8,6,445,4032205,4032649,4.45,active
6910,18,3,0,0,426,4032650,4033075,4.26,rest
6911,18,3,8,7,422,4033076,4033497,4.22,active
6912,18,3,0,0,427,4033498,4033924,4.27,rest
6913,18,3,8,8,491,4033925,4034415,4.91,active
6914,18,3,0,0,366,4034416,4034781,3.66,rest
6915,18,3,8,9,436,4034782,4035217,4.36,active
6916,18,3,0,0,373,4035218,4035590,3.73,rest
6917,18,3,8,10,352,4035591,4035942,3.52,active
6918,18,3,0,0,864,4035943,4036806,8.64,rest
6919,18,3,9,1,422,4036807,4037228,4.22,active
6920,18,3,0,0,363,4037229,4037591,3.63,rest
6921,18,3,9,2,367,4037592,4037958,3.67,active
6922,18,3,0,0,484,4037959,4038442,4.84,rest
6923,18,3,9,3,431,4038443,4038873,4.31,active
6924,18,3,0,0,364,4038874,4039237,3.64,rest
6925,18,3,9,4,384,4039238,4039621,3.84,active
6926,18,3,0,0,470,4039622,4040091,4.7,rest
6927,18,3,9,5,437,4040092,4040528,4.37,active
6928,18,3,0,0,416,4040529,4040944,4.16,rest
6929,18,3,9,6,491,4040945,4041435,4.91,active
6930,18,3,0,0,327,4041436,4041762,3.27,rest
6931,18,3,9,7,333,4041763,4042095,3.33,active
6932,18,3,0,0,502,4042096,4042597,5.02,rest
6933,18,3,9,8,441,4042598,4043038,4.41,active
6934,18,3,0,0,516,4043039,4043554,5.16,rest
6935,18,3,9,9,324,4043555,4043878,3.24,active
6936,18,3,0,0,428,4043879,4044306,4.28,rest
6937,18,3,9,10,376,4044307,4044682,3.76,active
6938,18,3,0,0,1088,4044683,4045770,10.88,rest
6939,18,3,10,1,400,4045771,4046170,4.0,active
6940,18,3,0,0,420,4046171,4046590,4.2,rest
6941,18,3,10,2,392,4046591,4046982,3.92,active
6942,18,3,0,0,393,4046983,4047375,3.93,rest
6943,18,3,10,3,536,4047376,4047911,5.36,active
6944,18,3,0,0,326,4047912,4048237,3.26,rest
6945,18,3,10,4,444,4048238,4048681,4.44,active
6946,18,3,0,0,366,4048682,4049047,3.66,rest
6947,18,3,10,5,474,4049048,4049521,4.74,active
6948,18,3,0,0,367,4049522,4049888,3.67,rest
6949,18,3,10,6,483,4049889,4050371,4.83,active
6950,18,3,0,0,389,4050372,4050760,3.89,rest
6951,18,3,10,7,439,4050761,4051199,4.39,active
6952,18,3,0,0,417,4051200,4051616,4.17,rest
6953,18,3,10,8,398,4051617,4052014,3.98,active
6954,18,3,0,0,447,4052015,4052461,4.47,rest
6955,18,3,10,9,424,4052462,4052885,4.24,active
6956,18,3,0,0,458,4052886,4053343,4.58,rest
6957,18,3,10,10,351,4053344,4053694,3.51,active
6958,18,3,0,0,1037,4053695,4054731,10.37,rest
6959,18,3,11,1,478,4054732,4055209,4.78,active
6960,18,3,0,0,263,4055210,4055472,2.63,rest
6961,18,3,11,2,536,4055473,4056008,5.36,active
6962,18,3,0,0,288,4056009,4056296,2.88,rest
6963,18,3,11,3,497,4056297,4056793,4.97,active
6964,18,3,0,0,345,4056794,4057138,3.45,rest
6965,18,3,11,4,520,4057139,4057658,5.2,active
6966,18,3,0,0,318,4057659,4057976,3.18,rest
6967,18,3,11,5,528,4057977,4058504,5.28,active
6968,18,3,0,0,375,4058505,4058879,3.75,rest
6969,18,3,11,6,440,4058880,4059319,4.4,active
6970,18,3,0,0,349,4059320,4059668,3.49,rest
6971,18,3,11,7,523,4059669,4060191,5.23,active
6972,18,3,0,0,317,4060192,4060508,3.17,rest
6973,18,3,11,8,488,4060509,4060996,4.88,active
6974,18,3,0,0,398,4060997,4061394,3.98,rest
6975,18,3,11,9,433,4061395,4061827,4.33,active
6976,18,3,0,0,410,4061828,4062237,4.1,rest
6977,18,3,11,10,427,4062238,4062664,4.27,active
6978,18,3,0,0,519,4062665,4063183,5.19,rest
6979,18,3,12,1,354,4063184,4063537,3.54,active
6980,18,3,0,0,334,4063538,4063871,3.34,rest
6981,18,3,12,2,473,4063872,4064344,4.73,active
6982,18,3,0,0,466,4064345,4064810,4.66,rest
6983,18,3,12,3,379,4064811,4065189,3.79,active
6984,18,3,0,0,473,4065190,4065662,4.73,rest
6985,18,3,12,4,440,4065663,4066102,4.4,active
6986,18,3,0,0,451,4066103,4066553,4.51,rest
6987,18,3,12,5,362,4066554,4066915,3.62,active
6988,18,3,0,0,454,4066916,4067369,4.54,rest
6989,18,3,12,6,377,4067370,4067746,3.77,active
6990,18,3,0,0,419,4067747,4068165,4.19,rest
6991,18,3,12,7,391,4068166,4068556,3.91,active
6992,18,3,0,0,451,4068557,4069007,4.51,rest
6993,18,3,12,8,401,4069008,4069408,4.01,active
6994,18,3,0,0,396,4069409,4069804,3.96,rest
6995,18,3,12,9,344,4069805,4070148,3.44,active
6996,18,3,0,0,487,4070149,4070635,4.87,rest
6997,18,3,12,10,401,4070636,4071036,4.01,active
6998,18,3,0,0,1137,4071037,4072173,11.37,rest
6999,18,3,13,1,417,4072174,4072590,4.17,active
7000,18,3,0,0,373,4072591,4072963,3.73,rest
7001,18,3,13,2,467,4072964,4073430,4.67,active
7002,18,3,0,0,386,4073431,4073816,3.86,rest
7003,18,3,13,3,361,4073817,4074177,3.61,active
7004,18,3,0,0,418,4074178,4074595,4.18,rest
7005,18,3,13,4,475,4074596,4075070,4.75,active
7006,18,3,0,0,294,4075071,4075364,2.94,rest
7007,18,3,13,5,470,4075365,4075834,4.7,active
7008,18,3,0,0,374,4075835,4076208,3.74,rest
7009,18,3,13,6,444,4076209,4076652,4.44,active
7010,18,3,0,0,419,4076653,4077071,4.19,rest
7011,18,3,13,7,438,4077072,4077509,4.38,active
7012,18,3,0,0,359,4077510,4077868,3.59,rest
7013,18,3,13,8,403,4077869,4078271,4.03,active
7014,18,3,0,0,541,4078272,4078812,5.41,rest
7015,18,3,13,9,376,4078813,4079188,3.76,active
7016,18,3,0,0,448,4079189,4079636,4.48,rest
7017,18,3,13,10,423,4079637,4080059,4.23,active
7018,18,3,0,0,1199,4080060,4081258,11.99,rest
7019,18,3,14,1,465,4081259,4081723,4.65,active
7020,18,3,0,0,303,4081724,4082026,3.03,rest
7021,18,3,14,2,433,4082027,4082459,4.33,active
7022,18,3,0,0,350,4082460,4082809,3.5,rest
7023,18,3,14,3,512,4082810,4083321,5.12,active
7024,18,3,0,0,338,4083322,4083659,3.38,rest
7025,18,3,14,4,372,4083660,4084031,3.72,active
7026,18,3,0,0,482,4084032,4084513,4.82,rest
7027,18,3,14,5,451,4084514,4084964,4.51,active
7028,18,3,0,0,375,4084965,4085339,3.75,rest
7029,18,3,14,6,469,4085340,4085808,4.69,active
7030,18,3,0,0,409,4085809,4086217,4.09,rest
7031,18,3,14,7,470,4086218,4086687,4.7,active
7032,18,3,0,0,388,4086688,4087075,3.88,rest
7033,18,3,14,8,423,4087076,4087498,4.23,active
7034,18,3,0,0,365,4087499,4087863,3.65,rest
7035,18,3,14,9,463,4087864,4088326,4.63,active
7036,18,3,0,0,380,4088327,4088706,3.8,rest
7037,18,3,14,10,480,4088707,4089186,4.8,active
7038,18,3,0,0,1051,4089187,4090237,10.51,rest
7039,18,3,15,1,402,4090238,4090639,4.02,active
7040,18,3,0,0,297,4090640,4090936,2.97,rest
7041,18,3,15,2,460,4090937,4091396,4.6,active
7042,18,3,0,0,384,4091397,4091780,3.84,rest
7043,18,3,15,3,425,4091781,4092205,4.25,active
7044,18,3,0,0,525,4092206,4092730,5.25,rest
7045,18,3,15,4,425,4092731,4093155,4.25,active
7046,18,3,0,0,276,4093156,4093431,2.76,rest
7047,18,3,15,5,495,4093432,4093926,4.95,active
7048,18,3,0,0,365,4093927,4094291,3.65,rest
7049,18,3,15,6,506,4094292,4094797,5.06,active
7050,18,3,0,0,351,4094798,4095148,3.51,rest
7051,18,3,15,7,475,4095149,4095623,4.75,active
7052,18,3,0,0,356,4095624,4095979,3.56,rest
7053,18,3,15,8,187,4095980,4096166,1.87,active
7054,18,3,0,0,591,4096167,4096757,5.91,rest
7055,18,3,15,9,479,4096758,4097236,4.79,active
7056,18,3,0,0,346,4097237,4097582,3.46,rest
7057,18,3,15,10,492,4097583,4098074,4.92,active
7058,18,3,0,0,2664,4098075,4100738,26.64,rest
7059,18,3,16,1,490,4100739,4101228,4.9,active
7060,18,3,0,0,348,4101229,4101576,3.48,rest
7061,18,3,16,2,431,4101577,4102007,4.31,active
7062,18,3,0,0,375,4102008,4102382,3.75,rest
7063,18,3,16,3,430,4102383,4102812,4.3,active
7064,18,3,0,0,413,4102813,4103225,4.13,rest
7065,18,3,16,4,464,4103226,4103689,4.64,active
7066,18,3,0,0,335,4103690,4104024,3.35,rest
7067,18,3,16,5,475,4104025,4104499,4.75,active
7068,18,3,0,0,370,4104500,4104869,3.7,rest
7069,18,3,16,6,455,4104870,4105324,4.55,active
7070,18,3,0,0,396,4105325,4105720,3.96,rest
7071,18,3,16,7,405,4105721,4106125,4.05,active
7072,18,3,0,0,461,4106126,4106586,4.61,rest
7073,18,3,16,8,382,4106587,4106968,3.82,active
7074,18,3,0,0,431,4106969,4107399,4.31,rest
7075,18,3,16,9,400,4107400,4107799,4.0,active
7076,18,3,0,0,443,4107800,4108242,4.43,rest
7077,18,3,16,10,414,4108243,4108656,4.14,active
7078,18,3,0,0,1030,4108657,4109686,10.3,rest
7079,18,3,17,1,442,4109687,4110128,4.42,active
7080,18,3,0,0,323,4110129,4110451,3.23,rest
7081,18,3,17,2,435,4110452,4110886,4.35,active
7082,18,3,0,0,411,4110887,4111297,4.11,rest
7083,18,3,17,3,349,4111298,4111646,3.49,active
7084,18,3,0,0,399,4111647,4112045,3.99,rest
7085,18,3,17,4,415,4112046,4112460,4.15,active
7086,18,3,0,0,464,4112461,4112924,4.64,rest
7087,18,3,17,5,498,4112925,4113422,4.98,active
7088,18,3,0,0,314,4113423,4113736,3.14,rest
7089,18,3,17,6,185,4113737,4113921,1.85,active
7090,18,3,0,0,742,4113922,4114663,7.42,rest
7091,18,3,17,7,436,4114664,4115099,4.36,active
7092,18,3,0,0,344,4115100,4115443,3.44,rest
7093,18,3,17,8,467,4115444,4115910,4.67,active
7094,18,3,0,0,348,4115911,4116258,3.48,rest
7095,18,3,17,9,453,4116259,4116711,4.53,active
7096,18,3,0,0,419,4116712,4117130,4.19,rest
7097,18,3,17,10,433,4117131,4117563,4.33,active
7098,18,3,0,0,1062,4117564,4118625,10.62,rest
7099,18,3,18,1,376,4118626,4119001,3.76,active
7100,18,3,0,0,305,4119002,4119306,3.05,rest
7101,18,3,18,2,447,4119307,4119753,4.47,active
7102,18,3,0,0,412,4119754,4120165,4.12,rest
7103,18,3,18,3,439,4120166,4120604,4.39,active
7104,18,3,0,0,380,4120605,4120984,3.8,rest
7105,18,3,18,4,486,4120985,4121470,4.86,active
7106,18,3,0,0,353,4121471,4121823,3.53,rest
7107,18,3,18,5,338,4121824,4122161,3.38,active
7108,18,3,0,0,518,4122162,4122679,5.18,rest
7109,18,3,18,6,435,4122680,4123114,4.35,active
7110,18,3,0,0,362,4123115,4123476,3.62,rest
7111,18,3,18,7,439,4123477,4123915,4.39,active
7112,18,3,0,0,428,4123916,4124343,4.28,rest
7113,18,3,18,8,467,4124344,4124810,4.67,active
7114,18,3,0,0,359,4124811,4125169,3.59,rest
7115,18,3,18,9,415,4125170,4125584,4.15,active
7116,18,3,0,0,435,4125585,4126019,4.35,rest
7117,18,3,18,10,480,4126020,4126499,4.8,active
7118,18,3,0,0,847,4126500,4127346,8.47,rest
7119,18,3,19,1,518,4127347,4127864,5.18,active
7120,18,3,0,0,241,4127865,4128105,2.41,rest
7121,18,3,19,2,481,4128106,4128586,4.81,active
7122,18,3,0,0,368,4128587,4128954,3.68,rest
7123,18,3,19,3,409,4128955,4129363,4.09,active
7124,18,3,0,0,539,4129364,4129902,5.39,rest
7125,18,3,19,4,391,4129903,4130293,3.91,active
7126,18,3,0,0,418,4130294,4130711,4.18,rest
7127,18,3,19,5,292,4130712,4131003,2.92,active
7128,18,3,0,0,455,4131004,4131458,4.55,rest
7129,18,3,19,6,428,4131459,4131886,4.28,active
7130,18,3,0,0,408,4131887,4132294,4.08,rest
7131,18,3,19,7,529,4132295,4132823,5.29,active
7132,18,3,0,0,377,4132824,4133200,3.77,rest
7133,18,3,19,8,381,4133201,4133581,3.81,active
7134,18,3,0,0,450,4133582,4134031,4.5,rest
7135,18,3,19,9,351,4134032,4134382,3.51,active
7136,18,3,0,0,422,4134383,4134804,4.22,rest
7137,18,3,19,10,464,4134805,4135268,4.64,active
7138,18,3,0,0,1005,4135269,4136273,10.05,rest
7139,18,3,20,1,404,4136274,4136677,4.04,active
7140,18,3,0,0,333,4136678,4137010,3.33,rest
7141,18,3,20,2,450,4137011,4137460,4.5,active
7142,18,3,0,0,372,4137461,4137832,3.72,rest
7143,18,3,20,3,439,4137833,4138271,4.39,active
7144,18,3,0,0,397,4138272,4138668,3.97,rest
7145,18,3,20,4,460,4138669,4139128,4.6,active
7146,18,3,0,0,359,4139129,4139487,3.59,rest
7147,18,3,20,5,444,4139488,4139931,4.44,active
7148,18,3,0,0,358,4139932,4140289,3.58,rest
7149,18,3,20,6,477,4140290,4140766,4.77,active
7150,18,3,0,0,392,4140767,4141158,3.92,rest
7151,18,3,20,7,456,4141159,4141614,4.56,active
7152,18,3,0,0,376,4141615,4141990,3.76,rest
7153,18,3,20,8,457,4141991,4142447,4.57,active
7154,18,3,0,0,392,4142448,4142839,3.92,rest
7155,18,3,20,9,424,4142840,4143263,4.24,active
7156,18,3,0,0,446,4143264,4143709,4.46,rest
7157,18,3,20,10,421,4143710,4144130,4.21,active
7158,18,3,0,0,7231,4144131,4151361,72.31,rest
7159,18,3,21,1,421,4151362,4151782,4.21,active
7160,18,3,0,0,408,4151783,4152190,4.08,rest
7161,18,3,21,2,418,4152191,4152608,4.18,active
7162,18,3,0,0,377,4152609,4152985,3.77,rest
7163,18,3,21,3,470,4152986,4153455,4.7,active
7164,18,3,0,0,241,4153456,4153696,2.41,rest
7165,18,3,21,4,475,4153697,4154171,4.75,active
7166,18,3,0,0,511,4154172,4154682,5.11,rest
7167,18,3,21,5,449,4154683,4155131,4.49,active
7168,18,3,0,0,257,4155132,4155388,2.57,rest
7169,18,3,21,6,472,4155389,4155860,4.72,active
7170,18,3,0,0,385,4155861,4156245,3.85,rest
7171,18,3,21,7,546,4156246,4156791,5.46,active
7172,18,3,0,0,275,4156792,4157066,2.75,rest
7173,18,3,21,8,467,4157067,4157533,4.67,active
7174,18,3,0,0,500,4157534,4158033,5.0,rest
7175,18,3,21,9,421,4158034,4158454,4.21,active
7176,18,3,0,0,340,4158455,4158794,3.4,rest
7177,18,3,21,10,399,4158795,4159193,3.99,active
7178,18,3,0,0,3634,4159194,4162827,36.34,rest
7179,18,3,22,1,375,4162828,4163202,3.75,active
7180,18,3,0,0,515,4163203,4163717,5.15,rest
7181,18,3,22,2,429,4163718,4164146,4.29,active
7182,18,3,0,0,554,4164147,4164700,5.54,rest
7183,18,3,22,3,278,4164701,4164978,2.78,active
7184,18,3,0,0,461,4164979,4165439,4.61,rest
7185,18,3,22,4,372,4165440,4165811,3.72,active
7186,18,3,0,0,408,4165812,4166219,4.08,rest
7187,18,3,22,5,422,4166220,4166641,4.22,active
7188,18,3,0,0,434,4166642,4167075,4.34,rest
7189,18,3,22,6,378,4167076,4167453,3.78,active
7190,18,3,0,0,380,4167454,4167833,3.8,rest
7191,18,3,22,7,467,4167834,4168300,4.67,active
7192,18,3,0,0,381,4168301,4168681,3.81,rest
7193,18,3,22,8,380,4168682,4169061,3.8,active
7194,18,3,0,0,414,4169062,4169475,4.14,rest
7195,18,3,22,9,501,4169476,4169976,5.01,active
7196,18,3,0,0,332,4169977,4170308,3.32,rest
7197,18,3,22,10,448,4170309,4170756,4.48,active
7198,18,3,0,0,4025,4170757,4174781,40.25,rest
7199,18,3,23,1,450,4174782,4175231,4.5,active
7200,18,3,0,0,331,4175232,4175562,3.31,rest
7201,18,3,23,2,465,4175563,4176027,4.65,active
7202,18,3,0,0,366,4176028,4176393,3.66,rest
7203,18,3,23,3,545,4176394,4176938,5.45,active
7204,18,3,0,0,306,4176939,4177244,3.06,rest
7205,18,3,23,4,482,4177245,4177726,4.82,active
7206,18,3,0,0,359,4177727,4178085,3.59,rest
7207,18,3,23,5,500,4178086,4178585,5.0,active
7208,18,3,0,0,357,4178586,4178942,3.57,rest
7209,18,3,23,6,498,4178943,4179440,4.98,active
7210,18,3,0,0,352,4179441,4179792,3.52,rest
7211,18,3,23,7,480,4179793,4180272,4.8,active
7212,18,3,0,0,340,4180273,4180612,3.4,rest
7213,18,3,23,8,490,4180613,4181102,4.9,active
7214,18,3,0,0,344,4181103,4181446,3.44,rest
7215,18,3,23,9,496,4181447,4181942,4.96,active
7216,18,3,0,0,357,4181943,4182299,3.57,rest
7217,18,3,23,10,482,4182300,4182781,4.82,active
7218,18,3,0,0,248,4182782,4183029,2.48,rest
7219,19,2,0,0,343,4284329,4284671,3.43,rest
7220,19,2,1,1,420,4284672,4285091,4.2,active
7221,19,2,0,0,514,4285092,4285605,5.14,rest
7222,19,2,1,2,281,4285606,4285886,2.81,active
7223,19,2,0,0,549,4285887,4286435,5.49,rest
7224,19,2,1,3,254,4286436,4286689,2.54,active
7225,19,2,0,0,574,4286690,4287263,5.74,rest
7226,19,2,1,4,269,4287264,4287532,2.69,active
7227,19,2,0,0,571,4287533,4288103,5.71,rest
7228,19,2,1,5,520,4288104,4288623,5.2,active
7229,19,2,0,0,329,4288624,4288952,3.29,rest
7230,19,2,1,6,258,4288953,4289210,2.58,active
7231,19,2,0,0,632,4289211,4289842,6.32,rest
7232,19,2,1,7,228,4289843,4290070,2.28,active
7233,19,2,0,0,588,4290071,4290658,5.88,rest
7234,19,2,1,8,248,4290659,4290906,2.48,active
7235,19,2,0,0,572,4290907,4291478,5.72,rest
7236,19,2,1,9,277,4291479,4291755,2.77,active
7237,19,2,0,0,577,4291756,4292332,5.77,rest
7238,19,2,1,10,260,4292333,4292592,2.6,active
7239,19,2,0,0,580,4292593,4293172,5.8,rest
7240,19,2,2,1,268,4293173,4293440,2.68,active
7241,19,2,0,0,585,4293441,4294025,5.85,rest
7242,19,2,2,2,212,4294026,4294237,2.12,active
7243,19,2,0,0,565,4294238,4294802,5.65,rest
7244,19,2,2,3,296,4294803,4295098,2.96,active
7245,19,2,0,0,527,4295099,4295625,5.27,rest
7246,19,2,2,4,439,4295626,4296064,4.39,active
7247,19,2,0,0,396,4296065,4296460,3.96,rest
7248,19,2,2,5,395,4296461,4296855,3.95,active
7249,19,2,0,0,447,4296856,4297302,4.47,rest
7250,19,2,2,6,280,4297303,4297582,2.8,active
7251,19,2,0,0,571,4297583,4298153,5.71,rest
7252,19,2,2,7,340,4298154,4298493,3.4,active
7253,19,2,0,0,454,4298494,4298947,4.54,rest
7254,19,2,2,8,429,4298948,4299376,4.29,active
7255,19,2,0,0,451,4299377,4299827,4.51,rest
7256,19,2,2,9,359,4299828,4300186,3.59,active
7257,19,2,0,0,570,4300187,4300756,5.7,rest
7258,19,2,2,10,460,4300757,4301216,4.6,active
7259,19,2,0,0,348,4301217,4301564,3.48,rest
7260,19,2,3,1,391,4301565,4301955,3.91,active
7261,19,2,0,0,408,4301956,4302363,4.08,rest
7262,19,2,3,2,389,4302364,4302752,3.89,active
7263,19,2,0,0,470,4302753,4303222,4.7,rest
7264,19,2,3,3,379,4303223,4303601,3.79,active
7265,19,2,0,0,434,4303602,4304035,4.34,rest
7266,19,2,3,4,418,4304036,4304453,4.18,active
7267,19,2,0,0,446,4304454,4304899,4.46,rest
7268,19,2,3,5,331,4304900,4305230,3.31,active
7269,19,2,0,0,481,4305231,4305711,4.81,rest
7270,19,2,3,6,472,4305712,4306183,4.72,active
7271,19,2,0,0,385,4306184,4306568,3.85,rest
7272,19,2,3,7,371,4306569,4306939,3.71,active
7273,19,2,0,0,465,4306940,4307404,4.65,rest
7274,19,2,3,8,403,4307405,4307807,4.03,active
7275,19,2,0,0,427,4307808,4308234,4.27,rest
7276,19,2,3,9,393,4308235,4308627,3.93,active
7277,19,2,0,0,450,4308628,4309077,4.5,rest
7278,19,2,3,10,363,4309078,4309440,3.63,active
7279,19,2,0,0,498,4309441,4309938,4.98,rest
7280,19,2,4,1,352,4309939,4310290,3.52,active
7281,19,2,0,0,525,4310291,4310815,5.25,rest
7282,19,2,4,2,287,4310816,4311102,2.87,active
7283,19,2,0,0,508,4311103,4311610,5.08,rest
7284,19,2,4,3,470,4311611,4312080,4.7,active
7285,19,2,0,0,336,4312081,4312416,3.36,rest
7286,19,2,4,4,360,4312417,4312776,3.6,active
7287,19,2,0,0,494,4312777,4313270,4.94,rest
7288,19,2,4,5,354,4313271,4313624,3.54,active
7289,19,2,0,0,497,4313625,4314121,4.97,rest
7290,19,2,4,6,425,4314122,4314546,4.25,active
7291,19,2,0,0,411,4314547,4314957,4.11,rest
7292,19,2,4,7,552,4314958,4315509,5.52,active
7293,19,2,0,0,253,4315510,4315762,2.53,rest
7294,19,2,4,8,385,4315763,4316147,3.85,active
7295,19,2,0,0,480,4316148,4316627,4.8,rest
7296,19,2,4,9,366,4316628,4316993,3.66,active
7297,19,2,0,0,472,4316994,4317465,4.72,rest
7298,19,2,4,10,377,4317466,4317842,3.77,active
7299,19,2,0,0,516,4317843,4318358,5.16,rest
7300,19,2,5,1,495,4318359,4318853,4.95,active
7301,19,2,0,0,280,4318854,4319133,2.8,rest
7302,19,2,5,2,468,4319134,4319601,4.68,active
7303,19,2,0,0,419,4319602,4320020,4.19,rest
7304,19,2,5,3,369,4320021,4320389,3.69,active
7305,19,2,0,0,474,4320390,4320863,4.74,rest
7306,19,2,5,4,419,4320864,4321282,4.19,active
7307,19,2,0,0,420,4321283,4321702,4.2,rest
7308,19,2,5,5,386,4321703,4322088,3.86,active
7309,19,2,0,0,412,4322089,4322500,4.12,rest
7310,19,2,5,6,368,4322501,4322868,3.68,active
7311,19,2,0,0,540,4322869,4323408,5.4,rest
7312,19,2,5,7,338,4323409,4323746,3.38,active
7313,19,2,0,0,477,4323747,4324223,4.77,rest
7314,19,2,5,8,323,4324224,4324546,3.23,active
7315,19,2,0,0,521,4324547,4325067,5.21,rest
7316,19,2,5,9,301,4325068,4325368,3.01,active
7317,19,2,0,0,575,4325369,4325943,5.75,rest
7318,19,2,5,10,234,4325944,4326177,2.34,active
7319,19,2,0,0,572,4326178,4326749,5.72,rest
7320,19,2,6,1,390,4326750,4327139,3.9,active
7321,19,2,0,0,451,4327140,4327590,4.51,rest
7322,19,2,6,2,351,4327591,4327941,3.51,active
7323,19,2,0,0,542,4327942,4328483,5.42,rest
7324,19,2,6,3,297,4328484,4328780,2.97,active
7325,19,2,0,0,495,4328781,4329275,4.95,rest
7326,19,2,6,4,380,4329276,4329655,3.8,active
7327,19,2,0,0,433,4329656,4330088,4.33,rest
7328,19,2,6,5,394,4330089,4330482,3.94,active
7329,19,2,0,0,506,4330483,4330988,5.06,rest
7330,19,2,6,6,303,4330989,4331291,3.03,active
7331,19,2,0,0,496,4331292,4331787,4.96,rest
7332,19,2,6,7,342,4331788,4332129,3.42,active
7333,19,2,0,0,460,4332130,4332589,4.6,rest
7334,19,2,6,8,413,4332590,4333002,4.13,active
7335,19,2,0,0,439,4333003,4333441,4.39,rest
7336,19,2,6,9,389,4333442,4333830,3.89,active
7337,19,2,0,0,433,4333831,4334263,4.33,rest
7338,19,2,6,10,421,4334264,4334684,4.21,active
7339,19,2,0,0,537,4334685,4335221,5.37,rest
7340,19,2,7,1,457,4335222,4335678,4.57,active
7341,19,2,0,0,377,4335679,4336055,3.77,rest
7342,19,2,7,2,323,4336056,4336378,3.23,active
7343,19,2,0,0,500,4336379,4336878,5.0,rest
7344,19,2,7,3,366,4336879,4337244,3.66,active
7345,19,2,0,0,432,4337245,4337676,4.32,rest
7346,19,2,7,4,365,4337677,4338041,3.65,active
7347,19,2,0,0,393,4338042,4338434,3.93,rest
7348,19,2,7,5,557,4338435,4338991,5.57,active
7349,19,2,0,0,419,4338992,4339410,4.19,rest
7350,19,2,7,6,457,4339411,4339867,4.57,active
7351,19,2,0,0,322,4339868,4340189,3.22,rest
7352,19,2,7,7,404,4340190,4340593,4.04,active
7353,19,2,0,0,547,4340594,4341140,5.47,rest
7354,19,2,7,8,414,4341141,4341554,4.14,active
7355,19,2,0,0,281,4341555,4341835,2.81,rest
7356,19,2,7,9,408,4341836,4342243,4.08,active
7357,19,2,0,0,459,4342244,4342702,4.59,rest
7358,19,2,7,10,396,4342703,4343098,3.96,active
7359,19,2,0,0,462,4343099,4343560,4.62,rest
7360,19,2,8,1,453,4343561,4344013,4.53,active
7361,19,2,0,0,396,4344014,4344409,3.96,rest
7362,19,2,8,2,435,4344410,4344844,4.35,active
7363,19,2,0,0,419,4344845,4345263,4.19,rest
7364,19,2,8,3,309,4345264,4345572,3.09,active
7365,19,2,0,0,468,4345573,4346040,4.68,rest
7366,19,2,8,4,439,4346041,4346479,4.39,active
7367,19,2,0,0,415,4346480,4346894,4.15,rest
7368,19,2,8,5,364,4346895,4347258,3.64,active
7369,19,2,0,0,517,4347259,4347775,5.17,rest
7370,19,2,8,6,342,4347776,4348117,3.42,active
7371,19,2,0,0,494,4348118,4348611,4.94,rest
7372,19,2,8,7,427,4348612,4349038,4.27,active
7373,19,2,0,0,440,4349039,4349478,4.4,rest
7374,19,2,8,8,300,4349479,4349778,3.0,active
7375,19,2,0,0,545,4349779,4350323,5.45,rest
7376,19,2,8,9,438,4350324,4350761,4.38,active
7377,19,2,0,0,391,4350762,4351152,3.91,rest
7378,19,2,8,10,262,4351153,4351414,2.62,active
7379,19,2,0,0,572,4351415,4351986,5.72,rest
7380,19,2,9,1,336,4351987,4352322,3.36,active
7381,19,2,0,0,534,4352323,4352856,5.34,rest
7382,19,2,9,2,210,4352857,4353066,2.1,active
7383,19,2,0,0,595,4353067,4353661,5.95,rest
7384,19,2,9,3,321,4353662,4353982,3.21,active
7385,19,2,0,0,501,4353983,4354483,5.01,rest
7386,19,2,9,4,494,4354484,4354977,4.94,active
7387,19,2,0,0,344,4354978,4355321,3.44,rest
7388,19,2,9,5,449,4355322,4355770,4.49,active
7389,19,2,0,0,329,4355771,4356099,3.29,rest
7390,19,2,9,6,419,4356100,4356518,4.19,active
7391,19,2,0,0,463,4356519,4356981,4.63,rest
7392,19,2,9,7,380,4356982,4357361,3.8,active
7393,19,2,0,0,428,4357362,4357789,4.28,rest
7394,19,2,9,8,366,4357790,4358155,3.66,active
7395,19,2,0,0,504,4358156,4358659,5.04,rest
7396,19,2,9,9,321,4358660,4358980,3.21,active
7397,19,2,0,0,524,4358981,4359504,5.24,rest
7398,19,2,9,10,317,4359505,4359821,3.17,active
7399,19,2,0,0,500,4359822,4360321,5.0,rest
7400,19,2,10,1,392,4360322,4360713,3.92,active
7401,19,2,0,0,403,4360714,4361116,4.03,rest
7402,19,2,10,2,399,4361117,4361515,3.99,active
7403,19,2,0,0,483,4361516,4361998,4.83,rest
7404,19,2,10,3,348,4361999,4362346,3.48,active
7405,19,2,0,0,451,4362347,4362797,4.51,rest
7406,19,2,10,4,521,4362798,4363318,5.21,active
7407,19,2,0,0,359,4363319,4363677,3.59,rest
7408,19,2,10,5,327,4363678,4364004,3.27,active
7409,19,2,0,0,457,4364005,4364461,4.57,rest
7410,19,2,10,6,372,4364462,4364833,3.72,active
7411,19,2,0,0,482,4364834,4365315,4.82,rest
7412,19,2,10,7,493,4365316,4365808,4.93,active
7413,19,2,0,0,341,4365809,4366149,3.41,rest
7414,19,2,10,8,354,4366150,4366503,3.54,active
7415,19,2,0,0,458,4366504,4366961,4.58,rest
7416,19,2,10,9,394,4366962,4367355,3.94,active
7417,19,2,0,0,461,4367356,4367816,4.61,rest
7418,19,2,10,10,369,4367817,4368185,3.69,active
7419,19,2,0,0,495,4368186,4368680,4.95,rest
7420,19,2,11,1,530,4368681,4369210,5.3,active
7421,19,2,0,0,272,4369211,4369482,2.72,rest
7422,19,2,11,2,419,4369483,4369901,4.19,active
7423,19,2,0,0,429,4369902,4370330,4.29,rest
7424,19,2,11,3,413,4370331,4370743,4.13,active
7425,19,2,0,0,421,4370744,4371164,4.21,rest
7426,19,2,11,4,413,4371165,4371577,4.13,active
7427,19,2,0,0,403,4371578,4371980,4.03,rest
7428,19,2,11,5,563,4371981,4372543,5.63,active
7429,19,2,0,0,273,4372544,4372816,2.73,rest
7430,19,2,11,6,559,4372817,4373375,5.59,active
7431,19,2,0,0,266,4373376,4373641,2.66,rest
7432,19,2,11,7,426,4373642,4374067,4.26,active
7433,19,2,0,0,426,4374068,4374493,4.26,rest
7434,19,2,11,8,434,4374494,4374927,4.34,active
7435,19,2,0,0,375,4374928,4375302,3.75,rest
7436,19,2,11,9,467,4375303,4375769,4.67,active
7437,19,2,0,0,367,4375770,4376136,3.67,rest
7438,19,2,11,10,491,4376137,4376627,4.91,active
7439,19,2,0,0,417,4376628,4377044,4.17,rest
7440,19,2,12,1,449,4377045,4377493,4.49,active
7441,19,2,0,0,367,4377494,4377860,3.67,rest
7442,19,2,12,2,433,4377861,4378293,4.33,active
7443,19,2,0,0,391,4378294,4378684,3.91,rest
7444,19,2,12,3,430,4378685,4379114,4.3,active
7445,19,2,0,0,404,4379115,4379518,4.04,rest
7446,19,2,12,4,480,4379519,4379998,4.8,active
7447,19,2,0,0,387,4379999,4380385,3.87,rest
7448,19,2,12,5,497,4380386,4380882,4.97,active
7449,19,2,0,0,309,4380883,4381191,3.09,rest
7450,19,2,12,6,448,4381192,4381639,4.48,active
7451,19,2,0,0,417,4381640,4382056,4.17,rest
7452,19,2,12,7,366,4382057,4382422,3.66,active
7453,19,2,0,0,471,4382423,4382893,4.71,rest
7454,19,2,12,8,234,4382894,4383127,2.34,active
7455,19,2,0,0,581,4383128,4383708,5.81,rest
7456,19,2,12,9,412,4383709,4384120,4.12,active
7457,19,2,0,0,456,4384121,4384576,4.56,rest
7458,19,2,12,10,381,4384577,4384957,3.81,active
7459,19,2,0,0,485,4384958,4385442,4.85,rest
7460,19,2,13,1,527,4385443,4385969,5.27,active
7461,19,2,0,0,309,4385970,4386278,3.09,rest
7462,19,2,13,2,448,4386279,4386726,4.48,active
7463,19,2,0,0,368,4386727,4387094,3.68,rest
7464,19,2,13,3,455,4387095,4387549,4.55,active
7465,19,2,0,0,389,4387550,4387938,3.89,rest
7466,19,2,13,4,449,4387939,4388387,4.49,active
7467,19,2,0,0,400,4388388,4388787,4.0,rest
7468,19,2,13,5,416,4388788,4389203,4.16,active
7469,19,2,0,0,452,4389204,4389655,4.52,rest
7470,19,2,13,6,273,4389656,4389928,2.73,active
7471,19,2,0,0,547,4389929,4390475,5.47,rest
7472,19,2,13,7,466,4390476,4390941,4.66,active
7473,19,2,0,0,373,4390942,4391314,3.73,rest
7474,19,2,13,8,292,4391315,4391606,2.92,active
7475,19,2,0,0,532,4391607,4392138,5.32,rest
7476,19,2,13,9,293,4392139,4392431,2.93,active
7477,19,2,0,0,524,4392432,4392955,5.24,rest
7478,19,2,13,10,446,4392956,4393401,4.46,active
7479,19,2,0,0,434,4393402,4393835,4.34,rest
7480,19,2,14,1,369,4393836,4394204,3.69,active
7481,19,2,0,0,435,4394205,4394639,4.35,rest
7482,19,2,14,2,342,4394640,4394981,3.42,active
7483,19,2,0,0,521,4394982,4395502,5.21,rest
7484,19,2,14,3,274,4395503,4395776,2.74,active
7485,19,2,0,0,542,4395777,4396318,5.42,rest
7486,19,2,14,4,378,4396319,4396696,3.78,active
7487,19,2,0,0,469,4396697,4397165,4.69,rest
7488,19,2,14,5,391,4397166,4397556,3.91,active
7489,19,2,0,0,427,4397557,4397983,4.27,rest
7490,19,2,14,6,459,4397984,4398442,4.59,active
7491,19,2,0,0,396,4398443,4398838,3.96,rest
7492,19,2,14,7,394,4398839,4399232,3.94,active
7493,19,2,0,0,464,4399233,4399696,4.64,rest
7494,19,2,14,8,541,4399697,4400237,5.41,active
7495,19,2,0,0,305,4400238,4400542,3.05,rest
7496,19,2,14,9,238,4400543,4400780,2.38,active
7497,19,2,0,0,561,4400781,4401341,5.61,rest
7498,19,2,14,10,390,4401342,4401731,3.9,active
7499,19,2,0,0,575,4401732,4402306,5.75,rest
7500,19,2,15,1,185,4402307,4402491,1.85,active
7501,19,2,0,0,574,4402492,4403065,5.74,rest
7502,19,2,15,2,319,4403066,4403384,3.19,active
7503,19,2,0,0,494,4403385,4403878,4.94,rest
7504,19,2,15,3,374,4403879,4404252,3.74,active
7505,19,2,0,0,486,4404253,4404738,4.86,rest
7506,19,2,15,4,334,4404739,4405072,3.34,active
7507,19,2,0,0,474,4405073,4405546,4.74,rest
7508,19,2,15,5,347,4405547,4405893,3.47,active
7509,19,2,0,0,513,4405894,4406406,5.13,rest
7510,19,2,15,6,314,4406407,4406720,3.14,active
7511,19,2,0,0,538,4406721,4407258,5.38,rest
7512,19,2,15,7,371,4407259,4407629,3.71,active
7513,19,2,0,0,456,4407630,4408085,4.56,rest
7514,19,2,15,8,542,4408086,4408627,5.42,active
7515,19,2,0,0,349,4408628,4408976,3.49,rest
7516,19,2,15,9,353,4408977,4409329,3.53,active
7517,19,2,0,0,431,4409330,4409760,4.31,rest
7518,19,2,15,10,406,4409761,4410166,4.06,active
7519,19,2,0,0,509,4410167,4410675,5.09,rest
7520,19,2,16,1,432,4410676,4411107,4.32,active
7521,19,2,0,0,358,4411108,4411465,3.58,rest
7522,19,2,16,2,406,4411466,4411871,4.06,active
7523,19,2,0,0,411,4411872,4412282,4.11,rest
7524,19,2,16,3,403,4412283,4412685,4.03,active
7525,19,2,0,0,429,4412686,4413114,4.29,rest
7526,19,2,16,4,415,4413115,4413529,4.15,active
7527,19,2,0,0,435,4413530,4413964,4.35,rest
7528,19,2,16,5,423,4413965,4414387,4.23,active
7529,19,2,0,0,392,4414388,4414779,3.92,rest
7530,19,2,16,6,437,4414780,4415216,4.37,active
7531,19,2,0,0,419,4415217,4415635,4.19,rest
7532,19,2,16,7,397,4415636,4416032,3.97,active
7533,19,2,0,0,411,4416033,4416443,4.11,rest
7534,19,2,16,8,469,4416444,4416912,4.69,active
7535,19,2,0,0,390,4416913,4417302,3.9,rest
7536,19,2,16,9,401,4417303,4417703,4.01,active
7537,19,2,0,0,398,4417704,4418101,3.98,rest
7538,19,2,16,10,434,4418102,4418535,4.34,active
7539,19,2,0,0,463,4418536,4418998,4.63,rest
7540,19,2,17,1,410,4418999,4419408,4.1,active
7541,19,2,0,0,440,4419409,4419848,4.4,rest
7542,19,2,17,2,320,4419849,4420168,3.2,active
7543,19,2,0,0,516,4420169,4420684,5.16,rest
7544,19,2,17,3,306,4420685,4420990,3.06,active
7545,19,2,0,0,527,4420991,4421517,5.27,rest
7546,19,2,17,4,316,4421518,4421833,3.16,active
7547,19,2,0,0,512,4421834,4422345,5.12,rest
7548,19,2,17,5,326,4422346,4422671,3.26,active
7549,19,2,0,0,482,4422672,4423153,4.82,rest
7550,19,2,17,6,411,4423154,4423564,4.11,active
7551,19,2,0,0,435,4423565,4423999,4.35,rest
7552,19,2,17,7,430,4424000,4424429,4.3,active
7553,19,2,0,0,410,4424430,4424839,4.1,rest
7554,19,2,17,8,466,4424840,4425305,4.66,active
7555,19,2,0,0,375,4425306,4425680,3.75,rest
7556,19,2,17,9,437,4425681,4426117,4.37,active
7557,19,2,0,0,387,4426118,4426504,3.87,rest
7558,19,2,17,10,431,4426505,4426935,4.31,active
7559,19,2,0,0,392,4426936,4427327,3.92,rest
7560,19,3,0,0,392,4427328,4427719,3.92,rest
7561,19,3,1,1,427,4427720,4428146,4.27,active
7562,19,3,0,0,378,4428147,4428524,3.78,rest
7563,19,3,1,2,421,4428525,4428945,4.21,active
7564,19,3,0,0,437,4428946,4429382,4.37,rest
7565,19,3,1,3,456,4429383,4429838,4.56,active
7566,19,3,0,0,384,4429839,4430222,3.84,rest
7567,19,3,1,4,413,4430223,4430635,4.13,active
7568,19,3,0,0,419,4430636,4431054,4.19,rest
7569,19,3,1,5,460,4431055,4431514,4.6,active
7570,19,3,0,0,344,4431515,4431858,3.44,rest
7571,19,3,1,6,446,4431859,4432304,4.46,active
7572,19,3,0,0,407,4432305,4432711,4.07,rest
7573,19,3,1,7,567,4432712,4433278,5.67,active
7574,19,3,0,0,315,4433279,4433593,3.15,rest
7575,19,3,1,8,426,4433594,4434019,4.26,active
7576,19,3,0,0,359,4434020,4434378,3.59,rest
7577,19,3,1,9,454,4434379,4434832,4.54,active
7578,19,3,0,0,410,4434833,4435242,4.1,rest
7579,19,3,1,10,401,4435243,4435643,4.01,active
7580,19,3,0,0,1460,4435644,4437103,14.6,rest
7581,19,3,2,1,366,4437104,4437469,3.66,active
7582,19,3,0,0,408,4437470,4437877,4.08,rest
7583,19,3,2,2,459,4437878,4438336,4.59,active
7584,19,3,0,0,393,4438337,4438729,3.93,rest
7585,19,3,2,3,456,4438730,4439185,4.56,active
7586,19,3,0,0,359,4439186,4439544,3.59,rest
7587,19,3,2,4,445,4439545,4439989,4.45,active
7588,19,3,0,0,383,4439990,4440372,3.83,rest
7589,19,3,2,5,471,4440373,4440843,4.71,active
7590,19,3,0,0,408,4440844,4441251,4.08,rest
7591,19,3,2,6,414,4441252,4441665,4.14,active
7592,19,3,0,0,461,4441666,4442126,4.61,rest
7593,19,3,2,7,449,4442127,4442575,4.49,active
7594,19,3,0,0,397,4442576,4442972,3.97,rest
7595,19,3,2,8,367,4442973,4443339,3.67,active
7596,19,3,0,0,458,4443340,4443797,4.58,rest
7597,19,3,2,9,460,4443798,4444257,4.6,active
7598,19,3,0,0,329,4444258,4444586,3.29,rest
7599,19,3,2,10,468,4444587,4445054,4.68,active
7600,19,3,0,0,2199,4445055,4447253,21.99,rest
7601,19,3,3,1,360,4447254,4447613,3.6,active
7602,19,3,0,0,565,4447614,4448178,5.65,rest
7603,19,3,3,2,377,4448179,4448555,3.77,active
7604,19,3,0,0,336,4448556,4448891,3.36,rest
7605,19,3,3,3,403,4448892,4449294,4.03,active
7606,19,3,0,0,483,4449295,4449777,4.83,rest
7607,19,3,3,4,352,4449778,4450129,3.52,active
7608,19,3,0,0,482,4450130,4450611,4.82,rest
7609,19,3,3,5,366,4450612,4450977,3.66,active
7610,19,3,0,0,397,4450978,4451374,3.97,rest
7611,19,3,3,6,441,4451375,4451815,4.41,active
7612,19,3,0,0,453,4451816,4452268,4.53,rest
7613,19,3,3,7,445,4452269,4452713,4.45,active
7614,19,3,0,0,352,4452714,4453065,3.52,rest
7615,19,3,3,8,481,4453066,4453546,4.81,active
7616,19,3,0,0,357,4453547,4453903,3.57,rest
7617,19,3,3,9,490,4453904,4454393,4.9,active
7618,19,3,0,0,374,4454394,4454767,3.74,rest
7619,19,3,3,10,514,4454768,4455281,5.14,active
7620,19,3,0,0,1026,4455282,4456307,10.26,rest
7621,19,3,4,1,459,4456308,4456766,4.59,active
7622,19,3,0,0,414,4456767,4457180,4.14,rest
7623,19,3,4,2,316,4457181,4457496,3.16,active
7624,19,3,0,0,517,4457497,4458013,5.17,rest
7625,19,3,4,3,352,4458014,4458365,3.52,active
7626,19,3,0,0,499,4458366,4458864,4.99,rest
7627,19,3,4,4,451,4458865,4459315,4.51,active
7628,19,3,0,0,437,4459316,4459752,4.37,rest
7629,19,3,4,5,289,4459753,4460041,2.89,active
7630,19,3,0,0,499,4460042,4460540,4.99,rest
7631,19,3,4,6,471,4460541,4461011,4.71,active
7632,19,3,0,0,373,4461012,4461384,3.73,rest
7633,19,3,4,7,487,4461385,4461871,4.87,active
7634,19,3,0,0,359,4461872,4462230,3.59,rest
7635,19,3,4,8,525,4462231,4462755,5.25,active
7636,19,3,0,0,312,4462756,4463067,3.12,rest
7637,19,3,4,9,506,4463068,4463573,5.06,active
7638,19,3,0,0,334,4463574,4463907,3.34,rest
7639,19,3,4,10,470,4463908,4464377,4.7,active
7640,19,3,0,0,2676,4464378,4467053,26.76,rest
7641,19,3,5,1,525,4467054,4467578,5.25,active
7642,19,3,0,0,285,4467579,4467863,2.85,rest
7643,19,3,5,2,554,4467864,4468417,5.54,active
7644,19,3,0,0,347,4468418,4468764,3.47,rest
7645,19,3,5,3,263,4468765,4469027,2.63,active
7646,19,3,0,0,524,4469028,4469551,5.24,rest
7647,19,3,5,4,551,4469552,4470102,5.51,active
7648,19,3,0,0,371,4470103,4470473,3.71,rest
7649,19,3,5,5,344,4470474,4470817,3.44,active
7650,19,3,0,0,477,4470818,4471294,4.77,rest
7651,19,3,5,6,342,4471295,4471636,3.42,active
7652,19,3,0,0,433,4471637,4472069,4.33,rest
7653,19,3,5,7,438,4472070,4472507,4.38,active
7654,19,3,0,0,367,4472508,4472874,3.67,rest
7655,19,3,5,8,455,4472875,4473329,4.55,active
7656,19,3,0,0,432,4473330,4473761,4.32,rest
7657,19,3,5,9,505,4473762,4474266,5.05,active
7658,19,3,0,0,328,4474267,4474594,3.28,rest
7659,19,3,5,10,463,4474595,4475057,4.63,active
7660,19,3,0,0,1134,4475058,4476191,11.34,rest
7661,19,3,6,1,322,4476192,4476513,3.22,active
7662,19,3,0,0,459,4476514,4476972,4.59,rest
7663,19,3,6,2,395,4476973,4477367,3.95,active
7664,19,3,0,0,460,4477368,4477827,4.6,rest
7665,19,3,6,3,349,4477828,4478176,3.49,active
7666,19,3,0,0,500,4478177,4478676,5.0,rest
7667,19,3,6,4,334,4478677,4479010,3.34,active
7668,19,3,0,0,497,4479011,4479507,4.97,rest
7669,19,3,6,5,438,4479508,4479945,4.38,active
7670,19,3,0,0,374,4479946,4480319,3.74,rest
7671,19,3,6,6,394,4480320,4480713,3.94,active
7672,19,3,0,0,452,4480714,4481165,4.52,rest
7673,19,3,6,7,410,4481166,4481575,4.1,active
7674,19,3,0,0,419,4481576,4481994,4.19,rest
7675,19,3,6,8,424,4481995,4482418,4.24,active
7676,19,3,0,0,458,4482419,4482876,4.58,rest
7677,19,3,6,9,439,4482877,4483315,4.39,active
7678,19,3,0,0,581,4483316,4483896,5.81,rest
7679,19,3,6,10,253,4483897,4484149,2.53,active
7680,19,3,0,0,927,4484150,4485076,9.27,rest
7681,19,3,7,1,364,4485077,4485440,3.64,active
7682,19,3,0,0,474,4485441,4485914,4.74,rest
7683,19,3,7,2,428,4485915,4486342,4.28,active
7684,19,3,0,0,425,4486343,4486767,4.25,rest
7685,19,3,7,3,435,4486768,4487202,4.35,active
7686,19,3,0,0,426,4487203,4487628,4.26,rest
7687,19,3,7,4,397,4487629,4488025,3.97,active
7688,19,3,0,0,455,4488026,4488480,4.55,rest
7689,19,3,7,5,513,4488481,4488993,5.13,active
7690,19,3,0,0,318,4488994,4489311,3.18,rest
7691,19,3,7,6,429,4489312,4489740,4.29,active
7692,19,3,0,0,398,4489741,4490138,3.98,rest
7693,19,3,7,7,346,4490139,4490484,3.46,active
7694,19,3,0,0,524,4490485,4491008,5.24,rest
7695,19,3,7,8,452,4491009,4491460,4.52,active
7696,19,3,0,0,391,4491461,4491851,3.91,rest
7697,19,3,7,9,263,4491852,4492114,2.63,active
7698,19,3,0,0,602,4492115,4492716,6.02,rest
7699,19,3,7,10,367,4492717,4493083,3.67,active
7700,19,3,0,0,558,4493084,4493641,5.58,rest
7701,19,3,8,1,358,4493642,4493999,3.58,active
7702,19,3,0,0,454,4494000,4494453,4.54,rest
7703,19,3,8,2,385,4494454,4494838,3.85,active
7704,19,3,0,0,427,4494839,4495265,4.27,rest
7705,19,3,8,3,426,4495266,4495691,4.26,active
7706,19,3,0,0,429,4495692,4496120,4.29,rest
7707,19,3,8,4,432,4496121,4496552,4.32,active
7708,19,3,0,0,421,4496553,4496973,4.21,rest
7709,19,3,8,5,405,4496974,4497378,4.05,active
7710,19,3,0,0,406,4497379,4497784,4.06,rest
7711,19,3,8,6,443,4497785,4498227,4.43,active
7712,19,3,0,0,397,4498228,4498624,3.97,rest
7713,19,3,8,7,428,4498625,4499052,4.28,active
7714,19,3,0,0,443,4499053,4499495,4.43,rest
7715,19,3,8,8,391,4499496,4499886,3.91,active
7716,19,3,0,0,417,4499887,4500303,4.17,rest
7717,19,3,8,9,494,4500304,4500797,4.94,active
7718,19,3,0,0,426,4500798,4501223,4.26,rest
7719,19,3,8,10,334,4501224,4501557,3.34,active
7720,19,3,0,0,1810,4501558,4503367,18.1,rest
7721,19,3,9,1,489,4503368,4503856,4.89,active
7722,19,3,0,0,352,4503857,4504208,3.52,rest
7723,19,3,9,2,372,4504209,4504580,3.72,active
7724,19,3,0,0,457,4504581,4505037,4.57,rest
7725,19,3,9,3,395,4505038,4505432,3.95,active
7726,19,3,0,0,429,4505433,4505861,4.29,rest
7727,19,3,9,4,451,4505862,4506312,4.51,active
7728,19,3,0,0,396,4506313,4506708,3.96,rest
7729,19,3,9,5,388,4506709,4507096,3.88,active
7730,19,3,0,0,438,4507097,4507534,4.38,rest
7731,19,3,9,6,295,4507535,4507829,2.95,active
7732,19,3,0,0,572,4507830,4508401,5.72,rest
7733,19,3,9,7,466,4508402,4508867,4.66,active
7734,19,3,0,0,514,4508868,4509381,5.14,rest
7735,19,3,9,8,382,4509382,4509763,3.82,active
7736,19,3,0,0,348,4509764,4510111,3.48,rest
7737,19,3,9,9,204,4510112,4510315,2.04,active
7738,19,3,0,0,640,4510316,4510955,6.4,rest
7739,19,3,9,10,188,4510956,4511143,1.88,active
7740,19,3,0,0,1253,4511144,4512396,12.53,rest
7741,19,3,10,1,378,4512397,4512774,3.78,active
7742,19,3,0,0,417,4512775,4513191,4.17,rest
7743,19,3,10,2,376,4513192,4513567,3.76,active
7744,19,3,0,0,474,4513568,4514041,4.74,rest
7745,19,3,10,3,470,4514042,4514511,4.7,active
7746,19,3,0,0,378,4514512,4514889,3.78,rest
7747,19,3,10,4,357,4514890,4515246,3.57,active
7748,19,3,0,0,491,4515247,4515737,4.91,rest
7749,19,3,10,5,433,4515738,4516170,4.33,active
7750,19,3,0,0,409,4516171,4516579,4.09,rest
7751,19,3,10,6,505,4516580,4517084,5.05,active
7752,19,3,0,0,345,4517085,4517429,3.45,rest
7753,19,3,10,7,333,4517430,4517762,3.33,active
7754,19,3,0,0,493,4517763,4518255,4.93,rest
7755,19,3,10,8,458,4518256,4518713,4.58,active
7756,19,3,0,0,373,4518714,4519086,3.73,rest
7757,19,3,10,9,405,4519087,4519491,4.05,active
7758,19,3,0,0,453,4519492,4519944,4.53,rest
7759,19,3,10,10,471,4519945,4520415,4.71,active
7760,19,3,0,0,616,4520416,4521031,6.16,rest
7761,19,3,11,1,273,4521032,4521304,2.73,active
7762,19,3,0,0,508,4521305,4521812,5.08,rest
7763,19,3,11,2,371,4521813,4522183,3.71,active
7764,19,3,0,0,450,4522184,4522633,4.5,rest
7765,19,3,11,3,503,4522634,4523136,5.03,active
7766,19,3,0,0,350,4523137,4523486,3.5,rest
7767,19,3,11,4,472,4523487,4523958,4.72,active
7768,19,3,0,0,385,4523959,4524343,3.85,rest
7769,19,3,11,5,449,4524344,4524792,4.49,active
7770,19,3,0,0,400,4524793,4525192,4.0,rest
7771,19,3,11,6,408,4525193,4525600,4.08,active
7772,19,3,0,0,422,4525601,4526022,4.22,rest
7773,19,3,11,7,400,4526023,4526422,4.0,active
7774,19,3,0,0,452,4526423,4526874,4.52,rest
7775,19,3,11,8,434,4526875,4527308,4.34,active
7776,19,3,0,0,398,4527309,4527706,3.98,rest
7777,19,3,11,9,471,4527707,4528177,4.71,active
7778,19,3,0,0,376,4528178,4528553,3.76,rest
7779,19,3,11,10,382,4528554,4528935,3.82,active
7780,19,3,0,0,3858,4528936,4532793,38.58,rest
7781,19,3,12,1,434,4532794,4533227,4.34,active
7782,19,3,0,0,398,4533228,4533625,3.98,rest
7783,19,3,12,2,337,4533626,4533962,3.37,active
7784,19,3,0,0,473,4533963,4534435,4.73,rest
7785,19,3,12,3,498,4534436,4534933,4.98,active
7786,19,3,0,0,387,4534934,4535320,3.87,rest
7787,19,3,12,4,373,4535321,4535693,3.73,active
7788,19,3,0,0,475,4535694,4536168,4.75,rest
7789,19,3,12,5,416,4536169,4536584,4.16,active
7790,19,3,0,0,448,4536585,4537032,4.48,rest
7791,19,3,12,6,429,4537033,4537461,4.29,active
7792,19,3,0,0,400,4537462,4537861,4.0,rest
7793,19,3,12,7,438,4537862,4538299,4.38,active
7794,19,3,0,0,398,4538300,4538697,3.98,rest
7795,19,3,12,8,187,4538698,4538884,1.87,active
7796,19,3,0,0,660,4538885,4539544,6.6,rest
7797,19,3,12,9,351,4539545,4539895,3.51,active
7798,19,3,0,0,470,4539896,4540365,4.7,rest
7799,19,3,12,10,378,4540366,4540743,3.78,active
7800,19,3,0,0,1353,4540744,4542096,13.53,rest
7801,19,3,13,1,449,4542097,4542545,4.49,active
7802,19,3,0,0,335,4542546,4542880,3.35,rest
7803,19,3,13,2,357,4542881,4543237,3.57,active
7804,19,3,0,0,487,4543238,4543724,4.87,rest
7805,19,3,13,3,339,4543725,4544063,3.39,active
7806,19,3,0,0,485,4544064,4544548,4.85,rest
7807,19,3,13,4,368,4544549,4544916,3.68,active
7808,19,3,0,0,496,4544917,4545412,4.96,rest
7809,19,3,13,5,330,4545413,4545742,3.3,active
7810,19,3,0,0,494,4545743,4546236,4.94,rest
7811,19,3,13,6,315,4546237,4546551,3.15,active
7812,19,3,0,0,535,4546552,4547086,5.35,rest
7813,19,3,13,7,424,4547087,4547510,4.24,active
7814,19,3,0,0,418,4547511,4547928,4.18,rest
7815,19,3,13,8,365,4547929,4548293,3.65,active
7816,19,3,0,0,504,4548294,4548797,5.04,rest
7817,19,3,13,9,393,4548798,4549190,3.93,active
7818,19,3,0,0,439,4549191,4549629,4.39,rest
7819,19,3,13,10,351,4549630,4549980,3.51,active
7820,19,3,0,0,1050,4549981,4551030,10.5,rest
7821,19,3,14,1,471,4551031,4551501,4.71,active
7822,19,3,0,0,411,4551502,4551912,4.11,rest
7823,19,3,14,2,425,4551913,4552337,4.25,active
7824,19,3,0,0,423,4552338,4552760,4.23,rest
7825,19,3,14,3,437,4552761,4553197,4.37,active
7826,19,3,0,0,364,4553198,4553561,3.64,rest
7827,19,3,14,4,514,4553562,4554075,5.14,active
7828,19,3,0,0,352,4554076,4554427,3.52,rest
7829,19,3,14,5,401,4554428,4554828,4.01,active
7830,19,3,0,0,438,4554829,4555266,4.38,rest
7831,19,3,14,6,442,4555267,4555708,4.42,active
7832,19,3,0,0,485,4555709,4556193,4.85,rest
7833,19,3,14,7,395,4556194,4556588,3.95,active
7834,19,3,0,0,347,4556589,4556935,3.47,rest
7835,19,3,14,8,454,4556936,4557389,4.54,active
7836,19,3,0,0,405,4557390,4557794,4.05,rest
7837,19,3,14,9,493,4557795,4558287,4.93,active
7838,19,3,0,0,348,4558288,4558635,3.48,rest
7839,19,3,14,10,464,4558636,4559099,4.64,active
7840,19,3,0,0,1058,4559100,4560157,10.58,rest
7841,19,3,15,1,451,4560158,4560608,4.51,active
7842,19,3,0,0,441,4560609,4561049,4.41,rest
7843,19,3,15,2,399,4561050,4561448,3.99,active
7844,19,3,0,0,383,4561449,4561831,3.83,rest
7845,19,3,15,3,445,4561832,4562276,4.45,active
7846,19,3,0,0,540,4562277,4562816,5.4,rest
7847,19,3,15,4,303,4562817,4563119,3.03,active
7848,19,3,0,0,483,4563120,4563602,4.83,rest
7849,19,3,15,5,249,4563603,4563851,2.49,active
7850,19,3,0,0,585,4563852,4564436,5.85,rest
7851,19,3,15,6,244,4564437,4564680,2.44,active
7852,19,3,0,0,628,4564681,4565308,6.28,rest
7853,19,3,15,7,229,4565309,4565537,2.29,active
7854,19,3,0,0,476,4565538,4566013,4.76,rest
7855,19,3,15,8,464,4566014,4566477,4.64,active
7856,19,3,0,0,401,4566478,4566878,4.01,rest
7857,19,3,15,9,459,4566879,4567337,4.59,active
7858,19,3,0,0,368,4567338,4567705,3.68,rest
7859,19,3,15,10,466,4567706,4568171,4.66,active
7860,19,3,0,0,1949,4568172,4570120,19.49,rest
7861,19,3,16,1,439,4570121,4570559,4.39,active
7862,19,3,0,0,416,4570560,4570975,4.16,rest
7863,19,3,16,2,409,4570976,4571384,4.09,active
7864,19,3,0,0,408,4571385,4571792,4.08,rest
7865,19,3,16,3,426,4571793,4572218,4.26,active
7866,19,3,0,0,422,4572219,4572640,4.22,rest
7867,19,3,16,4,436,4572641,4573076,4.36,active
7868,19,3,0,0,431,4573077,4573507,4.31,rest
7869,19,3,16,5,427,4573508,4573934,4.27,active
7870,19,3,0,0,395,4573935,4574329,3.95,rest
7871,19,3,16,6,375,4574330,4574704,3.75,active
7872,19,3,0,0,450,4574705,4575154,4.5,rest
7873,19,3,16,7,357,4575155,4575511,3.57,active
7874,19,3,0,0,475,4575512,4575986,4.75,rest
7875,19,3,16,8,458,4575987,4576444,4.58,active
7876,19,3,0,0,422,4576445,4576866,4.22,rest
7877,19,3,16,9,408,4576867,4577274,4.08,active
7878,19,3,0,0,457,4577275,4577731,4.57,rest
7879,19,3,16,10,391,4577732,4578122,3.91,active
7880,19,3,0,0,1535,4578123,4579657,15.35,rest
7881,19,3,17,1,432,4579658,4580089,4.32,active
7882,19,3,0,0,370,4580090,4580459,3.7,rest
7883,19,3,17,2,364,4580460,4580823,3.64,active
7884,19,3,0,0,524,4580824,4581347,5.24,rest
7885,19,3,17,3,321,4581348,4581668,3.21,active
7886,19,3,0,0,510,4581669,4582178,5.1,rest
7887,19,3,17,4,436,4582179,4582614,4.36,active
7888,19,3,0,0,386,4582615,4583000,3.86,rest
7889,19,3,17,5,446,4583001,4583446,4.46,active
7890,19,3,0,0,434,4583447,4583880,4.34,rest
7891,19,3,17,6,419,4583881,4584299,4.19,active
7892,19,3,0,0,409,4584300,4584708,4.09,rest
7893,19,3,17,7,399,4584709,4585107,3.99,active
7894,19,3,0,0,422,4585108,4585529,4.22,rest
7895,19,3,17,8,377,4585530,4585906,3.77,active
7896,19,3,0,0,496,4585907,4586402,4.96,rest
7897,19,3,17,9,398,4586403,4586800,3.98,active
7898,19,3,0,0,470,4586801,4587270,4.7,rest
7899,19,3,17,10,407,4587271,4587677,4.07,active
7900,19,3,0,0,1340,4587678,4589017,13.4,rest
7901,19,3,18,1,403,4589018,4589420,4.03,active
7902,19,3,0,0,352,4589421,4589772,3.52,rest
7903,19,3,18,2,319,4589773,4590091,3.19,active
7904,19,3,0,0,574,4590092,4590665,5.74,rest
7905,19,3,18,3,427,4590666,4591092,4.27,active
7906,19,3,0,0,360,4591093,4591452,3.6,rest
7907,19,3,18,4,506,4591453,4591958,5.06,active
7908,19,3,0,0,313,4591959,4592271,3.13,rest
7909,19,3,18,5,527,4592272,4592798,5.27,active
7910,19,3,0,0,287,4592799,4593085,2.87,rest
7911,19,3,18,6,453,4593086,4593538,4.53,active
7912,19,3,0,0,409,4593539,4593947,4.09,rest
7913,19,3,18,7,446,4593948,4594393,4.46,active
7914,19,3,0,0,430,4594394,4594823,4.3,rest
7915,19,3,18,8,410,4594824,4595233,4.1,active
7916,19,3,0,0,432,4595234,4595665,4.32,rest
7917,19,3,18,9,478,4595666,4596143,4.78,active
7918,19,3,0,0,353,4596144,4596496,3.53,rest
7919,19,3,18,10,437,4596497,4596933,4.37,active
7920,19,3,0,0,1090,4596934,4598023,10.9,rest
7921,19,3,19,1,365,4598024,4598388,3.65,active
7922,19,3,0,0,462,4598389,4598850,4.62,rest
7923,19,3,19,2,362,4598851,4599212,3.62,active
7924,19,3,0,0,482,4599213,4599694,4.82,rest
7925,19,3,19,3,409,4599695,4600103,4.09,active
7926,19,3,0,0,387,4600104,4600490,3.87,rest
7927,19,3,19,4,445,4600491,4600935,4.45,active
7928,19,3,0,0,409,4600936,4601344,4.09,rest
7929,19,3,19,5,470,4601345,4601814,4.7,active
7930,19,3,0,0,369,4601815,4602183,3.69,rest
7931,19,3,19,6,539,4602184,4602722,5.39,active
7932,19,3,0,0,318,4602723,4603040,3.18,rest
7933,19,3,19,7,439,4603041,4603479,4.39,active
7934,19,3,0,0,379,4603480,4603858,3.79,rest
7935,19,3,19,8,431,4603859,4604289,4.31,active
7936,19,3,0,0,411,4604290,4604700,4.11,rest
7937,19,3,19,9,407,4604701,4605107,4.07,active
7938,19,3,0,0,481,4605108,4605588,4.81,rest
7939,19,3,19,10,525,4605589,4606113,5.25,active
7940,19,3,0,0,1247,4606114,4607360,12.47,rest
7941,19,3,20,1,424,4607361,4607784,4.24,active
7942,19,3,0,0,373,4607785,4608157,3.73,rest
7943,19,3,20,2,445,4608158,4608602,4.45,active
7944,19,3,0,0,382,4608603,4608984,3.82,rest
7945,19,3,20,3,466,4608985,4609450,4.66,active
7946,19,3,0,0,419,4609451,4609869,4.19,rest
7947,19,3,20,4,435,4609870,4610304,4.35,active
7948,19,3,0,0,413,4610305,4610717,4.13,rest
7949,19,3,20,5,491,4610718,4611208,4.91,active
7950,19,3,0,0,316,4611209,4611524,3.16,rest
7951,19,3,20,6,437,4611525,4611961,4.37,active
7952,19,3,0,0,376,4611962,4612337,3.76,rest
7953,19,3,20,7,469,4612338,4612806,4.69,active
7954,19,3,0,0,384,4612807,4613190,3.84,rest
7955,19,3,20,8,445,4613191,4613635,4.45,active
7956,19,3,0,0,404,4613636,4614039,4.04,rest
7957,19,3,20,9,405,4614040,4614444,4.05,active
7958,19,3,0,0,488,4614445,4614932,4.88,rest
7959,19,3,20,10,389,4614933,4615321,3.89,active
7960,19,3,0,0,5041,4615322,4620362,50.41,rest
7961,19,3,21,1,392,4620363,4620754,3.92,active
7962,19,3,0,0,348,4620755,4621102,3.48,rest
7963,19,3,21,2,431,4621103,4621533,4.31,active
7964,19,3,0,0,498,4621534,4622031,4.98,rest
7965,19,3,21,3,304,4622032,4622335,3.04,active
7966,19,3,0,0,492,4622336,4622827,4.92,rest
7967,19,3,21,4,389,4622828,4623216,3.89,active
7968,19,3,0,0,513,4623217,4623729,5.13,rest
7969,19,3,21,5,338,4623730,4624067,3.38,active
7970,19,3,0,0,388,4624068,4624455,3.88,rest
7971,19,3,21,6,438,4624456,4624893,4.38,active
7972,19,3,0,0,564,4624894,4625457,5.64,rest
7973,19,3,21,7,286,4625458,4625743,2.86,active
7974,19,3,0,0,493,4625744,4626236,4.93,rest
7975,19,3,21,8,391,4626237,4626627,3.91,active
7976,19,3,0,0,484,4626628,4627111,4.84,rest
7977,19,3,21,9,386,4627112,4627497,3.86,active
7978,19,3,0,0,333,4627498,4627830,3.33,rest
7979,19,3,21,10,472,4627831,4628302,4.72,active
7980,19,3,0,0,3049,4628303,4631351,30.49,rest
7981,19,3,22,1,415,4631352,4631766,4.15,active
7982,19,3,0,0,416,4631767,4632182,4.16,rest
7983,19,3,22,2,377,4632183,4632559,3.77,active
7984,19,3,0,0,527,4632560,4633086,5.27,rest
7985,19,3,22,3,273,4633087,4633359,2.73,active
7986,19,3,0,0,556,4633360,4633915,5.56,rest
7987,19,3,22,4,373,4633916,4634288,3.73,active
7988,19,3,0,0,487,4634289,4634775,4.87,rest
7989,19,3,22,5,318,4634776,4635093,3.18,active
7990,19,3,0,0,501,4635094,4635594,5.01,rest
7991,19,3,22,6,346,4635595,4635940,3.46,active
7992,19,3,0,0,500,4635941,4636440,5.0,rest
7993,19,3,22,7,321,4636441,4636761,3.21,active
7994,19,3,0,0,513,4636762,4637274,5.13,rest
7995,19,3,22,8,332,4637275,4637606,3.32,active
7996,19,3,0,0,508,4637607,4638114,5.08,rest
7997,19,3,22,9,329,4638115,4638443,3.29,active
7998,19,3,0,0,445,4638444,4638888,4.45,rest
7999,19,3,22,10,373,4638889,4639261,3.73,active
8000,19,3,0,0,2776,4639262,4642037,27.76,rest
8001,19,3,23,1,391,4642038,4642428,3.91,active
8002,19,3,0,0,419,4642429,4642847,4.19,rest
8003,19,3,23,2,414,4642848,4643261,4.14,active
8004,19,3,0,0,377,4643262,4643638,3.77,rest
8005,19,3,23,3,356,4643639,4643994,3.56,active
8006,19,3,0,0,545,4643995,4644539,5.45,rest
8007,19,3,23,4,412,4644540,4644951,4.12,active
8008,19,3,0,0,385,4644952,4645336,3.85,rest
8009,19,3,23,5,362,4645337,4645698,3.62,active
8010,19,3,0,0,433,4645699,4646131,4.33,rest
8011,19,3,23,6,394,4646132,4646525,3.94,active
8012,19,3,0,0,522,4646526,4647047,5.22,rest
8013,19,3,23,7,351,4647048,4647398,3.51,active
8014,19,3,0,0,518,4647399,4647916,5.18,rest
8015,19,3,23,8,478,4647917,4648394,4.78,active
8016,19,3,0,0,294,4648395,4648688,2.94,rest
8017,19,3,23,9,472,4648689,4649160,4.72,active
8018,19,3,0,0,345,4649161,4649505,3.45,rest
8019,19,3,23,10,398,4649506,4649903,3.98,active
8020,19,3,0,0,415,4649904,4650318,4.15,rest
8021,1,2,0,0,454,4751333,4751786,4.54,rest
8022,1,2,1,1,345,4751787,4752131,3.45,active
8023,1,2,0,0,454,4752132,4752585,4.54,rest
8024,1,2,1,2,373,4752586,4752958,3.73,active
8025,1,2,0,0,459,4752959,4753417,4.59,rest
8026,1,2,1,3,278,4753418,4753695,2.78,active
8027,1,2,0,0,605,4753696,4754300,6.05,rest
8028,1,2,1,4,320,4754301,4754620,3.2,active
8029,1,2,0,0,533,4754621,4755153,5.33,rest
8030,1,2,1,5,304,4755154,4755457,3.04,active
8031,1,2,0,0,573,4755458,4756030,5.73,rest
8032,1,2,1,6,326,4756031,4756356,3.26,active
8033,1,2,0,0,395,4756357,4756751,3.95,rest
8034,1,2,1,7,453,4756752,4757204,4.53,active
8035,1,2,0,0,406,4757205,4757610,4.06,rest
8036,1,2,1,8,358,4757611,4757968,3.58,active
8037,1,2,0,0,626,4757969,4758594,6.26,rest
8038,1,2,1,9,286,4758595,4758880,2.86,active
8039,1,2,0,0,413,4758881,4759293,4.13,rest
8040,1,2,1,10,315,4759294,4759608,3.15,active
8041,1,2,0,0,530,4759609,4760138,5.3,rest
8042,1,2,2,1,284,4760139,4760422,2.84,active
8043,1,2,0,0,503,4760423,4760925,5.03,rest
8044,1,2,2,2,308,4760926,4761233,3.08,active
8045,1,2,0,0,603,4761234,4761836,6.03,rest
8046,1,2,2,3,295,4761837,4762131,2.95,active
8047,1,2,0,0,554,4762132,4762685,5.54,rest
8048,1,2,2,4,223,4762686,4762908,2.23,active
8049,1,2,0,0,599,4762909,4763507,5.99,rest
8050,1,2,2,5,319,4763508,4763826,3.19,active
8051,1,2,0,0,472,4763827,4764298,4.72,rest
8052,1,2,2,6,366,4764299,4764664,3.66,active
8053,1,2,0,0,521,4764665,4765185,5.21,rest
8054,1,2,2,7,359,4765186,4765544,3.59,active
8055,1,2,0,0,433,4765545,4765977,4.33,rest
8056,1,2,2,8,398,4765978,4766375,3.98,active
8057,1,2,0,0,566,4766376,4766941,5.66,rest
8058,1,2,2,9,281,4766942,4767222,2.81,active
8059,1,2,0,0,493,4767223,4767715,4.93,rest
8060,1,2,2,10,335,4767716,4768050,3.35,active
8061,1,2,0,0,446,4768051,4768496,4.46,rest
8062,1,2,3,1,348,4768497,4768844,3.48,active
8063,1,2,0,0,488,4768845,4769332,4.88,rest
8064,1,2,3,2,339,4769333,4769671,3.39,active
8065,1,2,0,0,520,4769672,4770191,5.2,rest
8066,1,2,3,3,254,4770192,4770445,2.54,active
8067,1,2,0,0,595,4770446,4771040,5.95,rest
8068,1,2,3,4,254,4771041,4771294,2.54,active
8069,1,2,0,0,578,4771295,4771872,5.78,rest
8070,1,2,3,5,293,4771873,4772165,2.93,active
8071,1,2,0,0,549,4772166,4772714,5.49,rest
8072,1,2,3,6,236,4772715,4772950,2.36,active
8073,1,2,0,0,577,4772951,4773527,5.77,rest
8074,1,2,3,7,362,4773528,4773889,3.62,active
8075,1,2,0,0,500,4773890,4774389,5.0,rest
8076,1,2,3,8,291,4774390,4774680,2.91,active
8077,1,2,0,0,546,4774681,4775226,5.46,rest
8078,1,2,3,9,495,4775227,4775721,4.95,active
8079,1,2,0,0,356,4775722,4776077,3.56,rest
8080,1,2,3,10,286,4776078,4776363,2.86,active
8081,1,2,0,0,598,4776364,4776961,5.98,rest
8082,1,2,4,1,302,4776962,4777263,3.02,active
8083,1,2,0,0,519,4777264,4777782,5.19,rest
8084,1,2,4,2,327,4777783,4778109,3.27,active
8085,1,2,0,0,562,4778110,4778671,5.62,rest
8086,1,2,4,3,296,4778672,4778967,2.96,active
8087,1,2,0,0,511,4778968,4779478,5.11,rest
8088,1,2,4,4,306,4779479,4779784,3.06,active
8089,1,2,0,0,552,4779785,4780336,5.52,rest
8090,1,2,4,5,323,4780337,4780659,3.23,active
8091,1,2,0,0,448,4780660,4781107,4.48,rest
8092,1,2,4,6,488,4781108,4781595,4.88,active
8093,1,2,0,0,396,4781596,4781991,3.96,rest
8094,1,2,4,7,248,4781992,4782239,2.48,active
8095,1,2,0,0,567,4782240,4782806,5.67,rest
8096,1,2,4,8,319,4782807,4783125,3.19,active
8097,1,2,0,0,587,4783126,4783712,5.87,rest
8098,1,2,4,9,186,4783713,4783898,1.86,active
8099,1,2,0,0,589,4783899,4784487,5.89,rest
8100,1,2,4,10,199,4784488,4784686,1.99,active
8101,1,2,0,0,629,4784687,4785315,6.29,rest
8102,1,2,5,1,287,4785316,4785602,2.87,active
8103,1,2,0,0,600,4785603,4786202,6.0,rest
8104,1,2,5,2,338,4786203,4786540,3.38,active
8105,1,2,0,0,500,4786541,4787040,5.0,rest
8106,1,2,5,3,261,4787041,4787301,2.61,active
8107,1,2,0,0,546,4787302,4787847,5.46,rest
8108,1,2,5,4,303,4787848,4788150,3.03,active
8109,1,2,0,0,542,4788151,4788692,5.42,rest
8110,1,2,5,5,266,4788693,4788958,2.66,active
8111,1,2,0,0,614,4788959,4789572,6.14,rest
8112,1,2,5,6,185,4789573,4789757,1.85,active
8113,1,2,0,0,658,4789758,4790415,6.58,rest
8114,1,2,5,7,230,4790416,4790645,2.3,active
8115,1,2,0,0,610,4790646,4791255,6.1,rest
8116,1,2,5,8,216,4791256,4791471,2.16,active
8117,1,2,0,0,745,4791472,4792216,7.45,rest
8118,1,2,5,9,186,4792217,4792402,1.86,active
8119,1,2,0,0,484,4792403,4792886,4.84,rest
8120,1,2,5,10,265,4792887,4793151,2.65,active
8121,1,2,0,0,622,4793152,4793773,6.22,rest
8122,1,2,6,1,333,4793774,4794106,3.33,active
8123,1,2,0,0,449,4794107,4794555,4.49,rest
8124,1,2,6,2,287,4794556,4794842,2.87,active
8125,1,2,0,0,542,4794843,4795384,5.42,rest
8126,1,2,6,3,261,4795385,4795645,2.61,active
8127,1,2,0,0,589,4795646,4796234,5.89,rest
8128,1,2,6,4,350,4796235,4796584,3.5,active
8129,1,2,0,0,462,4796585,4797046,4.62,rest
8130,1,2,6,5,515,4797047,4797561,5.15,active
8131,1,2,0,0,415,4797562,4797976,4.15,rest
8132,1,2,6,6,372,4797977,4798348,3.72,active
8133,1,2,0,0,408,4798349,4798756,4.08,rest
8134,1,2,6,7,438,4798757,4799194,4.38,active
8135,1,2,0,0,394,4799195,4799588,3.94,rest
8136,1,2,6,8,321,4799589,4799909,3.21,active
8137,1,2,0,0,462,4799910,4800371,4.62,rest
8138,1,2,6,9,515,4800372,4800886,5.15,active
8139,1,2,0,0,382,4800887,4801268,3.82,rest
8140,1,2,6,10,278,4801269,4801546,2.78,active
8141,1,2,0,0,594,4801547,4802140,5.94,rest
8142,1,2,7,1,390,4802141,4802530,3.9,active
8143,1,2,0,0,452,4802531,4802982,4.52,rest
8144,1,2,7,2,322,4802983,4803304,3.22,active
8145,1,2,0,0,520,4803305,4803824,5.2,rest
8146,1,2,7,3,234,4803825,4804058,2.34,active
8147,1,2,0,0,598,4804059,4804656,5.98,rest
8148,1,2,7,4,309,4804657,4804965,3.09,active
8149,1,2,0,0,526,4804966,4805491,5.26,rest
8150,1,2,7,5,271,4805492,4805762,2.71,active
8151,1,2,0,0,594,4805763,4806356,5.94,rest
8152,1,2,7,6,319,4806357,4806675,3.19,active
8153,1,2,0,0,536,4806676,4807211,5.36,rest
8154,1,2,7,7,256,4807212,4807467,2.56,active
8155,1,2,0,0,580,4807468,4808047,5.8,rest
8156,1,2,7,8,312,4808048,4808359,3.12,active
8157,1,2,0,0,520,4808360,4808879,5.2,rest
8158,1,2,7,9,387,4808880,4809266,3.87,active
8159,1,2,0,0,444,4809267,4809710,4.44,rest
8160,1,2,7,10,289,4809711,4809999,2.89,active
8161,1,2,0,0,621,4810000,4810620,6.21,rest
8162,1,2,8,1,323,4810621,4810943,3.23,active
8163,1,2,0,0,405,4810944,4811348,4.05,rest
8164,1,2,8,2,276,4811349,4811624,2.76,active
8165,1,2,0,0,572,4811625,4812196,5.72,rest
8166,1,2,8,3,247,4812197,4812443,2.47,active
8167,1,2,0,0,633,4812444,4813076,6.33,rest
8168,1,2,8,4,211,4813077,4813287,2.11,active
8169,1,2,0,0,579,4813288,4813866,5.79,rest
8170,1,2,8,5,358,4813867,4814224,3.58,active
8171,1,2,0,0,474,4814225,4814698,4.74,rest
8172,1,2,8,6,299,4814699,4814997,2.99,active
8173,1,2,0,0,521,4814998,4815518,5.21,rest
8174,1,2,8,7,341,4815519,4815859,3.41,active
8175,1,2,0,0,527,4815860,4816386,5.27,rest
8176,1,2,8,8,241,4816387,4816627,2.41,active
8177,1,2,0,0,560,4816628,4817187,5.6,rest
8178,1,2,8,9,282,4817188,4817469,2.82,active
8179,1,2,0,0,581,4817470,4818050,5.81,rest
8180,1,2,8,10,291,4818051,4818341,2.91,active
8181,1,2,0,0,613,4818342,4818954,6.13,rest
8182,1,2,9,1,314,4818955,4819268,3.14,active
8183,1,2,0,0,499,4819269,4819767,4.99,rest
8184,1,2,9,2,338,4819768,4820105,3.38,active
8185,1,2,0,0,451,4820106,4820556,4.51,rest
8186,1,2,9,3,432,4820557,4820988,4.32,active
8187,1,2,0,0,421,4820989,4821409,4.21,rest
8188,1,2,9,4,402,4821410,4821811,4.02,active
8189,1,2,0,0,507,4821812,4822318,5.07,rest
8190,1,2,9,5,354,4822319,4822672,3.54,active
8191,1,2,0,0,396,4822673,4823068,3.96,rest
8192,1,2,9,6,349,4823069,4823417,3.49,active
8193,1,2,0,0,520,4823418,4823937,5.2,rest
8194,1,2,9,7,364,4823938,4824301,3.64,active
8195,1,2,0,0,477,4824302,4824778,4.77,rest
8196,1,2,9,8,328,4824779,4825106,3.28,active
8197,1,2,0,0,537,4825107,4825643,5.37,rest
8198,1,2,9,9,308,4825644,4825951,3.08,active
8199,1,2,0,0,491,4825952,4826442,4.91,rest
8200,1,2,9,10,313,4826443,4826755,3.13,active
8201,1,2,0,0,578,4826756,4827333,5.78,rest
8202,1,2,10,1,220,4827334,4827553,2.2,active
8203,1,2,0,0,537,4827554,4828090,5.37,rest
8204,1,2,10,2,316,4828091,4828406,3.16,active
8205,1,2,0,0,582,4828407,4828988,5.82,rest
8206,1,2,10,3,229,4828989,4829217,2.29,active
8207,1,2,0,0,553,4829218,4829770,5.53,rest
8208,1,2,10,4,321,4829771,4830091,3.21,active
8209,1,2,0,0,517,4830092,4830608,5.17,rest
8210,1,2,10,5,316,4830609,4830924,3.16,active
8211,1,2,0,0,503,4830925,4831427,5.03,rest
8212,1,2,10,6,337,4831428,4831764,3.37,active
8213,1,2,0,0,587,4831765,4832351,5.87,rest
8214,1,2,10,7,223,4832352,4832574,2.23,active
8215,1,2,0,0,552,4832575,4833126,5.52,rest
8216,1,2,10,8,370,4833127,4833496,3.7,active
8217,1,2,0,0,459,4833497,4833955,4.59,rest
8218,1,2,10,9,311,4833956,4834266,3.11,active
8219,1,2,0,0,492,4834267,4834758,4.92,rest
8220,1,2,10,10,369,4834759,4835127,3.69,active
8221,1,2,0,0,648,4835128,4835775,6.48,rest
8222,1,2,11,1,204,4835776,4835979,2.04,active
8223,1,2,0,0,581,4835980,4836560,5.81,rest
8224,1,2,11,2,227,4836561,4836787,2.27,active
8225,1,2,0,0,549,4836788,4837336,5.49,rest
8226,1,2,11,3,296,4837337,4837632,2.96,active
8227,1,2,0,0,592,4837633,4838224,5.92,rest
8228,1,2,11,4,240,4838225,4838464,2.4,active
8229,1,2,0,0,566,4838465,4839030,5.66,rest
8230,1,2,11,5,291,4839031,4839321,2.91,active
8231,1,2,0,0,596,4839322,4839917,5.96,rest
8232,1,2,11,6,222,4839918,4840139,2.22,active
8233,1,2,0,0,534,4840140,4840673,5.34,rest
8234,1,2,11,7,342,4840674,4841015,3.42,active
8235,1,2,0,0,532,4841016,4841547,5.32,rest
8236,1,2,11,8,277,4841548,4841824,2.77,active
8237,1,2,0,0,513,4841825,4842337,5.13,rest
8238,1,2,11,9,307,4842338,4842644,3.07,active
8239,1,2,0,0,523,4842645,4843167,5.23,rest
8240,1,2,11,10,358,4843168,4843525,3.58,active
8241,1,2,0,0,481,4843526,4844006,4.81,rest
8242,1,2,12,1,332,4844007,4844338,3.32,active
8243,1,2,0,0,487,4844339,4844825,4.87,rest
8244,1,2,12,2,418,4844826,4845243,4.18,active
8245,1,2,0,0,439,4845244,4845682,4.39,rest
8246,1,2,12,3,345,4845683,4846027,3.45,active
8247,1,2,0,0,507,4846028,4846534,5.07,rest
8248,1,2,12,4,384,4846535,4846918,3.84,active
8249,1,2,0,0,419,4846919,4847337,4.19,rest
8250,1,2,12,5,483,4847338,4847820,4.83,active
8251,1,2,0,0,394,4847821,4848214,3.94,rest
8252,1,2,12,6,376,4848215,4848590,3.76,active
8253,1,2,0,0,467,4848591,4849057,4.67,rest
8254,1,2,12,7,329,4849058,4849386,3.29,active
8255,1,2,0,0,515,4849387,4849901,5.15,rest
8256,1,2,12,8,309,4849902,4850210,3.09,active
8257,1,2,0,0,550,4850211,4850760,5.5,rest
8258,1,2,12,9,299,4850761,4851059,2.99,active
8259,1,2,0,0,504,4851060,4851563,5.04,rest
8260,1,2,12,10,329,4851564,4851892,3.29,active
8261,1,2,0,0,538,4851893,4852430,5.38,rest
8262,1,2,13,1,502,4852431,4852932,5.02,active
8263,1,2,0,0,324,4852933,4853256,3.24,rest
8264,1,2,13,2,285,4853257,4853541,2.85,active
8265,1,2,0,0,605,4853542,4854146,6.05,rest
8266,1,2,13,3,319,4854147,4854465,3.19,active
8267,1,2,0,0,429,4854466,4854894,4.29,rest
8268,1,2,13,4,357,4854895,4855251,3.57,active
8269,1,2,0,0,558,4855252,4855809,5.58,rest
8270,1,2,13,5,280,4855810,4856089,2.8,active
8271,1,2,0,0,570,4856090,4856659,5.7,rest
8272,1,2,13,6,282,4856660,4856941,2.82,active
8273,1,2,0,0,509,4856942,4857450,5.09,rest
8274,1,2,13,7,310,4857451,4857760,3.1,active
8275,1,2,0,0,545,4857761,4858305,5.45,rest
8276,1,2,13,8,303,4858306,4858608,3.03,active
8277,1,2,0,0,553,4858609,4859161,5.53,rest
8278,1,2,13,9,291,4859162,4859452,2.91,active
8279,1,2,0,0,701,4859453,4860153,7.01,rest
8280,1,2,13,10,189,4860154,4860342,1.89,active
8281,1,2,0,0,531,4860343,4860873,5.31,rest
8282,1,2,14,1,221,4860874,4861094,2.21,active
8283,1,2,0,0,544,4861095,4861638,5.44,rest
8284,1,2,14,2,255,4861639,4861893,2.55,active
8285,1,2,0,0,674,4861894,4862567,6.74,rest
8286,1,2,14,3,210,4862568,4862777,2.1,active
8287,1,2,0,0,597,4862778,4863374,5.97,rest
8288,1,2,14,4,187,4863375,4863561,1.87,active
8289,1,2,0,0,627,4863562,4864188,6.27,rest
8290,1,2,14,5,191,4864189,4864379,1.91,active
8291,1,2,0,0,644,4864380,4865023,6.44,rest
8292,1,2,14,6,202,4865024,4865225,2.02,active
8293,1,2,0,0,684,4865226,4865909,6.84,rest
8294,1,2,14,7,187,4865910,4866096,1.87,active
8295,1,2,0,0,581,4866097,4866677,5.81,rest
8296,1,2,14,8,259,4866678,4866936,2.59,active
8297,1,2,0,0,640,4866937,4867576,6.4,rest
8298,1,2,14,9,185,4867577,4867761,1.85,active
8299,1,2,0,0,660,4867762,4868421,6.6,rest
8300,1,2,14,10,190,4868422,4868611,1.9,active
8301,1,2,0,0,667,4868612,4869278,6.67,rest
8302,1,2,15,1,287,4869279,4869565,2.87,active
8303,1,2,0,0,561,4869566,4870126,5.61,rest
8304,1,2,15,2,194,4870127,4870320,1.94,active
8305,1,2,0,0,592,4870321,4870912,5.92,rest
8306,1,2,15,3,236,4870913,4871148,2.36,active
8307,1,2,0,0,561,4871149,4871709,5.61,rest
8308,1,2,15,4,313,4871710,4872022,3.13,active
8309,1,2,0,0,579,4872023,4872601,5.79,rest
8310,1,2,15,5,290,4872602,4872891,2.9,active
8311,1,2,0,0,540,4872892,4873431,5.4,rest
8312,1,2,15,6,258,4873432,4873689,2.58,active
8313,1,2,0,0,576,4873690,4874265,5.76,rest
8314,1,2,15,7,239,4874266,4874504,2.39,active
8315,1,2,0,0,689,4874505,4875193,6.89,rest
8316,1,2,15,8,190,4875194,4875383,1.9,active
8317,1,2,0,0,553,4875384,4875936,5.53,rest
8318,1,2,15,9,291,4875937,4876227,2.91,active
8319,1,2,0,0,559,4876228,4876786,5.59,rest
8320,1,2,15,10,358,4876787,4877144,3.58,active
8321,1,2,0,0,521,4877145,4877665,5.21,rest
8322,1,2,16,1,305,4877666,4877970,3.05,active
8323,1,2,0,0,502,4877971,4878472,5.02,rest
8324,1,2,16,2,398,4878473,4878870,3.98,active
8325,1,2,0,0,437,4878871,4879307,4.37,rest
8326,1,2,16,3,360,4879308,4879667,3.6,active
8327,1,2,0,0,487,4879668,4880154,4.87,rest
8328,1,2,16,4,334,4880155,4880488,3.34,active
8329,1,2,0,0,505,4880489,4880993,5.05,rest
8330,1,2,16,5,354,4880994,4881347,3.54,active
8331,1,2,0,0,496,4881348,4881843,4.96,rest
8332,1,2,16,6,268,4881844,4882111,2.68,active
8333,1,2,0,0,554,4882112,4882665,5.54,rest
8334,1,2,16,7,375,4882666,4883040,3.75,active
8335,1,2,0,0,462,4883041,4883502,4.62,rest
8336,1,2,16,8,291,4883503,4883793,2.91,active
8337,1,2,0,0,556,4883794,4884349,5.56,rest
8338,1,2,16,9,285,4884350,4884634,2.85,active
8339,1,2,0,0,507,4884635,4885141,5.07,rest
8340,1,2,16,10,421,4885142,4885562,4.21,active
8341,1,2,0,0,441,4885563,4886003,4.41,rest
8342,1,2,17,1,449,4886004,4886452,4.49,active
8343,1,2,0,0,395,4886453,4886847,3.95,rest
8344,1,2,17,2,433,4886848,4887280,4.33,active
8345,1,2,0,0,371,4887281,4887651,3.71,rest
8346,1,2,17,3,456,4887652,4888107,4.56,active
8347,1,2,0,0,361,4888108,4888468,3.61,rest
8348,1,2,17,4,451,4888469,4888919,4.51,active
8349,1,2,0,0,444,4888920,4889363,4.44,rest
8350,1,2,17,5,415,4889364,4889778,4.15,active
8351,1,2,0,0,387,4889779,4890165,3.87,rest
8352,1,2,17,6,321,4890166,4890486,3.21,active
8353,1,2,0,0,543,4890487,4891029,5.43,rest
8354,1,2,17,7,433,4891030,4891462,4.33,active
8355,1,2,0,0,417,4891463,4891879,4.17,rest
8356,1,2,17,8,427,4891880,4892306,4.27,active
8357,1,2,0,0,391,4892307,4892697,3.91,rest
8358,1,2,17,9,417,4892698,4893114,4.17,active
8359,1,2,0,0,446,4893115,4893560,4.46,rest
8360,1,2,17,10,420,4893561,4893980,4.2,active
8361,1,2,0,0,328,4893981,4894308,3.28,rest
8362,1,3,0,0,391,4894309,4894699,3.91,rest
8363,1,3,1,1,327,4894700,4895026,3.27,active
8364,1,3,0,0,542,4895027,4895568,5.42,rest
8365,1,3,1,2,311,4895569,4895879,3.11,active
8366,1,3,0,0,469,4895880,4896348,4.69,rest
8367,1,3,1,3,373,4896349,4896721,3.73,active
8368,1,3,0,0,504,4896722,4897225,5.04,rest
8369,1,3,1,4,336,4897226,4897561,3.36,active
8370,1,3,0,0,482,4897562,4898043,4.82,rest
8371,1,3,1,5,367,4898044,4898410,3.67,active
8372,1,3,0,0,469,4898411,4898879,4.69,rest
8373,1,3,1,6,361,4898880,4899240,3.61,active
8374,1,3,0,0,485,4899241,4899725,4.85,rest
8375,1,3,1,7,358,4899726,4900083,3.58,active
8376,1,3,0,0,503,4900084,4900586,5.03,rest
8377,1,3,1,8,328,4900587,4900914,3.28,active
8378,1,3,0,0,481,4900915,4901395,4.81,rest
8379,1,3,1,9,399,4901396,4901794,3.99,active
8380,1,3,0,0,421,4901795,4902215,4.21,rest
8381,1,3,1,10,398,4902216,4902613,3.98,active
8382,1,3,0,0,2432,4902614,4905045,24.32,rest
8383,1,3,2,1,496,4905046,4905541,4.96,active
8384,1,3,0,0,350,4905542,4905891,3.5,rest
8385,1,3,2,2,378,4905892,4906269,3.78,active
8386,1,3,0,0,428,4906270,4906697,4.28,rest
8387,1,3,2,3,346,4906698,4907043,3.46,active
8388,1,3,0,0,556,4907044,4907599,5.56,rest
8389,1,3,2,4,332,4907600,4907931,3.32,active
8390,1,3,0,0,486,4907932,4908417,4.86,rest
8391,1,3,2,5,320,4908418,4908737,3.2,active
8392,1,3,0,0,502,4908738,4909239,5.02,rest
8393,1,3,2,6,360,4909240,4909599,3.6,active
8394,1,3,0,0,465,4909600,4910064,4.65,rest
8395,1,3,2,7,360,4910065,4910424,3.6,active
8396,1,3,0,0,503,4910425,4910927,5.03,rest
8397,1,3,2,8,392,4910928,4911319,3.92,active
8398,1,3,0,0,374,4911320,4911693,3.74,rest
8399,1,3,2,9,447,4911694,4912140,4.47,active
8400,1,3,0,0,390,4912141,4912530,3.9,rest
8401,1,3,2,10,383,4912531,4912913,3.83,active
8402,1,3,0,0,1655,4912914,4914568,16.55,rest
8403,1,3,3,1,313,4914569,4914881,3.13,active
8404,1,3,0,0,453,4914882,4915334,4.53,rest
8405,1,3,3,2,397,4915335,4915731,3.97,active
8406,1,3,0,0,441,4915732,4916172,4.41,rest
8407,1,3,3,3,395,4916173,4916567,3.95,active
8408,1,3,0,0,428,4916568,4916995,4.28,rest
8409,1,3,3,4,395,4916996,4917390,3.95,active
8410,1,3,0,0,516,4917391,4917906,5.16,rest
8411,1,3,3,5,355,4917907,4918261,3.55,active
8412,1,3,0,0,419,4918262,4918680,4.19,rest
8413,1,3,3,6,398,4918681,4919078,3.98,active
8414,1,3,0,0,469,4919079,4919547,4.69,rest
8415,1,3,3,7,341,4919548,4919888,3.41,active
8416,1,3,0,0,451,4919889,4920339,4.51,rest
8417,1,3,3,8,375,4920340,4920714,3.75,active
8418,1,3,0,0,481,4920715,4921195,4.81,rest
8419,1,3,3,9,369,4921196,4921564,3.69,active
8420,1,3,0,0,443,4921565,4922007,4.43,rest
8421,1,3,3,10,386,4922008,4922393,3.86,active
8422,1,3,0,0,1457,4922394,4923850,14.57,rest
8423,1,3,4,1,348,4923851,4924198,3.48,active
8424,1,3,0,0,411,4924199,4924609,4.11,rest
8425,1,3,4,2,366,4924610,4924975,3.66,active
8426,1,3,0,0,455,4924976,4925430,4.55,rest
8427,1,3,4,3,375,4925431,4925805,3.75,active
8428,1,3,0,0,451,4925806,4926256,4.51,rest
8429,1,3,4,4,403,4926257,4926659,4.03,active
8430,1,3,0,0,464,4926660,4927123,4.64,rest
8431,1,3,4,5,381,4927124,4927504,3.81,active
8432,1,3,0,0,481,4927505,4927985,4.81,rest
8433,1,3,4,6,383,4927986,4928368,3.83,active
8434,1,3,0,0,462,4928369,4928830,4.62,rest
8435,1,3,4,7,398,4928831,4929228,3.98,active
8436,1,3,0,0,492,4929229,4929720,4.92,rest
8437,1,3,4,8,317,4929721,4930037,3.17,active
8438,1,3,0,0,467,4930038,4930504,4.67,rest
8439,1,3,4,9,352,4930505,4930856,3.52,active
8440,1,3,0,0,456,4930857,4931312,4.56,rest
8441,1,3,4,10,394,4931313,4931706,3.94,active
8442,1,3,0,0,2271,4931707,4933977,22.71,rest
8443,1,3,5,1,399,4933978,4934376,3.99,active
8444,1,3,0,0,407,4934377,4934783,4.07,rest
8445,1,3,5,2,373,4934784,4935156,3.73,active
8446,1,3,0,0,432,4935157,4935588,4.32,rest
8447,1,3,5,3,412,4935589,4936000,4.12,active
8448,1,3,0,0,454,4936001,4936454,4.54,rest
8449,1,3,5,4,392,4936455,4936846,3.92,active
8450,1,3,0,0,498,4936847,4937344,4.98,rest
8451,1,3,5,5,330,4937345,4937674,3.3,active
8452,1,3,0,0,484,4937675,4938158,4.84,rest
8453,1,3,5,6,374,4938159,4938532,3.74,active
8454,1,3,0,0,442,4938533,4938974,4.42,rest
8455,1,3,5,7,409,4938975,4939383,4.09,active
8456,1,3,0,0,470,4939384,4939853,4.7,rest
8457,1,3,5,8,326,4939854,4940179,3.26,active
8458,1,3,0,0,501,4940180,4940680,5.01,rest
8459,1,3,5,9,358,4940681,4941038,3.58,active
8460,1,3,0,0,451,4941039,4941489,4.51,rest
8461,1,3,5,10,404,4941490,4941893,4.04,active
8462,1,3,0,0,1793,4941894,4943686,17.93,rest
8463,1,3,6,1,448,4943687,4944134,4.48,active
8464,1,3,0,0,307,4944135,4944441,3.07,rest
8465,1,3,6,2,449,4944442,4944890,4.49,active
8466,1,3,0,0,490,4944891,4945380,4.9,rest
8467,1,3,6,3,327,4945381,4945707,3.27,active
8468,1,3,0,0,417,4945708,4946124,4.17,rest
8469,1,3,6,4,437,4946125,4946561,4.37,active
8470,1,3,0,0,420,4946562,4946981,4.2,rest
8471,1,3,6,5,459,4946982,4947440,4.59,active
8472,1,3,0,0,389,4947441,4947829,3.89,rest
8473,1,3,6,6,448,4947830,4948277,4.48,active
8474,1,3,0,0,379,4948278,4948656,3.79,rest
8475,1,3,6,7,408,4948657,4949064,4.08,active
8476,1,3,0,0,381,4949065,4949445,3.81,rest
8477,1,3,6,8,467,4949446,4949912,4.67,active
8478,1,3,0,0,367,4949913,4950279,3.67,rest
8479,1,3,6,9,481,4950280,4950760,4.81,active
8480,1,3,0,0,341,4950761,4951101,3.41,rest
8481,1,3,6,10,474,4951102,4951575,4.74,active
8482,1,3,0,0,3358,4951576,4954933,33.58,rest
8483,1,3,7,1,347,4954934,4955280,3.47,active
8484,1,3,0,0,484,4955281,4955764,4.84,rest
8485,1,3,7,2,370,4955765,4956134,3.7,active
8486,1,3,0,0,505,4956135,4956639,5.05,rest
8487,1,3,7,3,278,4956640,4956917,2.78,active
8488,1,3,0,0,522,4956918,4957439,5.22,rest
8489,1,3,7,4,305,4957440,4957744,3.05,active
8490,1,3,0,0,527,4957745,4958271,5.27,rest
8491,1,3,7,5,277,4958272,4958548,2.77,active
8492,1,3,0,0,560,4958549,4959108,5.6,rest
8493,1,3,7,6,359,4959109,4959467,3.59,active
8494,1,3,0,0,449,4959468,4959916,4.49,rest
8495,1,3,7,7,364,4959917,4960280,3.64,active
8496,1,3,0,0,503,4960281,4960783,5.03,rest
8497,1,3,7,8,328,4960784,4961111,3.28,active
8498,1,3,0,0,540,4961112,4961651,5.4,rest
8499,1,3,7,9,304,4961652,4961955,3.04,active
8500,1,3,0,0,558,4961956,4962513,5.58,rest
8501,1,3,7,10,282,4962514,4962795,2.82,active
8502,1,3,0,0,1637,4962796,4964432,16.37,rest
8503,1,3,8,1,347,4964433,4964779,3.47,active
8504,1,3,0,0,454,4964780,4965233,4.54,rest
8505,1,3,8,2,327,4965234,4965560,3.27,active
8506,1,3,0,0,502,4965561,4966062,5.02,rest
8507,1,3,8,3,326,4966063,4966388,3.26,active
8508,1,3,0,0,526,4966389,4966914,5.26,rest
8509,1,3,8,4,349,4966915,4967263,3.49,active
8510,1,3,0,0,551,4967264,4967814,5.51,rest
8511,1,3,8,5,273,4967815,4968087,2.73,active
8512,1,3,0,0,515,4968088,4968602,5.15,rest
8513,1,3,8,6,297,4968603,4968899,2.97,active
8514,1,3,0,0,548,4968900,4969447,5.48,rest
8515,1,3,8,7,312,4969448,4969759,3.12,active
8516,1,3,0,0,512,4969760,4970271,5.12,rest
8517,1,3,8,8,333,4970272,4970604,3.33,active
8518,1,3,0,0,489,4970605,4971093,4.89,rest
8519,1,3,8,9,320,4971094,4971413,3.2,active
8520,1,3,0,0,530,4971414,4971943,5.3,rest
8521,1,3,8,10,348,4971944,4972291,3.48,active
8522,1,3,0,0,1041,4972292,4973332,10.41,rest
8523,1,3,9,1,468,4973333,4973800,4.68,active
8524,1,3,0,0,371,4973801,4974171,3.71,rest
8525,1,3,9,2,371,4974172,4974542,3.71,active
8526,1,3,0,0,434,4974543,4974976,4.34,rest
8527,1,3,9,3,344,4974977,4975320,3.44,active
8528,1,3,0,0,499,4975321,4975819,4.99,rest
8529,1,3,9,4,337,4975820,4976156,3.37,active
8530,1,3,0,0,526,4976157,4976682,5.26,rest
8531,1,3,9,5,312,4976683,4976994,3.12,active
8532,1,3,0,0,503,4976995,4977497,5.03,rest
8533,1,3,9,6,355,4977498,4977852,3.55,active
8534,1,3,0,0,508,4977853,4978360,5.08,rest
8535,1,3,9,7,363,4978361,4978723,3.63,active
8536,1,3,0,0,542,4978724,4979265,5.42,rest
8537,1,3,9,8,281,4979266,4979546,2.81,active
8538,1,3,0,0,478,4979547,4980024,4.78,rest
8539,1,3,9,9,262,4980025,4980286,2.62,active
8540,1,3,0,0,878,4980287,4981164,8.78,rest
8541,1,3,9,10,256,4981165,4981420,2.56,active
8542,1,3,0,0,1707,4981421,4983127,17.07,rest
8543,1,3,10,1,420,4983128,4983547,4.2,active
8544,1,3,0,0,450,4983548,4983997,4.5,rest
8545,1,3,10,2,354,4983998,4984351,3.54,active
8546,1,3,0,0,418,4984352,4984769,4.18,rest
8547,1,3,10,3,404,4984770,4985173,4.04,active
8548,1,3,0,0,450,4985174,4985623,4.5,rest
8549,1,3,10,4,414,4985624,4986037,4.14,active
8550,1,3,0,0,460,4986038,4986497,4.6,rest
8551,1,3,10,5,379,4986498,4986876,3.79,active
8552,1,3,0,0,410,4986877,4987286,4.1,rest
8553,1,3,10,6,405,4987287,4987691,4.05,active
8554,1,3,0,0,498,4987692,4988189,4.98,rest
8555,1,3,10,7,391,4988190,4988580,3.91,active
8556,1,3,0,0,402,4988581,4988982,4.02,rest
8557,1,3,10,8,453,4988983,4989435,4.53,active
8558,1,3,0,0,405,4989436,4989840,4.05,rest
8559,1,3,10,9,415,4989841,4990255,4.15,active
8560,1,3,0,0,435,4990256,4990690,4.35,rest
8561,1,3,10,10,401,4990691,4991091,4.01,active
8562,1,3,0,0,1679,4991092,4992770,16.79,rest
8563,1,3,11,1,389,4992771,4993159,3.89,active
8564,1,3,0,0,425,4993160,4993584,4.25,rest
8565,1,3,11,2,374,4993585,4993958,3.74,active
8566,1,3,0,0,420,4993959,4994378,4.2,rest
8567,1,3,11,3,436,4994379,4994814,4.36,active
8568,1,3,0,0,418,4994815,4995232,4.18,rest
8569,1,3,11,4,426,4995233,4995658,4.26,active
8570,1,3,0,0,437,4995659,4996095,4.37,rest
8571,1,3,11,5,424,4996096,4996519,4.24,active
8572,1,3,0,0,367,4996520,4996886,3.67,rest
8573,1,3,11,6,433,4996887,4997319,4.33,active
8574,1,3,0,0,449,4997320,4997768,4.49,rest
8575,1,3,11,7,442,4997769,4998210,4.42,active
8576,1,3,0,0,419,4998211,4998629,4.19,rest
8577,1,3,11,8,388,4998630,4999017,3.88,active
8578,1,3,0,0,402,4999018,4999419,4.02,rest
8579,1,3,11,9,454,4999420,4999873,4.54,active
8580,1,3,0,0,423,4999874,5000296,4.23,rest
8581,1,3,11,10,445,5000297,5000741,4.45,active
8582,1,3,0,0,1295,5000742,5002036,12.95,rest
8583,1,3,12,1,345,5002037,5002381,3.45,active
8584,1,3,0,0,392,5002382,5002773,3.92,rest
8585,1,3,12,2,455,5002774,5003228,4.55,active
8586,1,3,0,0,393,5003229,5003621,3.93,rest
8587,1,3,12,3,472,5003622,5004093,4.72,active
8588,1,3,0,0,443,5004094,5004536,4.43,rest
8589,1,3,12,4,337,5004537,5004873,3.37,active
8590,1,3,0,0,478,5004874,5005351,4.78,rest
8591,1,3,12,5,362,5005352,5005713,3.62,active
8592,1,3,0,0,498,5005714,5006211,4.98,rest
8593,1,3,12,6,354,5006212,5006565,3.54,active
8594,1,3,0,0,471,5006566,5007036,4.71,rest
8595,1,3,12,7,389,5007037,5007425,3.89,active
8596,1,3,0,0,449,5007426,5007874,4.49,rest
8597,1,3,12,8,357,5007875,5008231,3.57,active
8598,1,3,0,0,418,5008232,5008649,4.18,rest
8599,1,3,12,9,425,5008650,5009074,4.25,active
8600,1,3,0,0,476,5009075,5009550,4.76,rest
8601,1,3,12,10,376,5009551,5009926,3.76,active
8602,1,3,0,0,1302,5009927,5011228,13.02,rest
8603,1,3,13,1,299,5011229,5011527,2.99,active
8604,1,3,0,0,441,5011528,5011968,4.41,rest
8605,1,3,13,2,460,5011969,5012428,4.6,active
8606,1,3,0,0,440,5012429,5012868,4.4,rest
8607,1,3,13,3,375,5012869,5013243,3.75,active
8608,1,3,0,0,435,5013244,5013678,4.35,rest
8609,1,3,13,4,364,5013679,5014042,3.64,active
8610,1,3,0,0,536,5014043,5014578,5.36,rest
8611,1,3,13,5,378,5014579,5014956,3.78,active
8612,1,3,0,0,442,5014957,5015398,4.42,rest
8613,1,3,13,6,345,5015399,5015743,3.45,active
8614,1,3,0,0,524,5015744,5016267,5.24,rest
8615,1,3,13,7,308,5016268,5016575,3.08,active
8616,1,3,0,0,507,5016576,5017082,5.07,rest
8617,1,3,13,8,357,5017083,5017439,3.57,active
8618,1,3,0,0,486,5017440,5017925,4.86,rest
8619,1,3,13,9,370,5017926,5018295,3.7,active
8620,1,3,0,0,465,5018296,5018760,4.65,rest
8621,1,3,13,10,328,5018761,5019088,3.28,active
8622,1,3,0,0,5292,5019089,5024380,52.92,rest
8623,1,3,14,1,372,5024381,5024752,3.72,active
8624,1,3,0,0,405,5024753,5025157,4.05,rest
8625,1,3,14,2,468,5025158,5025625,4.68,active
8626,1,3,0,0,408,5025626,5026033,4.08,rest
8627,1,3,14,3,396,5026034,5026429,3.96,active
8628,1,3,0,0,436,5026430,5026865,4.36,rest
8629,1,3,14,4,418,5026866,5027283,4.18,active
8630,1,3,0,0,374,5027284,5027657,3.74,rest
8631,1,3,14,5,351,5027658,5028008,3.51,active
8632,1,3,0,0,505,5028009,5028513,5.05,rest
8633,1,3,14,6,420,5028514,5028933,4.2,active
8634,1,3,0,0,410,5028934,5029343,4.1,rest
8635,1,3,14,7,444,5029344,5029787,4.44,active
8636,1,3,0,0,394,5029788,5030181,3.94,rest
8637,1,3,14,8,445,5030182,5030626,4.45,active
8638,1,3,0,0,411,5030627,5031037,4.11,rest
8639,1,3,14,9,461,5031038,5031498,4.61,active
8640,1,3,0,0,376,5031499,5031874,3.76,rest
8641,1,3,14,10,466,5031875,5032340,4.66,active
8642,1,3,0,0,1258,5032341,5033598,12.58,rest
8643,1,3,15,1,400,5033599,5033998,4.0,active
8644,1,3,0,0,402,5033999,5034400,4.02,rest
8645,1,3,15,2,417,5034401,5034817,4.17,active
8646,1,3,0,0,476,5034818,5035293,4.76,rest
8647,1,3,15,3,346,5035294,5035639,3.46,active
8648,1,3,0,0,447,5035640,5036086,4.47,rest
8649,1,3,15,4,321,5036087,5036407,3.21,active
8650,1,3,0,0,585,5036408,5036992,5.85,rest
8651,1,3,15,5,420,5036993,5037412,4.2,active
8652,1,3,0,0,648,5037413,5038060,6.48,rest
8653,1,3,15,6,264,5038061,5038324,2.64,active
8654,1,3,0,0,288,5038325,5038612,2.88,rest
8655,1,3,15,7,355,5038613,5038967,3.55,active
8656,1,3,0,0,486,5038968,5039453,4.86,rest
8657,1,3,15,8,338,5039454,5039791,3.38,active
8658,1,3,0,0,612,5039792,5040403,6.12,rest
8659,1,3,15,9,225,5040404,5040628,2.25,active
8660,1,3,0,0,559,5040629,5041187,5.59,rest
8661,1,3,15,10,328,5041188,5041515,3.28,active
8662,1,3,0,0,2728,5041516,5044243,27.28,rest
8663,1,3,16,1,388,5044244,5044631,3.88,active
8664,1,3,0,0,439,5044632,5045070,4.39,rest
8665,1,3,16,2,419,5045071,5045489,4.19,active
8666,1,3,0,0,388,5045490,5045877,3.88,rest
8667,1,3,16,3,437,5045878,5046314,4.37,active
8668,1,3,0,0,443,5046315,5046757,4.43,rest
8669,1,3,16,4,457,5046758,5047214,4.57,active
8670,1,3,0,0,378,5047215,5047592,3.78,rest
8671,1,3,16,5,437,5047593,5048029,4.37,active
8672,1,3,0,0,429,5048030,5048458,4.29,rest
8673,1,3,16,6,368,5048459,5048826,3.68,active
8674,1,3,0,0,470,5048827,5049296,4.7,rest
8675,1,3,16,7,378,5049297,5049674,3.78,active
8676,1,3,0,0,483,5049675,5050157,4.83,rest
8677,1,3,16,8,366,5050158,5050523,3.66,active
8678,1,3,0,0,426,5050524,5050949,4.26,rest
8679,1,3,16,9,419,5050950,5051368,4.19,active
8680,1,3,0,0,410,5051369,5051778,4.1,rest
8681,1,3,16,10,426,5051779,5052204,4.26,active
8682,1,3,0,0,1571,5052205,5053775,15.71,rest
8683,1,3,17,1,355,5053776,5054130,3.55,active
8684,1,3,0,0,499,5054131,5054629,4.99,rest
8685,1,3,17,2,415,5054630,5055044,4.15,active
8686,1,3,0,0,411,5055045,5055455,4.11,rest
8687,1,3,17,3,381,5055456,5055836,3.81,active
8688,1,3,0,0,460,5055837,5056296,4.6,rest
8689,1,3,17,4,414,5056297,5056710,4.14,active
8690,1,3,0,0,437,5056711,5057147,4.37,rest
8691,1,3,17,5,399,5057148,5057546,3.99,active
8692,1,3,0,0,444,5057547,5057990,4.44,rest
8693,1,3,17,6,345,5057991,5058335,3.45,active
8694,1,3,0,0,485,5058336,5058820,4.85,rest
8695,1,3,17,7,378,5058821,5059198,3.78,active
8696,1,3,0,0,446,5059199,5059644,4.46,rest
8697,1,3,17,8,463,5059645,5060107,4.63,active
8698,1,3,0,0,395,5060108,5060502,3.95,rest
8699,1,3,17,9,407,5060503,5060909,4.07,active
8700,1,3,0,0,476,5060910,5061385,4.76,rest
8701,1,3,17,10,348,5061386,5061733,3.48,active
8702,1,3,0,0,2052,5061734,5063785,20.52,rest
8703,1,3,18,1,349,5063786,5064134,3.49,active
8704,1,3,0,0,438,5064135,5064572,4.38,rest
8705,1,3,18,2,423,5064573,5064995,4.23,active
8706,1,3,0,0,418,5064996,5065413,4.18,rest
8707,1,3,18,3,375,5065414,5065788,3.75,active
8708,1,3,0,0,518,5065789,5066306,5.18,rest
8709,1,3,18,4,369,5066307,5066675,3.69,active
8710,1,3,0,0,393,5066676,5067068,3.93,rest
8711,1,3,18,5,458,5067069,5067526,4.58,active
8712,1,3,0,0,430,5067527,5067956,4.3,rest
8713,1,3,18,6,429,5067957,5068385,4.29,active
8714,1,3,0,0,420,5068386,5068805,4.2,rest
8715,1,3,18,7,400,5068806,5069205,4.0,active
8716,1,3,0,0,405,5069206,5069610,4.05,rest
8717,1,3,18,8,408,5069611,5070018,4.08,active
8718,1,3,0,0,458,5070019,5070476,4.58,rest
8719,1,3,18,9,406,5070477,5070882,4.06,active
8720,1,3,0,0,442,5070883,5071324,4.42,rest
8721,1,3,18,10,396,5071325,5071720,3.96,active
8722,1,3,0,0,2085,5071721,5073805,20.85,rest
8723,1,3,19,1,346,5073806,5074151,3.46,active
8724,1,3,0,0,415,5074152,5074566,4.15,rest
8725,1,3,19,2,380,5074567,5074946,3.8,active
8726,1,3,0,0,531,5074947,5075477,5.31,rest
8727,1,3,19,3,408,5075478,5075885,4.08,active
8728,1,3,0,0,378,5075886,5076263,3.78,rest
8729,1,3,19,4,363,5076264,5076626,3.63,active
8730,1,3,0,0,458,5076627,5077084,4.58,rest
8731,1,3,19,5,341,5077085,5077425,3.41,active
8732,1,3,0,0,511,5077426,5077936,5.11,rest
8733,1,3,19,6,402,5077937,5078338,4.02,active
8734,1,3,0,0,462,5078339,5078800,4.62,rest
8735,1,3,19,7,347,5078801,5079147,3.47,active
8736,1,3,0,0,505,5079148,5079652,5.05,rest
8737,1,3,19,8,397,5079653,5080049,3.97,active
8738,1,3,0,0,406,5080050,5080455,4.06,rest
8739,1,3,19,9,458,5080456,5080913,4.58,active
8740,1,3,0,0,457,5080914,5081370,4.57,rest
8741,1,3,19,10,394,5081371,5081764,3.94,active
8742,1,3,0,0,1549,5081765,5083313,15.49,rest
8743,1,3,20,1,449,5083314,5083762,4.49,active
8744,1,3,0,0,356,5083763,5084118,3.56,rest
8745,1,3,20,2,484,5084119,5084602,4.84,active
8746,1,3,0,0,460,5084603,5085062,4.6,rest
8747,1,3,20,3,392,5085063,5085454,3.92,active
8748,1,3,0,0,377,5085455,5085831,3.77,rest
8749,1,3,20,4,464,5085832,5086295,4.64,active
8750,1,3,0,0,372,5086296,5086667,3.72,rest
8751,1,3,20,5,468,5086668,5087135,4.68,active
8752,1,3,0,0,374,5087136,5087509,3.74,rest
8753,1,3,20,6,460,5087510,5087969,4.6,active
8754,1,3,0,0,335,5087970,5088304,3.35,rest
8755,1,3,20,7,463,5088305,5088767,4.63,active
8756,1,3,0,0,402,5088768,5089169,4.02,rest
8757,1,3,20,8,455,5089170,5089624,4.55,active
8758,1,3,0,0,430,5089625,5090054,4.3,rest
8759,1,3,20,9,450,5090055,5090504,4.5,active
8760,1,3,0,0,295,5090505,5090799,2.95,rest
8761,1,3,20,10,458,5090800,5091257,4.58,active
8762,1,3,0,0,2519,5091258,5093776,25.19,rest
8763,1,3,21,1,479,5093777,5094255,4.79,active
8764,1,3,0,0,296,5094256,5094551,2.96,rest
8765,1,3,21,2,515,5094552,5095066,5.15,active
8766,1,3,0,0,280,5095067,5095346,2.8,rest
8767,1,3,21,3,469,5095347,5095815,4.69,active
8768,1,3,0,0,369,5095816,5096184,3.69,rest
8769,1,3,21,4,479,5096185,5096663,4.79,active
8770,1,3,0,0,399,5096664,5097062,3.99,rest
8771,1,3,21,5,448,5097063,5097510,4.48,active
8772,1,3,0,0,361,5097511,5097871,3.61,rest
8773,1,3,21,6,414,5097872,5098285,4.14,active
8774,1,3,0,0,457,5098286,5098742,4.57,rest
8775,1,3,21,7,411,5098743,5099153,4.11,active
8776,1,3,0,0,416,5099154,5099569,4.16,rest
8777,1,3,21,8,528,5099570,5100097,5.28,active
8778,1,3,0,0,324,5100098,5100421,3.24,rest
8779,1,3,21,9,563,5100422,5100984,5.63,active
8780,1,3,0,0,246,5100985,5101230,2.46,rest
8781,1,3,21,10,456,5101231,5101686,4.56,active
8782,1,3,0,0,2304,5101687,5103990,23.04,rest
8783,1,3,22,1,529,5103991,5104519,5.29,active
8784,1,3,0,0,288,5104520,5104807,2.88,rest
8785,1,3,22,2,548,5104808,5105355,5.48,active
8786,1,3,0,0,307,5105356,5105662,3.07,rest
8787,1,3,22,3,422,5105663,5106084,4.22,active
8788,1,3,0,0,399,5106085,5106483,3.99,rest
8789,1,3,22,4,435,5106484,5106918,4.35,active
8790,1,3,0,0,391,5106919,5107309,3.91,rest
8791,1,3,22,5,455,5107310,5107764,4.55,active
8792,1,3,0,0,377,5107765,5108141,3.77,rest
8793,1,3,22,6,488,5108142,5108629,4.88,active
8794,1,3,0,0,332,5108630,5108961,3.32,rest
8795,1,3,22,7,492,5108962,5109453,4.92,active
8796,1,3,0,0,349,5109454,5109802,3.49,rest
8797,1,3,22,8,502,5109803,5110304,5.02,active
8798,1,3,0,0,364,5110305,5110668,3.64,rest
8799,1,3,22,9,384,5110669,5111052,3.84,active
8800,1,3,0,0,443,5111053,5111495,4.43,rest
8801,1,3,22,10,416,5111496,5111911,4.16,active
8802,1,3,0,0,1585,5111912,5113496,15.85,rest
8803,1,3,23,1,488,5113497,5113984,4.88,active
8804,1,3,0,0,298,5113985,5114282,2.98,rest
8805,1,3,23,2,530,5114283,5114812,5.3,active
8806,1,3,0,0,318,5114813,5115130,3.18,rest
8807,1,3,23,3,427,5115131,5115557,4.27,active
8808,1,3,0,0,382,5115558,5115939,3.82,rest
8809,1,3,23,4,441,5115940,5116380,4.41,active
8810,1,3,0,0,407,5116381,5116787,4.07,rest
8811,1,3,23,5,516,5116788,5117303,5.16,active
8812,1,3,0,0,308,5117304,5117611,3.08,rest
8813,1,3,23,6,455,5117612,5118066,4.55,active
8814,1,3,0,0,444,5118067,5118510,4.44,rest
8815,1,3,23,7,408,5118511,5118918,4.08,active
8816,1,3,0,0,402,5118919,5119320,4.02,rest
8817,1,3,23,8,424,5119321,5119744,4.24,active
8818,1,3,0,0,384,5119745,5120128,3.84,rest
8819,1,3,23,9,477,5120129,5120605,4.77,active
8820,1,3,0,0,391,5120606,5120996,3.91,rest
8821,1,3,23,10,487,5120997,5121483,4.87,active
8822,1,3,0,0,318,5121484,5121801,3.18,rest
8823,20,2,0,0,423,5223367,5223789,4.23,rest
8824,20,2,1,1,310,5223790,5224099,3.1,active
8825,20,2,0,0,501,5224100,5224600,5.01,rest
8826,20,2,1,2,314,5224601,5224914,3.14,active
8827,20,2,0,0,538,5224915,5225452,5.38,rest
8828,20,2,1,3,310,5225453,5225762,3.1,active
8829,20,2,0,0,530,5225763,5226292,5.3,rest
8830,20,2,1,4,326,5226293,5226618,3.26,active
8831,20,2,0,0,523,5226619,5227141,5.23,rest
8832,20,2,1,5,372,5227142,5227513,3.72,active
8833,20,2,0,0,462,5227514,5227975,4.62,rest
8834,20,2,1,6,325,5227976,5228300,3.25,active
8835,20,2,0,0,523,5228301,5228823,5.23,rest
8836,20,2,1,7,321,5228824,5229144,3.21,active
8837,20,2,0,0,529,5229145,5229673,5.29,rest
8838,20,2,1,8,330,5229674,5230003,3.3,active
8839,20,2,0,0,517,5230004,5230520,5.17,rest
8840,20,2,1,9,277,5230521,5230797,2.77,active
8841,20,2,0,0,563,5230798,5231360,5.63,rest
8842,20,2,1,10,336,5231361,5231696,3.36,active
8843,20,2,0,0,588,5231697,5232284,5.88,rest
8844,20,2,2,1,290,5232285,5232574,2.9,active
8845,20,2,0,0,473,5232575,5233047,4.73,rest
8846,20,2,2,2,392,5233048,5233439,3.92,active
8847,20,2,0,0,426,5233440,5233865,4.26,rest
8848,20,2,2,3,346,5233866,5234211,3.46,active
8849,20,2,0,0,592,5234212,5234803,5.92,rest
8850,20,2,2,4,249,5234804,5235052,2.49,active
8851,20,2,0,0,571,5235053,5235623,5.71,rest
8852,20,2,2,5,277,5235624,5235900,2.77,active
8853,20,2,0,0,530,5235901,5236430,5.3,rest
8854,20,2,2,6,365,5236431,5236795,3.65,active
8855,20,2,0,0,502,5236796,5237297,5.02,rest
8856,20,2,2,7,363,5237298,5237660,3.63,active
8857,20,2,0,0,451,5237661,5238111,4.51,rest
8858,20,2,2,8,368,5238112,5238479,3.68,active
8859,20,2,0,0,458,5238480,5238937,4.58,rest
8860,20,2,2,9,437,5238938,5239374,4.37,active
8861,20,2,0,0,445,5239375,5239819,4.45,rest
8862,20,2,2,10,320,5239820,5240139,3.2,active
8863,20,2,0,0,593,5240140,5240732,5.93,rest
8864,20,2,3,1,228,5240733,5240960,2.28,active
8865,20,2,0,0,573,5240961,5241533,5.73,rest
8866,20,2,3,2,334,5241534,5241867,3.34,active
8867,20,2,0,0,488,5241868,5242355,4.88,rest
8868,20,2,3,3,320,5242356,5242675,3.2,active
8869,20,2,0,0,532,5242676,5243207,5.32,rest
8870,20,2,3,4,335,5243208,5243542,3.35,active
8871,20,2,0,0,520,5243543,5244062,5.2,rest
8872,20,2,3,5,344,5244063,5244406,3.44,active
8873,20,2,0,0,493,5244407,5244899,4.93,rest
8874,20,2,3,6,297,5244900,5245196,2.97,active
8875,20,2,0,0,551,5245197,5245747,5.51,rest
8876,20,2,3,7,378,5245748,5246125,3.78,active
8877,20,2,0,0,463,5246126,5246588,4.63,rest
8878,20,2,3,8,279,5246589,5246867,2.79,active
8879,20,2,0,0,545,5246868,5247412,5.45,rest
8880,20,2,3,9,342,5247413,5247754,3.42,active
8881,20,2,0,0,520,5247755,5248274,5.2,rest
8882,20,2,3,10,275,5248275,5248549,2.75,active
8883,20,2,0,0,683,5248550,5249232,6.83,rest
8884,20,2,4,1,227,5249233,5249459,2.27,active
8885,20,2,0,0,579,5249460,5250038,5.79,rest
8886,20,2,4,2,370,5250039,5250408,3.7,active
8887,20,2,0,0,453,5250409,5250861,4.53,rest
8888,20,2,4,3,352,5250862,5251213,3.52,active
8889,20,2,0,0,537,5251214,5251750,5.37,rest
8890,20,2,4,4,249,5251751,5251999,2.49,active
8891,20,2,0,0,589,5252000,5252588,5.89,rest
8892,20,2,4,5,249,5252589,5252837,2.49,active
8893,20,2,0,0,566,5252838,5253403,5.66,rest
8894,20,2,4,6,274,5253404,5253677,2.74,active
8895,20,2,0,0,568,5253678,5254245,5.68,rest
8896,20,2,4,7,366,5254246,5254611,3.66,active
8897,20,2,0,0,456,5254612,5255067,4.56,rest
8898,20,2,4,8,259,5255068,5255326,2.59,active
8899,20,2,0,0,618,5255327,5255944,6.18,rest
8900,20,2,4,9,275,5255945,5256219,2.75,active
8901,20,2,0,0,528,5256220,5256747,5.28,rest
8902,20,2,4,10,287,5256748,5257034,2.87,active
8903,20,2,0,0,655,5257035,5257689,6.55,rest
8904,20,2,5,1,304,5257690,5257993,3.04,active
8905,20,2,0,0,518,5257994,5258511,5.18,rest
8906,20,2,5,2,292,5258512,5258803,2.92,active
8907,20,2,0,0,550,5258804,5259353,5.5,rest
8908,20,2,5,3,318,5259354,5259671,3.18,active
8909,20,2,0,0,563,5259672,5260234,5.63,rest
8910,20,2,5,4,280,5260235,5260514,2.8,active
8911,20,2,0,0,543,5260515,5261057,5.43,rest
8912,20,2,5,5,311,5261058,5261368,3.11,active
8913,20,2,0,0,534,5261369,5261902,5.34,rest
8914,20,2,5,6,294,5261903,5262196,2.94,active
8915,20,2,0,0,528,5262197,5262724,5.28,rest
8916,20,2,5,7,358,5262725,5263082,3.58,active
8917,20,2,0,0,519,5263083,5263601,5.19,rest
8918,20,2,5,8,269,5263602,5263870,2.69,active
8919,20,2,0,0,563,5263871,5264433,5.63,rest
8920,20,2,5,9,290,5264434,5264723,2.9,active
8921,20,2,0,0,538,5264724,5265261,5.38,rest
8922,20,2,5,10,435,5265262,5265696,4.35,active
8923,20,2,0,0,437,5265697,5266133,4.37,rest
8924,20,2,6,1,335,5266134,5266468,3.35,active
8925,20,2,0,0,493,5266469,5266961,4.93,rest
8926,20,2,6,2,347,5266962,5267308,3.47,active
8927,20,2,0,0,529,5267309,5267837,5.29,rest
8928,20,2,6,3,297,5267838,5268134,2.97,active
8929,20,2,0,0,531,5268135,5268665,5.31,rest
8930,20,2,6,4,326,5268666,5268991,3.26,active
8931,20,2,0,0,571,5268992,5269562,5.71,rest
8932,20,2,6,5,288,5269563,5269850,2.88,active
8933,20,2,0,0,526,5269851,5270376,5.26,rest
8934,20,2,6,6,309,5270377,5270685,3.09,active
8935,20,2,0,0,502,5270686,5271187,5.02,rest
8936,20,2,6,7,334,5271188,5271521,3.34,active
8937,20,2,0,0,517,5271522,5272038,5.17,rest
8938,20,2,6,8,332,5272039,5272370,3.32,active
8939,20,2,0,0,501,5272371,5272871,5.01,rest
8940,20,2,6,9,322,5272872,5273193,3.22,active
8941,20,2,0,0,532,5273194,5273725,5.32,rest
8942,20,2,6,10,312,5273726,5274037,3.12,active
8943,20,2,0,0,627,5274038,5274664,6.27,rest
8944,20,2,7,1,306,5274665,5274970,3.06,active
8945,20,2,0,0,470,5274971,5275440,4.7,rest
8946,20,2,7,2,400,5275441,5275840,4.0,active
8947,20,2,0,0,451,5275841,5276291,4.51,rest
8948,20,2,7,3,353,5276292,5276644,3.53,active
8949,20,2,0,0,517,5276645,5277161,5.17,rest
8950,20,2,7,4,323,5277162,5277484,3.23,active
8951,20,2,0,0,500,5277485,5277984,5.0,rest
8952,20,2,7,5,343,5277985,5278327,3.43,active
8953,20,2,0,0,480,5278328,5278807,4.8,rest
8954,20,2,7,6,364,5278808,5279171,3.64,active
8955,20,2,0,0,514,5279172,5279685,5.14,rest
8956,20,2,7,7,311,5279686,5279996,3.11,active
8957,20,2,0,0,508,5279997,5280504,5.08,rest
8958,20,2,7,8,347,5280505,5280851,3.47,active
8959,20,2,0,0,557,5280852,5281408,5.57,rest
8960,20,2,7,9,304,5281409,5281712,3.04,active
8961,20,2,0,0,504,5281713,5282216,5.04,rest
8962,20,2,7,10,333,5282217,5282549,3.33,active
8963,20,2,0,0,584,5282550,5283133,5.84,rest
8964,20,2,8,1,285,5283134,5283418,2.85,active
8965,20,2,0,0,503,5283419,5283921,5.03,rest
8966,20,2,8,2,400,5283922,5284321,4.0,active
8967,20,2,0,0,438,5284322,5284759,4.38,rest
8968,20,2,8,3,348,5284760,5285107,3.48,active
8969,20,2,0,0,486,5285108,5285593,4.86,rest
8970,20,2,8,4,354,5285594,5285947,3.54,active
8971,20,2,0,0,497,5285948,5286444,4.97,rest
8972,20,2,8,5,367,5286445,5286811,3.67,active
8973,20,2,0,0,485,5286812,5287296,4.85,rest
8974,20,2,8,6,358,5287297,5287654,3.58,active
8975,20,2,0,0,483,5287655,5288137,4.83,rest
8976,20,2,8,7,464,5288138,5288601,4.64,active
8977,20,2,0,0,398,5288602,5288999,3.98,rest
8978,20,2,8,8,359,5289000,5289358,3.59,active
8979,20,2,0,0,473,5289359,5289831,4.73,rest
8980,20,2,8,9,334,5289832,5290165,3.34,active
8981,20,2,0,0,445,5290166,5290610,4.45,rest
8982,20,2,8,10,377,5290611,5290987,3.77,active
8983,20,2,0,0,601,5290988,5291588,6.01,rest
8984,20,2,9,1,356,5291589,5291944,3.56,active
8985,20,2,0,0,424,5291945,5292368,4.24,rest
8986,20,2,9,2,417,5292369,5292785,4.17,active
8987,20,2,0,0,431,5292786,5293216,4.31,rest
8988,20,2,9,3,350,5293217,5293566,3.5,active
8989,20,2,0,0,561,5293567,5294127,5.61,rest
8990,20,2,9,4,387,5294128,5294514,3.87,active
8991,20,2,0,0,397,5294515,5294911,3.97,rest
8992,20,2,9,5,405,5294912,5295316,4.05,active
8993,20,2,0,0,456,5295317,5295772,4.56,rest
8994,20,2,9,6,399,5295773,5296171,3.99,active
8995,20,2,0,0,421,5296172,5296592,4.21,rest
8996,20,2,9,7,386,5296593,5296978,3.86,active
8997,20,2,0,0,464,5296979,5297442,4.64,rest
8998,20,2,9,8,417,5297443,5297859,4.17,active
8999,20,2,0,0,441,5297860,5298300,4.41,rest
9000,20,2,9,9,401,5298301,5298701,4.01,active
9001,20,2,0,0,525,5298702,5299226,5.25,rest
9002,20,2,9,10,306,5299227,5299532,3.06,active
9003,20,2,0,0,507,5299533,5300039,5.07,rest
9004,20,2,10,1,353,5300040,5300392,3.53,active
9005,20,2,0,0,457,5300393,5300849,4.57,rest
9006,20,2,10,2,401,5300850,5301250,4.01,active
9007,20,2,0,0,424,5301251,5301674,4.24,rest
9008,20,2,10,3,413,5301675,5302087,4.13,active
9009,20,2,0,0,437,5302088,5302524,4.37,rest
9010,20,2,10,4,371,5302525,5302895,3.71,active
9011,20,2,0,0,469,5302896,5303364,4.69,rest
9012,20,2,10,5,362,5303365,5303726,3.62,active
9013,20,2,0,0,478,5303727,5304204,4.78,rest
9014,20,2,10,6,334,5304205,5304538,3.34,active
9015,20,2,0,0,501,5304539,5305039,5.01,rest
9016,20,2,10,7,386,5305040,5305425,3.86,active
9017,20,2,0,0,479,5305426,5305904,4.79,rest
9018,20,2,10,8,400,5305905,5306304,4.0,active
9019,20,2,0,0,382,5306305,5306686,3.82,rest
9020,20,2,10,9,523,5306687,5307209,5.23,active
9021,20,2,0,0,367,5307210,5307576,3.67,rest
9022,20,2,10,10,459,5307577,5308035,4.59,active
9023,20,2,0,0,459,5308036,5308494,4.59,rest
9024,20,2,11,1,408,5308495,5308902,4.08,active
9025,20,2,0,0,395,5308903,5309297,3.95,rest
9026,20,2,11,2,413,5309298,5309710,4.13,active
9027,20,2,0,0,440,5309711,5310150,4.4,rest
9028,20,2,11,3,408,5310151,5310558,4.08,active
9029,20,2,0,0,404,5310559,5310962,4.04,rest
9030,20,2,11,4,456,5310963,5311418,4.56,active
9031,20,2,0,0,382,5311419,5311800,3.82,rest
9032,20,2,11,5,428,5311801,5312228,4.28,active
9033,20,2,0,0,408,5312229,5312636,4.08,rest
9034,20,2,11,6,423,5312637,5313059,4.23,active
9035,20,2,0,0,435,5313060,5313494,4.35,rest
9036,20,2,11,7,422,5313495,5313916,4.22,active
9037,20,2,0,0,416,5313917,5314332,4.16,rest
9038,20,2,11,8,385,5314333,5314717,3.85,active
9039,20,2,0,0,453,5314718,5315170,4.53,rest
9040,20,2,11,9,417,5315171,5315587,4.17,active
9041,20,2,0,0,411,5315588,5315998,4.11,rest
9042,20,2,11,10,411,5315999,5316409,4.11,active
9043,20,2,0,0,551,5316410,5316960,5.51,rest
9044,20,2,12,1,451,5316961,5317411,4.51,active
9045,20,2,0,0,307,5317412,5317718,3.07,rest
9046,20,2,12,2,384,5317719,5318102,3.84,active
9047,20,2,0,0,454,5318103,5318556,4.54,rest
9048,20,2,12,3,401,5318557,5318957,4.01,active
9049,20,2,0,0,425,5318958,5319382,4.25,rest
9050,20,2,12,4,395,5319383,5319777,3.95,active
9051,20,2,0,0,512,5319778,5320289,5.12,rest
9052,20,2,12,5,348,5320290,5320637,3.48,active
9053,20,2,0,0,462,5320638,5321099,4.62,rest
9054,20,2,12,6,378,5321100,5321477,3.78,active
9055,20,2,0,0,458,5321478,5321935,4.58,rest
9056,20,2,12,7,375,5321936,5322310,3.75,active
9057,20,2,0,0,475,5322311,5322785,4.75,rest
9058,20,2,12,8,419,5322786,5323204,4.19,active
9059,20,2,0,0,421,5323205,5323625,4.21,rest
9060,20,2,12,9,392,5323626,5324017,3.92,active
9061,20,2,0,0,502,5324018,5324519,5.02,rest
9062,20,2,12,10,356,5324520,5324875,3.56,active
9063,20,2,0,0,568,5324876,5325443,5.68,rest
9064,20,2,13,1,315,5325444,5325758,3.15,active
9065,20,2,0,0,427,5325759,5326185,4.27,rest
9066,20,2,13,2,374,5326186,5326559,3.74,active
9067,20,2,0,0,459,5326560,5327018,4.59,rest
9068,20,2,13,3,390,5327019,5327408,3.9,active
9069,20,2,0,0,458,5327409,5327866,4.58,rest
9070,20,2,13,4,375,5327867,5328241,3.75,active
9071,20,2,0,0,482,5328242,5328723,4.82,rest
9072,20,2,13,5,425,5328724,5329148,4.25,active
9073,20,2,0,0,447,5329149,5329595,4.47,rest
9074,20,2,13,6,335,5329596,5329930,3.35,active
9075,20,2,0,0,496,5329931,5330426,4.96,rest
9076,20,2,13,7,395,5330427,5330821,3.95,active
9077,20,2,0,0,435,5330822,5331256,4.35,rest
9078,20,2,13,8,427,5331257,5331683,4.27,active
9079,20,2,0,0,450,5331684,5332133,4.5,rest
9080,20,2,13,9,442,5332134,5332575,4.42,active
9081,20,2,0,0,406,5332576,5332981,4.06,rest
9082,20,2,13,10,423,5332982,5333404,4.23,active
9083,20,2,0,0,459,5333405,5333863,4.59,rest
9084,20,2,14,1,342,5333864,5334205,3.42,active
9085,20,2,0,0,460,5334206,5334665,4.6,rest
9086,20,2,14,2,332,5334666,5334997,3.32,active
9087,20,2,0,0,541,5334998,5335538,5.41,rest
9088,20,2,14,3,291,5335539,5335829,2.91,active
9089,20,2,0,0,548,5335830,5336377,5.48,rest
9090,20,2,14,4,320,5336378,5336697,3.2,active
9091,20,2,0,0,512,5336698,5337209,5.12,rest
9092,20,2,14,5,323,5337210,5337532,3.23,active
9093,20,2,0,0,526,5337533,5338058,5.26,rest
9094,20,2,14,6,385,5338059,5338443,3.85,active
9095,20,2,0,0,448,5338444,5338891,4.48,rest
9096,20,2,14,7,405,5338892,5339296,4.05,active
9097,20,2,0,0,439,5339297,5339735,4.39,rest
9098,20,2,14,8,357,5339736,5340092,3.57,active
9099,20,2,0,0,501,5340093,5340593,5.01,rest
9100,20,2,14,9,312,5340594,5340905,3.12,active
9101,20,2,0,0,534,5340906,5341439,5.34,rest
9102,20,2,14,10,319,5341440,5341758,3.19,active
9103,20,2,0,0,535,5341759,5342293,5.35,rest
9104,20,2,15,1,326,5342294,5342619,3.26,active
9105,20,2,0,0,514,5342620,5343133,5.14,rest
9106,20,2,15,2,342,5343134,5343475,3.42,active
9107,20,2,0,0,556,5343476,5344031,5.56,rest
9108,20,2,15,3,187,5344032,5344218,1.87,active
9109,20,2,0,0,646,5344219,5344864,6.46,rest
9110,20,2,15,4,254,5344865,5345118,2.54,active
9111,20,2,0,0,588,5345119,5345706,5.88,rest
9112,20,2,15,5,305,5345707,5346011,3.05,active
9113,20,2,0,0,523,5346012,5346534,5.23,rest
9114,20,2,15,6,332,5346535,5346866,3.32,active
9115,20,2,0,0,514,5346867,5347380,5.14,rest
9116,20,2,15,7,307,5347381,5347687,3.07,active
9117,20,2,0,0,539,5347688,5348226,5.39,rest
9118,20,2,15,8,291,5348227,5348517,2.91,active
9119,20,2,0,0,558,5348518,5349075,5.58,rest
9120,20,2,15,9,241,5349076,5349316,2.41,active
9121,20,2,0,0,637,5349317,5349953,6.37,rest
9122,20,2,15,10,258,5349954,5350211,2.58,active
9123,20,2,0,0,602,5350212,5350813,6.02,rest
9124,20,2,16,1,505,5350814,5351318,5.05,active
9125,20,2,0,0,311,5351319,5351629,3.11,rest
9126,20,2,16,2,405,5351630,5352034,4.05,active
9127,20,2,0,0,465,5352035,5352499,4.65,rest
9128,20,2,16,3,356,5352500,5352855,3.56,active
9129,20,2,0,0,453,5352856,5353308,4.53,rest
9130,20,2,16,4,402,5353309,5353710,4.02,active
9131,20,2,0,0,392,5353711,5354102,3.92,rest
9132,20,2,16,5,387,5354103,5354489,3.87,active
9133,20,2,0,0,448,5354490,5354937,4.48,rest
9134,20,2,16,6,474,5354938,5355411,4.74,active
9135,20,2,0,0,424,5355412,5355835,4.24,rest
9136,20,2,16,7,390,5355836,5356225,3.9,active
9137,20,2,0,0,446,5356226,5356671,4.46,rest
9138,20,2,16,8,431,5356672,5357102,4.31,active
9139,20,2,0,0,406,5357103,5357508,4.06,rest
9140,20,2,16,9,416,5357509,5357924,4.16,active
9141,20,2,0,0,448,5357925,5358372,4.48,rest
9142,20,2,16,10,381,5358373,5358753,3.81,active
9143,20,2,0,0,507,5358754,5359260,5.07,rest
9144,20,2,17,1,322,5359261,5359582,3.22,active
9145,20,2,0,0,506,5359583,5360088,5.06,rest
9146,20,2,17,2,387,5360089,5360475,3.87,active
9147,20,2,0,0,427,5360476,5360902,4.27,rest
9148,20,2,17,3,445,5360903,5361347,4.45,active
9149,20,2,0,0,420,5361348,5361767,4.2,rest
9150,20,2,17,4,483,5361768,5362250,4.83,active
9151,20,2,0,0,353,5362251,5362603,3.53,rest
9152,20,2,17,5,455,5362604,5363058,4.55,active
9153,20,2,0,0,379,5363059,5363437,3.79,rest
9154,20,2,17,6,466,5363438,5363903,4.66,active
9155,20,2,0,0,393,5363904,5364296,3.93,rest
9156,20,2,17,7,462,5364297,5364758,4.62,active
9157,20,2,0,0,375,5364759,5365133,3.75,rest
9158,20,2,17,8,316,5365134,5365449,3.16,active
9159,20,2,0,0,573,5365450,5366022,5.73,rest
9160,20,2,17,9,406,5366023,5366428,4.06,active
9161,20,2,0,0,415,5366429,5366843,4.15,rest
9162,20,2,17,10,481,5366844,5367324,4.81,active
9163,20,2,0,0,299,5367325,5367623,2.99,rest
9164,20,3,0,0,417,5367624,5368040,4.17,rest
9165,20,3,1,1,313,5368041,5368353,3.13,active
9166,20,3,0,0,482,5368354,5368835,4.82,rest
9167,20,3,1,2,382,5368836,5369217,3.82,active
9168,20,3,0,0,456,5369218,5369673,4.56,rest
9169,20,3,1,3,366,5369674,5370039,3.66,active
9170,20,3,0,0,496,5370040,5370535,4.96,rest
9171,20,3,1,4,338,5370536,5370873,3.38,active
9172,20,3,0,0,484,5370874,5371357,4.84,rest
9173,20,3,1,5,360,5371358,5371717,3.6,active
9174,20,3,0,0,487,5371718,5372204,4.87,rest
9175,20,3,1,6,316,5372205,5372520,3.16,active
9176,20,3,0,0,481,5372521,5373001,4.81,rest
9177,20,3,1,7,374,5373002,5373375,3.74,active
9178,20,3,0,0,496,5373376,5373871,4.96,rest
9179,20,3,1,8,332,5373872,5374203,3.32,active
9180,20,3,0,0,537,5374204,5374740,5.37,rest
9181,20,3,1,9,317,5374741,5375057,3.17,active
9182,20,3,0,0,517,5375058,5375574,5.17,rest
9183,20,3,1,10,315,5375575,5375889,3.15,active
9184,20,3,0,0,1684,5375890,5377573,16.84,rest
9185,20,3,2,1,306,5377574,5377879,3.06,active
9186,20,3,0,0,453,5377880,5378332,4.53,rest
9187,20,3,2,2,419,5378333,5378751,4.19,active
9188,20,3,0,0,439,5378752,5379190,4.39,rest
9189,20,3,2,3,382,5379191,5379572,3.82,active
9190,20,3,0,0,468,5379573,5380040,4.68,rest
9191,20,3,2,4,383,5380041,5380423,3.83,active
9192,20,3,0,0,473,5380424,5380896,4.73,rest
9193,20,3,2,5,389,5380897,5381285,3.89,active
9194,20,3,0,0,506,5381286,5381791,5.06,rest
9195,20,3,2,6,309,5381792,5382100,3.09,active
9196,20,3,0,0,481,5382101,5382581,4.81,rest
9197,20,3,2,7,370,5382582,5382951,3.7,active
9198,20,3,0,0,472,5382952,5383423,4.72,rest
9199,20,3,2,8,371,5383424,5383794,3.71,active
9200,20,3,0,0,449,5383795,5384243,4.49,rest
9201,20,3,2,9,418,5384244,5384661,4.18,active
9202,20,3,0,0,428,5384662,5385089,4.28,rest
9203,20,3,2,10,373,5385090,5385462,3.73,active
9204,20,3,0,0,681,5385463,5386143,6.81,rest
9205,20,3,3,1,291,5386144,5386434,2.91,active
9206,20,3,0,0,501,5386435,5386935,5.01,rest
9207,20,3,3,2,324,5386936,5387259,3.24,active
9208,20,3,0,0,457,5387260,5387716,4.57,rest
9209,20,3,3,3,336,5387717,5388052,3.36,active
9210,20,3,0,0,513,5388053,5388565,5.13,rest
9211,20,3,3,4,368,5388566,5388933,3.68,active
9212,20,3,0,0,481,5388934,5389414,4.81,rest
9213,20,3,3,5,336,5389415,5389750,3.36,active
9214,20,3,0,0,508,5389751,5390258,5.08,rest
9215,20,3,3,6,335,5390259,5390593,3.35,active
9216,20,3,0,0,507,5390594,5391100,5.07,rest
9217,20,3,3,7,297,5391101,5391397,2.97,active
9218,20,3,0,0,566,5391398,5391963,5.66,rest
9219,20,3,3,8,307,5391964,5392270,3.07,active
9220,20,3,0,0,538,5392271,5392808,5.38,rest
9221,20,3,3,9,309,5392809,5393117,3.09,active
9222,20,3,0,0,540,5393118,5393657,5.4,rest
9223,20,3,3,10,321,5393658,5393978,3.21,active
9224,20,3,0,0,1307,5393979,5395285,13.07,rest
9225,20,3,4,1,296,5395286,5395581,2.96,active
9226,20,3,0,0,493,5395582,5396074,4.93,rest
9227,20,3,4,2,472,5396075,5396546,4.72,active
9228,20,3,0,0,364,5396547,5396910,3.64,rest
9229,20,3,4,3,367,5396911,5397277,3.67,active
9230,20,3,0,0,461,5397278,5397738,4.61,rest
9231,20,3,4,4,397,5397739,5398135,3.97,active
9232,20,3,0,0,432,5398136,5398567,4.32,rest
9233,20,3,4,5,354,5398568,5398921,3.54,active
9234,20,3,0,0,520,5398922,5399441,5.2,rest
9235,20,3,4,6,332,5399442,5399773,3.32,active
9236,20,3,0,0,503,5399774,5400276,5.03,rest
9237,20,3,4,7,310,5400277,5400586,3.1,active
9238,20,3,0,0,542,5400587,5401128,5.42,rest
9239,20,3,4,8,382,5401129,5401510,3.82,active
9240,20,3,0,0,477,5401511,5401987,4.77,rest
9241,20,3,4,9,286,5401988,5402273,2.86,active
9242,20,3,0,0,569,5402274,5402842,5.69,rest
9243,20,3,4,10,313,5402843,5403155,3.13,active
9244,20,3,0,0,1236,5403156,5404391,12.36,rest
9245,20,3,5,1,339,5404392,5404730,3.39,active
9246,20,3,0,0,417,5404731,5405147,4.17,rest
9247,20,3,5,2,423,5405148,5405570,4.23,active
9248,20,3,0,0,435,5405571,5406005,4.35,rest
9249,20,3,5,3,399,5406006,5406404,3.99,active
9250,20,3,0,0,423,5406405,5406827,4.23,rest
9251,20,3,5,4,376,5406828,5407203,3.76,active
9252,20,3,0,0,514,5407204,5407717,5.14,rest
9253,20,3,5,5,398,5407718,5408115,3.98,active
9254,20,3,0,0,436,5408116,5408551,4.36,rest
9255,20,3,5,6,377,5408552,5408928,3.77,active
9256,20,3,0,0,454,5408929,5409382,4.54,rest
9257,20,3,5,7,389,5409383,5409771,3.89,active
9258,20,3,0,0,473,5409772,5410244,4.73,rest
9259,20,3,5,8,383,5410245,5410627,3.83,active
9260,20,3,0,0,453,5410628,5411080,4.53,rest
9261,20,3,5,9,405,5411081,5411485,4.05,active
9262,20,3,0,0,424,5411486,5411909,4.24,rest
9263,20,3,5,10,388,5411910,5412297,3.88,active
9264,20,3,0,0,957,5412298,5413254,9.57,rest
9265,20,3,6,1,356,5413255,5413610,3.56,active
9266,20,3,0,0,433,5413611,5414043,4.33,rest
9267,20,3,6,2,379,5414044,5414422,3.79,active
9268,20,3,0,0,381,5414423,5414803,3.81,rest
9269,20,3,6,3,477,5414804,5415280,4.77,active
9270,20,3,0,0,383,5415281,5415663,3.83,rest
9271,20,3,6,4,480,5415664,5416143,4.8,active
9272,20,3,0,0,340,5416144,5416483,3.4,rest
9273,20,3,6,5,452,5416484,5416935,4.52,active
9274,20,3,0,0,388,5416936,5417323,3.88,rest
9275,20,3,6,6,472,5417324,5417795,4.72,active
9276,20,3,0,0,398,5417796,5418193,3.98,rest
9277,20,3,6,7,462,5418194,5418655,4.62,active
9278,20,3,0,0,349,5418656,5419004,3.49,rest
9279,20,3,6,8,471,5419005,5419475,4.71,active
9280,20,3,0,0,369,5419476,5419844,3.69,rest
9281,20,3,6,9,457,5419845,5420301,4.57,active
9282,20,3,0,0,445,5420302,5420746,4.45,rest
9283,20,3,6,10,386,5420747,5421132,3.86,active
9284,20,3,0,0,845,5421133,5421977,8.45,rest
9285,20,3,7,1,310,5421978,5422287,3.1,active
9286,20,3,0,0,511,5422288,5422798,5.11,rest
9287,20,3,7,2,330,5422799,5423128,3.3,active
9288,20,3,0,0,536,5423129,5423664,5.36,rest
9289,20,3,7,3,304,5423665,5423968,3.04,active
9290,20,3,0,0,470,5423969,5424438,4.7,rest
9291,20,3,7,4,360,5424439,5424798,3.6,active
9292,20,3,0,0,546,5424799,5425344,5.46,rest
9293,20,3,7,5,334,5425345,5425678,3.34,active
9294,20,3,0,0,509,5425679,5426187,5.09,rest
9295,20,3,7,6,335,5426188,5426522,3.35,active
9296,20,3,0,0,516,5426523,5427038,5.16,rest
9297,20,3,7,7,351,5427039,5427389,3.51,active
9298,20,3,0,0,460,5427390,5427849,4.6,rest
9299,20,3,7,8,321,5427850,5428170,3.21,active
9300,20,3,0,0,542,5428171,5428712,5.42,rest
9301,20,3,7,9,329,5428713,5429041,3.29,active
9302,20,3,0,0,510,5429042,5429551,5.1,rest
9303,20,3,7,10,302,5429552,5429853,3.02,active
9304,20,3,0,0,2765,5429854,5432618,27.65,rest
9305,20,3,8,1,319,5432619,5432937,3.19,active
9306,20,3,0,0,485,5432938,5433422,4.85,rest
9307,20,3,8,2,331,5433423,5433753,3.31,active
9308,20,3,0,0,523,5433754,5434276,5.23,rest
9309,20,3,8,3,393,5434277,5434669,3.93,active
9310,20,3,0,0,456,5434670,5435125,4.56,rest
9311,20,3,8,4,336,5435126,5435461,3.36,active
9312,20,3,0,0,481,5435462,5435942,4.81,rest
9313,20,3,8,5,330,5435943,5436272,3.3,active
9314,20,3,0,0,531,5436273,5436803,5.31,rest
9315,20,3,8,6,308,5436804,5437111,3.08,active
9316,20,3,0,0,523,5437112,5437634,5.23,rest
9317,20,3,8,7,310,5437635,5437944,3.1,active
9318,20,3,0,0,524,5437945,5438468,5.24,rest
9319,20,3,8,8,353,5438469,5438821,3.53,active
9320,20,3,0,0,496,5438822,5439317,4.96,rest
9321,20,3,8,9,331,5439318,5439648,3.31,active
9322,20,3,0,0,525,5439649,5440173,5.25,rest
9323,20,3,8,10,377,5440174,5440550,3.77,active
9324,20,3,0,0,577,5440551,5441127,5.77,rest
9325,20,3,9,1,259,5441128,5441386,2.59,active
9326,20,3,0,0,502,5441387,5441888,5.02,rest
9327,20,3,9,2,339,5441889,5442227,3.39,active
9328,20,3,0,0,509,5442228,5442736,5.09,rest
9329,20,3,9,3,336,5442737,5443072,3.36,active
9330,20,3,0,0,466,5443073,5443538,4.66,rest
9331,20,3,9,4,406,5443539,5443944,4.06,active
9332,20,3,0,0,461,5443945,5444405,4.61,rest
9333,20,3,9,5,387,5444406,5444792,3.87,active
9334,20,3,0,0,461,5444793,5445253,4.61,rest
9335,20,3,9,6,400,5445254,5445653,4.0,active
9336,20,3,0,0,416,5445654,5446069,4.16,rest
9337,20,3,9,7,407,5446070,5446476,4.07,active
9338,20,3,0,0,531,5446477,5447007,5.31,rest
9339,20,3,9,8,292,5447008,5447299,2.92,active
9340,20,3,0,0,511,5447300,5447810,5.11,rest
9341,20,3,9,9,321,5447811,5448131,3.21,active
9342,20,3,0,0,538,5448132,5448669,5.38,rest
9343,20,3,9,10,305,5448670,5448974,3.05,active
9344,20,3,0,0,2205,5448975,5451179,22.05,rest
9345,20,3,10,1,386,5451180,5451565,3.86,active
9346,20,3,0,0,475,5451566,5452040,4.75,rest
9347,20,3,10,2,388,5452041,5452428,3.88,active
9348,20,3,0,0,440,5452429,5452868,4.4,rest
9349,20,3,10,3,391,5452869,5453259,3.91,active
9350,20,3,0,0,421,5453260,5453680,4.21,rest
9351,20,3,10,4,381,5453681,5454061,3.81,active
9352,20,3,0,0,502,5454062,5454563,5.02,rest
9353,20,3,10,5,396,5454564,5454959,3.96,active
9354,20,3,0,0,447,5454960,5455406,4.47,rest
9355,20,3,10,6,447,5455407,5455853,4.47,active
9356,20,3,0,0,411,5455854,5456264,4.11,rest
9357,20,3,10,7,429,5456265,5456693,4.29,active
9358,20,3,0,0,417,5456694,5457110,4.17,rest
9359,20,3,10,8,352,5457111,5457462,3.52,active
9360,20,3,0,0,476,5457463,5457938,4.76,rest
9361,20,3,10,9,415,5457939,5458353,4.15,active
9362,20,3,0,0,437,5458354,5458790,4.37,rest
9363,20,3,10,10,363,5458791,5459153,3.63,active
9364,20,3,0,0,1342,5459154,5460495,13.42,rest
9365,20,3,11,1,364,5460496,5460859,3.64,active
9366,20,3,0,0,426,5460860,5461285,4.26,rest
9367,20,3,11,2,450,5461286,5461735,4.5,active
9368,20,3,0,0,377,5461736,5462112,3.77,rest
9369,20,3,11,3,421,5462113,5462533,4.21,active
9370,20,3,0,0,449,5462534,5462982,4.49,rest
9371,20,3,11,4,405,5462983,5463387,4.05,active
9372,20,3,0,0,427,5463388,5463814,4.27,rest
9373,20,3,11,5,417,5463815,5464231,4.17,active
9374,20,3,0,0,442,5464232,5464673,4.42,rest
9375,20,3,11,6,370,5464674,5465043,3.7,active
9376,20,3,0,0,472,5465044,5465515,4.72,rest
9377,20,3,11,7,401,5465516,5465916,4.01,active
9378,20,3,0,0,446,5465917,5466362,4.46,rest
9379,20,3,11,8,402,5466363,5466764,4.02,active
9380,20,3,0,0,428,5466765,5467192,4.28,rest
9381,20,3,11,9,391,5467193,5467583,3.91,active
9382,20,3,0,0,454,5467584,5468037,4.54,rest
9383,20,3,11,10,413,5468038,5468450,4.13,active
9384,20,3,0,0,657,5468451,5469107,6.57,rest
9385,20,3,12,1,319,5469108,5469426,3.19,active
9386,20,3,0,0,423,5469427,5469849,4.23,rest
9387,20,3,12,2,406,5469850,5470255,4.06,active
9388,20,3,0,0,448,5470256,5470703,4.48,rest
9389,20,3,12,3,389,5470704,5471092,3.89,active
9390,20,3,0,0,416,5471093,5471508,4.16,rest
9391,20,3,12,4,402,5471509,5471910,4.02,active
9392,20,3,0,0,462,5471911,5472372,4.62,rest
9393,20,3,12,5,393,5472373,5472765,3.93,active
9394,20,3,0,0,460,5472766,5473225,4.6,rest
9395,20,3,12,6,388,5473226,5473613,3.88,active
9396,20,3,0,0,474,5473614,5474087,4.74,rest
9397,20,3,12,7,380,5474088,5474467,3.8,active
9398,20,3,0,0,446,5474468,5474913,4.46,rest
9399,20,3,12,8,385,5474914,5475298,3.85,active
9400,20,3,0,0,446,5475299,5475744,4.46,rest
9401,20,3,12,9,368,5475745,5476112,3.68,active
9402,20,3,0,0,564,5476113,5476676,5.64,rest
9403,20,3,12,10,339,5476677,5477015,3.39,active
9404,20,3,0,0,615,5477016,5477630,6.15,rest
9405,20,3,13,1,305,5477631,5477935,3.05,active
9406,20,3,0,0,493,5477936,5478428,4.93,rest
9407,20,3,13,2,325,5478429,5478753,3.25,active
9408,20,3,0,0,496,5478754,5479249,4.96,rest
9409,20,3,13,3,383,5479250,5479632,3.83,active
9410,20,3,0,0,447,5479633,5480079,4.47,rest
9411,20,3,13,4,373,5480080,5480452,3.73,active
9412,20,3,0,0,491,5480453,5480943,4.91,rest
9413,20,3,13,5,396,5480944,5481339,3.96,active
9414,20,3,0,0,467,5481340,5481806,4.67,rest
9415,20,3,13,6,321,5481807,5482127,3.21,active
9416,20,3,0,0,468,5482128,5482595,4.68,rest
9417,20,3,13,7,385,5482596,5482980,3.85,active
9418,20,3,0,0,458,5482981,5483438,4.58,rest
9419,20,3,13,8,395,5483439,5483833,3.95,active
9420,20,3,0,0,500,5483834,5484333,5.0,rest
9421,20,3,13,9,362,5484334,5484695,3.62,active
9422,20,3,0,0,480,5484696,5485175,4.8,rest
9423,20,3,13,10,373,5485176,5485548,3.73,active
9424,20,3,0,0,1221,5485549,5486769,12.21,rest
9425,20,3,14,1,404,5486770,5487173,4.04,active
9426,20,3,0,0,422,5487174,5487595,4.22,rest
9427,20,3,14,2,399,5487596,5487994,3.99,active
9428,20,3,0,0,457,5487995,5488451,4.57,rest
9429,20,3,14,3,323,5488452,5488774,3.23,active
9430,20,3,0,0,499,5488775,5489273,4.99,rest
9431,20,3,14,4,359,5489274,5489632,3.59,active
9432,20,3,0,0,481,5489633,5490113,4.81,rest
9433,20,3,14,5,361,5490114,5490474,3.61,active
9434,20,3,0,0,497,5490475,5490971,4.97,rest
9435,20,3,14,6,346,5490972,5491317,3.46,active
9436,20,3,0,0,497,5491318,5491814,4.97,rest
9437,20,3,14,7,354,5491815,5492168,3.54,active
9438,20,3,0,0,460,5492169,5492628,4.6,rest
9439,20,3,14,8,385,5492629,5493013,3.85,active
9440,20,3,0,0,499,5493014,5493512,4.99,rest
9441,20,3,14,9,358,5493513,5493870,3.58,active
9442,20,3,0,0,484,5493871,5494354,4.84,rest
9443,20,3,14,10,393,5494355,5494747,3.93,active
9444,20,3,0,0,1244,5494748,5495991,12.44,rest
9445,20,3,15,1,409,5495992,5496400,4.09,active
9446,20,3,0,0,372,5496401,5496772,3.72,rest
9447,20,3,15,2,402,5496773,5497174,4.02,active
9448,20,3,0,0,443,5497175,5497617,4.43,rest
9449,20,3,15,3,371,5497618,5497988,3.71,active
9450,20,3,0,0,480,5497989,5498468,4.8,rest
9451,20,3,15,4,400,5498469,5498868,4.0,active
9452,20,3,0,0,431,5498869,5499299,4.31,rest
9453,20,3,15,5,383,5499300,5499682,3.83,active
9454,20,3,0,0,492,5499683,5500174,4.92,rest
9455,20,3,15,6,409,5500175,5500583,4.09,active
9456,20,3,0,0,430,5500584,5501013,4.3,rest
9457,20,3,15,7,292,5501014,5501305,2.92,active
9458,20,3,0,0,537,5501306,5501842,5.37,rest
9459,20,3,15,8,418,5501843,5502260,4.18,active
9460,20,3,0,0,419,5502261,5502679,4.19,rest
9461,20,3,15,9,363,5502680,5503042,3.63,active
9462,20,3,0,0,472,5503043,5503514,4.72,rest
9463,20,3,15,10,440,5503515,5503954,4.4,active
9464,20,3,0,0,1190,5503955,5505144,11.9,rest
9465,20,3,16,1,422,5505145,5505566,4.22,active
9466,20,3,0,0,371,5505567,5505937,3.71,rest
9467,20,3,16,2,420,5505938,5506357,4.2,active
9468,20,3,0,0,433,5506358,5506790,4.33,rest
9469,20,3,16,3,431,5506791,5507221,4.31,active
9470,20,3,0,0,408,5507222,5507629,4.08,rest
9471,20,3,16,4,455,5507630,5508084,4.55,active
9472,20,3,0,0,396,5508085,5508480,3.96,rest
9473,20,3,16,5,356,5508481,5508836,3.56,active
9474,20,3,0,0,441,5508837,5509277,4.41,rest
9475,20,3,16,6,444,5509278,5509721,4.44,active
9476,20,3,0,0,432,5509722,5510153,4.32,rest
9477,20,3,16,7,391,5510154,5510544,3.91,active
9478,20,3,0,0,453,5510545,5510997,4.53,rest
9479,20,3,16,8,362,5510998,5511359,3.62,active
9480,20,3,0,0,485,5511360,5511844,4.85,rest
9481,20,3,16,9,387,5511845,5512231,3.87,active
9482,20,3,0,0,472,5512232,5512703,4.72,rest
9483,20,3,16,10,345,5512704,5513048,3.45,active
9484,20,3,0,0,1082,5513049,5514130,10.82,rest
9485,20,3,17,1,380,5514131,5514510,3.8,active
9486,20,3,0,0,445,5514511,5514955,4.45,rest
9487,20,3,17,2,403,5514956,5515358,4.03,active
9488,20,3,0,0,453,5515359,5515811,4.53,rest
9489,20,3,17,3,299,5515812,5516110,2.99,active
9490,20,3,0,0,552,5516111,5516662,5.52,rest
9491,20,3,17,4,336,5516663,5516998,3.36,active
9492,20,3,0,0,493,5516999,5517491,4.93,rest
9493,20,3,17,5,353,5517492,5517844,3.53,active
9494,20,3,0,0,467,5517845,5518311,4.67,rest
9495,20,3,17,6,484,5518312,5518795,4.84,active
9496,20,3,0,0,396,5518796,5519191,3.96,rest
9497,20,3,17,7,449,5519192,5519640,4.49,active
9498,20,3,0,0,393,5519641,5520033,3.93,rest
9499,20,3,17,8,431,5520034,5520464,4.31,active
9500,20,3,0,0,434,5520465,5520898,4.34,rest
9501,20,3,17,9,382,5520899,5521280,3.82,active
9502,20,3,0,0,445,5521281,5521725,4.45,rest
9503,20,3,17,10,441,5521726,5522166,4.41,active
9504,20,3,0,0,1164,5522167,5523330,11.64,rest
9505,20,3,18,1,352,5523331,5523682,3.52,active
9506,20,3,0,0,421,5523683,5524103,4.21,rest
9507,20,3,18,2,362,5524104,5524465,3.62,active
9508,20,3,0,0,472,5524466,5524937,4.72,rest
9509,20,3,18,3,414,5524938,5525351,4.14,active
9510,20,3,0,0,424,5525352,5525775,4.24,rest
9511,20,3,18,4,440,5525776,5526215,4.4,active
9512,20,3,0,0,398,5526216,5526613,3.98,rest
9513,20,3,18,5,413,5526614,5527026,4.13,active
9514,20,3,0,0,449,5527027,5527475,4.49,rest
9515,20,3,18,6,383,5527476,5527858,3.83,active
9516,20,3,0,0,424,5527859,5528282,4.24,rest
9517,20,3,18,7,395,5528283,5528677,3.95,active
9518,20,3,0,0,451,5528678,5529128,4.51,rest
9519,20,3,18,8,422,5529129,5529550,4.22,active
9520,20,3,0,0,457,5529551,5530007,4.57,rest
9521,20,3,18,9,390,5530008,5530397,3.9,active
9522,20,3,0,0,437,5530398,5530834,4.37,rest
9523,20,3,18,10,418,5530835,5531252,4.18,active
9524,20,3,0,0,1040,5531253,5532292,10.4,rest
9525,20,3,19,1,335,5532293,5532627,3.35,active
9526,20,3,0,0,467,5532628,5533094,4.67,rest
9527,20,3,19,2,389,5533095,5533483,3.89,active
9528,20,3,0,0,467,5533484,5533950,4.67,rest
9529,20,3,19,3,371,5533951,5534321,3.71,active
9530,20,3,0,0,486,5534322,5534807,4.86,rest
9531,20,3,19,4,326,5534808,5535133,3.26,active
9532,20,3,0,0,461,5535134,5535594,4.61,rest
9533,20,3,19,5,399,5535595,5535993,3.99,active
9534,20,3,0,0,485,5535994,5536478,4.85,rest
9535,20,3,19,6,359,5536479,5536837,3.59,active
9536,20,3,0,0,482,5536838,5537319,4.82,rest
9537,20,3,19,7,345,5537320,5537664,3.45,active
9538,20,3,0,0,490,5537665,5538154,4.9,rest
9539,20,3,19,8,341,5538155,5538495,3.41,active
9540,20,3,0,0,514,5538496,5539009,5.14,rest
9541,20,3,19,9,381,5539010,5539390,3.81,active
9542,20,3,0,0,479,5539391,5539869,4.79,rest
9543,20,3,19,10,295,5539870,5540164,2.95,active
9544,20,3,0,0,1699,5540165,5541863,16.99,rest
9545,20,3,20,1,348,5541864,5542211,3.48,active
9546,20,3,0,0,424,5542212,5542635,4.24,rest
9547,20,3,20,2,359,5542636,5542994,3.59,active
9548,20,3,0,0,487,5542995,5543481,4.87,rest
9549,20,3,20,3,401,5543482,5543882,4.01,active
9550,20,3,0,0,447,5543883,5544329,4.47,rest
9551,20,3,20,4,391,5544330,5544720,3.91,active
9552,20,3,0,0,406,5544721,5545126,4.06,rest
9553,20,3,20,5,408,5545127,5545534,4.08,active
9554,20,3,0,0,475,5545535,5546009,4.75,rest
9555,20,3,20,6,404,5546010,5546413,4.04,active
9556,20,3,0,0,433,5546414,5546846,4.33,rest
9557,20,3,20,7,413,5546847,5547259,4.13,active
9558,20,3,0,0,416,5547260,5547675,4.16,rest
9559,20,3,20,8,355,5547676,5548030,3.55,active
9560,20,3,0,0,498,5548031,5548528,4.98,rest
9561,20,3,20,9,351,5548529,5548879,3.51,active
9562,20,3,0,0,496,5548880,5549375,4.96,rest
9563,20,3,20,10,341,5549376,5549716,3.41,active
9564,20,3,0,0,6670,5549717,5556386,66.7,rest
9565,20,3,21,1,459,5556387,5556845,4.59,active
9566,20,3,0,0,379,5556846,5557224,3.79,rest
9567,20,3,21,2,394,5557225,5557618,3.94,active
9568,20,3,0,0,316,5557619,5557934,3.16,rest
9569,20,3,21,3,508,5557935,5558442,5.08,active
9570,20,3,0,0,455,5558443,5558897,4.55,rest
9571,20,3,21,4,299,5558898,5559196,2.99,active
9572,20,3,0,0,433,5559197,5559629,4.33,rest
9573,20,3,21,5,507,5559630,5560136,5.07,active
9574,20,3,0,0,331,5560137,5560467,3.31,rest
9575,20,3,21,6,512,5560468,5560979,5.12,active
9576,20,3,0,0,454,5560980,5561433,4.54,rest
9577,20,3,21,7,403,5561434,5561836,4.03,active
9578,20,3,0,0,327,5561837,5562163,3.27,rest
9579,20,3,21,8,499,5562164,5562662,4.99,active
9580,20,3,0,0,375,5562663,5563037,3.75,rest
9581,20,3,21,9,442,5563038,5563479,4.42,active
9582,20,3,0,0,366,5563480,5563845,3.66,rest
9583,20,3,21,10,459,5563846,5564304,4.59,active
9584,20,3,0,0,5976,5564305,5570280,59.76,rest
9585,20,3,22,1,536,5570281,5570816,5.36,active
9586,20,3,0,0,340,5570817,5571156,3.4,rest
9587,20,3,22,2,430,5571157,5571586,4.3,active
9588,20,3,0,0,354,5571587,5571940,3.54,rest
9589,20,3,22,3,360,5571941,5572300,3.6,active
9590,20,3,0,0,529,5572301,5572829,5.29,rest
9591,20,3,22,4,383,5572830,5573212,3.83,active
9592,20,3,0,0,481,5573213,5573693,4.81,rest
9593,20,3,22,5,339,5573694,5574032,3.39,active
9594,20,3,0,0,479,5574033,5574511,4.79,rest
9595,20,3,22,6,323,5574512,5574834,3.23,active
9596,20,3,0,0,512,5574835,5575346,5.12,rest
9597,20,3,22,7,343,5575347,5575689,3.43,active
9598,20,3,0,0,466,5575690,5576155,4.66,rest
9599,20,3,22,8,377,5576156,5576532,3.77,active
9600,20,3,0,0,486,5576533,5577018,4.86,rest
9601,20,3,22,9,373,5577019,5577391,3.73,active
9602,20,3,0,0,483,5577392,5577874,4.83,rest
9603,20,3,22,10,372,5577875,5578246,3.72,active
9604,20,3,0,0,5194,5578247,5583440,51.94,rest
9605,20,3,23,1,533,5583441,5583973,5.33,active
9606,20,3,0,0,305,5583974,5584278,3.05,rest
9607,20,3,23,2,436,5584279,5584714,4.36,active
9608,20,3,0,0,357,5584715,5585071,3.57,rest
9609,20,3,23,3,488,5585072,5585559,4.88,active
9610,20,3,0,0,339,5585560,5585898,3.39,rest
9611,20,3,23,4,385,5585899,5586283,3.85,active
9612,20,3,0,0,484,5586284,5586767,4.84,rest
9613,20,3,23,5,485,5586768,5587252,4.85,active
9614,20,3,0,0,346,5587253,5587598,3.46,rest
9615,20,3,23,6,531,5587599,5588129,5.31,active
9616,20,3,0,0,290,5588130,5588419,2.9,rest
9617,20,3,23,7,484,5588420,5588903,4.84,active
9618,20,3,0,0,361,5588904,5589264,3.61,rest
9619,20,3,23,8,481,5589265,5589745,4.81,active
9620,20,3,0,0,355,5589746,5590100,3.55,rest
9621,20,3,23,9,493,5590101,5590593,4.93,active
9622,20,3,0,0,347,5590594,5590940,3.47,rest
9623,20,3,23,10,383,5590941,5591323,3.83,active
9624,20,3,0,0,461,5591324,5591784,4.61,rest
9625,21,2,0,0,411,5693517,5693927,4.11,rest
9626,21,2,1,1,445,5693928,5694372,4.45,active
9627,21,2,0,0,360,5694373,5694732,3.6,rest
9628,21,2,1,2,451,5694733,5695183,4.51,active
9629,21,2,0,0,390,5695184,5695573,3.9,rest
9630,21,2,1,3,381,5695574,5695954,3.81,active
9631,21,2,0,0,462,5695955,5696416,4.62,rest
9632,21,2,1,4,422,5696417,5696838,4.22,active
9633,21,2,0,0,432,5696839,5697270,4.32,rest
9634,21,2,1,5,440,5697271,5697710,4.4,active
9635,21,2,0,0,383,5697711,5698093,3.83,rest
9636,21,2,1,6,355,5698094,5698448,3.55,active
9637,21,2,0,0,499,5698449,5698947,4.99,rest
9638,21,2,1,7,402,5698948,5699349,4.02,active
9639,21,2,0,0,440,5699350,5699789,4.4,rest
9640,21,2,1,8,431,5699790,5700220,4.31,active
9641,21,2,0,0,402,5700221,5700622,4.02,rest
9642,21,2,1,9,507,5700623,5701129,5.07,active
9643,21,2,0,0,351,5701130,5701480,3.51,rest
9644,21,2,1,10,361,5701481,5701841,3.61,active
9645,21,2,0,0,506,5701842,5702347,5.06,rest
9646,21,2,2,1,465,5702348,5702812,4.65,active
9647,21,2,0,0,366,5702813,5703178,3.66,rest
9648,21,2,2,2,470,5703179,5703648,4.7,active
9649,21,2,0,0,384,5703649,5704032,3.84,rest
9650,21,2,2,3,401,5704033,5704433,4.01,active
9651,21,2,0,0,465,5704434,5704898,4.65,rest
9652,21,2,2,4,399,5704899,5705297,3.99,active
9653,21,2,0,0,446,5705298,5705743,4.46,rest
9654,21,2,2,5,375,5705744,5706118,3.75,active
9655,21,2,0,0,445,5706119,5706563,4.45,rest
9656,21,2,2,6,396,5706564,5706959,3.96,active
9657,21,2,0,0,449,5706960,5707408,4.49,rest
9658,21,2,2,7,448,5707409,5707856,4.48,active
9659,21,2,0,0,396,5707857,5708252,3.96,rest
9660,21,2,2,8,377,5708253,5708629,3.77,active
9661,21,2,0,0,468,5708630,5709097,4.68,rest
9662,21,2,2,9,419,5709098,5709516,4.19,active
9663,21,2,0,0,431,5709517,5709947,4.31,rest
9664,21,2,2,10,401,5709948,5710348,4.01,active
9665,21,2,0,0,444,5710349,5710792,4.44,rest
9666,21,2,3,1,406,5710793,5711198,4.06,active
9667,21,2,0,0,477,5711199,5711675,4.77,rest
9668,21,2,3,2,334,5711676,5712009,3.34,active
9669,21,2,0,0,488,5712010,5712497,4.88,rest
9670,21,2,3,3,409,5712498,5712906,4.09,active
9671,21,2,0,0,444,5712907,5713350,4.44,rest
9672,21,2,3,4,352,5713351,5713702,3.52,active
9673,21,2,0,0,509,5713703,5714211,5.09,rest
9674,21,2,3,5,351,5714212,5714562,3.51,active
9675,21,2,0,0,471,5714563,5715033,4.71,rest
9676,21,2,3,6,330,5715034,5715363,3.3,active
9677,21,2,0,0,509,5715364,5715872,5.09,rest
9678,21,2,3,7,339,5715873,5716211,3.39,active
9679,21,2,0,0,500,5716212,5716711,5.0,rest
9680,21,2,3,8,337,5716712,5717048,3.37,active
9681,21,2,0,0,534,5717049,5717582,5.34,rest
9682,21,2,3,9,358,5717583,5717940,3.58,active
9683,21,2,0,0,459,5717941,5718399,4.59,rest
9684,21,2,3,10,351,5718400,5718750,3.51,active
9685,21,2,0,0,560,5718751,5719310,5.6,rest
9686,21,2,4,1,416,5719311,5719726,4.16,active
9687,21,2,0,0,400,5719727,5720126,4.0,rest
9688,21,2,4,2,458,5720127,5720584,4.58,active
9689,21,2,0,0,395,5720585,5720979,3.95,rest
9690,21,2,4,3,427,5720980,5721406,4.27,active
9691,21,2,0,0,423,5721407,5721829,4.23,rest
9692,21,2,4,4,331,5721830,5722160,3.31,active
9693,21,2,0,0,502,5722161,5722662,5.02,rest
9694,21,2,4,5,422,5722663,5723084,4.22,active
9695,21,2,0,0,434,5723085,5723518,4.34,rest
9696,21,2,4,6,406,5723519,5723924,4.06,active
9697,21,2,0,0,423,5723925,5724347,4.23,rest
9698,21,2,4,7,427,5724348,5724774,4.27,active
9699,21,2,0,0,436,5724775,5725210,4.36,rest
9700,21,2,4,8,467,5725211,5725677,4.67,active
9701,21,2,0,0,364,5725678,5726041,3.64,rest
9702,21,2,4,9,429,5726042,5726470,4.29,active
9703,21,2,0,0,416,5726471,5726886,4.16,rest
9704,21,2,4,10,460,5726887,5727346,4.6,active
9705,21,2,0,0,438,5727347,5727784,4.38,rest
9706,21,2,5,1,405,5727785,5728189,4.05,active
9707,21,2,0,0,421,5728190,5728610,4.21,rest
9708,21,2,5,2,396,5728611,5729006,3.96,active
9709,21,2,0,0,410,5729007,5729416,4.1,rest
9710,21,2,5,3,408,5729417,5729824,4.08,active
9711,21,2,0,0,489,5729825,5730313,4.89,rest
9712,21,2,5,4,239,5730314,5730552,2.39,active
9713,21,2,0,0,588,5730553,5731140,5.88,rest
9714,21,2,5,5,339,5731141,5731479,3.39,active
9715,21,2,0,0,504,5731480,5731983,5.04,rest
9716,21,2,5,6,384,5731984,5732367,3.84,active
9717,21,2,0,0,434,5732368,5732801,4.34,rest
9718,21,2,5,7,416,5732802,5733217,4.16,active
9719,21,2,0,0,455,5733218,5733672,4.55,rest
9720,21,2,5,8,363,5733673,5734035,3.63,active
9721,21,2,0,0,487,5734036,5734522,4.87,rest
9722,21,2,5,9,383,5734523,5734905,3.83,active
9723,21,2,0,0,463,5734906,5735368,4.63,rest
9724,21,2,5,10,379,5735369,5735747,3.79,active
9725,21,2,0,0,520,5735748,5736267,5.2,rest
9726,21,2,6,1,305,5736268,5736572,3.05,active
9727,21,2,0,0,500,5736573,5737072,5.0,rest
9728,21,2,6,2,329,5737073,5737401,3.29,active
9729,21,2,0,0,517,5737402,5737918,5.17,rest
9730,21,2,6,3,323,5737919,5738241,3.23,active
9731,21,2,0,0,511,5738242,5738752,5.11,rest
9732,21,2,6,4,351,5738753,5739103,3.51,active
9733,21,2,0,0,492,5739104,5739595,4.92,rest
9734,21,2,6,5,438,5739596,5740033,4.38,active
9735,21,2,0,0,424,5740034,5740457,4.24,rest
9736,21,2,6,6,304,5740458,5740761,3.04,active
9737,21,2,0,0,557,5740762,5741318,5.57,rest
9738,21,2,6,7,293,5741319,5741611,2.93,active
9739,21,2,0,0,525,5741612,5742136,5.25,rest
9740,21,2,6,8,324,5742137,5742460,3.24,active
9741,21,2,0,0,516,5742461,5742976,5.16,rest
9742,21,2,6,9,354,5742977,5743330,3.54,active
9743,21,2,0,0,485,5743331,5743815,4.85,rest
9744,21,2,6,10,358,5743816,5744173,3.58,active
9745,21,2,0,0,618,5744174,5744791,6.18,rest
9746,21,2,7,1,326,5744792,5745117,3.26,active
9747,21,2,0,0,401,5745118,5745518,4.01,rest
9748,21,2,7,2,432,5745519,5745950,4.32,active
9749,21,2,0,0,418,5745951,5746368,4.18,rest
9750,21,2,7,3,462,5746369,5746830,4.62,active
9751,21,2,0,0,382,5746831,5747212,3.82,rest
9752,21,2,7,4,408,5747213,5747620,4.08,active
9753,21,2,0,0,436,5747621,5748056,4.36,rest
9754,21,2,7,5,378,5748057,5748434,3.78,active
9755,21,2,0,0,467,5748435,5748901,4.67,rest
9756,21,2,7,6,467,5748902,5749368,4.67,active
9757,21,2,0,0,376,5749369,5749744,3.76,rest
9758,21,2,7,7,451,5749745,5750195,4.51,active
9759,21,2,0,0,431,5750196,5750626,4.31,rest
9760,21,2,7,8,372,5750627,5750998,3.72,active
9761,21,2,0,0,437,5750999,5751435,4.37,rest
9762,21,2,7,9,433,5751436,5751868,4.33,active
9763,21,2,0,0,416,5751869,5752284,4.16,rest
9764,21,2,7,10,418,5752285,5752702,4.18,active
9765,21,2,0,0,498,5752703,5753200,4.98,rest
9766,21,2,8,1,374,5753201,5753574,3.74,active
9767,21,2,0,0,427,5753575,5754001,4.27,rest
9768,21,2,8,2,382,5754002,5754383,3.82,active
9769,21,2,0,0,473,5754384,5754856,4.73,rest
9770,21,2,8,3,408,5754857,5755264,4.08,active
9771,21,2,0,0,392,5755265,5755656,3.92,rest
9772,21,2,8,4,459,5755657,5756115,4.59,active
9773,21,2,0,0,412,5756116,5756527,4.12,rest
9774,21,2,8,5,404,5756528,5756931,4.04,active
9775,21,2,0,0,462,5756932,5757393,4.62,rest
9776,21,2,8,6,431,5757394,5757824,4.31,active
9777,21,2,0,0,399,5757825,5758223,3.99,rest
9778,21,2,8,7,415,5758224,5758638,4.15,active
9779,21,2,0,0,470,5758639,5759108,4.7,rest
9780,21,2,8,8,377,5759109,5759485,3.77,active
9781,21,2,0,0,458,5759486,5759943,4.58,rest
9782,21,2,8,9,400,5759944,5760343,4.0,active
9783,21,2,0,0,405,5760344,5760748,4.05,rest
9784,21,2,8,10,420,5760749,5761168,4.2,active
9785,21,2,0,0,540,5761169,5761708,5.4,rest
9786,21,2,9,1,380,5761709,5762088,3.8,active
9787,21,2,0,0,428,5762089,5762516,4.28,rest
9788,21,2,9,2,398,5762517,5762914,3.98,active
9789,21,2,0,0,470,5762915,5763384,4.7,rest
9790,21,2,9,3,312,5763385,5763696,3.12,active
9791,21,2,0,0,566,5763697,5764262,5.66,rest
9792,21,2,9,4,235,5764263,5764497,2.35,active
9793,21,2,0,0,564,5764498,5765061,5.64,rest
9794,21,2,9,5,383,5765062,5765444,3.83,active
9795,21,2,0,0,463,5765445,5765907,4.63,rest
9796,21,2,9,6,375,5765908,5766282,3.75,active
9797,21,2,0,0,472,5766283,5766754,4.72,rest
9798,21,2,9,7,292,5766755,5767046,2.92,active
9799,21,2,0,0,545,5767047,5767591,5.45,rest
9800,21,2,9,8,399,5767592,5767990,3.99,active
9801,21,2,0,0,452,5767991,5768442,4.52,rest
9802,21,2,9,9,362,5768443,5768804,3.62,active
9803,21,2,0,0,483,5768805,5769287,4.83,rest
9804,21,2,9,10,379,5769288,5769666,3.79,active
9805,21,2,0,0,467,5769667,5770133,4.67,rest
9806,21,2,10,1,319,5770134,5770452,3.19,active
9807,21,2,0,0,510,5770453,5770962,5.1,rest
9808,21,2,10,2,299,5770963,5771261,2.99,active
9809,21,2,0,0,518,5771262,5771779,5.18,rest
9810,21,2,10,3,390,5771780,5772169,3.9,active
9811,21,2,0,0,447,5772170,5772616,4.47,rest
9812,21,2,10,4,376,5772617,5772992,3.76,active
9813,21,2,0,0,477,5772993,5773469,4.77,rest
9814,21,2,10,5,296,5773470,5773765,2.96,active
9815,21,2,0,0,511,5773766,5774276,5.11,rest
9816,21,2,10,6,451,5774277,5774727,4.51,active
9817,21,2,0,0,395,5774728,5775122,3.95,rest
9818,21,2,10,7,429,5775123,5775551,4.29,active
9819,21,2,0,0,432,5775552,5775983,4.32,rest
9820,21,2,10,8,417,5775984,5776400,4.17,active
9821,21,2,0,0,455,5776401,5776855,4.55,rest
9822,21,2,10,9,207,5776856,5777062,2.07,active
9823,21,2,0,0,602,5777063,5777664,6.02,rest
9824,21,2,10,10,408,5777665,5778072,4.08,active
9825,21,2,0,0,467,5778073,5778539,4.67,rest
9826,21,2,11,1,435,5778540,5778974,4.35,active
9827,21,2,0,0,397,5778975,5779371,3.97,rest
9828,21,2,11,2,434,5779372,5779805,4.34,active
9829,21,2,0,0,397,5779806,5780202,3.97,rest
9830,21,2,11,3,435,5780203,5780637,4.35,active
9831,21,2,0,0,407,5780638,5781044,4.07,rest
9832,21,2,11,4,411,5781045,5781455,4.11,active
9833,21,2,0,0,440,5781456,5781895,4.4,rest
9834,21,2,11,5,333,5781896,5782228,3.33,active
9835,21,2,0,0,504,5782229,5782732,5.04,rest
9836,21,2,11,6,340,5782733,5783072,3.4,active
9837,21,2,0,0,483,5783073,5783555,4.83,rest
9838,21,2,11,7,456,5783556,5784011,4.56,active
9839,21,2,0,0,402,5784012,5784413,4.02,rest
9840,21,2,11,8,313,5784414,5784726,3.13,active
9841,21,2,0,0,524,5784727,5785250,5.24,rest
9842,21,2,11,9,346,5785251,5785596,3.46,active
9843,21,2,0,0,485,5785597,5786081,4.85,rest
9844,21,2,11,10,344,5786082,5786425,3.44,active
9845,21,2,0,0,523,5786426,5786948,5.23,rest
9846,21,2,12,1,405,5786949,5787353,4.05,active
9847,21,2,0,0,416,5787354,5787769,4.16,rest
9848,21,2,12,2,437,5787770,5788206,4.37,active
9849,21,2,0,0,411,5788207,5788617,4.11,rest
9850,21,2,12,3,300,5788618,5788917,3.0,active
9851,21,2,0,0,563,5788918,5789480,5.63,rest
9852,21,2,12,4,275,5789481,5789755,2.75,active
9853,21,2,0,0,573,5789756,5790328,5.73,rest
9854,21,2,12,5,315,5790329,5790643,3.15,active
9855,21,2,0,0,528,5790644,5791171,5.28,rest
9856,21,2,12,6,273,5791172,5791444,2.73,active
9857,21,2,0,0,555,5791445,5791999,5.55,rest
9858,21,2,12,7,351,5792000,5792350,3.51,active
9859,21,2,0,0,492,5792351,5792842,4.92,rest
9860,21,2,12,8,330,5792843,5793172,3.3,active
9861,21,2,0,0,538,5793173,5793710,5.38,rest
9862,21,2,12,9,390,5793711,5794100,3.9,active
9863,21,2,0,0,422,5794101,5794522,4.22,rest
9864,21,2,12,10,312,5794523,5794834,3.12,active
9865,21,2,0,0,584,5794835,5795418,5.84,rest
9866,21,2,13,1,325,5795419,5795743,3.25,active
9867,21,2,0,0,490,5795744,5796233,4.9,rest
9868,21,2,13,2,349,5796234,5796582,3.49,active
9869,21,2,0,0,495,5796583,5797077,4.95,rest
9870,21,2,13,3,343,5797078,5797420,3.43,active
9871,21,2,0,0,503,5797421,5797923,5.03,rest
9872,21,2,13,4,323,5797924,5798246,3.23,active
9873,21,2,0,0,533,5798247,5798779,5.33,rest
9874,21,2,13,5,348,5798780,5799127,3.48,active
9875,21,2,0,0,502,5799128,5799629,5.02,rest
9876,21,2,13,6,290,5799630,5799919,2.9,active
9877,21,2,0,0,558,5799920,5800477,5.58,rest
9878,21,2,13,7,319,5800478,5800796,3.19,active
9879,21,2,0,0,500,5800797,5801296,5.0,rest
9880,21,2,13,8,468,5801297,5801764,4.68,active
9881,21,2,0,0,379,5801765,5802143,3.79,rest
9882,21,2,13,9,356,5802144,5802499,3.56,active
9883,21,2,0,0,503,5802500,5803002,5.03,rest
9884,21,2,13,10,436,5803003,5803438,4.36,active
9885,21,2,0,0,464,5803439,5803902,4.64,rest
9886,21,2,14,1,209,5803903,5804111,2.09,active
9887,21,2,0,0,580,5804112,5804691,5.8,rest
9888,21,2,14,2,353,5804692,5805044,3.53,active
9889,21,2,0,0,489,5805045,5805533,4.89,rest
9890,21,2,14,3,325,5805534,5805858,3.25,active
9891,21,2,0,0,522,5805859,5806380,5.22,rest
9892,21,2,14,4,330,5806381,5806710,3.3,active
9893,21,2,0,0,511,5806711,5807221,5.11,rest
9894,21,2,14,5,377,5807222,5807598,3.77,active
9895,21,2,0,0,478,5807599,5808076,4.78,rest
9896,21,2,14,6,340,5808077,5808416,3.4,active
9897,21,2,0,0,499,5808417,5808915,4.99,rest
9898,21,2,14,7,288,5808916,5809203,2.88,active
9899,21,2,0,0,561,5809204,5809764,5.61,rest
9900,21,2,14,8,361,5809765,5810125,3.61,active
9901,21,2,0,0,492,5810126,5810617,4.92,rest
9902,21,2,14,9,276,5810618,5810893,2.76,active
9903,21,2,0,0,558,5810894,5811451,5.58,rest
9904,21,2,14,10,288,5811452,5811739,2.88,active
9905,21,2,0,0,599,5811740,5812338,5.99,rest
9906,21,2,15,1,302,5812339,5812640,3.02,active
9907,21,2,0,0,558,5812641,5813198,5.58,rest
9908,21,2,15,2,277,5813199,5813475,2.77,active
9909,21,2,0,0,556,5813476,5814031,5.56,rest
9910,21,2,15,3,302,5814032,5814333,3.02,active
9911,21,2,0,0,521,5814334,5814854,5.21,rest
9912,21,2,15,4,357,5814855,5815211,3.57,active
9913,21,2,0,0,623,5815212,5815834,6.23,rest
9914,21,2,15,5,202,5815835,5816036,2.02,active
9915,21,2,0,0,531,5816037,5816567,5.31,rest
9916,21,2,15,6,323,5816568,5816890,3.23,active
9917,21,2,0,0,484,5816891,5817374,4.84,rest
9918,21,2,15,7,324,5817375,5817698,3.24,active
9919,21,2,0,0,538,5817699,5818236,5.38,rest
9920,21,2,15,8,298,5818237,5818534,2.98,active
9921,21,2,0,0,543,5818535,5819077,5.43,rest
9922,21,2,15,9,282,5819078,5819359,2.82,active
9923,21,2,0,0,566,5819360,5819925,5.66,rest
9924,21,2,15,10,326,5819926,5820251,3.26,active
9925,21,2,0,0,593,5820252,5820844,5.93,rest
9926,21,2,16,1,400,5820845,5821244,4.0,active
9927,21,2,0,0,382,5821245,5821626,3.82,rest
9928,21,2,16,2,499,5821627,5822125,4.99,active
9929,21,2,0,0,355,5822126,5822480,3.55,rest
9930,21,2,16,3,482,5822481,5822962,4.82,active
9931,21,2,0,0,336,5822963,5823298,3.36,rest
9932,21,2,16,4,476,5823299,5823774,4.76,active
9933,21,2,0,0,374,5823775,5824148,3.74,rest
9934,21,2,16,5,482,5824149,5824630,4.82,active
9935,21,2,0,0,381,5824631,5825011,3.81,rest
9936,21,2,16,6,411,5825012,5825422,4.11,active
9937,21,2,0,0,439,5825423,5825861,4.39,rest
9938,21,2,16,7,439,5825862,5826300,4.39,active
9939,21,2,0,0,393,5826301,5826693,3.93,rest
9940,21,2,16,8,453,5826694,5827146,4.53,active
9941,21,2,0,0,388,5827147,5827534,3.88,rest
9942,21,2,16,9,464,5827535,5827998,4.64,active
9943,21,2,0,0,374,5827999,5828372,3.74,rest
9944,21,2,16,10,446,5828373,5828818,4.46,active
9945,21,2,0,0,407,5828819,5829225,4.07,rest
9946,21,2,17,1,470,5829226,5829695,4.7,active
9947,21,2,0,0,372,5829696,5830067,3.72,rest
9948,21,2,17,2,385,5830068,5830452,3.85,active
9949,21,2,0,0,457,5830453,5830909,4.57,rest
9950,21,2,17,3,356,5830910,5831265,3.56,active
9951,21,2,0,0,499,5831266,5831764,4.99,rest
9952,21,2,17,4,364,5831765,5832128,3.64,active
9953,21,2,0,0,477,5832129,5832605,4.77,rest
9954,21,2,17,5,476,5832606,5833081,4.76,active
9955,21,2,0,0,363,5833082,5833444,3.63,rest
9956,21,2,17,6,477,5833445,5833921,4.77,active
9957,21,2,0,0,365,5833922,5834286,3.65,rest
9958,21,2,17,7,376,5834287,5834662,3.76,active
9959,21,2,0,0,508,5834663,5835170,5.08,rest
9960,21,2,17,8,332,5835171,5835502,3.32,active
9961,21,2,0,0,509,5835503,5836011,5.09,rest
9962,21,2,17,9,344,5836012,5836355,3.44,active
9963,21,2,0,0,487,5836356,5836842,4.87,rest
9964,21,2,17,10,356,5836843,5837198,3.56,active
9965,21,2,0,0,463,5837199,5837661,4.63,rest
9966,21,3,0,0,432,5837662,5838093,4.32,rest
9967,21,3,1,1,319,5838094,5838412,3.19,active
9968,21,3,0,0,475,5838413,5838887,4.75,rest
9969,21,3,1,2,360,5838888,5839247,3.6,active
9970,21,3,0,0,474,5839248,5839721,4.74,rest
9971,21,3,1,3,350,5839722,5840071,3.5,active
9972,21,3,0,0,491,5840072,5840562,4.91,rest
9973,21,3,1,4,371,5840563,5840933,3.71,active
9974,21,3,0,0,466,5840934,5841399,4.66,rest
9975,21,3,1,5,404,5841400,5841803,4.04,active
9976,21,3,0,0,433,5841804,5842236,4.33,rest
9977,21,3,1,6,334,5842237,5842570,3.34,active
9978,21,3,0,0,498,5842571,5843068,4.98,rest
9979,21,3,1,7,311,5843069,5843379,3.11,active
9980,21,3,0,0,507,5843380,5843886,5.07,rest
9981,21,3,1,8,387,5843887,5844273,3.87,active
9982,21,3,0,0,498,5844274,5844771,4.98,rest
9983,21,3,1,9,365,5844772,5845136,3.65,active
9984,21,3,0,0,474,5845137,5845610,4.74,rest
9985,21,3,1,10,336,5845611,5845946,3.36,active
9986,21,3,0,0,1697,5845947,5847643,16.97,rest
9987,21,3,2,1,326,5847644,5847969,3.26,active
9988,21,3,0,0,467,5847970,5848436,4.67,rest
9989,21,3,2,2,334,5848437,5848770,3.34,active
9990,21,3,0,0,509,5848771,5849279,5.09,rest
9991,21,3,2,3,344,5849280,5849623,3.44,active
9992,21,3,0,0,500,5849624,5850123,5.0,rest
9993,21,3,2,4,339,5850124,5850462,3.39,active
9994,21,3,0,0,529,5850463,5850991,5.29,rest
9995,21,3,2,5,326,5850992,5851317,3.26,active
9996,21,3,0,0,508,5851318,5851825,5.08,rest
9997,21,3,2,6,342,5851826,5852167,3.42,active
9998,21,3,0,0,515,5852168,5852682,5.15,rest
9999,21,3,2,7,315,5852683,5852997,3.15,active
10000,21,3,0,0,522,5852998,5853519,5.22,rest
10001,21,3,2,8,356,5853520,5853875,3.56,active
10002,21,3,0,0,490,5853876,5854365,4.9,rest
10003,21,3,2,9,312,5854366,5854677,3.12,active
10004,21,3,0,0,552,5854678,5855229,5.52,rest
10005,21,3,2,10,323,5855230,5855552,3.23,active
10006,21,3,0,0,855,5855553,5856407,8.55,rest
10007,21,3,3,1,316,5856408,5856723,3.16,active
10008,21,3,0,0,506,5856724,5857229,5.06,rest
10009,21,3,3,2,291,5857230,5857520,2.91,active
10010,21,3,0,0,547,5857521,5858067,5.47,rest
10011,21,3,3,3,288,5858068,5858355,2.88,active
10012,21,3,0,0,543,5858356,5858898,5.43,rest
10013,21,3,3,4,296,5858899,5859194,2.96,active
10014,21,3,0,0,537,5859195,5859731,5.37,rest
10015,21,3,3,5,326,5859732,5860057,3.26,active
10016,21,3,0,0,545,5860058,5860602,5.45,rest
10017,21,3,3,6,263,5860603,5860865,2.63,active
10018,21,3,0,0,553,5860866,5861418,5.53,rest
10019,21,3,3,7,312,5861419,5861730,3.12,active
10020,21,3,0,0,510,5861731,5862240,5.1,rest
10021,21,3,3,8,355,5862241,5862595,3.55,active
10022,21,3,0,0,447,5862596,5863042,4.47,rest
10023,21,3,3,9,381,5863043,5863423,3.81,active
10024,21,3,0,0,508,5863424,5863931,5.08,rest
10025,21,3,3,10,331,5863932,5864262,3.31,active
10026,21,3,0,0,2009,5864263,5866271,20.09,rest
10027,21,3,4,1,272,5866272,5866543,2.72,active
10028,21,3,0,0,518,5866544,5867061,5.18,rest
10029,21,3,4,2,388,5867062,5867449,3.88,active
10030,21,3,0,0,444,5867450,5867893,4.44,rest
10031,21,3,4,3,299,5867894,5868192,2.99,active
10032,21,3,0,0,557,5868193,5868749,5.57,rest
10033,21,3,4,4,279,5868750,5869028,2.79,active
10034,21,3,0,0,559,5869029,5869587,5.59,rest
10035,21,3,4,5,276,5869588,5869863,2.76,active
10036,21,3,0,0,577,5869864,5870440,5.77,rest
10037,21,3,4,6,277,5870441,5870717,2.77,active
10038,21,3,0,0,584,5870718,5871301,5.84,rest
10039,21,3,4,7,290,5871302,5871591,2.9,active
10040,21,3,0,0,535,5871592,5872126,5.35,rest
10041,21,3,4,8,284,5872127,5872410,2.84,active
10042,21,3,0,0,553,5872411,5872963,5.53,rest
10043,21,3,4,9,334,5872964,5873297,3.34,active
10044,21,3,0,0,526,5873298,5873823,5.26,rest
10045,21,3,4,10,304,5873824,5874127,3.04,active
10046,21,3,0,0,1510,5874128,5875637,15.1,rest
10047,21,3,5,1,398,5875638,5876035,3.98,active
10048,21,3,0,0,416,5876036,5876451,4.16,rest
10049,21,3,5,2,383,5876452,5876834,3.83,active
10050,21,3,0,0,446,5876835,5877280,4.46,rest
10051,21,3,5,3,357,5877281,5877637,3.57,active
10052,21,3,0,0,478,5877638,5878115,4.78,rest
10053,21,3,5,4,426,5878116,5878541,4.26,active
10054,21,3,0,0,438,5878542,5878979,4.38,rest
10055,21,3,5,5,399,5878980,5879378,3.99,active
10056,21,3,0,0,453,5879379,5879831,4.53,rest
10057,21,3,5,6,389,5879832,5880220,3.89,active
10058,21,3,0,0,463,5880221,5880683,4.63,rest
10059,21,3,5,7,355,5880684,5881038,3.55,active
10060,21,3,0,0,438,5881039,5881476,4.38,rest
10061,21,3,5,8,363,5881477,5881839,3.63,active
10062,21,3,0,0,504,5881840,5882343,5.04,rest
10063,21,3,5,9,404,5882344,5882747,4.04,active
10064,21,3,0,0,440,5882748,5883187,4.4,rest
10065,21,3,5,10,339,5883188,5883526,3.39,active
10066,21,3,0,0,1148,5883527,5884674,11.48,rest
10067,21,3,6,1,451,5884675,5885125,4.51,active
10068,21,3,0,0,339,5885126,5885464,3.39,rest
10069,21,3,6,2,429,5885465,5885893,4.29,active
10070,21,3,0,0,399,5885894,5886292,3.99,rest
10071,21,3,6,3,470,5886293,5886762,4.7,active
10072,21,3,0,0,370,5886763,5887132,3.7,rest
10073,21,3,6,4,433,5887133,5887565,4.33,active
10074,21,3,0,0,413,5887566,5887978,4.13,rest
10075,21,3,6,5,486,5887979,5888464,4.86,active
10076,21,3,0,0,341,5888465,5888805,3.41,rest
10077,21,3,6,6,430,5888806,5889235,4.3,active
10078,21,3,0,0,427,5889236,5889662,4.27,rest
10079,21,3,6,7,433,5889663,5890095,4.33,active
10080,21,3,0,0,401,5890096,5890496,4.01,rest
10081,21,3,6,8,428,5890497,5890924,4.28,active
10082,21,3,0,0,420,5890925,5891344,4.2,rest
10083,21,3,6,9,450,5891345,5891794,4.5,active
10084,21,3,0,0,457,5891795,5892251,4.57,rest
10085,21,3,6,10,412,5892252,5892663,4.12,active
10086,21,3,0,0,1631,5892664,5894294,16.31,rest
10087,21,3,7,1,339,5894295,5894633,3.39,active
10088,21,3,0,0,452,5894634,5895085,4.52,rest
10089,21,3,7,2,349,5895086,5895434,3.49,active
10090,21,3,0,0,481,5895435,5895915,4.81,rest
10091,21,3,7,3,315,5895916,5896230,3.15,active
10092,21,3,0,0,531,5896231,5896761,5.31,rest
10093,21,3,7,4,309,5896762,5897070,3.09,active
10094,21,3,0,0,539,5897071,5897609,5.39,rest
10095,21,3,7,5,305,5897610,5897914,3.05,active
10096,21,3,0,0,573,5897915,5898487,5.73,rest
10097,21,3,7,6,283,5898488,5898770,2.83,active
10098,21,3,0,0,559,5898771,5899329,5.59,rest
10099,21,3,7,7,287,5899330,5899616,2.87,active
10100,21,3,0,0,557,5899617,5900173,5.57,rest
10101,21,3,7,8,291,5900174,5900464,2.91,active
10102,21,3,0,0,542,5900465,5901006,5.42,rest
10103,21,3,7,9,307,5901007,5901313,3.07,active
10104,21,3,0,0,529,5901314,5901842,5.29,rest
10105,21,3,7,10,259,5901843,5902101,2.59,active
10106,21,3,0,0,1155,5902102,5903256,11.55,rest
10107,21,3,8,1,330,5903257,5903586,3.3,active
10108,21,3,0,0,472,5903587,5904058,4.72,rest
10109,21,3,8,2,299,5904059,5904357,2.99,active
10110,21,3,0,0,537,5904358,5904894,5.37,rest
10111,21,3,8,3,300,5904895,5905194,3.0,active
10112,21,3,0,0,565,5905195,5905759,5.65,rest
10113,21,3,8,4,340,5905760,5906099,3.4,active
10114,21,3,0,0,467,5906100,5906566,4.67,rest
10115,21,3,8,5,343,5906567,5906909,3.43,active
10116,21,3,0,0,541,5906910,5907450,5.41,rest
10117,21,3,8,6,288,5907451,5907738,2.88,active
10118,21,3,0,0,534,5907739,5908272,5.34,rest
10119,21,3,8,7,357,5908273,5908629,3.57,active
10120,21,3,0,0,487,5908630,5909116,4.87,rest
10121,21,3,8,8,354,5909117,5909470,3.54,active
10122,21,3,0,0,501,5909471,5909971,5.01,rest
10123,21,3,8,9,382,5909972,5910353,3.82,active
10124,21,3,0,0,465,5910354,5910818,4.65,rest
10125,21,3,8,10,311,5910819,5911129,3.11,active
10126,21,3,0,0,1435,5911130,5912564,14.35,rest
10127,21,3,9,1,294,5912565,5912858,2.94,active
10128,21,3,0,0,521,5912859,5913379,5.21,rest
10129,21,3,9,2,281,5913380,5913660,2.81,active
10130,21,3,0,0,542,5913661,5914202,5.42,rest
10131,21,3,9,3,352,5914203,5914554,3.52,active
10132,21,3,0,0,480,5914555,5915034,4.8,rest
10133,21,3,9,4,324,5915035,5915358,3.24,active
10134,21,3,0,0,550,5915359,5915908,5.5,rest
10135,21,3,9,5,361,5915909,5916269,3.61,active
10136,21,3,0,0,472,5916270,5916741,4.72,rest
10137,21,3,9,6,304,5916742,5917045,3.04,active
10138,21,3,0,0,562,5917046,5917607,5.62,rest
10139,21,3,9,7,274,5917608,5917881,2.74,active
10140,21,3,0,0,558,5917882,5918439,5.58,rest
10141,21,3,9,8,278,5918440,5918717,2.78,active
10142,21,3,0,0,536,5918718,5919253,5.36,rest
10143,21,3,9,9,363,5919254,5919616,3.63,active
10144,21,3,0,0,511,5919617,5920127,5.11,rest
10145,21,3,9,10,284,5920128,5920411,2.84,active
10146,21,3,0,0,1494,5920412,5921905,14.94,rest
10147,21,3,10,1,397,5921906,5922302,3.97,active
10148,21,3,0,0,403,5922303,5922705,4.03,rest
10149,21,3,10,2,401,5922706,5923106,4.01,active
10150,21,3,0,0,447,5923107,5923553,4.47,rest
10151,21,3,10,3,318,5923554,5923871,3.18,active
10152,21,3,0,0,514,5923872,5924385,5.14,rest
10153,21,3,10,4,406,5924386,5924791,4.06,active
10154,21,3,0,0,448,5924792,5925239,4.48,rest
10155,21,3,10,5,393,5925240,5925632,3.93,active
10156,21,3,0,0,460,5925633,5926092,4.6,rest
10157,21,3,10,6,395,5926093,5926487,3.95,active
10158,21,3,0,0,447,5926488,5926934,4.47,rest
10159,21,3,10,7,397,5926935,5927331,3.97,active
10160,21,3,0,0,452,5927332,5927783,4.52,rest
10161,21,3,10,8,340,5927784,5928123,3.4,active
10162,21,3,0,0,527,5928124,5928650,5.27,rest
10163,21,3,10,9,361,5928651,5929011,3.61,active
10164,21,3,0,0,482,5929012,5929493,4.82,rest
10165,21,3,10,10,364,5929494,5929857,3.64,active
10166,21,3,0,0,937,5929858,5930794,9.37,rest
10167,21,3,11,1,397,5930795,5931191,3.97,active
10168,21,3,0,0,380,5931192,5931571,3.8,rest
10169,21,3,11,2,387,5931572,5931958,3.87,active
10170,21,3,0,0,469,5931959,5932427,4.69,rest
10171,21,3,11,3,389,5932428,5932816,3.89,active
10172,21,3,0,0,456,5932817,5933272,4.56,rest
10173,21,3,11,4,382,5933273,5933654,3.82,active
10174,21,3,0,0,446,5933655,5934100,4.46,rest
10175,21,3,11,5,415,5934101,5934515,4.15,active
10176,21,3,0,0,434,5934516,5934949,4.34,rest
10177,21,3,11,6,404,5934950,5935353,4.04,active
10178,21,3,0,0,449,5935354,5935802,4.49,rest
10179,21,3,11,7,421,5935803,5936223,4.21,active
10180,21,3,0,0,441,5936224,5936664,4.41,rest
10181,21,3,11,8,391,5936665,5937055,3.91,active
10182,21,3,0,0,446,5937056,5937501,4.46,rest
10183,21,3,11,9,382,5937502,5937883,3.82,active
10184,21,3,0,0,496,5937884,5938379,4.96,rest
10185,21,3,11,10,344,5938380,5938723,3.44,active
10186,21,3,0,0,722,5938724,5939445,7.22,rest
10187,21,3,12,1,371,5939446,5939816,3.71,active
10188,21,3,0,0,413,5939817,5940229,4.13,rest
10189,21,3,12,2,379,5940230,5940608,3.79,active
10190,21,3,0,0,447,5940609,5941055,4.47,rest
10191,21,3,12,3,427,5941056,5941482,4.27,active
10192,21,3,0,0,409,5941483,5941891,4.09,rest
10193,21,3,12,4,439,5941892,5942330,4.39,active
10194,21,3,0,0,434,5942331,5942764,4.34,rest
10195,21,3,12,5,389,5942765,5943153,3.89,active
10196,21,3,0,0,462,5943154,5943615,4.62,rest
10197,21,3,12,6,404,5943616,5944019,4.04,active
10198,21,3,0,0,455,5944020,5944474,4.55,rest
10199,21,3,12,7,364,5944475,5944838,3.64,active
10200,21,3,0,0,448,5944839,5945286,4.48,rest
10201,21,3,12,8,393,5945287,5945679,3.93,active
10202,21,3,0,0,490,5945680,5946169,4.9,rest
10203,21,3,12,9,341,5946170,5946510,3.41,active
10204,21,3,0,0,507,5946511,5947017,5.07,rest
10205,21,3,12,10,347,5947018,5947364,3.47,active
10206,21,3,0,0,737,5947365,5948101,7.37,rest
10207,21,3,13,1,313,5948102,5948414,3.13,active
10208,21,3,0,0,461,5948415,5948875,4.61,rest
10209,21,3,13,2,389,5948876,5949264,3.89,active
10210,21,3,0,0,447,5949265,5949711,4.47,rest
10211,21,3,13,3,359,5949712,5950070,3.59,active
10212,21,3,0,0,432,5950071,5950502,4.32,rest
10213,21,3,13,4,413,5950503,5950915,4.13,active
10214,21,3,0,0,443,5950916,5951358,4.43,rest
10215,21,3,13,5,324,5951359,5951682,3.24,active
10216,21,3,0,0,511,5951683,5952193,5.11,rest
10217,21,3,13,6,375,5952194,5952568,3.75,active
10218,21,3,0,0,467,5952569,5953035,4.67,rest
10219,21,3,13,7,368,5953036,5953403,3.68,active
10220,21,3,0,0,495,5953404,5953898,4.95,rest
10221,21,3,13,8,367,5953899,5954265,3.67,active
10222,21,3,0,0,471,5954266,5954736,4.71,rest
10223,21,3,13,9,358,5954737,5955094,3.58,active
10224,21,3,0,0,504,5955095,5955598,5.04,rest
10225,21,3,13,10,380,5955599,5955978,3.8,active
10226,21,3,0,0,2511,5955979,5958489,25.11,rest
10227,21,3,14,1,387,5958490,5958876,3.87,active
10228,21,3,0,0,401,5958877,5959277,4.01,rest
10229,21,3,14,2,367,5959278,5959644,3.67,active
10230,21,3,0,0,468,5959645,5960112,4.68,rest
10231,21,3,14,3,418,5960113,5960530,4.18,active
10232,21,3,0,0,457,5960531,5960987,4.57,rest
10233,21,3,14,4,319,5960988,5961306,3.19,active
10234,21,3,0,0,500,5961307,5961806,5.0,rest
10235,21,3,14,5,372,5961807,5962178,3.72,active
10236,21,3,0,0,478,5962179,5962656,4.78,rest
10237,21,3,14,6,435,5962657,5963091,4.35,active
10238,21,3,0,0,392,5963092,5963483,3.92,rest
10239,21,3,14,7,393,5963484,5963876,3.93,active
10240,21,3,0,0,460,5963877,5964336,4.6,rest
10241,21,3,14,8,329,5964337,5964665,3.29,active
10242,21,3,0,0,514,5964666,5965179,5.14,rest
10243,21,3,14,9,305,5965180,5965484,3.05,active
10244,21,3,0,0,560,5965485,5966044,5.6,rest
10245,21,3,14,10,303,5966045,5966347,3.03,active
10246,21,3,0,0,1399,5966348,5967746,13.99,rest
10247,21,3,15,1,378,5967747,5968124,3.78,active
10248,21,3,0,0,402,5968125,5968526,4.02,rest
10249,21,3,15,2,546,5968527,5969072,5.46,active
10250,21,3,0,0,327,5969073,5969399,3.27,rest
10251,21,3,15,3,441,5969400,5969840,4.41,active
10252,21,3,0,0,500,5969841,5970340,5.0,rest
10253,21,3,15,4,442,5970341,5970782,4.42,active
10254,21,3,0,0,272,5970783,5971054,2.72,rest
10255,21,3,15,5,336,5971055,5971390,3.36,active
10256,21,3,0,0,500,5971391,5971890,5.0,rest
10257,21,3,15,6,397,5971891,5972287,3.97,active
10258,21,3,0,0,446,5972288,5972733,4.46,rest
10259,21,3,15,7,323,5972734,5973056,3.23,active
10260,21,3,0,0,520,5973057,5973576,5.2,rest
10261,21,3,15,8,539,5973577,5974115,5.39,active
10262,21,3,0,0,286,5974116,5974401,2.86,rest
10263,21,3,15,9,458,5974402,5974859,4.58,active
10264,21,3,0,0,443,5974860,5975302,4.43,rest
10265,21,3,15,10,521,5975303,5975823,5.21,active
10266,21,3,0,0,2264,5975824,5978087,22.64,rest
10267,21,3,16,1,350,5978088,5978437,3.5,active
10268,21,3,0,0,436,5978438,5978873,4.36,rest
10269,21,3,16,2,395,5978874,5979268,3.95,active
10270,21,3,0,0,449,5979269,5979717,4.49,rest
10271,21,3,16,3,404,5979718,5980121,4.04,active
10272,21,3,0,0,416,5980122,5980537,4.16,rest
10273,21,3,16,4,419,5980538,5980956,4.19,active
10274,21,3,0,0,430,5980957,5981386,4.3,rest
10275,21,3,16,5,390,5981387,5981776,3.9,active
10276,21,3,0,0,466,5981777,5982242,4.66,rest
10277,21,3,16,6,336,5982243,5982578,3.36,active
10278,21,3,0,0,492,5982579,5983070,4.92,rest
10279,21,3,16,7,387,5983071,5983457,3.87,active
10280,21,3,0,0,473,5983458,5983930,4.73,rest
10281,21,3,16,8,369,5983931,5984299,3.69,active
10282,21,3,0,0,472,5984300,5984771,4.72,rest
10283,21,3,16,9,347,5984772,5985118,3.47,active
10284,21,3,0,0,466,5985119,5985584,4.66,rest
10285,21,3,16,10,354,5985585,5985938,3.54,active
10286,21,3,0,0,1295,5985939,5987233,12.95,rest
10287,21,3,17,1,348,5987234,5987581,3.48,active
10288,21,3,0,0,456,5987582,5988037,4.56,rest
10289,21,3,17,2,382,5988038,5988419,3.82,active
10290,21,3,0,0,442,5988420,5988861,4.42,rest
10291,21,3,17,3,399,5988862,5989260,3.99,active
10292,21,3,0,0,445,5989261,5989705,4.45,rest
10293,21,3,17,4,360,5989706,5990065,3.6,active
10294,21,3,0,0,493,5990066,5990558,4.93,rest
10295,21,3,17,5,320,5990559,5990878,3.2,active
10296,21,3,0,0,547,5990879,5991425,5.47,rest
10297,21,3,17,6,310,5991426,5991735,3.1,active
10298,21,3,0,0,527,5991736,5992262,5.27,rest
10299,21,3,17,7,332,5992263,5992594,3.32,active
10300,21,3,0,0,503,5992595,5993097,5.03,rest
10301,21,3,17,8,387,5993098,5993484,3.87,active
10302,21,3,0,0,456,5993485,5993940,4.56,rest
10303,21,3,17,9,375,5993941,5994315,3.75,active
10304,21,3,0,0,481,5994316,5994796,4.81,rest
10305,21,3,17,10,347,5994797,5995143,3.47,active
10306,21,3,0,0,1503,5995144,5996646,15.03,rest
10307,21,3,18,1,388,5996647,5997034,3.88,active
10308,21,3,0,0,403,5997035,5997437,4.03,rest
10309,21,3,18,2,443,5997438,5997880,4.43,active
10310,21,3,0,0,394,5997881,5998274,3.94,rest
10311,21,3,18,3,421,5998275,5998695,4.21,active
10312,21,3,0,0,427,5998696,5999122,4.27,rest
10313,21,3,18,4,408,5999123,5999530,4.08,active
10314,21,3,0,0,434,5999531,5999964,4.34,rest
10315,21,3,18,5,415,5999965,6000379,4.15,active
10316,21,3,0,0,431,6000380,6000810,4.31,rest
10317,21,3,18,6,412,6000811,6001222,4.12,active
10318,21,3,0,0,447,6001223,6001669,4.47,rest
10319,21,3,18,7,401,6001670,6002070,4.01,active
10320,21,3,0,0,438,6002071,6002508,4.38,rest
10321,21,3,18,8,402,6002509,6002910,4.02,active
10322,21,3,0,0,431,6002911,6003341,4.31,rest
10323,21,3,18,9,427,6003342,6003768,4.27,active
10324,21,3,0,0,422,6003769,6004190,4.22,rest
10325,21,3,18,10,426,6004191,6004616,4.26,active
10326,21,3,0,0,1107,6004617,6005723,11.07,rest
10327,21,3,19,1,351,6005724,6006074,3.51,active
10328,21,3,0,0,426,6006075,6006500,4.26,rest
10329,21,3,19,2,390,6006501,6006890,3.9,active
10330,21,3,0,0,450,6006891,6007340,4.5,rest
10331,21,3,19,3,354,6007341,6007694,3.54,active
10332,21,3,0,0,473,6007695,6008167,4.73,rest
10333,21,3,19,4,392,6008168,6008559,3.92,active
10334,21,3,0,0,456,6008560,6009015,4.56,rest
10335,21,3,19,5,439,6009016,6009454,4.39,active
10336,21,3,0,0,424,6009455,6009878,4.24,rest
10337,21,3,19,6,386,6009879,6010264,3.86,active
10338,21,3,0,0,454,6010265,6010718,4.54,rest
10339,21,3,19,7,388,6010719,6011106,3.88,active
10340,21,3,0,0,444,6011107,6011550,4.44,rest
10341,21,3,19,8,420,6011551,6011970,4.2,active
10342,21,3,0,0,435,6011971,6012405,4.35,rest
10343,21,3,19,9,378,6012406,6012783,3.78,active
10344,21,3,0,0,448,6012784,6013231,4.48,rest
10345,21,3,19,10,435,6013232,6013666,4.35,active
10346,21,3,0,0,1573,6013667,6015239,15.73,rest
10347,21,3,20,1,416,6015240,6015655,4.16,active
10348,21,3,0,0,363,6015656,6016018,3.63,rest
10349,21,3,20,2,483,6016019,6016501,4.83,active
10350,21,3,0,0,368,6016502,6016869,3.68,rest
10351,21,3,20,3,414,6016870,6017283,4.14,active
10352,21,3,0,0,389,6017284,6017672,3.89,rest
10353,21,3,20,4,434,6017673,6018106,4.34,active
10354,21,3,0,0,446,6018107,6018552,4.46,rest
10355,21,3,20,5,416,6018553,6018968,4.16,active
10356,21,3,0,0,396,6018969,6019364,3.96,rest
10357,21,3,20,6,428,6019365,6019792,4.28,active
10358,21,3,0,0,419,6019793,6020211,4.19,rest
10359,21,3,20,7,466,6020212,6020677,4.66,active
10360,21,3,0,0,357,6020678,6021034,3.57,rest
10361,21,3,20,8,449,6021035,6021483,4.49,active
10362,21,3,0,0,417,6021484,6021900,4.17,rest
10363,21,3,20,9,476,6021901,6022376,4.76,active
10364,21,3,0,0,348,6022377,6022724,3.48,rest
10365,21,3,20,10,460,6022725,6023184,4.6,active
10366,21,3,0,0,7051,6023185,6030235,70.51,rest
10367,21,3,21,1,367,6030236,6030602,3.67,active
10368,21,3,0,0,381,6030603,6030983,3.81,rest
10369,21,3,21,2,387,6030984,6031370,3.87,active
10370,21,3,0,0,439,6031371,6031809,4.39,rest
10371,21,3,21,3,444,6031810,6032253,4.44,active
10372,21,3,0,0,314,6032254,6032567,3.14,rest
10373,21,3,21,4,466,6032568,6033033,4.66,active
10374,21,3,0,0,370,6033034,6033403,3.7,rest
10375,21,3,21,5,402,6033404,6033805,4.02,active
10376,21,3,0,0,449,6033806,6034254,4.49,rest
10377,21,3,21,6,412,6034255,6034666,4.12,active
10378,21,3,0,0,411,6034667,6035077,4.11,rest
10379,21,3,21,7,486,6035078,6035563,4.86,active
10380,21,3,0,0,373,6035564,6035936,3.73,rest
10381,21,3,21,8,451,6035937,6036387,4.51,active
10382,21,3,0,0,418,6036388,6036805,4.18,rest
10383,21,3,21,9,473,6036806,6037278,4.73,active
10384,21,3,0,0,350,6037279,6037628,3.5,rest
10385,21,3,21,10,447,6037629,6038075,4.47,active
10386,21,3,0,0,5096,6038076,6043171,50.96,rest
10387,21,3,22,1,390,6043172,6043561,3.9,active
10388,21,3,0,0,431,6043562,6043992,4.31,rest
10389,21,3,22,2,350,6043993,6044342,3.5,active
10390,21,3,0,0,486,6044343,6044828,4.86,rest
10391,21,3,22,3,361,6044829,6045189,3.61,active
10392,21,3,0,0,483,6045190,6045672,4.83,rest
10393,21,3,22,4,323,6045673,6045995,3.23,active
10394,21,3,0,0,514,6045996,6046509,5.14,rest
10395,21,3,22,5,294,6046510,6046803,2.94,active
10396,21,3,0,0,555,6046804,6047358,5.55,rest
10397,21,3,22,6,316,6047359,6047674,3.16,active
10398,21,3,0,0,541,6047675,6048215,5.41,rest
10399,21,3,22,7,326,6048216,6048541,3.26,active
10400,21,3,0,0,502,6048542,6049043,5.02,rest
10401,21,3,22,8,253,6049044,6049296,2.53,active
10402,21,3,0,0,624,6049297,6049920,6.24,rest
10403,21,3,22,9,311,6049921,6050231,3.11,active
10404,21,3,0,0,523,6050232,6050754,5.23,rest
10405,21,3,22,10,276,6050755,6051030,2.76,active
10406,21,3,0,0,6743,6051031,6057773,67.43,rest
10407,21,3,23,1,480,6057774,6058253,4.8,active
10408,21,3,0,0,351,6058254,6058604,3.51,rest
10409,21,3,23,2,426,6058605,6059030,4.26,active
10410,21,3,0,0,383,6059031,6059413,3.83,rest
10411,21,3,23,3,419,6059414,6059832,4.19,active
10412,21,3,0,0,440,6059833,6060272,4.4,rest
10413,21,3,23,4,413,6060273,6060685,4.13,active
10414,21,3,0,0,422,6060686,6061107,4.22,rest
10415,21,3,23,5,434,6061108,6061541,4.34,active
10416,21,3,0,0,406,6061542,6061947,4.06,rest
10417,21,3,23,6,437,6061948,6062384,4.37,active
10418,21,3,0,0,409,6062385,6062793,4.09,rest
10419,21,3,23,7,429,6062794,6063222,4.29,active
10420,21,3,0,0,402,6063223,6063624,4.02,rest
10421,21,3,23,8,453,6063625,6064077,4.53,active
10422,21,3,0,0,393,6064078,6064470,3.93,rest
10423,21,3,23,9,437,6064471,6064907,4.37,active
10424,21,3,0,0,418,6064908,6065325,4.18,rest
10425,21,3,23,10,404,6065326,6065729,4.04,active
10426,21,3,0,0,415,6065730,6066144,4.15,rest
10427,22,2,0,0,472,6168029,6168500,4.72,rest
10428,22,2,1,1,361,6168501,6168861,3.61,active
10429,22,2,0,0,413,6168862,6169274,4.13,rest
10430,22,2,1,2,436,6169275,6169710,4.36,active
10431,22,2,0,0,427,6169711,6170137,4.27,rest
10432,22,2,1,3,392,6170138,6170529,3.92,active
10433,22,2,0,0,455,6170530,6170984,4.55,rest
10434,22,2,1,4,394,6170985,6171378,3.94,active
10435,22,2,0,0,429,6171379,6171807,4.29,rest
10436,22,2,1,5,331,6171808,6172138,3.31,active
10437,22,2,0,0,509,6172139,6172647,5.09,rest
10438,22,2,1,6,457,6172648,6173104,4.57,active
10439,22,2,0,0,387,6173105,6173491,3.87,rest
10440,22,2,1,7,368,6173492,6173859,3.68,active
10441,22,2,0,0,475,6173860,6174334,4.75,rest
10442,22,2,1,8,435,6174335,6174769,4.35,active
10443,22,2,0,0,432,6174770,6175201,4.32,rest
10444,22,2,1,9,337,6175202,6175538,3.37,active
10445,22,2,0,0,522,6175539,6176060,5.22,rest
10446,22,2,1,10,302,6176061,6176362,3.02,active
10447,22,2,0,0,648,6176363,6177010,6.48,rest
10448,22,2,2,1,392,6177011,6177402,3.92,active
10449,22,2,0,0,340,6177403,6177742,3.4,rest
10450,22,2,2,2,354,6177743,6178096,3.54,active
10451,22,2,0,0,479,6178097,6178575,4.79,rest
10452,22,2,2,3,421,6178576,6178996,4.21,active
10453,22,2,0,0,414,6178997,6179410,4.14,rest
10454,22,2,2,4,373,6179411,6179783,3.73,active
10455,22,2,0,0,476,6179784,6180259,4.76,rest
10456,22,2,2,5,357,6180260,6180616,3.57,active
10457,22,2,0,0,483,6180617,6181099,4.83,rest
10458,22,2,2,6,372,6181100,6181471,3.72,active
10459,22,2,0,0,467,6181472,6181938,4.67,rest
10460,22,2,2,7,384,6181939,6182322,3.84,active
10461,22,2,0,0,469,6182323,6182791,4.69,rest
10462,22,2,2,8,357,6182792,6183148,3.57,active
10463,22,2,0,0,484,6183149,6183632,4.84,rest
10464,22,2,2,9,471,6183633,6184103,4.71,active
10465,22,2,0,0,378,6184104,6184481,3.78,rest
10466,22,2,2,10,397,6184482,6184878,3.97,active
10467,22,2,0,0,563,6184879,6185441,5.63,rest
10468,22,2,3,1,321,6185442,6185762,3.21,active
10469,22,2,0,0,433,6185763,6186195,4.33,rest
10470,22,2,3,2,379,6186196,6186574,3.79,active
10471,22,2,0,0,438,6186575,6187012,4.38,rest
10472,22,2,3,3,326,6187013,6187338,3.26,active
10473,22,2,0,0,538,6187339,6187876,5.38,rest
10474,22,2,3,4,336,6187877,6188212,3.36,active
10475,22,2,0,0,507,6188213,6188719,5.07,rest
10476,22,2,3,5,353,6188720,6189072,3.53,active
10477,22,2,0,0,499,6189073,6189571,4.99,rest
10478,22,2,3,6,343,6189572,6189914,3.43,active
10479,22,2,0,0,505,6189915,6190419,5.05,rest
10480,22,2,3,7,373,6190420,6190792,3.73,active
10481,22,2,0,0,477,6190793,6191269,4.77,rest
10482,22,2,3,8,268,6191270,6191537,2.68,active
10483,22,2,0,0,565,6191538,6192102,5.65,rest
10484,22,2,3,9,386,6192103,6192488,3.86,active
10485,22,2,0,0,462,6192489,6192950,4.62,rest
10486,22,2,3,10,348,6192951,6193298,3.48,active
10487,22,2,0,0,684,6193299,6193982,6.84,rest
10488,22,2,4,1,378,6193983,6194360,3.78,active
10489,22,2,0,0,338,6194361,6194698,3.38,rest
10490,22,2,4,2,346,6194699,6195044,3.46,active
10491,22,2,0,0,469,6195045,6195513,4.69,rest
10492,22,2,4,3,343,6195514,6195856,3.43,active
10493,22,2,0,0,525,6195857,6196381,5.25,rest
10494,22,2,4,4,365,6196382,6196746,3.65,active
10495,22,2,0,0,458,6196747,6197204,4.58,rest
10496,22,2,4,5,357,6197205,6197561,3.57,active
10497,22,2,0,0,495,6197562,6198056,4.95,rest
10498,22,2,4,6,404,6198057,6198460,4.04,active
10499,22,2,0,0,436,6198461,6198896,4.36,rest
10500,22,2,4,7,408,6198897,6199304,4.08,active
10501,22,2,0,0,475,6199305,6199779,4.75,rest
10502,22,2,4,8,377,6199780,6200156,3.77,active
10503,22,2,0,0,468,6200157,6200624,4.68,rest
10504,22,2,4,9,290,6200625,6200914,2.9,active
10505,22,2,0,0,523,6200915,6201437,5.23,rest
10506,22,2,4,10,408,6201438,6201845,4.08,active
10507,22,2,0,0,661,6201846,6202506,6.61,rest
10508,22,2,5,1,301,6202507,6202807,3.01,active
10509,22,2,0,0,349,6202808,6203156,3.49,rest
10510,22,2,5,2,351,6203157,6203507,3.51,active
10511,22,2,0,0,475,6203508,6203982,4.75,rest
10512,22,2,5,3,335,6203983,6204317,3.35,active
10513,22,2,0,0,574,6204318,6204891,5.74,rest
10514,22,2,5,4,283,6204892,6205174,2.83,active
10515,22,2,0,0,515,6205175,6205689,5.15,rest
10516,22,2,5,5,333,6205690,6206022,3.33,active
10517,22,2,0,0,538,6206023,6206560,5.38,rest
10518,22,2,5,6,316,6206561,6206876,3.16,active
10519,22,2,0,0,505,6206877,6207381,5.05,rest
10520,22,2,5,7,299,6207382,6207680,2.99,active
10521,22,2,0,0,562,6207681,6208242,5.62,rest
10522,22,2,5,8,331,6208243,6208573,3.31,active
10523,22,2,0,0,495,6208574,6209068,4.95,rest
10524,22,2,5,9,347,6209069,6209415,3.47,active
10525,22,2,0,0,507,6209416,6209922,5.07,rest
10526,22,2,5,10,329,6209923,6210251,3.29,active
10527,22,2,0,0,605,6210252,6210856,6.05,rest
10528,22,2,6,1,239,6210857,6211095,2.39,active
10529,22,2,0,0,536,6211096,6211631,5.36,rest
10530,22,2,6,2,291,6211632,6211922,2.91,active
10531,22,2,0,0,538,6211923,6212460,5.38,rest
10532,22,2,6,3,288,6212461,6212748,2.88,active
10533,22,2,0,0,614,6212749,6213362,6.14,rest
10534,22,2,6,4,292,6213363,6213654,2.92,active
10535,22,2,0,0,548,6213655,6214202,5.48,rest
10536,22,2,6,5,321,6214203,6214523,3.21,active
10537,22,2,0,0,524,6214524,6215047,5.24,rest
10538,22,2,6,6,315,6215048,6215362,3.15,active
10539,22,2,0,0,543,6215363,6215905,5.43,rest
10540,22,2,6,7,280,6215906,6216185,2.8,active
10541,22,2,0,0,569,6216186,6216754,5.69,rest
10542,22,2,6,8,331,6216755,6217085,3.31,active
10543,22,2,0,0,510,6217086,6217595,5.1,rest
10544,22,2,6,9,266,6217596,6217861,2.66,active
10545,22,2,0,0,559,6217862,6218420,5.59,rest
10546,22,2,6,10,284,6218421,6218704,2.84,active
10547,22,2,0,0,727,6218705,6219431,7.27,rest
10548,22,2,7,1,390,6219432,6219821,3.9,active
10549,22,2,0,0,308,6219822,6220129,3.08,rest
10550,22,2,7,2,382,6220130,6220511,3.82,active
10551,22,2,0,0,485,6220512,6220996,4.85,rest
10552,22,2,7,3,401,6220997,6221397,4.01,active
10553,22,2,0,0,392,6221398,6221789,3.92,rest
10554,22,2,7,4,411,6221790,6222200,4.11,active
10555,22,2,0,0,595,6222201,6222795,5.95,rest
10556,22,2,7,5,254,6222796,6223049,2.54,active
10557,22,2,0,0,490,6223050,6223539,4.9,rest
10558,22,2,7,6,392,6223540,6223931,3.92,active
10559,22,2,0,0,421,6223932,6224352,4.21,rest
10560,22,2,7,7,400,6224353,6224752,4.0,active
10561,22,2,0,0,568,6224753,6225320,5.68,rest
10562,22,2,7,8,190,6225321,6225510,1.9,active
10563,22,2,0,0,517,6225511,6226027,5.17,rest
10564,22,2,7,9,432,6226028,6226459,4.32,active
10565,22,2,0,0,412,6226460,6226871,4.12,rest
10566,22,2,7,10,436,6226872,6227307,4.36,active
10567,22,2,0,0,548,6227308,6227855,5.48,rest
10568,22,2,8,1,414,6227856,6228269,4.14,active
10569,22,2,0,0,328,6228270,6228597,3.28,rest
10570,22,2,8,2,410,6228598,6229007,4.1,active
10571,22,2,0,0,442,6229008,6229449,4.42,rest
10572,22,2,8,3,340,6229450,6229789,3.4,active
10573,22,2,0,0,541,6229790,6230330,5.41,rest
10574,22,2,8,4,311,6230331,6230641,3.11,active
10575,22,2,0,0,511,6230642,6231152,5.11,rest
10576,22,2,8,5,267,6231153,6231419,2.67,active
10577,22,2,0,0,572,6231420,6231991,5.72,rest
10578,22,2,8,6,263,6231992,6232254,2.63,active
10579,22,2,0,0,552,6232255,6232806,5.52,rest
10580,22,2,8,7,371,6232807,6233177,3.71,active
10581,22,2,0,0,450,6233178,6233627,4.5,rest
10582,22,2,8,8,398,6233628,6234025,3.98,active
10583,22,2,0,0,447,6234026,6234472,4.47,rest
10584,22,2,8,9,420,6234473,6234892,4.2,active
10585,22,2,0,0,402,6234893,6235294,4.02,rest
10586,22,2,8,10,455,6235295,6235749,4.55,active
10587,22,2,0,0,529,6235750,6236278,5.29,rest
10588,22,2,9,1,382,6236279,6236660,3.82,active
10589,22,2,0,0,362,6236661,6237022,3.62,rest
10590,22,2,9,2,443,6237023,6237465,4.43,active
10591,22,2,0,0,380,6237466,6237845,3.8,rest
10592,22,2,9,3,479,6237846,6238324,4.79,active
10593,22,2,0,0,377,6238325,6238701,3.77,rest
10594,22,2,9,4,273,6238702,6238974,2.73,active
10595,22,2,0,0,554,6238975,6239528,5.54,rest
10596,22,2,9,5,259,6239529,6239787,2.59,active
10597,22,2,0,0,585,6239788,6240372,5.85,rest
10598,22,2,9,6,379,6240373,6240751,3.79,active
10599,22,2,0,0,466,6240752,6241217,4.66,rest
10600,22,2,9,7,454,6241218,6241671,4.54,active
10601,22,2,0,0,376,6241672,6242047,3.76,rest
10602,22,2,9,8,435,6242048,6242482,4.35,active
10603,22,2,0,0,423,6242483,6242905,4.23,rest
10604,22,2,9,9,439,6242906,6243344,4.39,active
10605,22,2,0,0,405,6243345,6243749,4.05,rest
10606,22,2,9,10,414,6243750,6244163,4.14,active
10607,22,2,0,0,530,6244164,6244693,5.3,rest
10608,22,2,10,1,262,6244694,6244955,2.62,active
10609,22,2,0,0,525,6244956,6245480,5.25,rest
10610,22,2,10,2,295,6245481,6245775,2.95,active
10611,22,2,0,0,498,6245776,6246273,4.98,rest
10612,22,2,10,3,358,6246274,6246631,3.58,active
10613,22,2,0,0,502,6246632,6247133,5.02,rest
10614,22,2,10,4,314,6247134,6247447,3.14,active
10615,22,2,0,0,519,6247448,6247966,5.19,rest
10616,22,2,10,5,408,6247967,6248374,4.08,active
10617,22,2,0,0,423,6248375,6248797,4.23,rest
10618,22,2,10,6,340,6248798,6249137,3.4,active
10619,22,2,0,0,503,6249138,6249640,5.03,rest
10620,22,2,10,7,295,6249641,6249935,2.95,active
10621,22,2,0,0,537,6249936,6250472,5.37,rest
10622,22,2,10,8,361,6250473,6250833,3.61,active
10623,22,2,0,0,504,6250834,6251337,5.04,rest
10624,22,2,10,9,358,6251338,6251695,3.58,active
10625,22,2,0,0,464,6251696,6252159,4.64,rest
10626,22,2,10,10,335,6252160,6252494,3.35,active
10627,22,2,0,0,556,6252495,6253050,5.56,rest
10628,22,2,11,1,371,6253051,6253421,3.71,active
10629,22,2,0,0,435,6253422,6253856,4.35,rest
10630,22,2,11,2,393,6253857,6254249,3.93,active
10631,22,2,0,0,443,6254250,6254692,4.43,rest
10632,22,2,11,3,406,6254693,6255098,4.06,active
10633,22,2,0,0,437,6255099,6255535,4.37,rest
10634,22,2,11,4,407,6255536,6255942,4.07,active
10635,22,2,0,0,441,6255943,6256383,4.41,rest
10636,22,2,11,5,431,6256384,6256814,4.31,active
10637,22,2,0,0,385,6256815,6257199,3.85,rest
10638,22,2,11,6,442,6257200,6257641,4.42,active
10639,22,2,0,0,413,6257642,6258054,4.13,rest
10640,22,2,11,7,432,6258055,6258486,4.32,active
10641,22,2,0,0,400,6258487,6258886,4.0,rest
10642,22,2,11,8,434,6258887,6259320,4.34,active
10643,22,2,0,0,394,6259321,6259714,3.94,rest
10644,22,2,11,9,444,6259715,6260158,4.44,active
10645,22,2,0,0,418,6260159,6260576,4.18,rest
10646,22,2,11,10,407,6260577,6260983,4.07,active
10647,22,2,0,0,462,6260984,6261445,4.62,rest
10648,22,2,12,1,392,6261446,6261837,3.92,active
10649,22,2,0,0,433,6261838,6262270,4.33,rest
10650,22,2,12,2,375,6262271,6262645,3.75,active
10651,22,2,0,0,476,6262646,6263121,4.76,rest
10652,22,2,12,3,386,6263122,6263507,3.86,active
10653,22,2,0,0,462,6263508,6263969,4.62,rest
10654,22,2,12,4,420,6263970,6264389,4.2,active
10655,22,2,0,0,414,6264390,6264803,4.14,rest
10656,22,2,12,5,366,6264804,6265169,3.66,active
10657,22,2,0,0,466,6265170,6265635,4.66,rest
10658,22,2,12,6,387,6265636,6266022,3.87,active
10659,22,2,0,0,435,6266023,6266457,4.35,rest
10660,22,2,12,7,412,6266458,6266869,4.12,active
10661,22,2,0,0,440,6266870,6267309,4.4,rest
10662,22,2,12,8,416,6267310,6267725,4.16,active
10663,22,2,0,0,445,6267726,6268170,4.45,rest
10664,22,2,12,9,428,6268171,6268598,4.28,active
10665,22,2,0,0,420,6268599,6269018,4.2,rest
10666,22,2,12,10,369,6269019,6269387,3.69,active
10667,22,2,0,0,528,6269388,6269915,5.28,rest
10668,22,2,13,1,445,6269916,6270360,4.45,active
10669,22,2,0,0,356,6270361,6270716,3.56,rest
10670,22,2,13,2,459,6270717,6271175,4.59,active
10671,22,2,0,0,361,6271176,6271536,3.61,rest
10672,22,2,13,3,474,6271537,6272010,4.74,active
10673,22,2,0,0,385,6272011,6272395,3.85,rest
10674,22,2,13,4,452,6272396,6272847,4.52,active
10675,22,2,0,0,393,6272848,6273240,3.93,rest
10676,22,2,13,5,449,6273241,6273689,4.49,active
10677,22,2,0,0,370,6273690,6274059,3.7,rest
10678,22,2,13,6,447,6274060,6274506,4.47,active
10679,22,2,0,0,408,6274507,6274914,4.08,rest
10680,22,2,13,7,439,6274915,6275353,4.39,active
10681,22,2,0,0,391,6275354,6275744,3.91,rest
10682,22,2,13,8,468,6275745,6276212,4.68,active
10683,22,2,0,0,399,6276213,6276611,3.99,rest
10684,22,2,13,9,419,6276612,6277030,4.19,active
10685,22,2,0,0,433,6277031,6277463,4.33,rest
10686,22,2,13,10,420,6277464,6277883,4.2,active
10687,22,2,0,0,432,6277884,6278315,4.32,rest
10688,22,2,14,1,400,6278316,6278715,4.0,active
10689,22,2,0,0,428,6278716,6279143,4.28,rest
10690,22,2,14,2,410,6279144,6279553,4.1,active
10691,22,2,0,0,431,6279554,6279984,4.31,rest
10692,22,2,14,3,381,6279985,6280365,3.81,active
10693,22,2,0,0,463,6280366,6280828,4.63,rest
10694,22,2,14,4,332,6280829,6281160,3.32,active
10695,22,2,0,0,516,6281161,6281676,5.16,rest
10696,22,2,14,5,399,6281677,6282075,3.99,active
10697,22,2,0,0,435,6282076,6282510,4.35,rest
10698,22,2,14,6,421,6282511,6282931,4.21,active
10699,22,2,0,0,415,6282932,6283346,4.15,rest
10700,22,2,14,7,377,6283347,6283723,3.77,active
10701,22,2,0,0,472,6283724,6284195,4.72,rest
10702,22,2,14,8,435,6284196,6284630,4.35,active
10703,22,2,0,0,407,6284631,6285037,4.07,rest
10704,22,2,14,9,428,6285038,6285465,4.28,active
10705,22,2,0,0,404,6285466,6285869,4.04,rest
10706,22,2,14,10,418,6285870,6286287,4.18,active
10707,22,2,0,0,535,6286288,6286822,5.35,rest
10708,22,2,15,1,400,6286823,6287222,4.0,active
10709,22,2,0,0,359,6287223,6287581,3.59,rest
10710,22,2,15,2,404,6287582,6287985,4.04,active
10711,22,2,0,0,446,6287986,6288431,4.46,rest
10712,22,2,15,3,305,6288432,6288736,3.05,active
10713,22,2,0,0,530,6288737,6289266,5.3,rest
10714,22,2,15,4,349,6289267,6289615,3.49,active
10715,22,2,0,0,491,6289616,6290106,4.91,rest
10716,22,2,15,5,355,6290107,6290461,3.55,active
10717,22,2,0,0,479,6290462,6290940,4.79,rest
10718,22,2,15,6,393,6290941,6291333,3.93,active
10719,22,2,0,0,452,6291334,6291785,4.52,rest
10720,22,2,15,7,416,6291786,6292201,4.16,active
10721,22,2,0,0,430,6292202,6292631,4.3,rest
10722,22,2,15,8,399,6292632,6293030,3.99,active
10723,22,2,0,0,440,6293031,6293470,4.4,rest
10724,22,2,15,9,410,6293471,6293880,4.1,active
10725,22,2,0,0,444,6293881,6294324,4.44,rest
10726,22,2,15,10,287,6294325,6294611,2.87,active
10727,22,2,0,0,659,6294612,6295270,6.59,rest
10728,22,2,16,1,472,6295271,6295742,4.72,active
10729,22,2,0,0,296,6295743,6296038,2.96,rest
10730,22,2,16,2,456,6296039,6296494,4.56,active
10731,22,2,0,0,385,6296495,6296879,3.85,rest
10732,22,2,16,3,427,6296880,6297306,4.27,active
10733,22,2,0,0,431,6297307,6297737,4.31,rest
10734,22,2,16,4,411,6297738,6298148,4.11,active
10735,22,2,0,0,431,6298149,6298579,4.31,rest
10736,22,2,16,5,399,6298580,6298978,3.99,active
10737,22,2,0,0,414,6298979,6299392,4.14,rest
10738,22,2,16,6,385,6299393,6299777,3.85,active
10739,22,2,0,0,469,6299778,6300246,4.69,rest
10740,22,2,16,7,396,6300247,6300642,3.96,active
10741,22,2,0,0,426,6300643,6301068,4.26,rest
10742,22,2,16,8,380,6301069,6301448,3.8,active
10743,22,2,0,0,486,6301449,6301934,4.86,rest
10744,22,2,16,9,417,6301935,6302351,4.17,active
10745,22,2,0,0,396,6302352,6302747,3.96,rest
10746,22,2,16,10,458,6302748,6303205,4.58,active
10747,22,2,0,0,447,6303206,6303652,4.47,rest
10748,22,2,17,1,299,6303653,6303951,2.99,active
10749,22,2,0,0,485,6303952,6304436,4.85,rest
10750,22,2,17,2,455,6304437,6304891,4.55,active
10751,22,2,0,0,371,6304892,6305262,3.71,rest
10752,22,2,17,3,496,6305263,6305758,4.96,active
10753,22,2,0,0,369,6305759,6306127,3.69,rest
10754,22,2,17,4,423,6306128,6306550,4.23,active
10755,22,2,0,0,411,6306551,6306961,4.11,rest
10756,22,2,17,5,476,6306962,6307437,4.76,active
10757,22,2,0,0,384,6307438,6307821,3.84,rest
10758,22,2,17,6,456,6307822,6308277,4.56,active
10759,22,2,0,0,385,6308278,6308662,3.85,rest
10760,22,2,17,7,466,6308663,6309128,4.66,active
10761,22,2,0,0,384,6309129,6309512,3.84,rest
10762,22,2,17,8,367,6309513,6309879,3.67,active
10763,22,2,0,0,462,6309880,6310341,4.62,rest
10764,22,2,17,9,446,6310342,6310787,4.46,active
10765,22,2,0,0,425,6310788,6311212,4.25,rest
10766,22,2,17,10,343,6311213,6311555,3.43,active
10767,22,2,0,0,435,6311556,6311990,4.35,rest
10768,22,3,0,0,509,6311991,6312499,5.09,rest
10769,22,3,1,1,427,6312500,6312926,4.27,active
10770,22,3,0,0,318,6312927,6313244,3.18,rest
10771,22,3,1,2,366,6313245,6313610,3.66,active
10772,22,3,0,0,449,6313611,6314059,4.49,rest
10773,22,3,1,3,384,6314060,6314443,3.84,active
10774,22,3,0,0,472,6314444,6314915,4.72,rest
10775,22,3,1,4,313,6314916,6315228,3.13,active
10776,22,3,0,0,535,6315229,6315763,5.35,rest
10777,22,3,1,5,313,6315764,6316076,3.13,active
10778,22,3,0,0,509,6316077,6316585,5.09,rest
10779,22,3,1,6,308,6316586,6316893,3.08,active
10780,22,3,0,0,532,6316894,6317425,5.32,rest
10781,22,3,1,7,269,6317426,6317694,2.69,active
10782,22,3,0,0,573,6317695,6318267,5.73,rest
10783,22,3,1,8,277,6318268,6318544,2.77,active
10784,22,3,0,0,564,6318545,6319108,5.64,rest
10785,22,3,1,9,258,6319109,6319366,2.58,active
10786,22,3,0,0,565,6319367,6319931,5.65,rest
10787,22,3,1,10,288,6319932,6320219,2.88,active
10788,22,3,0,0,2554,6320220,6322773,25.54,rest
10789,22,3,2,1,353,6322774,6323126,3.53,active
10790,22,3,0,0,443,6323127,6323569,4.43,rest
10791,22,3,2,2,386,6323570,6323955,3.86,active
10792,22,3,0,0,419,6323956,6324374,4.19,rest
10793,22,3,2,3,389,6324375,6324763,3.89,active
10794,22,3,0,0,481,6324764,6325244,4.81,rest
10795,22,3,2,4,359,6325245,6325603,3.59,active
10796,22,3,0,0,475,6325604,6326078,4.75,rest
10797,22,3,2,5,354,6326079,6326432,3.54,active
10798,22,3,0,0,508,6326433,6326940,5.08,rest
10799,22,3,2,6,263,6326941,6327203,2.63,active
10800,22,3,0,0,587,6327204,6327790,5.87,rest
10801,22,3,2,7,441,6327791,6328231,4.41,active
10802,22,3,0,0,426,6328232,6328657,4.26,rest
10803,22,3,2,8,408,6328658,6329065,4.08,active
10804,22,3,0,0,411,6329066,6329476,4.11,rest
10805,22,3,2,9,386,6329477,6329862,3.86,active
10806,22,3,0,0,459,6329863,6330321,4.59,rest
10807,22,3,2,10,323,6330322,6330644,3.23,active
10808,22,3,0,0,1362,6330645,6332006,13.62,rest
10809,22,3,3,1,275,6332007,6332281,2.75,active
10810,22,3,0,0,461,6332282,6332742,4.61,rest
10811,22,3,3,2,365,6332743,6333107,3.65,active
10812,22,3,0,0,465,6333108,6333572,4.65,rest
10813,22,3,3,3,344,6333573,6333916,3.44,active
10814,22,3,0,0,505,6333917,6334421,5.05,rest
10815,22,3,3,4,334,6334422,6334755,3.34,active
10816,22,3,0,0,508,6334756,6335263,5.08,rest
10817,22,3,3,5,384,6335264,6335647,3.84,active
10818,22,3,0,0,455,6335648,6336102,4.55,rest
10819,22,3,3,6,384,6336103,6336486,3.84,active
10820,22,3,0,0,465,6336487,6336951,4.65,rest
10821,22,3,3,7,379,6336952,6337330,3.79,active
10822,22,3,0,0,470,6337331,6337800,4.7,rest
10823,22,3,3,8,260,6337801,6338060,2.6,active
10824,22,3,0,0,552,6338061,6338612,5.52,rest
10825,22,3,3,9,400,6338613,6339012,4.0,active
10826,22,3,0,0,457,6339013,6339469,4.57,rest
10827,22,3,3,10,394,6339470,6339863,3.94,active
10828,22,3,0,0,1577,6339864,6341440,15.77,rest
10829,22,3,4,1,482,6341441,6341922,4.82,active
10830,22,3,0,0,432,6341923,6342354,4.32,rest
10831,22,3,4,2,293,6342355,6342647,2.93,active
10832,22,3,0,0,518,6342648,6343165,5.18,rest
10833,22,3,4,3,385,6343166,6343550,3.85,active
10834,22,3,0,0,467,6343551,6344017,4.67,rest
10835,22,3,4,4,344,6344018,6344361,3.44,active
10836,22,3,0,0,505,6344362,6344866,5.05,rest
10837,22,3,4,5,382,6344867,6345248,3.82,active
10838,22,3,0,0,451,6345249,6345699,4.51,rest
10839,22,3,4,6,350,6345700,6346049,3.5,active
10840,22,3,0,0,493,6346050,6346542,4.93,rest
10841,22,3,4,7,349,6346543,6346891,3.49,active
10842,22,3,0,0,513,6346892,6347404,5.13,rest
10843,22,3,4,8,338,6347405,6347742,3.38,active
10844,22,3,0,0,500,6347743,6348242,5.0,rest
10845,22,3,4,9,318,6348243,6348560,3.18,active
10846,22,3,0,0,522,6348561,6349082,5.22,rest
10847,22,3,4,10,435,6349083,6349517,4.35,active
10848,22,3,0,0,3737,6349518,6353254,37.37,rest
10849,22,3,5,1,242,6353255,6353496,2.42,active
10850,22,3,0,0,475,6353497,6353971,4.75,rest
10851,22,3,5,2,393,6353972,6354364,3.93,active
10852,22,3,0,0,431,6354365,6354795,4.31,rest
10853,22,3,5,3,331,6354796,6355126,3.31,active
10854,22,3,0,0,503,6355127,6355629,5.03,rest
10855,22,3,5,4,318,6355630,6355947,3.18,active
10856,22,3,0,0,532,6355948,6356479,5.32,rest
10857,22,3,5,5,269,6356480,6356748,2.69,active
10858,22,3,0,0,539,6356749,6357287,5.39,rest
10859,22,3,5,6,460,6357288,6357747,4.6,active
10860,22,3,0,0,421,6357748,6358168,4.21,rest
10861,22,3,5,7,438,6358169,6358606,4.38,active
10862,22,3,0,0,393,6358607,6358999,3.93,rest
10863,22,3,5,8,300,6359000,6359299,3.0,active
10864,22,3,0,0,534,6359300,6359833,5.34,rest
10865,22,3,5,9,356,6359834,6360189,3.56,active
10866,22,3,0,0,464,6360190,6360653,4.64,rest
10867,22,3,5,10,417,6360654,6361070,4.17,active
10868,22,3,0,0,1286,6361071,6362356,12.86,rest
10869,22,3,6,1,385,6362357,6362741,3.85,active
10870,22,3,0,0,411,6362742,6363152,4.11,rest
10871,22,3,6,2,371,6363153,6363523,3.71,active
10872,22,3,0,0,353,6363524,6363876,3.53,rest
10873,22,3,6,3,332,6363877,6364208,3.32,active
10874,22,3,0,0,531,6364209,6364739,5.31,rest
10875,22,3,6,4,337,6364740,6365076,3.37,active
10876,22,3,0,0,479,6365077,6365555,4.79,rest
10877,22,3,6,5,344,6365556,6365899,3.44,active
10878,22,3,0,0,482,6365900,6366381,4.82,rest
10879,22,3,6,6,303,6366382,6366684,3.03,active
10880,22,3,0,0,540,6366685,6367224,5.4,rest
10881,22,3,6,7,322,6367225,6367546,3.22,active
10882,22,3,0,0,524,6367547,6368070,5.24,rest
10883,22,3,6,8,437,6368071,6368507,4.37,active
10884,22,3,0,0,392,6368508,6368899,3.92,rest
10885,22,3,6,9,489,6368900,6369388,4.89,active
10886,22,3,0,0,354,6369389,6369742,3.54,rest
10887,22,3,6,10,399,6369743,6370141,3.99,active
10888,22,3,0,0,1260,6370142,6371401,12.6,rest
10889,22,3,7,1,536,6371402,6371937,5.36,active
10890,22,3,0,0,315,6371938,6372252,3.15,rest
10891,22,3,7,2,359,6372253,6372611,3.59,active
10892,22,3,0,0,412,6372612,6373023,4.12,rest
10893,22,3,7,3,463,6373024,6373486,4.63,active
10894,22,3,0,0,408,6373487,6373894,4.08,rest
10895,22,3,7,4,519,6373895,6374413,5.19,active
10896,22,3,0,0,602,6374414,6375015,6.02,rest
10897,22,3,7,5,275,6375016,6375290,2.75,active
10898,22,3,0,0,558,6375291,6375848,5.58,rest
10899,22,3,7,6,310,6375849,6376158,3.1,active
10900,22,3,0,0,253,6376159,6376411,2.53,rest
10901,22,3,7,7,310,6376412,6376721,3.1,active
10902,22,3,0,0,538,6376722,6377259,5.38,rest
10903,22,3,7,8,352,6377260,6377611,3.52,active
10904,22,3,0,0,526,6377612,6378137,5.26,rest
10905,22,3,7,9,290,6378138,6378427,2.9,active
10906,22,3,0,0,530,6378428,6378957,5.3,rest
10907,22,3,7,10,411,6378958,6379368,4.11,active
10908,22,3,0,0,1055,6379369,6380423,10.55,rest
10909,22,3,8,1,343,6380424,6380766,3.43,active
10910,22,3,0,0,426,6380767,6381192,4.26,rest
10911,22,3,8,2,346,6381193,6381538,3.46,active
10912,22,3,0,0,450,6381539,6381988,4.5,rest
10913,22,3,8,3,351,6381989,6382339,3.51,active
10914,22,3,0,0,477,6382340,6382816,4.77,rest
10915,22,3,8,4,347,6382817,6383163,3.47,active
10916,22,3,0,0,506,6383164,6383669,5.06,rest
10917,22,3,8,5,305,6383670,6383974,3.05,active
10918,22,3,0,0,565,6383975,6384539,5.65,rest
10919,22,3,8,6,248,6384540,6384787,2.48,active
10920,22,3,0,0,579,6384788,6385366,5.79,rest
10921,22,3,8,7,272,6385367,6385638,2.72,active
10922,22,3,0,0,561,6385639,6386199,5.61,rest
10923,22,3,8,8,309,6386200,6386508,3.09,active
10924,22,3,0,0,535,6386509,6387043,5.35,rest
10925,22,3,8,9,271,6387044,6387314,2.71,active
10926,22,3,0,0,582,6387315,6387896,5.82,rest
10927,22,3,8,10,361,6387897,6388257,3.61,active
10928,22,3,0,0,867,6388258,6389124,8.67,rest
10929,22,3,9,1,387,6389125,6389511,3.87,active
10930,22,3,0,0,281,6389512,6389792,2.81,rest
10931,22,3,9,2,407,6389793,6390199,4.07,active
10932,22,3,0,0,404,6390200,6390603,4.04,rest
10933,22,3,9,3,424,6390604,6391027,4.24,active
10934,22,3,0,0,457,6391028,6391484,4.57,rest
10935,22,3,9,4,376,6391485,6391860,3.76,active
10936,22,3,0,0,429,6391861,6392289,4.29,rest
10937,22,3,9,5,511,6392290,6392800,5.11,active
10938,22,3,0,0,347,6392801,6393147,3.47,rest
10939,22,3,9,6,376,6393148,6393523,3.76,active
10940,22,3,0,0,503,6393524,6394026,5.03,rest
10941,22,3,9,7,367,6394027,6394393,3.67,active
10942,22,3,0,0,474,6394394,6394867,4.74,rest
10943,22,3,9,8,286,6394868,6395153,2.86,active
10944,22,3,0,0,557,6395154,6395710,5.57,rest
10945,22,3,9,9,499,6395711,6396209,4.99,active
10946,22,3,0,0,348,6396210,6396557,3.48,rest
10947,22,3,9,10,390,6396558,6396947,3.9,active
10948,22,3,0,0,2221,6396948,6399168,22.21,rest
10949,22,3,10,1,329,6399169,6399497,3.29,active
10950,22,3,0,0,385,6399498,6399882,3.85,rest
10951,22,3,10,2,448,6399883,6400330,4.48,active
10952,22,3,0,0,407,6400331,6400737,4.07,rest
10953,22,3,10,3,359,6400738,6401096,3.59,active
10954,22,3,0,0,478,6401097,6401574,4.78,rest
10955,22,3,10,4,325,6401575,6401899,3.25,active
10956,22,3,0,0,528,6401900,6402427,5.28,rest
10957,22,3,10,5,410,6402428,6402837,4.1,active
10958,22,3,0,0,428,6402838,6403265,4.28,rest
10959,22,3,10,6,439,6403266,6403704,4.39,active
10960,22,3,0,0,407,6403705,6404111,4.07,rest
10961,22,3,10,7,431,6404112,6404542,4.31,active
10962,22,3,0,0,413,6404543,6404955,4.13,rest
10963,22,3,10,8,386,6404956,6405341,3.86,active
10964,22,3,0,0,460,6405342,6405801,4.6,rest
10965,22,3,10,9,319,6405802,6406120,3.19,active
10966,22,3,0,0,519,6406121,6406639,5.19,rest
10967,22,3,10,10,432,6406640,6407071,4.32,active
10968,22,3,0,0,743,6407072,6407814,7.43,rest
10969,22,3,11,1,298,6407815,6408112,2.98,active
10970,22,3,0,0,301,6408113,6408413,3.01,rest
10971,22,3,11,2,356,6408414,6408769,3.56,active
10972,22,3,0,0,459,6408770,6409228,4.59,rest
10973,22,3,11,3,366,6409229,6409594,3.66,active
10974,22,3,0,0,482,6409595,6410076,4.82,rest
10975,22,3,11,4,388,6410077,6410464,3.88,active
10976,22,3,0,0,466,6410465,6410930,4.66,rest
10977,22,3,11,5,384,6410931,6411314,3.84,active
10978,22,3,0,0,454,6411315,6411768,4.54,rest
10979,22,3,11,6,403,6411769,6412171,4.03,active
10980,22,3,0,0,422,6412172,6412593,4.22,rest
10981,22,3,11,7,408,6412594,6413001,4.08,active
10982,22,3,0,0,459,6413002,6413460,4.59,rest
10983,22,3,11,8,364,6413461,6413824,3.64,active
10984,22,3,0,0,477,6413825,6414301,4.77,rest
10985,22,3,11,9,405,6414302,6414706,4.05,active
10986,22,3,0,0,438,6414707,6415144,4.38,rest
10987,22,3,11,10,368,6415145,6415512,3.68,active
10988,22,3,0,0,968,6415513,6416480,9.68,rest
10989,22,3,12,1,218,6416481,6416698,2.18,active
10990,22,3,0,0,454,6416699,6417152,4.54,rest
10991,22,3,12,2,333,6417153,6417485,3.33,active
10992,22,3,0,0,495,6417486,6417980,4.95,rest
10993,22,3,12,3,339,6417981,6418319,3.39,active
10994,22,3,0,0,484,6418320,6418803,4.84,rest
10995,22,3,12,4,390,6418804,6419193,3.9,active
10996,22,3,0,0,454,6419194,6419647,4.54,rest
10997,22,3,12,5,307,6419648,6419954,3.07,active
10998,22,3,0,0,540,6419955,6420494,5.4,rest
10999,22,3,12,6,321,6420495,6420815,3.21,active
11000,22,3,0,0,522,6420816,6421337,5.22,rest
11001,22,3,12,7,423,6421338,6421760,4.23,active
11002,22,3,0,0,393,6421761,6422153,3.93,rest
11003,22,3,12,8,439,6422154,6422592,4.39,active
11004,22,3,0,0,439,6422593,6423031,4.39,rest
11005,22,3,12,9,421,6423032,6423452,4.21,active
11006,22,3,0,0,429,6423453,6423881,4.29,rest
11007,22,3,12,10,422,6423882,6424303,4.22,active
11008,22,3,0,0,936,6424304,6425239,9.36,rest
11009,22,3,13,1,319,6425240,6425558,3.19,active
11010,22,3,0,0,315,6425559,6425873,3.15,rest
11011,22,3,13,2,383,6425874,6426256,3.83,active
11012,22,3,0,0,452,6426257,6426708,4.52,rest
11013,22,3,13,3,365,6426709,6427073,3.65,active
11014,22,3,0,0,471,6427074,6427544,4.71,rest
11015,22,3,13,4,344,6427545,6427888,3.44,active
11016,22,3,0,0,500,6427889,6428388,5.0,rest
11017,22,3,13,5,367,6428389,6428755,3.67,active
11018,22,3,0,0,492,6428756,6429247,4.92,rest
11019,22,3,13,6,326,6429248,6429573,3.26,active
11020,22,3,0,0,463,6429574,6430036,4.63,rest
11021,22,3,13,7,396,6430037,6430432,3.96,active
11022,22,3,0,0,497,6430433,6430929,4.97,rest
11023,22,3,13,8,333,6430930,6431262,3.33,active
11024,22,3,0,0,489,6431263,6431751,4.89,rest
11025,22,3,13,9,370,6431752,6432121,3.7,active
11026,22,3,0,0,499,6432122,6432620,4.99,rest
11027,22,3,13,10,362,6432621,6432982,3.62,active
11028,22,3,0,0,1242,6432983,6434224,12.42,rest
11029,22,3,14,1,425,6434225,6434649,4.25,active
11030,22,3,0,0,348,6434650,6434997,3.48,rest
11031,22,3,14,2,455,6434998,6435452,4.55,active
11032,22,3,0,0,360,6435453,6435812,3.6,rest
11033,22,3,14,3,450,6435813,6436262,4.5,active
11034,22,3,0,0,411,6436263,6436673,4.11,rest
11035,22,3,14,4,427,6436674,6437100,4.27,active
11036,22,3,0,0,400,6437101,6437500,4.0,rest
11037,22,3,14,5,435,6437501,6437935,4.35,active
11038,22,3,0,0,425,6437936,6438360,4.25,rest
11039,22,3,14,6,406,6438361,6438766,4.06,active
11040,22,3,0,0,416,6438767,6439182,4.16,rest
11041,22,3,14,7,446,6439183,6439628,4.46,active
11042,22,3,0,0,420,6439629,6440048,4.2,rest
11043,22,3,14,8,426,6440049,6440474,4.26,active
11044,22,3,0,0,471,6440475,6440945,4.71,rest
11045,22,3,14,9,383,6440946,6441328,3.83,active
11046,22,3,0,0,486,6441329,6441814,4.86,rest
11047,22,3,14,10,301,6441815,6442115,3.01,active
11048,22,3,0,0,1964,6442116,6444079,19.64,rest
11049,22,3,15,1,429,6444080,6444508,4.29,active
11050,22,3,0,0,313,6444509,6444821,3.13,rest
11051,22,3,15,2,402,6444822,6445223,4.02,active
11052,22,3,0,0,422,6445224,6445645,4.22,rest
11053,22,3,15,3,388,6445646,6446033,3.88,active
11054,22,3,0,0,442,6446034,6446475,4.42,rest
11055,22,3,15,4,286,6446476,6446761,2.86,active
11056,22,3,0,0,549,6446762,6447310,5.49,rest
11057,22,3,15,5,426,6447311,6447736,4.26,active
11058,22,3,0,0,420,6447737,6448156,4.2,rest
11059,22,3,15,6,379,6448157,6448535,3.79,active
11060,22,3,0,0,447,6448536,6448982,4.47,rest
11061,22,3,15,7,517,6448983,6449499,5.17,active
11062,22,3,0,0,300,6449500,6449799,3.0,rest
11063,22,3,15,8,448,6449800,6450247,4.48,active
11064,22,3,0,0,439,6450248,6450686,4.39,rest
11065,22,3,15,9,548,6450687,6451234,5.48,active
11066,22,3,0,0,261,6451235,6451495,2.61,rest
11067,22,3,15,10,464,6451496,6451959,4.64,active
11068,22,3,0,0,1629,6451960,6453588,16.29,rest
11069,22,3,16,1,282,6453589,6453870,2.82,active
11070,22,3,0,0,380,6453871,6454250,3.8,rest
11071,22,3,16,2,482,6454251,6454732,4.82,active
11072,22,3,0,0,356,6454733,6455088,3.56,rest
11073,22,3,16,3,432,6455089,6455520,4.32,active
11074,22,3,0,0,374,6455521,6455894,3.74,rest
11075,22,3,16,4,393,6455895,6456287,3.93,active
11076,22,3,0,0,478,6456288,6456765,4.78,rest
11077,22,3,16,5,414,6456766,6457179,4.14,active
11078,22,3,0,0,477,6457180,6457656,4.77,rest
11079,22,3,16,6,397,6457657,6458053,3.97,active
11080,22,3,0,0,383,6458054,6458436,3.83,rest
11081,22,3,16,7,398,6458437,6458834,3.98,active
11082,22,3,0,0,448,6458835,6459282,4.48,rest
11083,22,3,16,8,362,6459283,6459644,3.62,active
11084,22,3,0,0,544,6459645,6460188,5.44,rest
11085,22,3,16,9,322,6460189,6460510,3.22,active
11086,22,3,0,0,444,6460511,6460954,4.44,rest
11087,22,3,16,10,420,6460955,6461374,4.2,active
11088,22,3,0,0,1191,6461375,6462565,11.91,rest
11089,22,3,17,1,299,6462566,6462864,2.99,active
11090,22,3,0,0,424,6462865,6463288,4.24,rest
11091,22,3,17,2,415,6463289,6463703,4.15,active
11092,22,3,0,0,439,6463704,6464142,4.39,rest
11093,22,3,17,3,348,6464143,6464490,3.48,active
11094,22,3,0,0,486,6464491,6464976,4.86,rest
11095,22,3,17,4,317,6464977,6465293,3.17,active
11096,22,3,0,0,539,6465294,6465832,5.39,rest
11097,22,3,17,5,392,6465833,6466224,3.92,active
11098,22,3,0,0,453,6466225,6466677,4.53,rest
11099,22,3,17,6,370,6466678,6467047,3.7,active
11100,22,3,0,0,463,6467048,6467510,4.63,rest
11101,22,3,17,7,436,6467511,6467946,4.36,active
11102,22,3,0,0,413,6467947,6468359,4.13,rest
11103,22,3,17,8,449,6468360,6468808,4.49,active
11104,22,3,0,0,398,6468809,6469206,3.98,rest
11105,22,3,17,9,435,6469207,6469641,4.35,active
11106,22,3,0,0,414,6469642,6470055,4.14,rest
11107,22,3,17,10,362,6470056,6470417,3.62,active
11108,22,3,0,0,1857,6470418,6472274,18.57,rest
11109,22,3,18,1,404,6472275,6472678,4.04,active
11110,22,3,0,0,349,6472679,6473027,3.49,rest
11111,22,3,18,2,429,6473028,6473456,4.29,active
11112,22,3,0,0,354,6473457,6473810,3.54,rest
11113,22,3,18,3,359,6473811,6474169,3.59,active
11114,22,3,0,0,476,6474170,6474645,4.76,rest
11115,22,3,18,4,413,6474646,6475058,4.13,active
11116,22,3,0,0,444,6475059,6475502,4.44,rest
11117,22,3,18,5,381,6475503,6475883,3.81,active
11118,22,3,0,0,473,6475884,6476356,4.73,rest
11119,22,3,18,6,351,6476357,6476707,3.51,active
11120,22,3,0,0,503,6476708,6477210,5.03,rest
11121,22,3,18,7,355,6477211,6477565,3.55,active
11122,22,3,0,0,469,6477566,6478034,4.69,rest
11123,22,3,18,8,378,6478035,6478412,3.78,active
11124,22,3,0,0,487,6478413,6478899,4.87,rest
11125,22,3,18,9,272,6478900,6479171,2.72,active
11126,22,3,0,0,568,6479172,6479739,5.68,rest
11127,22,3,18,10,342,6479740,6480081,3.42,active
11128,22,3,0,0,1522,6480082,6481603,15.22,rest
11129,22,3,19,1,403,6481604,6482006,4.03,active
11130,22,3,0,0,308,6482007,6482314,3.08,rest
11131,22,3,19,2,418,6482315,6482732,4.18,active
11132,22,3,0,0,397,6482733,6483129,3.97,rest
11133,22,3,19,3,337,6483130,6483466,3.37,active
11134,22,3,0,0,501,6483467,6483967,5.01,rest
11135,22,3,19,4,405,6483968,6484372,4.05,active
11136,22,3,0,0,448,6484373,6484820,4.48,rest
11137,22,3,19,5,376,6484821,6485196,3.76,active
11138,22,3,0,0,456,6485197,6485652,4.56,rest
11139,22,3,19,6,445,6485653,6486097,4.45,active
11140,22,3,0,0,398,6486098,6486495,3.98,rest
11141,22,3,19,7,375,6486496,6486870,3.75,active
11142,22,3,0,0,488,6486871,6487358,4.88,rest
11143,22,3,19,8,363,6487359,6487721,3.63,active
11144,22,3,0,0,468,6487722,6488189,4.68,rest
11145,22,3,19,9,402,6488190,6488591,4.02,active
11146,22,3,0,0,471,6488592,6489062,4.71,rest
11147,22,3,19,10,549,6489063,6489611,5.49,active
11148,22,3,0,0,1471,6489612,6491082,14.71,rest
11149,22,3,20,1,421,6491083,6491503,4.21,active
11150,22,3,0,0,263,6491504,6491766,2.63,rest
11151,22,3,20,2,448,6491767,6492214,4.48,active
11152,22,3,0,0,377,6492215,6492591,3.77,rest
11153,22,3,20,3,458,6492592,6493049,4.58,active
11154,22,3,0,0,396,6493050,6493445,3.96,rest
11155,22,3,20,4,430,6493446,6493875,4.3,active
11156,22,3,0,0,440,6493876,6494315,4.4,rest
11157,22,3,20,5,437,6494316,6494752,4.37,active
11158,22,3,0,0,397,6494753,6495149,3.97,rest
11159,22,3,20,6,460,6495150,6495609,4.6,active
11160,22,3,0,0,372,6495610,6495981,3.72,rest
11161,22,3,20,7,449,6495982,6496430,4.49,active
11162,22,3,0,0,379,6496431,6496809,3.79,rest
11163,22,3,20,8,467,6496810,6497276,4.67,active
11164,22,3,0,0,388,6497277,6497664,3.88,rest
11165,22,3,20,9,424,6497665,6498088,4.24,active
11166,22,3,0,0,399,6498089,6498487,3.99,rest
11167,22,3,20,10,444,6498488,6498931,4.44,active
11168,22,3,0,0,4200,6498932,6503131,42.0,rest
11169,22,3,21,1,337,6503132,6503468,3.37,active
11170,22,3,0,0,497,6503469,6503965,4.97,rest
11171,22,3,21,2,378,6503966,6504343,3.78,active
11172,22,3,0,0,368,6504344,6504711,3.68,rest
11173,22,3,21,3,471,6504712,6505182,4.71,active
11174,22,3,0,0,396,6505183,6505578,3.96,rest
11175,22,3,21,4,425,6505579,6506003,4.25,active
11176,22,3,0,0,462,6506004,6506465,4.62,rest
11177,22,3,21,5,424,6506466,6506889,4.24,active
11178,22,3,0,0,358,6506890,6507247,3.58,rest
11179,22,3,21,6,508,6507248,6507755,5.08,active
11180,22,3,0,0,367,6507756,6508122,3.67,rest
11181,22,3,21,7,415,6508123,6508537,4.15,active
11182,22,3,0,0,507,6508538,6509044,5.07,rest
11183,22,3,21,8,420,6509045,6509464,4.2,active
11184,22,3,0,0,422,6509465,6509886,4.22,rest
11185,22,3,21,9,375,6509887,6510261,3.75,active
11186,22,3,0,0,472,6510262,6510733,4.72,rest
11187,22,3,21,10,345,6510734,6511078,3.45,active
11188,22,3,0,0,3522,6511079,6514600,35.22,rest
11189,22,3,22,1,374,6514601,6514974,3.74,active
11190,22,3,0,0,432,6514975,6515406,4.32,rest
11191,22,3,22,2,361,6515407,6515767,3.61,active
11192,22,3,0,0,479,6515768,6516246,4.79,rest
11193,22,3,22,3,391,6516247,6516637,3.91,active
11194,22,3,0,0,431,6516638,6517068,4.31,rest
11195,22,3,22,4,374,6517069,6517442,3.74,active
11196,22,3,0,0,478,6517443,6517920,4.78,rest
11197,22,3,22,5,341,6517921,6518261,3.41,active
11198,22,3,0,0,500,6518262,6518761,5.0,rest
11199,22,3,22,6,338,6518762,6519099,3.38,active
11200,22,3,0,0,528,6519100,6519627,5.28,rest
11201,22,3,22,7,342,6519628,6519969,3.42,active
11202,22,3,0,0,474,6519970,6520443,4.74,rest
11203,22,3,22,8,317,6520444,6520760,3.17,active
11204,22,3,0,0,498,6520761,6521258,4.98,rest
11205,22,3,22,9,410,6521259,6521668,4.1,active
11206,22,3,0,0,477,6521669,6522145,4.77,rest
11207,22,3,22,10,298,6522146,6522443,2.98,active
11208,22,3,0,0,3447,6522444,6525890,34.47,rest
11209,22,3,23,1,508,6525891,6526398,5.08,active
11210,22,3,0,0,379,6526399,6526777,3.79,rest
11211,22,3,23,2,346,6526778,6527123,3.46,active
11212,22,3,0,0,443,6527124,6527566,4.43,rest
11213,22,3,23,3,488,6527567,6528054,4.88,active
11214,22,3,0,0,360,6528055,6528414,3.6,rest
11215,22,3,23,4,430,6528415,6528844,4.3,active
11216,22,3,0,0,382,6528845,6529226,3.82,rest
11217,22,3,23,5,488,6529227,6529714,4.88,active
11218,22,3,0,0,388,6529715,6530102,3.88,rest
11219,22,3,23,6,490,6530103,6530592,4.9,active
11220,22,3,0,0,337,6530593,6530929,3.37,rest
11221,22,3,23,7,485,6530930,6531414,4.85,active
11222,22,3,0,0,360,6531415,6531774,3.6,rest
11223,22,3,23,8,473,6531775,6532247,4.73,active
11224,22,3,0,0,371,6532248,6532618,3.71,rest
11225,22,3,23,9,473,6532619,6533091,4.73,active
11226,22,3,0,0,362,6533092,6533453,3.62,rest
11227,22,3,23,10,383,6533454,6533836,3.83,active
11228,22,3,0,0,430,6533837,6534266,4.3,rest
11229,23,2,0,0,449,6635488,6635936,4.49,rest
11230,23,2,1,1,292,6635937,6636228,2.92,active
11231,23,2,0,0,472,6636229,6636700,4.72,rest
11232,23,2,1,2,338,6636701,6637038,3.38,active
11233,23,2,0,0,626,6637039,6637664,6.26,rest
11234,23,2,1,3,217,6637665,6637881,2.17,active
11235,23,2,0,0,575,6637882,6638456,5.75,rest
11236,23,2,1,4,260,6638457,6638716,2.6,active
11237,23,2,0,0,535,6638717,6639251,5.35,rest
11238,23,2,1,5,388,6639252,6639639,3.88,active
11239,23,2,0,0,416,6639640,6640055,4.16,rest
11240,23,2,1,6,377,6640056,6640432,3.77,active
11241,23,2,0,0,520,6640433,6640952,5.2,rest
11242,23,2,1,7,317,6640953,6641269,3.17,active
11243,23,2,0,0,500,6641270,6641769,5.0,rest
11244,23,2,1,8,388,6641770,6642157,3.88,active
11245,23,2,0,0,443,6642158,6642600,4.43,rest
11246,23,2,1,9,324,6642601,6642924,3.24,active
11247,23,2,0,0,551,6642925,6643475,5.51,rest
11248,23,2,1,10,460,6643476,6643935,4.6,active
11249,23,2,0,0,484,6643936,6644419,4.84,rest
11250,23,2,2,1,448,6644420,6644867,4.48,active
11251,23,2,0,0,335,6644868,6645202,3.35,rest
11252,23,2,2,2,341,6645203,6645543,3.41,active
11253,23,2,0,0,477,6645544,6646020,4.77,rest
11254,23,2,2,3,428,6646021,6646448,4.28,active
11255,23,2,0,0,428,6646449,6646876,4.28,rest
11256,23,2,2,4,385,6646877,6647261,3.85,active
11257,23,2,0,0,413,6647262,6647674,4.13,rest
11258,23,2,2,5,462,6647675,6648136,4.62,active
11259,23,2,0,0,336,6648137,6648472,3.36,rest
11260,23,2,2,6,456,6648473,6648928,4.56,active
11261,23,2,0,0,411,6648929,6649339,4.11,rest
11262,23,2,2,7,456,6649340,6649795,4.56,active
11263,23,2,0,0,393,6649796,6650188,3.93,rest
11264,23,2,2,8,448,6650189,6650636,4.48,active
11265,23,2,0,0,408,6650637,6651044,4.08,rest
11266,23,2,2,9,396,6651045,6651440,3.96,active
11267,23,2,0,0,460,6651441,6651900,4.6,rest
11268,23,2,2,10,393,6651901,6652293,3.93,active
11269,23,2,0,0,472,6652294,6652765,4.72,rest
11270,23,2,3,1,403,6652766,6653168,4.03,active
11271,23,2,0,0,397,6653169,6653565,3.97,rest
11272,23,2,3,2,444,6653566,6654009,4.44,active
11273,23,2,0,0,413,6654010,6654422,4.13,rest
11274,23,2,3,3,421,6654423,6654843,4.21,active
11275,23,2,0,0,390,6654844,6655233,3.9,rest
11276,23,2,3,4,348,6655234,6655581,3.48,active
11277,23,2,0,0,487,6655582,6656068,4.87,rest
11278,23,2,3,5,447,6656069,6656515,4.47,active
11279,23,2,0,0,415,6656516,6656930,4.15,rest
11280,23,2,3,6,443,6656931,6657373,4.43,active
11281,23,2,0,0,410,6657374,6657783,4.1,rest
11282,23,2,3,7,405,6657784,6658188,4.05,active
11283,23,2,0,0,428,6658189,6658616,4.28,rest
11284,23,2,3,8,335,6658617,6658951,3.35,active
11285,23,2,0,0,509,6658952,6659460,5.09,rest
11286,23,2,3,9,343,6659461,6659803,3.43,active
11287,23,2,0,0,495,6659804,6660298,4.95,rest
11288,23,2,3,10,350,6660299,6660648,3.5,active
11289,23,2,0,0,578,6660649,6661226,5.78,rest
11290,23,2,4,1,360,6661227,6661586,3.6,active
11291,23,2,0,0,469,6661587,6662055,4.69,rest
11292,23,2,4,2,310,6662056,6662365,3.1,active
11293,23,2,0,0,581,6662366,6662946,5.81,rest
11294,23,2,4,3,235,6662947,6663181,2.35,active
11295,23,2,0,0,572,6663182,6663753,5.72,rest
11296,23,2,4,4,294,6663754,6664047,2.94,active
11297,23,2,0,0,542,6664048,6664589,5.42,rest
11298,23,2,4,5,323,6664590,6664912,3.23,active
11299,23,2,0,0,461,6664913,6665373,4.61,rest
11300,23,2,4,6,441,6665374,6665814,4.41,active
11301,23,2,0,0,407,6665815,6666221,4.07,rest
11302,23,2,4,7,389,6666222,6666610,3.89,active
11303,23,2,0,0,447,6666611,6667057,4.47,rest
11304,23,2,4,8,422,6667058,6667479,4.22,active
11305,23,2,0,0,481,6667480,6667960,4.81,rest
11306,23,2,4,9,336,6667961,6668296,3.36,active
11307,23,2,0,0,494,6668297,6668790,4.94,rest
11308,23,2,4,10,314,6668791,6669104,3.14,active
11309,23,2,0,0,586,6669105,6669690,5.86,rest
11310,23,2,5,1,356,6669691,6670046,3.56,active
11311,23,2,0,0,419,6670047,6670465,4.19,rest
11312,23,2,5,2,394,6670466,6670859,3.94,active
11313,23,2,0,0,440,6670860,6671299,4.4,rest
11314,23,2,5,3,342,6671300,6671641,3.42,active
11315,23,2,0,0,530,6671642,6672171,5.3,rest
11316,23,2,5,4,296,6672172,6672467,2.96,active
11317,23,2,0,0,588,6672468,6673055,5.88,rest
11318,23,2,5,5,325,6673056,6673380,3.25,active
11319,23,2,0,0,475,6673381,6673855,4.75,rest
11320,23,2,5,6,369,6673856,6674224,3.69,active
11321,23,2,0,0,443,6674225,6674667,4.43,rest
11322,23,2,5,7,419,6674668,6675086,4.19,active
11323,23,2,0,0,497,6675087,6675583,4.97,rest
11324,23,2,5,8,338,6675584,6675921,3.38,active
11325,23,2,0,0,492,6675922,6676413,4.92,rest
11326,23,2,5,9,263,6676414,6676676,2.63,active
11327,23,2,0,0,542,6676677,6677218,5.42,rest
11328,23,2,5,10,364,6677219,6677582,3.64,active
11329,23,2,0,0,505,6677583,6678087,5.05,rest
11330,23,2,6,1,317,6678088,6678404,3.17,active
11331,23,2,0,0,557,6678405,6678961,5.57,rest
11332,23,2,6,2,295,6678962,6679256,2.95,active
11333,23,2,0,0,490,6679257,6679746,4.9,rest
11334,23,2,6,3,308,6679747,6680054,3.08,active
11335,23,2,0,0,590,6680055,6680644,5.9,rest
11336,23,2,6,4,250,6680645,6680894,2.5,active
11337,23,2,0,0,540,6680895,6681434,5.4,rest
11338,23,2,6,5,276,6681435,6681710,2.76,active
11339,23,2,0,0,556,6681711,6682266,5.56,rest
11340,23,2,6,6,317,6682267,6682583,3.17,active
11341,23,2,0,0,573,6682584,6683156,5.73,rest
11342,23,2,6,7,255,6683157,6683411,2.55,active
11343,23,2,0,0,589,6683412,6684000,5.89,rest
11344,23,2,6,8,290,6684001,6684290,2.9,active
11345,23,2,0,0,583,6684291,6684873,5.83,rest
11346,23,2,6,9,201,6684874,6685074,2.01,active
11347,23,2,0,0,581,6685075,6685655,5.81,rest
11348,23,2,6,10,240,6685656,6685895,2.4,active
11349,23,2,0,0,660,6685896,6686555,6.6,rest
11350,23,2,7,1,278,6686556,6686833,2.78,active
11351,23,2,0,0,522,6686834,6687355,5.22,rest
11352,23,2,7,2,265,6687356,6687620,2.65,active
11353,23,2,0,0,550,6687621,6688170,5.5,rest
11354,23,2,7,3,393,6688171,6688563,3.93,active
11355,23,2,0,0,529,6688564,6689092,5.29,rest
11356,23,2,7,4,345,6689093,6689437,3.45,active
11357,23,2,0,0,388,6689438,6689825,3.88,rest
11358,23,2,7,5,446,6689826,6690271,4.46,active
11359,23,2,0,0,383,6690272,6690654,3.83,rest
11360,23,2,7,6,377,6690655,6691031,3.77,active
11361,23,2,0,0,633,6691032,6691664,6.33,rest
11362,23,2,7,7,274,6691665,6691938,2.74,active
11363,23,2,0,0,490,6691939,6692428,4.9,rest
11364,23,2,7,8,278,6692429,6692706,2.78,active
11365,23,2,0,0,590,6692707,6693296,5.9,rest
11366,23,2,7,9,205,6693297,6693501,2.05,active
11367,23,2,0,0,582,6693502,6694083,5.82,rest
11368,23,2,7,10,237,6694084,6694320,2.37,active
11369,23,2,0,0,582,6694321,6694902,5.82,rest
11370,23,2,8,1,514,6694903,6695416,5.14,active
11371,23,2,0,0,270,6695417,6695686,2.7,rest
11372,23,2,8,2,448,6695687,6696134,4.48,active
11373,23,2,0,0,411,6696135,6696545,4.11,rest
11374,23,2,8,3,425,6696546,6696970,4.25,active
11375,23,2,0,0,410,6696971,6697380,4.1,rest
11376,23,2,8,4,454,6697381,6697834,4.54,active
11377,23,2,0,0,453,6697835,6698287,4.53,rest
11378,23,2,8,5,392,6698288,6698679,3.92,active
11379,23,2,0,0,482,6698680,6699161,4.82,rest
11380,23,2,8,6,251,6699162,6699412,2.51,active
11381,23,2,0,0,517,6699413,6699929,5.17,rest
11382,23,2,8,7,521,6699930,6700450,5.21,active
11383,23,2,0,0,301,6700451,6700751,3.01,rest
11384,23,2,8,8,441,6700752,6701192,4.41,active
11385,23,2,0,0,473,6701193,6701665,4.73,rest
11386,23,2,8,9,469,6701666,6702134,4.69,active
11387,23,2,0,0,385,6702135,6702519,3.85,rest
11388,23,2,8,10,386,6702520,6702905,3.86,active
11389,23,2,0,0,425,6702906,6703330,4.25,rest
11390,23,2,9,1,473,6703331,6703803,4.73,active
11391,23,2,0,0,411,6703804,6704214,4.11,rest
11392,23,2,9,2,470,6704215,6704684,4.7,active
11393,23,2,0,0,354,6704685,6705038,3.54,rest
11394,23,2,9,3,464,6705039,6705502,4.64,active
11395,23,2,0,0,323,6705503,6705825,3.23,rest
11396,23,2,9,4,451,6705826,6706276,4.51,active
11397,23,2,0,0,378,6706277,6706654,3.78,rest
11398,23,2,9,5,459,6706655,6707113,4.59,active
11399,23,2,0,0,385,6707114,6707498,3.85,rest
11400,23,2,9,6,474,6707499,6707972,4.74,active
11401,23,2,0,0,381,6707973,6708353,3.81,rest
11402,23,2,9,7,440,6708354,6708793,4.4,active
11403,23,2,0,0,384,6708794,6709177,3.84,rest
11404,23,2,9,8,457,6709178,6709634,4.57,active
11405,23,2,0,0,386,6709635,6710020,3.86,rest
11406,23,2,9,9,464,6710021,6710484,4.64,active
11407,23,2,0,0,413,6710485,6710897,4.13,rest
11408,23,2,9,10,459,6710898,6711356,4.59,active
11409,23,2,0,0,388,6711357,6711744,3.88,rest
11410,23,2,10,1,388,6711745,6712132,3.88,active
11411,23,2,0,0,426,6712133,6712558,4.26,rest
11412,23,2,10,2,504,6712559,6713062,5.04,active
11413,23,2,0,0,345,6713063,6713407,3.45,rest
11414,23,2,10,3,469,6713408,6713876,4.69,active
11415,23,2,0,0,381,6713877,6714257,3.81,rest
11416,23,2,10,4,358,6714258,6714615,3.58,active
11417,23,2,0,0,473,6714616,6715088,4.73,rest
11418,23,2,10,5,352,6715089,6715440,3.52,active
11419,23,2,0,0,537,6715441,6715977,5.37,rest
11420,23,2,10,6,314,6715978,6716291,3.14,active
11421,23,2,0,0,475,6716292,6716766,4.75,rest
11422,23,2,10,7,465,6716767,6717231,4.65,active
11423,23,2,0,0,393,6717232,6717624,3.93,rest
11424,23,2,10,8,472,6717625,6718096,4.72,active
11425,23,2,0,0,395,6718097,6718491,3.95,rest
11426,23,2,10,9,370,6718492,6718861,3.7,active
11427,23,2,0,0,476,6718862,6719337,4.76,rest
11428,23,2,10,10,350,6719338,6719687,3.5,active
11429,23,2,0,0,476,6719688,6720163,4.76,rest
11430,23,2,11,1,494,6720164,6720657,4.94,active
11431,23,2,0,0,303,6720658,6720960,3.03,rest
11432,23,2,11,2,521,6720961,6721481,5.21,active
11433,23,2,0,0,363,6721482,6721844,3.63,rest
11434,23,2,11,3,357,6721845,6722201,3.57,active
11435,23,2,0,0,431,6722202,6722632,4.31,rest
11436,23,2,11,4,450,6722633,6723082,4.5,active
11437,23,2,0,0,420,6723083,6723502,4.2,rest
11438,23,2,11,5,448,6723503,6723950,4.48,active
11439,23,2,0,0,406,6723951,6724356,4.06,rest
11440,23,2,11,6,400,6724357,6724756,4.0,active
11441,23,2,0,0,382,6724757,6725138,3.82,rest
11442,23,2,11,7,341,6725139,6725479,3.41,active
11443,23,2,0,0,541,6725480,6726020,5.41,rest
11444,23,2,11,8,402,6726021,6726422,4.02,active
11445,23,2,0,0,444,6726423,6726866,4.44,rest
11446,23,2,11,9,458,6726867,6727324,4.58,active
11447,23,2,0,0,410,6727325,6727734,4.1,rest
11448,23,2,11,10,349,6727735,6728083,3.49,active
11449,23,2,0,0,489,6728084,6728572,4.89,rest
11450,23,2,12,1,345,6728573,6728917,3.45,active
11451,23,2,0,0,473,6728918,6729390,4.73,rest
11452,23,2,12,2,328,6729391,6729718,3.28,active
11453,23,2,0,0,516,6729719,6730234,5.16,rest
11454,23,2,12,3,430,6730235,6730664,4.3,active
11455,23,2,0,0,415,6730665,6731079,4.15,rest
11456,23,2,12,4,437,6731080,6731516,4.37,active
11457,23,2,0,0,407,6731517,6731923,4.07,rest
11458,23,2,12,5,422,6731924,6732345,4.22,active
11459,23,2,0,0,408,6732346,6732753,4.08,rest
11460,23,2,12,6,427,6732754,6733180,4.27,active
11461,23,2,0,0,387,6733181,6733567,3.87,rest
11462,23,2,12,7,301,6733568,6733868,3.01,active
11463,23,2,0,0,569,6733869,6734437,5.69,rest
11464,23,2,12,8,412,6734438,6734849,4.12,active
11465,23,2,0,0,439,6734850,6735288,4.39,rest
11466,23,2,12,9,377,6735289,6735665,3.77,active
11467,23,2,0,0,440,6735666,6736105,4.4,rest
11468,23,2,12,10,434,6736106,6736539,4.34,active
11469,23,2,0,0,454,6736540,6736993,4.54,rest
11470,23,2,13,1,467,6736994,6737460,4.67,active
11471,23,2,0,0,343,6737461,6737803,3.43,rest
11472,23,2,13,2,479,6737804,6738282,4.79,active
11473,23,2,0,0,387,6738283,6738669,3.87,rest
11474,23,2,13,3,447,6738670,6739116,4.47,active
11475,23,2,0,0,353,6739117,6739469,3.53,rest
11476,23,2,13,4,496,6739470,6739965,4.96,active
11477,23,2,0,0,374,6739966,6740339,3.74,rest
11478,23,2,13,5,399,6740340,6740738,3.99,active
11479,23,2,0,0,440,6740739,6741178,4.4,rest
11480,23,2,13,6,456,6741179,6741634,4.56,active
11481,23,2,0,0,356,6741635,6741990,3.56,rest
11482,23,2,13,7,466,6741991,6742456,4.66,active
11483,23,2,0,0,435,6742457,6742891,4.35,rest
11484,23,2,13,8,416,6742892,6743307,4.16,active
11485,23,2,0,0,358,6743308,6743665,3.58,rest
11486,23,2,13,9,486,6743666,6744151,4.86,active
11487,23,2,0,0,386,6744152,6744537,3.86,rest
11488,23,2,13,10,431,6744538,6744968,4.31,active
11489,23,2,0,0,432,6744969,6745400,4.32,rest
11490,23,2,14,1,349,6745401,6745749,3.49,active
11491,23,2,0,0,448,6745750,6746197,4.48,rest
11492,23,2,14,2,404,6746198,6746601,4.04,active
11493,23,2,0,0,471,6746602,6747072,4.71,rest
11494,23,2,14,3,384,6747073,6747456,3.84,active
11495,23,2,0,0,467,6747457,6747923,4.67,rest
11496,23,2,14,4,416,6747924,6748339,4.16,active
11497,23,2,0,0,419,6748340,6748758,4.19,rest
11498,23,2,14,5,429,6748759,6749187,4.29,active
11499,23,2,0,0,413,6749188,6749600,4.13,rest
11500,23,2,14,6,425,6749601,6750025,4.25,active
11501,23,2,0,0,389,6750026,6750414,3.89,rest
11502,23,2,14,7,437,6750415,6750851,4.37,active
11503,23,2,0,0,422,6750852,6751273,4.22,rest
11504,23,2,14,8,327,6751274,6751600,3.27,active
11505,23,2,0,0,515,6751601,6752115,5.15,rest
11506,23,2,14,9,430,6752116,6752545,4.3,active
11507,23,2,0,0,408,6752546,6752953,4.08,rest
11508,23,2,14,10,316,6752954,6753269,3.16,active
11509,23,2,0,0,554,6753270,6753823,5.54,rest
11510,23,2,15,1,412,6753824,6754235,4.12,active
11511,23,2,0,0,445,6754236,6754680,4.45,rest
11512,23,2,15,2,383,6754681,6755063,3.83,active
11513,23,2,0,0,464,6755064,6755527,4.64,rest
11514,23,2,15,3,364,6755528,6755891,3.64,active
11515,23,2,0,0,483,6755892,6756374,4.83,rest
11516,23,2,15,4,375,6756375,6756749,3.75,active
11517,23,2,0,0,440,6756750,6757189,4.4,rest
11518,23,2,15,5,387,6757190,6757576,3.87,active
11519,23,2,0,0,444,6757577,6758020,4.44,rest
11520,23,2,15,6,439,6758021,6758459,4.39,active
11521,23,2,0,0,382,6758460,6758841,3.82,rest
11522,23,2,15,7,429,6758842,6759270,4.29,active
11523,23,2,0,0,436,6759271,6759706,4.36,rest
11524,23,2,15,8,416,6759707,6760122,4.16,active
11525,23,2,0,0,481,6760123,6760603,4.81,rest
11526,23,2,15,9,226,6760604,6760829,2.26,active
11527,23,2,0,0,568,6760830,6761397,5.68,rest
11528,23,2,15,10,426,6761398,6761823,4.26,active
11529,23,2,0,0,490,6761824,6762313,4.9,rest
11530,23,2,16,1,357,6762314,6762670,3.57,active
11531,23,2,0,0,466,6762671,6763136,4.66,rest
11532,23,2,16,2,399,6763137,6763535,3.99,active
11533,23,2,0,0,471,6763536,6764006,4.71,rest
11534,23,2,16,3,363,6764007,6764369,3.63,active
11535,23,2,0,0,443,6764370,6764812,4.43,rest
11536,23,2,16,4,385,6764813,6765197,3.85,active
11537,23,2,0,0,450,6765198,6765647,4.5,rest
11538,23,2,16,5,346,6765648,6765993,3.46,active
11539,23,2,0,0,489,6765994,6766482,4.89,rest
11540,23,2,16,6,361,6766483,6766843,3.61,active
11541,23,2,0,0,514,6766844,6767357,5.14,rest
11542,23,2,16,7,344,6767358,6767701,3.44,active
11543,23,2,0,0,421,6767702,6768122,4.21,rest
11544,23,2,16,8,445,6768123,6768567,4.45,active
11545,23,2,0,0,430,6768568,6768997,4.3,rest
11546,23,2,16,9,396,6768998,6769393,3.96,active
11547,23,2,0,0,400,6769394,6769793,4.0,rest
11548,23,2,16,10,440,6769794,6770233,4.4,active
11549,23,2,0,0,439,6770234,6770672,4.39,rest
11550,23,2,17,1,357,6770673,6771029,3.57,active
11551,23,2,0,0,483,6771030,6771512,4.83,rest
11552,23,2,17,2,327,6771513,6771839,3.27,active
11553,23,2,0,0,479,6771840,6772318,4.79,rest
11554,23,2,17,3,462,6772319,6772780,4.62,active
11555,23,2,0,0,384,6772781,6773164,3.84,rest
11556,23,2,17,4,481,6773165,6773645,4.81,active
11557,23,2,0,0,395,6773646,6774040,3.95,rest
11558,23,2,17,5,319,6774041,6774359,3.19,active
11559,23,2,0,0,505,6774360,6774864,5.05,rest
11560,23,2,17,6,457,6774865,6775321,4.57,active
11561,23,2,0,0,349,6775322,6775670,3.49,rest
11562,23,2,17,7,479,6775671,6776149,4.79,active
11563,23,2,0,0,375,6776150,6776524,3.75,rest
11564,23,2,17,8,472,6776525,6776996,4.72,active
11565,23,2,0,0,360,6776997,6777356,3.6,rest
11566,23,2,17,9,457,6777357,6777813,4.57,active
11567,23,2,0,0,383,6777814,6778196,3.83,rest
11568,23,2,17,10,463,6778197,6778659,4.63,active
11569,23,2,0,0,356,6778660,6779015,3.56,rest
11570,23,3,0,0,443,6779016,6779458,4.43,rest
11571,23,3,1,1,301,6779459,6779759,3.01,active
11572,23,3,0,0,439,6779760,6780198,4.39,rest
11573,23,3,1,2,481,6780199,6780679,4.81,active
11574,23,3,0,0,418,6780680,6781097,4.18,rest
11575,23,3,1,3,429,6781098,6781526,4.29,active
11576,23,3,0,0,337,6781527,6781863,3.37,rest
11577,23,3,1,4,372,6781864,6782235,3.72,active
11578,23,3,0,0,532,6782236,6782767,5.32,rest
11579,23,3,1,5,372,6782768,6783139,3.72,active
11580,23,3,0,0,433,6783140,6783572,4.33,rest
11581,23,3,1,6,412,6783573,6783984,4.12,active
11582,23,3,0,0,403,6783985,6784387,4.03,rest
11583,23,3,1,7,475,6784388,6784862,4.75,active
11584,23,3,0,0,422,6784863,6785284,4.22,rest
11585,23,3,1,8,385,6785285,6785669,3.85,active
11586,23,3,0,0,454,6785670,6786123,4.54,rest
11587,23,3,1,9,342,6786124,6786465,3.42,active
11588,23,3,0,0,463,6786466,6786928,4.63,rest
11589,23,3,1,10,283,6786929,6787211,2.83,active
11590,23,3,0,0,1620,6787212,6788831,16.2,rest
11591,23,3,2,1,359,6788832,6789190,3.59,active
11592,23,3,0,0,477,6789191,6789667,4.77,rest
11593,23,3,2,2,323,6789668,6789990,3.23,active
11594,23,3,0,0,520,6789991,6790510,5.2,rest
11595,23,3,2,3,436,6790511,6790946,4.36,active
11596,23,3,0,0,365,6790947,6791311,3.65,rest
11597,23,3,2,4,407,6791312,6791718,4.07,active
11598,23,3,0,0,452,6791719,6792170,4.52,rest
11599,23,3,2,5,372,6792171,6792542,3.72,active
11600,23,3,0,0,458,6792543,6793000,4.58,rest
11601,23,3,2,6,443,6793001,6793443,4.43,active
11602,23,3,0,0,409,6793444,6793852,4.09,rest
11603,23,3,2,7,394,6793853,6794246,3.94,active
11604,23,3,0,0,437,6794247,6794683,4.37,rest
11605,23,3,2,8,402,6794684,6795085,4.02,active
11606,23,3,0,0,427,6795086,6795512,4.27,rest
11607,23,3,2,9,427,6795513,6795939,4.27,active
11608,23,3,0,0,458,6795940,6796397,4.58,rest
11609,23,3,2,10,345,6796398,6796742,3.45,active
11610,23,3,0,0,1143,6796743,6797885,11.43,rest
11611,23,3,3,1,426,6797886,6798311,4.26,active
11612,23,3,0,0,352,6798312,6798663,3.52,rest
11613,23,3,3,2,355,6798664,6799018,3.55,active
11614,23,3,0,0,434,6799019,6799452,4.34,rest
11615,23,3,3,3,409,6799453,6799861,4.09,active
11616,23,3,0,0,486,6799862,6800347,4.86,rest
11617,23,3,3,4,359,6800348,6800706,3.59,active
11618,23,3,0,0,400,6800707,6801106,4.0,rest
11619,23,3,3,5,412,6801107,6801518,4.12,active
11620,23,3,0,0,491,6801519,6802009,4.91,rest
11621,23,3,3,6,341,6802010,6802350,3.41,active
11622,23,3,0,0,488,6802351,6802838,4.88,rest
11623,23,3,3,7,387,6802839,6803225,3.87,active
11624,23,3,0,0,486,6803226,6803711,4.86,rest
11625,23,3,3,8,364,6803712,6804075,3.64,active
11626,23,3,0,0,497,6804076,6804572,4.97,rest
11627,23,3,3,9,455,6804573,6805027,4.55,active
11628,23,3,0,0,333,6805028,6805360,3.33,rest
11629,23,3,3,10,366,6805361,6805726,3.66,active
11630,23,3,0,0,1346,6805727,6807072,13.46,rest
11631,23,3,4,1,451,6807073,6807523,4.51,active
11632,23,3,0,0,370,6807524,6807893,3.7,rest
11633,23,3,4,2,411,6807894,6808304,4.11,active
11634,23,3,0,0,444,6808305,6808748,4.44,rest
11635,23,3,4,3,357,6808749,6809105,3.57,active
11636,23,3,0,0,452,6809106,6809557,4.52,rest
11637,23,3,4,4,353,6809558,6809910,3.53,active
11638,23,3,0,0,475,6809911,6810385,4.75,rest
11639,23,3,4,5,434,6810386,6810819,4.34,active
11640,23,3,0,0,401,6810820,6811220,4.01,rest
11641,23,3,4,6,484,6811221,6811704,4.84,active
11642,23,3,0,0,350,6811705,6812054,3.5,rest
11643,23,3,4,7,410,6812055,6812464,4.1,active
11644,23,3,0,0,458,6812465,6812922,4.58,rest
11645,23,3,4,8,432,6812923,6813354,4.32,active
11646,23,3,0,0,411,6813355,6813765,4.11,rest
11647,23,3,4,9,507,6813766,6814272,5.07,active
11648,23,3,0,0,333,6814273,6814605,3.33,rest
11649,23,3,4,10,430,6814606,6815035,4.3,active
11650,23,3,0,0,1191,6815036,6816226,11.91,rest
11651,23,3,5,1,322,6816227,6816548,3.22,active
11652,23,3,0,0,368,6816549,6816916,3.68,rest
11653,23,3,5,2,464,6816917,6817380,4.64,active
11654,23,3,0,0,455,6817381,6817835,4.55,rest
11655,23,3,5,3,410,6817836,6818245,4.1,active
11656,23,3,0,0,443,6818246,6818688,4.43,rest
11657,23,3,5,4,397,6818689,6819085,3.97,active
11658,23,3,0,0,395,6819086,6819480,3.95,rest
11659,23,3,5,5,455,6819481,6819935,4.55,active
11660,23,3,0,0,399,6819936,6820334,3.99,rest
11661,23,3,5,6,424,6820335,6820758,4.24,active
11662,23,3,0,0,429,6820759,6821187,4.29,rest
11663,23,3,5,7,472,6821188,6821659,4.72,active
11664,23,3,0,0,347,6821660,6822006,3.47,rest
11665,23,3,5,8,436,6822007,6822442,4.36,active
11666,23,3,0,0,408,6822443,6822850,4.08,rest
11667,23,3,5,9,499,6822851,6823349,4.99,active
11668,23,3,0,0,370,6823350,6823719,3.7,rest
11669,23,3,5,10,379,6823720,6824098,3.79,active
11670,23,3,0,0,1990,6824099,6826088,19.9,rest
11671,23,3,6,1,337,6826089,6826425,3.37,active
11672,23,3,0,0,444,6826426,6826869,4.44,rest
11673,23,3,6,2,539,6826870,6827408,5.39,active
11674,23,3,0,0,299,6827409,6827707,2.99,rest
11675,23,3,6,3,342,6827708,6828049,3.42,active
11676,23,3,0,0,471,6828050,6828520,4.71,rest
11677,23,3,6,4,433,6828521,6828953,4.33,active
11678,23,3,0,0,466,6828954,6829419,4.66,rest
11679,23,3,6,5,344,6829420,6829763,3.44,active
11680,23,3,0,0,501,6829764,6830264,5.01,rest
11681,23,3,6,6,377,6830265,6830641,3.77,active
11682,23,3,0,0,421,6830642,6831062,4.21,rest
11683,23,3,6,7,436,6831063,6831498,4.36,active
11684,23,3,0,0,454,6831499,6831952,4.54,rest
11685,23,3,6,8,387,6831953,6832339,3.87,active
11686,23,3,0,0,381,6832340,6832720,3.81,rest
11687,23,3,6,9,529,6832721,6833249,5.29,active
11688,23,3,0,0,317,6833250,6833566,3.17,rest
11689,23,3,6,10,410,6833567,6833976,4.1,active
11690,23,3,0,0,1160,6833977,6835136,11.6,rest
11691,23,3,7,1,360,6835137,6835496,3.6,active
11692,23,3,0,0,598,6835497,6836094,5.98,rest
11693,23,3,7,2,336,6836095,6836430,3.36,active
11694,23,3,0,0,334,6836431,6836764,3.34,rest
11695,23,3,7,3,551,6836765,6837315,5.51,active
11696,23,3,0,0,308,6837316,6837623,3.08,rest
11697,23,3,7,4,448,6837624,6838071,4.48,active
11698,23,3,0,0,410,6838072,6838481,4.1,rest
11699,23,3,7,5,485,6838482,6838966,4.85,active
11700,23,3,0,0,365,6838967,6839331,3.65,rest
11701,23,3,7,6,512,6839332,6839843,5.12,active
11702,23,3,0,0,353,6839844,6840196,3.53,rest
11703,23,3,7,7,243,6840197,6840439,2.43,active
11704,23,3,0,0,830,6840440,6841269,8.3,rest
11705,23,3,7,8,244,6841270,6841513,2.44,active
11706,23,3,0,0,331,6841514,6841844,3.31,rest
11707,23,3,7,9,344,6841845,6842188,3.44,active
11708,23,3,0,0,510,6842189,6842698,5.1,rest
11709,23,3,7,10,362,6842699,6843060,3.62,active
11710,23,3,0,0,519,6843061,6843579,5.19,rest
11711,23,3,8,1,298,6843580,6843877,2.98,active
11712,23,3,0,0,480,6843878,6844357,4.8,rest
11713,23,3,8,2,443,6844358,6844800,4.43,active
11714,23,3,0,0,432,6844801,6845232,4.32,rest
11715,23,3,8,3,441,6845233,6845673,4.41,active
11716,23,3,0,0,434,6845674,6846107,4.34,rest
11717,23,3,8,4,408,6846108,6846515,4.08,active
11718,23,3,0,0,396,6846516,6846911,3.96,rest
11719,23,3,8,5,390,6846912,6847301,3.9,active
11720,23,3,0,0,446,6847302,6847747,4.46,rest
11721,23,3,8,6,494,6847748,6848241,4.94,active
11722,23,3,0,0,429,6848242,6848670,4.29,rest
11723,23,3,8,7,347,6848671,6849017,3.47,active
11724,23,3,0,0,428,6849018,6849445,4.28,rest
11725,23,3,8,8,426,6849446,6849871,4.26,active
11726,23,3,0,0,415,6849872,6850286,4.15,rest
11727,23,3,8,9,379,6850287,6850665,3.79,active
11728,23,3,0,0,445,6850666,6851110,4.45,rest
11729,23,3,8,10,410,6851111,6851520,4.1,active
11730,23,3,0,0,1702,6851521,6853222,17.02,rest
11731,23,3,9,1,349,6853223,6853571,3.49,active
11732,23,3,0,0,408,6853572,6853979,4.08,rest
11733,23,3,9,2,474,6853980,6854453,4.74,active
11734,23,3,0,0,339,6854454,6854792,3.39,rest
11735,23,3,9,3,550,6854793,6855342,5.5,active
11736,23,3,0,0,367,6855343,6855709,3.67,rest
11737,23,3,9,4,395,6855710,6856104,3.95,active
11738,23,3,0,0,465,6856105,6856569,4.65,rest
11739,23,3,9,5,389,6856570,6856958,3.89,active
11740,23,3,0,0,454,6856959,6857412,4.54,rest
11741,23,3,9,6,329,6857413,6857741,3.29,active
11742,23,3,0,0,458,6857742,6858199,4.58,rest
11743,23,3,9,7,437,6858200,6858636,4.37,active
11744,23,3,0,0,396,6858637,6859032,3.96,rest
11745,23,3,9,8,449,6859033,6859481,4.49,active
11746,23,3,0,0,431,6859482,6859912,4.31,rest
11747,23,3,9,9,500,6859913,6860412,5.0,active
11748,23,3,0,0,383,6860413,6860795,3.83,rest
11749,23,3,9,10,482,6860796,6861277,4.82,active
11750,23,3,0,0,947,6861278,6862224,9.47,rest
11751,23,3,10,1,443,6862225,6862667,4.43,active
11752,23,3,0,0,331,6862668,6862998,3.31,rest
11753,23,3,10,2,348,6862999,6863346,3.48,active
11754,23,3,0,0,429,6863347,6863775,4.29,rest
11755,23,3,10,3,373,6863776,6864148,3.73,active
11756,23,3,0,0,550,6864149,6864698,5.5,rest
11757,23,3,10,4,320,6864699,6865018,3.2,active
11758,23,3,0,0,469,6865019,6865487,4.69,rest
11759,23,3,10,5,372,6865488,6865859,3.72,active
11760,23,3,0,0,440,6865860,6866299,4.4,rest
11761,23,3,10,6,439,6866300,6866738,4.39,active
11762,23,3,0,0,451,6866739,6867189,4.51,rest
11763,23,3,10,7,417,6867190,6867606,4.17,active
11764,23,3,0,0,407,6867607,6868013,4.07,rest
11765,23,3,10,8,527,6868014,6868540,5.27,active
11766,23,3,0,0,305,6868541,6868845,3.05,rest
11767,23,3,10,9,473,6868846,6869318,4.73,active
11768,23,3,0,0,378,6869319,6869696,3.78,rest
11769,23,3,10,10,307,6869697,6870003,3.07,active
11770,23,3,0,0,1379,6870004,6871382,13.79,rest
11771,23,3,11,1,317,6871383,6871699,3.17,active
11772,23,3,0,0,434,6871700,6872133,4.34,rest
11773,23,3,11,2,392,6872134,6872525,3.92,active
11774,23,3,0,0,507,6872526,6873032,5.07,rest
11775,23,3,11,3,358,6873033,6873390,3.58,active
11776,23,3,0,0,411,6873391,6873801,4.11,rest
11777,23,3,11,4,528,6873802,6874329,5.28,active
11778,23,3,0,0,388,6874330,6874717,3.88,rest
11779,23,3,11,5,492,6874718,6875209,4.92,active
11780,23,3,0,0,397,6875210,6875606,3.97,rest
11781,23,3,11,6,361,6875607,6875967,3.61,active
11782,23,3,0,0,453,6875968,6876420,4.53,rest
11783,23,3,11,7,467,6876421,6876887,4.67,active
11784,23,3,0,0,330,6876888,6877217,3.3,rest
11785,23,3,11,8,547,6877218,6877764,5.47,active
11786,23,3,0,0,363,6877765,6878127,3.63,rest
11787,23,3,11,9,479,6878128,6878606,4.79,active
11788,23,3,0,0,307,6878607,6878913,3.07,rest
11789,23,3,11,10,415,6878914,6879328,4.15,active
11790,23,3,0,0,1992,6879329,6881320,19.92,rest
11791,23,3,12,1,333,6881321,6881653,3.33,active
11792,23,3,0,0,424,6881654,6882077,4.24,rest
11793,23,3,12,2,292,6882078,6882369,2.92,active
11794,23,3,0,0,575,6882370,6882944,5.75,rest
11795,23,3,12,3,242,6882945,6883186,2.42,active
11796,23,3,0,0,610,6883187,6883796,6.1,rest
11797,23,3,12,4,362,6883797,6884158,3.62,active
11798,23,3,0,0,367,6884159,6884525,3.67,rest
11799,23,3,12,5,474,6884526,6884999,4.74,active
11800,23,3,0,0,463,6885000,6885462,4.63,rest
11801,23,3,12,6,298,6885463,6885760,2.98,active
11802,23,3,0,0,572,6885761,6886332,5.72,rest
11803,23,3,12,7,226,6886333,6886558,2.26,active
11804,23,3,0,0,556,6886559,6887114,5.56,rest
11805,23,3,12,8,270,6887115,6887384,2.7,active
11806,23,3,0,0,582,6887385,6887966,5.82,rest
11807,23,3,12,9,482,6887967,6888448,4.82,active
11808,23,3,0,0,405,6888449,6888853,4.05,rest
11809,23,3,12,10,298,6888854,6889151,2.98,active
11810,23,3,0,0,2793,6889152,6891944,27.93,rest
11811,23,3,13,1,522,6891945,6892466,5.22,active
11812,23,3,0,0,388,6892467,6892854,3.88,rest
11813,23,3,13,2,448,6892855,6893302,4.48,active
11814,23,3,0,0,410,6893303,6893712,4.1,rest
11815,23,3,13,3,372,6893713,6894084,3.72,active
11816,23,3,0,0,470,6894085,6894554,4.7,rest
11817,23,3,13,4,268,6894555,6894822,2.68,active
11818,23,3,0,0,575,6894823,6895397,5.75,rest
11819,23,3,13,5,185,6895398,6895582,1.85,active
11820,23,3,0,0,616,6895583,6896198,6.16,rest
11821,23,3,13,6,369,6896199,6896567,3.69,active
11822,23,3,0,0,369,6896568,6896936,3.69,rest
11823,23,3,13,7,509,6896937,6897445,5.09,active
11824,23,3,0,0,371,6897446,6897816,3.71,rest
11825,23,3,13,8,532,6897817,6898348,5.32,active
11826,23,3,0,0,373,6898349,6898721,3.73,rest
11827,23,3,13,9,386,6898722,6899107,3.86,active
11828,23,3,0,0,336,6899108,6899443,3.36,rest
11829,23,3,13,10,434,6899444,6899877,4.34,active
11830,23,3,0,0,1097,6899878,6900974,10.97,rest
11831,23,3,14,1,500,6900975,6901474,5.0,active
11832,23,3,0,0,369,6901475,6901843,3.69,rest
11833,23,3,14,2,474,6901844,6902317,4.74,active
11834,23,3,0,0,398,6902318,6902715,3.98,rest
11835,23,3,14,3,441,6902716,6903156,4.41,active
11836,23,3,0,0,260,6903157,6903416,2.6,rest
11837,23,3,14,4,493,6903417,6903909,4.93,active
11838,23,3,0,0,536,6903910,6904445,5.36,rest
11839,23,3,14,5,297,6904446,6904742,2.97,active
11840,23,3,0,0,478,6904743,6905220,4.78,rest
11841,23,3,14,6,355,6905221,6905575,3.55,active
11842,23,3,0,0,473,6905576,6906048,4.73,rest
11843,23,3,14,7,355,6906049,6906403,3.55,active
11844,23,3,0,0,536,6906404,6906939,5.36,rest
11845,23,3,14,8,316,6906940,6907255,3.16,active
11846,23,3,0,0,570,6907256,6907825,5.7,rest
11847,23,3,14,9,307,6907826,6908132,3.07,active
11848,23,3,0,0,395,6908133,6908527,3.95,rest
11849,23,3,14,10,508,6908528,6909035,5.08,active
11850,23,3,0,0,830,6909036,6909865,8.3,rest
11851,23,3,15,1,539,6909866,6910404,5.39,active
11852,23,3,0,0,370,6910405,6910774,3.7,rest
11853,23,3,15,2,428,6910775,6911202,4.28,active
11854,23,3,0,0,302,6911203,6911504,3.02,rest
11855,23,3,15,3,461,6911505,6911965,4.61,active
11856,23,3,0,0,455,6911966,6912420,4.55,rest
11857,23,3,15,4,407,6912421,6912827,4.07,active
11858,23,3,0,0,551,6912828,6913378,5.51,rest
11859,23,3,15,5,375,6913379,6913753,3.75,active
11860,23,3,0,0,391,6913754,6914144,3.91,rest
11861,23,3,15,6,405,6914145,6914549,4.05,active
11862,23,3,0,0,416,6914550,6914965,4.16,rest
11863,23,3,15,7,370,6914966,6915335,3.7,active
11864,23,3,0,0,403,6915336,6915738,4.03,rest
11865,23,3,15,8,477,6915739,6916215,4.77,active
11866,23,3,0,0,367,6916216,6916582,3.67,rest
11867,23,3,15,9,458,6916583,6917040,4.58,active
11868,23,3,0,0,464,6917041,6917504,4.64,rest
11869,23,3,15,10,379,6917505,6917883,3.79,active
11870,23,3,0,0,937,6917884,6918820,9.37,rest
11871,23,3,16,1,530,6918821,6919350,5.3,active
11872,23,3,0,0,339,6919351,6919689,3.39,rest
11873,23,3,16,2,322,6919690,6920011,3.22,active
11874,23,3,0,0,520,6920012,6920531,5.2,rest
11875,23,3,16,3,305,6920532,6920836,3.05,active
11876,23,3,0,0,574,6920837,6921410,5.74,rest
11877,23,3,16,4,475,6921411,6921885,4.75,active
11878,23,3,0,0,316,6921886,6922201,3.16,rest
11879,23,3,16,5,453,6922202,6922654,4.53,active
11880,23,3,0,0,443,6922655,6923097,4.43,rest
11881,23,3,16,6,454,6923098,6923551,4.54,active
11882,23,3,0,0,394,6923552,6923945,3.94,rest
11883,23,3,16,7,214,6923946,6924159,2.14,active
11884,23,3,0,0,591,6924160,6924750,5.91,rest
11885,23,3,16,8,334,6924751,6925084,3.34,active
11886,23,3,0,0,521,6925085,6925605,5.21,rest
11887,23,3,16,9,416,6925606,6926021,4.16,active
11888,23,3,0,0,323,6926022,6926344,3.23,rest
11889,23,3,16,10,493,6926345,6926837,4.93,active
11890,23,3,0,0,1193,6926838,6928030,11.93,rest
11891,23,3,17,1,401,6928031,6928431,4.01,active
11892,23,3,0,0,309,6928432,6928740,3.09,rest
11893,23,3,17,2,542,6928741,6929282,5.42,active
11894,23,3,0,0,330,6929283,6929612,3.3,rest
11895,23,3,17,3,470,6929613,6930082,4.7,active
11896,23,3,0,0,334,6930083,6930416,3.34,rest
11897,23,3,17,4,541,6930417,6930957,5.41,active
11898,23,3,0,0,272,6930958,6931229,2.72,rest
11899,23,3,17,5,519,6931230,6931748,5.19,active
11900,23,3,0,0,716,6931749,6932464,7.16,rest
11901,23,3,17,6,189,6932465,6932653,1.89,active
11902,23,3,0,0,656,6932654,6933309,6.56,rest
11903,23,3,17,7,185,6933310,6933494,1.85,active
11904,23,3,0,0,296,6933495,6933790,2.96,rest
11905,23,3,17,8,423,6933791,6934213,4.23,active
11906,23,3,0,0,433,6934214,6934646,4.33,rest
11907,23,3,17,9,516,6934647,6935162,5.16,active
11908,23,3,0,0,277,6935163,6935439,2.77,rest
11909,23,3,17,10,493,6935440,6935932,4.93,active
11910,23,3,0,0,1356,6935933,6937288,13.56,rest
11911,23,3,18,1,349,6937289,6937637,3.49,active
11912,23,3,0,0,397,6937638,6938034,3.97,rest
11913,23,3,18,2,373,6938035,6938407,3.73,active
11914,23,3,0,0,408,6938408,6938815,4.08,rest
11915,23,3,18,3,328,6938816,6939143,3.28,active
11916,23,3,0,0,552,6939144,6939695,5.52,rest
11917,23,3,18,4,313,6939696,6940008,3.13,active
11918,23,3,0,0,490,6940009,6940498,4.9,rest
11919,23,3,18,5,308,6940499,6940806,3.08,active
11920,23,3,0,0,589,6940807,6941395,5.89,rest
11921,23,3,18,6,262,6941396,6941657,2.62,active
11922,23,3,0,0,584,6941658,6942241,5.84,rest
11923,23,3,18,7,289,6942242,6942530,2.89,active
11924,23,3,0,0,570,6942531,6943100,5.7,rest
11925,23,3,18,8,303,6943101,6943403,3.03,active
11926,23,3,0,0,483,6943404,6943886,4.83,rest
11927,23,3,18,9,283,6943887,6944169,2.83,active
11928,23,3,0,0,540,6944170,6944709,5.4,rest
11929,23,3,18,10,324,6944710,6945033,3.24,active
11930,23,3,0,0,848,6945034,6945881,8.48,rest
11931,23,3,19,1,488,6945882,6946369,4.88,active
11932,23,3,0,0,425,6946370,6946794,4.25,rest
11933,23,3,19,2,407,6946795,6947201,4.07,active
11934,23,3,0,0,391,6947202,6947592,3.91,rest
11935,23,3,19,3,393,6947593,6947985,3.93,active
11936,23,3,0,0,474,6947986,6948459,4.74,rest
11937,23,3,19,4,385,6948460,6948844,3.85,active
11938,23,3,0,0,407,6948845,6949251,4.07,rest
11939,23,3,19,5,434,6949252,6949685,4.34,active
11940,23,3,0,0,438,6949686,6950123,4.38,rest
11941,23,3,19,6,470,6950124,6950593,4.7,active
11942,23,3,0,0,343,6950594,6950936,3.43,rest
11943,23,3,19,7,441,6950937,6951377,4.41,active
11944,23,3,0,0,427,6951378,6951804,4.27,rest
11945,23,3,19,8,551,6951805,6952355,5.51,active
11946,23,3,0,0,278,6952356,6952633,2.78,rest
11947,23,3,19,9,416,6952634,6953049,4.16,active
11948,23,3,0,0,447,6953050,6953496,4.47,rest
11949,23,3,19,10,357,6953497,6953853,3.57,active
11950,23,3,0,0,1475,6953854,6955328,14.75,rest
11951,23,3,20,1,465,6955329,6955793,4.65,active
11952,23,3,0,0,378,6955794,6956171,3.78,rest
11953,23,3,20,2,385,6956172,6956556,3.85,active
11954,23,3,0,0,375,6956557,6956931,3.75,rest
11955,23,3,20,3,513,6956932,6957444,5.13,active
11956,23,3,0,0,320,6957445,6957764,3.2,rest
11957,23,3,20,4,520,6957765,6958284,5.2,active
11958,23,3,0,0,288,6958285,6958572,2.88,rest
11959,23,3,20,5,500,6958573,6959072,5.0,active
11960,23,3,0,0,369,6959073,6959441,3.69,rest
11961,23,3,20,6,490,6959442,6959931,4.9,active
11962,23,3,0,0,453,6959932,6960384,4.53,rest
11963,23,3,20,7,324,6960385,6960708,3.24,active
11964,23,3,0,0,419,6960709,6961127,4.19,rest
11965,23,3,20,8,410,6961128,6961537,4.1,active
11966,23,3,0,0,476,6961538,6962013,4.76,rest
11967,23,3,20,9,438,6962014,6962451,4.38,active
11968,23,3,0,0,383,6962452,6962834,3.83,rest
11969,23,3,20,10,441,6962835,6963275,4.41,active
11970,23,3,0,0,5137,6963276,6968412,51.37,rest
11971,23,3,21,1,426,6968413,6968838,4.26,active
11972,23,3,0,0,373,6968839,6969211,3.73,rest
11973,23,3,21,2,464,6969212,6969675,4.64,active
11974,23,3,0,0,435,6969676,6970110,4.35,rest
11975,23,3,21,3,328,6970111,6970438,3.28,active
11976,23,3,0,0,506,6970439,6970944,5.06,rest
11977,23,3,21,4,371,6970945,6971315,3.71,active
11978,23,3,0,0,446,6971316,6971761,4.46,rest
11979,23,3,21,5,435,6971762,6972196,4.35,active
11980,23,3,0,0,482,6972197,6972678,4.82,rest
11981,23,3,21,6,357,6972679,6973035,3.57,active
11982,23,3,0,0,460,6973036,6973495,4.6,rest
11983,23,3,21,7,382,6973496,6973877,3.82,active
11984,23,3,0,0,334,6973878,6974211,3.34,rest
11985,23,3,21,8,363,6974212,6974574,3.63,active
11986,23,3,0,0,561,6974575,6975135,5.61,rest
11987,23,3,21,9,422,6975136,6975557,4.22,active
11988,23,3,0,0,418,6975558,6975975,4.18,rest
11989,23,3,21,10,402,6975976,6976377,4.02,active
11990,23,3,0,0,4922,6976378,6981299,49.22,rest
11991,23,3,22,1,482,6981300,6981781,4.82,active
11992,23,3,0,0,351,6981782,6982132,3.51,rest
11993,23,3,22,2,412,6982133,6982544,4.12,active
11994,23,3,0,0,414,6982545,6982958,4.14,rest
11995,23,3,22,3,450,6982959,6983408,4.5,active
11996,23,3,0,0,351,6983409,6983759,3.51,rest
11997,23,3,22,4,526,6983760,6984285,5.26,active
11998,23,3,0,0,339,6984286,6984624,3.39,rest
11999,23,3,22,5,440,6984625,6985064,4.4,active
12000,23,3,0,0,396,6985065,6985460,3.96,rest
12001,23,3,22,6,467,6985461,6985927,4.67,active
12002,23,3,0,0,357,6985928,6986284,3.57,rest
12003,23,3,22,7,455,6986285,6986739,4.55,active
12004,23,3,0,0,371,6986740,6987110,3.71,rest
12005,23,3,22,8,420,6987111,6987530,4.2,active
12006,23,3,0,0,392,6987531,6987922,3.92,rest
12007,23,3,22,9,501,6987923,6988423,5.01,active
12008,23,3,0,0,369,6988424,6988792,3.69,rest
12009,23,3,22,10,456,6988793,6989248,4.56,active
12010,23,3,0,0,3458,6989249,6992706,34.58,rest
12011,23,3,23,1,492,6992707,6993198,4.92,active
12012,23,3,0,0,284,6993199,6993482,2.84,rest
12013,23,3,23,2,545,6993483,6994027,5.45,active
12014,23,3,0,0,292,6994028,6994319,2.92,rest
12015,23,3,23,3,483,6994320,6994802,4.83,active
12016,23,3,0,0,400,6994803,6995202,4.0,rest
12017,23,3,23,4,497,6995203,6995699,4.97,active
12018,23,3,0,0,374,6995700,6996073,3.74,rest
12019,23,3,23,5,457,6996074,6996530,4.57,active
12020,23,3,0,0,303,6996531,6996833,3.03,rest
12021,23,3,23,6,507,6996834,6997340,5.07,active
12022,23,3,0,0,339,6997341,6997679,3.39,rest
12023,23,3,23,7,498,6997680,6998177,4.98,active
12024,23,3,0,0,337,6998178,6998514,3.37,rest
12025,23,3,23,8,510,6998515,6999024,5.1,active
12026,23,3,0,0,402,6999025,6999426,4.02,rest
12027,23,3,23,9,444,6999427,6999870,4.44,active
12028,23,3,0,0,319,6999871,7000189,3.19,rest
12029,23,3,23,10,503,7000190,7000692,5.03,active
12030,23,3,0,0,300,7000693,7000992,3.0,rest
12031,24,2,0,0,501,7102691,7103191,5.01,rest
12032,24,2,1,1,333,7103192,7103524,3.33,active
12033,24,2,0,0,461,7103525,7103985,4.61,rest
12034,24,2,1,2,417,7103986,7104402,4.17,active
12035,24,2,0,0,414,7104403,7104816,4.14,rest
12036,24,2,1,3,392,7104817,7105208,3.92,active
12037,24,2,0,0,423,7105209,7105631,4.23,rest
12038,24,2,1,4,397,7105632,7106028,3.97,active
12039,24,2,0,0,451,7106029,7106479,4.51,rest
12040,24,2,1,5,399,7106480,7106878,3.99,active
12041,24,2,0,0,444,7106879,7107322,4.44,rest
12042,24,2,1,6,411,7107323,7107733,4.11,active
12043,24,2,0,0,398,7107734,7108131,3.98,rest
12044,24,2,1,7,438,7108132,7108569,4.38,active
12045,24,2,0,0,412,7108570,7108981,4.12,rest
12046,24,2,1,8,407,7108982,7109388,4.07,active
12047,24,2,0,0,437,7109389,7109825,4.37,rest
12048,24,2,1,9,425,7109826,7110250,4.25,active
12049,24,2,0,0,418,7110251,7110668,4.18,rest
12050,24,2,1,10,368,7110669,7111036,3.68,active
12051,24,2,0,0,544,7111037,7111580,5.44,rest
12052,24,2,2,1,400,7111581,7111980,4.0,active
12053,24,2,0,0,408,7111981,7112388,4.08,rest
12054,24,2,2,2,357,7112389,7112745,3.57,active
12055,24,2,0,0,540,7112746,7113285,5.4,rest
12056,24,2,2,3,397,7113286,7113682,3.97,active
12057,24,2,0,0,452,7113683,7114134,4.52,rest
12058,24,2,2,4,291,7114135,7114425,2.91,active
12059,24,2,0,0,471,7114426,7114896,4.71,rest
12060,24,2,2,5,451,7114897,7115347,4.51,active
12061,24,2,0,0,450,7115348,7115797,4.5,rest
12062,24,2,2,6,331,7115798,7116128,3.31,active
12063,24,2,0,0,526,7116129,7116654,5.26,rest
12064,24,2,2,7,268,7116655,7116922,2.68,active
12065,24,2,0,0,566,7116923,7117488,5.66,rest
12066,24,2,2,8,369,7117489,7117857,3.69,active
12067,24,2,0,0,493,7117858,7118350,4.93,rest
12068,24,2,2,9,380,7118351,7118730,3.8,active
12069,24,2,0,0,424,7118731,7119154,4.24,rest
12070,24,2,2,10,229,7119155,7119383,2.29,active
12071,24,2,0,0,621,7119384,7120004,6.21,rest
12072,24,2,3,1,392,7120005,7120396,3.92,active
12073,24,2,0,0,419,7120397,7120815,4.19,rest
12074,24,2,3,2,414,7120816,7121229,4.14,active
12075,24,2,0,0,447,7121230,7121676,4.47,rest
12076,24,2,3,3,335,7121677,7122011,3.35,active
12077,24,2,0,0,517,7122012,7122528,5.17,rest
12078,24,2,3,4,408,7122529,7122936,4.08,active
12079,24,2,0,0,425,7122937,7123361,4.25,rest
12080,24,2,3,5,315,7123362,7123676,3.15,active
12081,24,2,0,0,510,7123677,7124186,5.1,rest
12082,24,2,3,6,337,7124187,7124523,3.37,active
12083,24,2,0,0,547,7124524,7125070,5.47,rest
12084,24,2,3,7,336,7125071,7125406,3.36,active
12085,24,2,0,0,466,7125407,7125872,4.66,rest
12086,24,2,3,8,370,7125873,7126242,3.7,active
12087,24,2,0,0,468,7126243,7126710,4.68,rest
12088,24,2,3,9,409,7126711,7127119,4.09,active
12089,24,2,0,0,429,7127120,7127548,4.29,rest
12090,24,2,3,10,455,7127549,7128003,4.55,active
12091,24,2,0,0,488,7128004,7128491,4.88,rest
12092,24,2,4,1,397,7128492,7128888,3.97,active
12093,24,2,0,0,385,7128889,7129273,3.85,rest
12094,24,2,4,2,445,7129274,7129718,4.45,active
12095,24,2,0,0,414,7129719,7130132,4.14,rest
12096,24,2,4,3,361,7130133,7130493,3.61,active
12097,24,2,0,0,464,7130494,7130957,4.64,rest
12098,24,2,4,4,397,7130958,7131354,3.97,active
12099,24,2,0,0,494,7131355,7131848,4.94,rest
12100,24,2,4,5,326,7131849,7132174,3.26,active
12101,24,2,0,0,461,7132175,7132635,4.61,rest
12102,24,2,4,6,357,7132636,7132992,3.57,active
12103,24,2,0,0,496,7132993,7133488,4.96,rest
12104,24,2,4,7,369,7133489,7133857,3.69,active
12105,24,2,0,0,528,7133858,7134385,5.28,rest
12106,24,2,4,8,297,7134386,7134682,2.97,active
12107,24,2,0,0,504,7134683,7135186,5.04,rest
12108,24,2,4,9,399,7135187,7135585,3.99,active
12109,24,2,0,0,440,7135586,7136025,4.4,rest
12110,24,2,4,10,389,7136026,7136414,3.89,active
12111,24,2,0,0,613,7136415,7137027,6.13,rest
12112,24,2,5,1,195,7137028,7137222,1.95,active
12113,24,2,0,0,560,7137223,7137782,5.6,rest
12114,24,2,5,2,242,7137783,7138024,2.42,active
12115,24,2,0,0,596,7138025,7138620,5.96,rest
12116,24,2,5,3,277,7138621,7138897,2.77,active
12117,24,2,0,0,567,7138898,7139464,5.67,rest
12118,24,2,5,4,226,7139465,7139690,2.26,active
12119,24,2,0,0,599,7139691,7140289,5.99,rest
12120,24,2,5,5,264,7140290,7140553,2.64,active
12121,24,2,0,0,621,7140554,7141174,6.21,rest
12122,24,2,5,6,237,7141175,7141411,2.37,active
12123,24,2,0,0,571,7141412,7141982,5.71,rest
12124,24,2,5,7,239,7141983,7142221,2.39,active
12125,24,2,0,0,584,7142222,7142805,5.84,rest
12126,24,2,5,8,358,7142806,7143163,3.58,active
12127,24,2,0,0,482,7143164,7143645,4.82,rest
12128,24,2,5,9,259,7143646,7143904,2.59,active
12129,24,2,0,0,601,7143905,7144505,6.01,rest
12130,24,2,5,10,259,7144506,7144764,2.59,active
12131,24,2,0,0,665,7144765,7145429,6.65,rest
12132,24,2,6,1,253,7145430,7145682,2.53,active
12133,24,2,0,0,538,7145683,7146220,5.38,rest
12134,24,2,6,2,307,7146221,7146527,3.07,active
12135,24,2,0,0,537,7146528,7147064,5.37,rest
12136,24,2,6,3,307,7147065,7147371,3.07,active
12137,24,2,0,0,486,7147372,7147857,4.86,rest
12138,24,2,6,4,350,7147858,7148207,3.5,active
12139,24,2,0,0,527,7148208,7148734,5.27,rest
12140,24,2,6,5,276,7148735,7149010,2.76,active
12141,24,2,0,0,558,7149011,7149568,5.58,rest
12142,24,2,6,6,214,7149569,7149782,2.14,active
12143,24,2,0,0,593,7149783,7150375,5.93,rest
12144,24,2,6,7,310,7150376,7150685,3.1,active
12145,24,2,0,0,541,7150686,7151226,5.41,rest
12146,24,2,6,8,281,7151227,7151507,2.81,active
12147,24,2,0,0,591,7151508,7152098,5.91,rest
12148,24,2,6,9,236,7152099,7152334,2.36,active
12149,24,2,0,0,627,7152335,7152961,6.27,rest
12150,24,2,6,10,258,7152962,7153219,2.58,active
12151,24,2,0,0,641,7153220,7153860,6.41,rest
12152,24,2,7,1,291,7153861,7154151,2.91,active
12153,24,2,0,0,544,7154152,7154695,5.44,rest
12154,24,2,7,2,394,7154696,7155089,3.94,active
12155,24,2,0,0,326,7155090,7155415,3.26,rest
12156,24,2,7,3,478,7155416,7155893,4.78,active
12157,24,2,0,0,392,7155894,7156285,3.92,rest
12158,24,2,7,4,462,7156286,7156747,4.62,active
12159,24,2,0,0,385,7156748,7157132,3.85,rest
12160,24,2,7,5,471,7157133,7157603,4.71,active
12161,24,2,0,0,458,7157604,7158061,4.58,rest
12162,24,2,7,6,253,7158062,7158314,2.53,active
12163,24,2,0,0,578,7158315,7158892,5.78,rest
12164,24,2,7,7,251,7158893,7159143,2.51,active
12165,24,2,0,0,638,7159144,7159781,6.38,rest
12166,24,2,7,8,260,7159782,7160041,2.6,active
12167,24,2,0,0,467,7160042,7160508,4.67,rest
12168,24,2,7,9,432,7160509,7160940,4.32,active
12169,24,2,0,0,434,7160941,7161374,4.34,rest
12170,24,2,7,10,425,7161375,7161799,4.25,active
12171,24,2,0,0,524,7161800,7162323,5.24,rest
12172,24,2,8,1,246,7162324,7162569,2.46,active
12173,24,2,0,0,570,7162570,7163139,5.7,rest
12174,24,2,8,2,239,7163140,7163378,2.39,active
12175,24,2,0,0,617,7163379,7163995,6.17,rest
12176,24,2,8,3,227,7163996,7164222,2.27,active
12177,24,2,0,0,585,7164223,7164807,5.85,rest
12178,24,2,8,4,222,7164808,7165029,2.22,active
12179,24,2,0,0,651,7165030,7165680,6.51,rest
12180,24,2,8,5,409,7165681,7166089,4.09,active
12181,24,2,0,0,448,7166090,7166537,4.48,rest
12182,24,2,8,6,196,7166538,7166733,1.96,active
12183,24,2,0,0,660,7166734,7167393,6.6,rest
12184,24,2,8,7,339,7167394,7167732,3.39,active
12185,24,2,0,0,462,7167733,7168194,4.62,rest
12186,24,2,8,8,315,7168195,7168509,3.15,active
12187,24,2,0,0,516,7168510,7169025,5.16,rest
12188,24,2,8,9,409,7169026,7169434,4.09,active
12189,24,2,0,0,460,7169435,7169894,4.6,rest
12190,24,2,8,10,254,7169895,7170148,2.54,active
12191,24,2,0,0,653,7170149,7170801,6.53,rest
12192,24,2,9,1,391,7170802,7171192,3.91,active
12193,24,2,0,0,408,7171193,7171600,4.08,rest
12194,24,2,9,2,397,7171601,7171997,3.97,active
12195,24,2,0,0,475,7171998,7172472,4.75,rest
12196,24,2,9,3,267,7172473,7172739,2.67,active
12197,24,2,0,0,547,7172740,7173286,5.47,rest
12198,24,2,9,4,335,7173287,7173621,3.35,active
12199,24,2,0,0,509,7173622,7174130,5.09,rest
12200,24,2,9,5,312,7174131,7174442,3.12,active
12201,24,2,0,0,537,7174443,7174979,5.37,rest
12202,24,2,9,6,298,7174980,7175277,2.98,active
12203,24,2,0,0,531,7175278,7175808,5.31,rest
12204,24,2,9,7,330,7175809,7176138,3.3,active
12205,24,2,0,0,492,7176139,7176630,4.92,rest
12206,24,2,9,8,316,7176631,7176946,3.16,active
12207,24,2,0,0,525,7176947,7177471,5.25,rest
12208,24,2,9,9,306,7177472,7177777,3.06,active
12209,24,2,0,0,566,7177778,7178343,5.66,rest
12210,24,2,9,10,338,7178344,7178681,3.38,active
12211,24,2,0,0,472,7178682,7179153,4.72,rest
12212,24,2,10,1,329,7179154,7179482,3.29,active
12213,24,2,0,0,474,7179483,7179956,4.74,rest
12214,24,2,10,2,367,7179957,7180323,3.67,active
12215,24,2,0,0,503,7180324,7180826,5.03,rest
12216,24,2,10,3,342,7180827,7181168,3.42,active
12217,24,2,0,0,464,7181169,7181632,4.64,rest
12218,24,2,10,4,360,7181633,7181992,3.6,active
12219,24,2,0,0,467,7181993,7182459,4.67,rest
12220,24,2,10,5,328,7182460,7182787,3.28,active
12221,24,2,0,0,562,7182788,7183349,5.62,rest
12222,24,2,10,6,353,7183350,7183702,3.53,active
12223,24,2,0,0,463,7183703,7184165,4.63,rest
12224,24,2,10,7,331,7184166,7184496,3.31,active
12225,24,2,0,0,506,7184497,7185002,5.06,rest
12226,24,2,10,8,329,7185003,7185331,3.29,active
12227,24,2,0,0,515,7185332,7185846,5.15,rest
12228,24,2,10,9,316,7185847,7186162,3.16,active
12229,24,2,0,0,498,7186163,7186660,4.98,rest
12230,24,2,10,10,386,7186661,7187046,3.86,active
12231,24,2,0,0,506,7187047,7187552,5.06,rest
12232,24,2,11,1,479,7187553,7188031,4.79,active
12233,24,2,0,0,347,7188032,7188378,3.47,rest
12234,24,2,11,2,408,7188379,7188786,4.08,active
12235,24,2,0,0,445,7188787,7189231,4.45,rest
12236,24,2,11,3,417,7189232,7189648,4.17,active
12237,24,2,0,0,415,7189649,7190063,4.15,rest
12238,24,2,11,4,372,7190064,7190435,3.72,active
12239,24,2,0,0,472,7190436,7190907,4.72,rest
12240,24,2,11,5,435,7190908,7191342,4.35,active
12241,24,2,0,0,403,7191343,7191745,4.03,rest
12242,24,2,11,6,376,7191746,7192121,3.76,active
12243,24,2,0,0,500,7192122,7192621,5.0,rest
12244,24,2,11,7,407,7192622,7193028,4.07,active
12245,24,2,0,0,376,7193029,7193404,3.76,rest
12246,24,2,11,8,472,7193405,7193876,4.72,active
12247,24,2,0,0,388,7193877,7194264,3.88,rest
12248,24,2,11,9,387,7194265,7194651,3.87,active
12249,24,2,0,0,439,7194652,7195090,4.39,rest
12250,24,2,11,10,447,7195091,7195537,4.47,active
12251,24,2,0,0,480,7195538,7196017,4.8,rest
12252,24,2,12,1,303,7196018,7196320,3.03,active
12253,24,2,0,0,453,7196321,7196773,4.53,rest
12254,24,2,12,2,383,7196774,7197156,3.83,active
12255,24,2,0,0,489,7197157,7197645,4.89,rest
12256,24,2,12,3,360,7197646,7198005,3.6,active
12257,24,2,0,0,480,7198006,7198485,4.8,rest
12258,24,2,12,4,423,7198486,7198908,4.23,active
12259,24,2,0,0,424,7198909,7199332,4.24,rest
12260,24,2,12,5,357,7199333,7199689,3.57,active
12261,24,2,0,0,467,7199690,7200156,4.67,rest
12262,24,2,12,6,387,7200157,7200543,3.87,active
12263,24,2,0,0,466,7200544,7201009,4.66,rest
12264,24,2,12,7,373,7201010,7201382,3.73,active
12265,24,2,0,0,462,7201383,7201844,4.62,rest
12266,24,2,12,8,330,7201845,7202174,3.3,active
12267,24,2,0,0,520,7202175,7202694,5.2,rest
12268,24,2,12,9,357,7202695,7203051,3.57,active
12269,24,2,0,0,464,7203052,7203515,4.64,rest
12270,24,2,12,10,426,7203516,7203941,4.26,active
12271,24,2,0,0,455,7203942,7204396,4.55,rest
12272,24,2,13,1,425,7204397,7204821,4.25,active
12273,24,2,0,0,403,7204822,7205224,4.03,rest
12274,24,2,13,2,396,7205225,7205620,3.96,active
12275,24,2,0,0,489,7205621,7206109,4.89,rest
12276,24,2,13,3,385,7206110,7206494,3.85,active
12277,24,2,0,0,444,7206495,7206938,4.44,rest
12278,24,2,13,4,412,7206939,7207350,4.12,active
12279,24,2,0,0,399,7207351,7207749,3.99,rest
12280,24,2,13,5,420,7207750,7208169,4.2,active
12281,24,2,0,0,494,7208170,7208663,4.94,rest
12282,24,2,13,6,412,7208664,7209075,4.12,active
12283,24,2,0,0,350,7209076,7209425,3.5,rest
12284,24,2,13,7,446,7209426,7209871,4.46,active
12285,24,2,0,0,394,7209872,7210265,3.94,rest
12286,24,2,13,8,396,7210266,7210661,3.96,active
12287,24,2,0,0,489,7210662,7211150,4.89,rest
12288,24,2,13,9,371,7211151,7211521,3.71,active
12289,24,2,0,0,523,7211522,7212044,5.23,rest
12290,24,2,13,10,366,7212045,7212410,3.66,active
12291,24,2,0,0,448,7212411,7212858,4.48,rest
12292,24,2,14,1,315,7212859,7213173,3.15,active
12293,24,2,0,0,485,7213174,7213658,4.85,rest
12294,24,2,14,2,351,7213659,7214009,3.51,active
12295,24,2,0,0,495,7214010,7214504,4.95,rest
12296,24,2,14,3,377,7214505,7214881,3.77,active
12297,24,2,0,0,460,7214882,7215341,4.6,rest
12298,24,2,14,4,332,7215342,7215673,3.32,active
12299,24,2,0,0,505,7215674,7216178,5.05,rest
12300,24,2,14,5,320,7216179,7216498,3.2,active
12301,24,2,0,0,551,7216499,7217049,5.51,rest
12302,24,2,14,6,318,7217050,7217367,3.18,active
12303,24,2,0,0,499,7217368,7217866,4.99,rest
12304,24,2,14,7,388,7217867,7218254,3.88,active
12305,24,2,0,0,469,7218255,7218723,4.69,rest
12306,24,2,14,8,356,7218724,7219079,3.56,active
12307,24,2,0,0,504,7219080,7219583,5.04,rest
12308,24,2,14,9,347,7219584,7219930,3.47,active
12309,24,2,0,0,510,7219931,7220440,5.1,rest
12310,24,2,14,10,296,7220441,7220736,2.96,active
12311,24,2,0,0,630,7220737,7221366,6.3,rest
12312,24,2,15,1,187,7221367,7221553,1.87,active
12313,24,2,0,0,587,7221554,7222140,5.87,rest
12314,24,2,15,2,309,7222141,7222449,3.09,active
12315,24,2,0,0,558,7222450,7223007,5.58,rest
12316,24,2,15,3,291,7223008,7223298,2.91,active
12317,24,2,0,0,584,7223299,7223882,5.84,rest
12318,24,2,15,4,257,7223883,7224139,2.57,active
12319,24,2,0,0,555,7224140,7224694,5.55,rest
12320,24,2,15,5,367,7224695,7225061,3.67,active
12321,24,2,0,0,522,7225062,7225583,5.22,rest
12322,24,2,15,6,223,7225584,7225806,2.23,active
12323,24,2,0,0,579,7225807,7226385,5.79,rest
12324,24,2,15,7,262,7226386,7226647,2.62,active
12325,24,2,0,0,558,7226648,7227205,5.58,rest
12326,24,2,15,8,330,7227206,7227535,3.3,active
12327,24,2,0,0,569,7227536,7228104,5.69,rest
12328,24,2,15,9,291,7228105,7228395,2.91,active
12329,24,2,0,0,520,7228396,7228915,5.2,rest
12330,24,2,15,10,283,7228916,7229198,2.83,active
12331,24,2,0,0,571,7229199,7229769,5.71,rest
12332,24,2,16,1,445,7229770,7230214,4.45,active
12333,24,2,0,0,420,7230215,7230634,4.2,rest
12334,24,2,16,2,425,7230635,7231059,4.25,active
12335,24,2,0,0,401,7231060,7231460,4.01,rest
12336,24,2,16,3,417,7231461,7231877,4.17,active
12337,24,2,0,0,359,7231878,7232236,3.59,rest
12338,24,2,16,4,443,7232237,7232679,4.43,active
12339,24,2,0,0,395,7232680,7233074,3.95,rest
12340,24,2,16,5,440,7233075,7233514,4.4,active
12341,24,2,0,0,412,7233515,7233926,4.12,rest
12342,24,2,16,6,375,7233927,7234301,3.75,active
12343,24,2,0,0,451,7234302,7234752,4.51,rest
12344,24,2,16,7,457,7234753,7235209,4.57,active
12345,24,2,0,0,452,7235210,7235661,4.52,rest
12346,24,2,16,8,419,7235662,7236080,4.19,active
12347,24,2,0,0,417,7236081,7236497,4.17,rest
12348,24,2,16,9,347,7236498,7236844,3.47,active
12349,24,2,0,0,440,7236845,7237284,4.4,rest
12350,24,2,16,10,514,7237285,7237798,5.14,active
12351,24,2,0,0,367,7237799,7238165,3.67,rest
12352,24,2,17,1,419,7238166,7238584,4.19,active
12353,24,2,0,0,387,7238585,7238971,3.87,rest
12354,24,2,17,2,457,7238972,7239428,4.57,active
12355,24,2,0,0,390,7239429,7239818,3.9,rest
12356,24,2,17,3,485,7239819,7240303,4.85,active
12357,24,2,0,0,364,7240304,7240667,3.64,rest
12358,24,2,17,4,432,7240668,7241099,4.32,active
12359,24,2,0,0,447,7241100,7241546,4.47,rest
12360,24,2,17,5,428,7241547,7241974,4.28,active
12361,24,2,0,0,387,7241975,7242361,3.87,rest
12362,24,2,17,6,462,7242362,7242823,4.62,active
12363,24,2,0,0,360,7242824,7243183,3.6,rest
12364,24,2,17,7,428,7243184,7243611,4.28,active
12365,24,2,0,0,448,7243612,7244059,4.48,rest
12366,24,2,17,8,419,7244060,7244478,4.19,active
12367,24,2,0,0,421,7244479,7244899,4.21,rest
12368,24,2,17,9,465,7244900,7245364,4.65,active
12369,24,2,0,0,375,7245365,7245739,3.75,rest
12370,24,2,17,10,474,7245740,7246213,4.74,active
12371,24,2,0,0,310,7246214,7246523,3.1,rest
12372,24,3,0,0,433,7246524,7246956,4.33,rest
12373,24,3,1,1,303,7246957,7247259,3.03,active
12374,24,3,0,0,550,7247260,7247809,5.5,rest
12375,24,3,1,2,361,7247810,7248170,3.61,active
12376,24,3,0,0,475,7248171,7248645,4.75,rest
12377,24,3,1,3,284,7248646,7248929,2.84,active
12378,24,3,0,0,547,7248930,7249476,5.47,rest
12379,24,3,1,4,409,7249477,7249885,4.09,active
12380,24,3,0,0,455,7249886,7250340,4.55,rest
12381,24,3,1,5,303,7250341,7250643,3.03,active
12382,24,3,0,0,512,7250644,7251155,5.12,rest
12383,24,3,1,6,323,7251156,7251478,3.23,active
12384,24,3,0,0,527,7251479,7252005,5.27,rest
12385,24,3,1,7,363,7252006,7252368,3.63,active
12386,24,3,0,0,477,7252369,7252845,4.77,rest
12387,24,3,1,8,352,7252846,7253197,3.52,active
12388,24,3,0,0,488,7253198,7253685,4.88,rest
12389,24,3,1,9,273,7253686,7253958,2.73,active
12390,24,3,0,0,571,7253959,7254529,5.71,rest
12391,24,3,1,10,249,7254530,7254778,2.49,active
12392,24,3,0,0,2101,7254779,7256879,21.01,rest
12393,24,3,2,1,406,7256880,7257285,4.06,active
12394,24,3,0,0,496,7257286,7257781,4.96,rest
12395,24,3,2,2,246,7257782,7258027,2.46,active
12396,24,3,0,0,627,7258028,7258654,6.27,rest
12397,24,3,2,3,231,7258655,7258885,2.31,active
12398,24,3,0,0,618,7258886,7259503,6.18,rest
12399,24,3,2,4,210,7259504,7259713,2.1,active
12400,24,3,0,0,606,7259714,7260319,6.06,rest
12401,24,3,2,5,327,7260320,7260646,3.27,active
12402,24,3,0,0,466,7260647,7261112,4.66,rest
12403,24,3,2,6,316,7261113,7261428,3.16,active
12404,24,3,0,0,576,7261429,7262004,5.76,rest
12405,24,3,2,7,343,7262005,7262347,3.43,active
12406,24,3,0,0,575,7262348,7262922,5.75,rest
12407,24,3,2,8,333,7262923,7263255,3.33,active
12408,24,3,0,0,432,7263256,7263687,4.32,rest
12409,24,3,2,9,314,7263688,7264001,3.14,active
12410,24,3,0,0,536,7264002,7264537,5.36,rest
12411,24,3,2,10,390,7264538,7264927,3.9,active
12412,24,3,0,0,721,7264928,7265648,7.21,rest
12413,24,3,3,1,356,7265649,7266004,3.56,active
12414,24,3,0,0,532,7266005,7266536,5.32,rest
12415,24,3,3,2,388,7266537,7266924,3.88,active
12416,24,3,0,0,481,7266925,7267405,4.81,rest
12417,24,3,3,3,192,7267406,7267597,1.92,active
12418,24,3,0,0,552,7267598,7268149,5.52,rest
12419,24,3,3,4,388,7268150,7268537,3.88,active
12420,24,3,0,0,452,7268538,7268989,4.52,rest
12421,24,3,3,5,398,7268990,7269387,3.98,active
12422,24,3,0,0,432,7269388,7269819,4.32,rest
12423,24,3,3,6,347,7269820,7270166,3.47,active
12424,24,3,0,0,498,7270167,7270664,4.98,rest
12425,24,3,3,7,347,7270665,7271011,3.47,active
12426,24,3,0,0,582,7271012,7271593,5.82,rest
12427,24,3,3,8,185,7271594,7271778,1.85,active
12428,24,3,0,0,491,7271779,7272269,4.91,rest
12429,24,3,3,9,438,7272270,7272707,4.38,active
12430,24,3,0,0,495,7272708,7273202,4.95,rest
12431,24,3,3,10,270,7273203,7273472,2.7,active
12432,24,3,0,0,1173,7273473,7274645,11.73,rest
12433,24,3,4,1,338,7274646,7274983,3.38,active
12434,24,3,0,0,436,7274984,7275419,4.36,rest
12435,24,3,4,2,382,7275420,7275801,3.82,active
12436,24,3,0,0,442,7275802,7276243,4.42,rest
12437,24,3,4,3,340,7276244,7276583,3.4,active
12438,24,3,0,0,481,7276584,7277064,4.81,rest
12439,24,3,4,4,309,7277065,7277373,3.09,active
12440,24,3,0,0,557,7277374,7277930,5.57,rest
12441,24,3,4,5,369,7277931,7278299,3.69,active
12442,24,3,0,0,470,7278300,7278769,4.7,rest
12443,24,3,4,6,279,7278770,7279048,2.79,active
12444,24,3,0,0,578,7279049,7279626,5.78,rest
12445,24,3,4,7,260,7279627,7279886,2.6,active
12446,24,3,0,0,601,7279887,7280487,6.01,rest
12447,24,3,4,8,202,7280488,7280689,2.02,active
12448,24,3,0,0,620,7280690,7281309,6.2,rest
12449,24,3,4,9,265,7281310,7281574,2.65,active
12450,24,3,0,0,591,7281575,7282165,5.91,rest
12451,24,3,4,10,290,7282166,7282455,2.9,active
12452,24,3,0,0,1182,7282456,7283637,11.82,rest
12453,24,3,5,1,360,7283638,7283997,3.6,active
12454,24,3,0,0,468,7283998,7284465,4.68,rest
12455,24,3,5,2,265,7284466,7284730,2.65,active
12456,24,3,0,0,544,7284731,7285274,5.44,rest
12457,24,3,5,3,372,7285275,7285646,3.72,active
12458,24,3,0,0,426,7285647,7286072,4.26,rest
12459,24,3,5,4,339,7286073,7286411,3.39,active
12460,24,3,0,0,549,7286412,7286960,5.49,rest
12461,24,3,5,5,357,7286961,7287317,3.57,active
12462,24,3,0,0,528,7287318,7287845,5.28,rest
12463,24,3,5,6,379,7287846,7288224,3.79,active
12464,24,3,0,0,461,7288225,7288685,4.61,rest
12465,24,3,5,7,397,7288686,7289082,3.97,active
12466,24,3,0,0,573,7289083,7289655,5.73,rest
12467,24,3,5,8,365,7289656,7290020,3.65,active
12468,24,3,0,0,423,7290021,7290443,4.23,rest
12469,24,3,5,9,312,7290444,7290755,3.12,active
12470,24,3,0,0,514,7290756,7291269,5.14,rest
12471,24,3,5,10,338,7291270,7291607,3.38,active
12472,24,3,0,0,1255,7291608,7292862,12.55,rest
12473,24,3,6,1,393,7292863,7293255,3.93,active
12474,24,3,0,0,412,7293256,7293667,4.12,rest
12475,24,3,6,2,288,7293668,7293955,2.88,active
12476,24,3,0,0,524,7293956,7294479,5.24,rest
12477,24,3,6,3,385,7294480,7294864,3.85,active
12478,24,3,0,0,379,7294865,7295243,3.79,rest
12479,24,3,6,4,456,7295244,7295699,4.56,active
12480,24,3,0,0,461,7295700,7296160,4.61,rest
12481,24,3,6,5,411,7296161,7296571,4.11,active
12482,24,3,0,0,356,7296572,7296927,3.56,rest
12483,24,3,6,6,382,7296928,7297309,3.82,active
12484,24,3,0,0,476,7297310,7297785,4.76,rest
12485,24,3,6,7,386,7297786,7298171,3.86,active
12486,24,3,0,0,453,7298172,7298624,4.53,rest
12487,24,3,6,8,408,7298625,7299032,4.08,active
12488,24,3,0,0,446,7299033,7299478,4.46,rest
12489,24,3,6,9,452,7299479,7299930,4.52,active
12490,24,3,0,0,382,7299931,7300312,3.82,rest
12491,24,3,6,10,402,7300313,7300714,4.02,active
12492,24,3,0,0,857,7300715,7301571,8.57,rest
12493,24,3,7,1,384,7301572,7301955,3.84,active
12494,24,3,0,0,539,7301956,7302494,5.39,rest
12495,24,3,7,2,201,7302495,7302695,2.01,active
12496,24,3,0,0,611,7302696,7303306,6.11,rest
12497,24,3,7,3,304,7303307,7303610,3.04,active
12498,24,3,0,0,521,7303611,7304131,5.21,rest
12499,24,3,7,4,358,7304132,7304489,3.58,active
12500,24,3,0,0,533,7304490,7305022,5.33,rest
12501,24,3,7,5,195,7305023,7305217,1.95,active
12502,24,3,0,0,568,7305218,7305785,5.68,rest
12503,24,3,7,6,311,7305786,7306096,3.11,active
12504,24,3,0,0,599,7306097,7306695,5.99,rest
12505,24,3,7,7,270,7306696,7306965,2.7,active
12506,24,3,0,0,513,7306966,7307478,5.13,rest
12507,24,3,7,8,379,7307479,7307857,3.79,active
12508,24,3,0,0,567,7307858,7308424,5.67,rest
12509,24,3,7,9,355,7308425,7308779,3.55,active
12510,24,3,0,0,466,7308780,7309245,4.66,rest
12511,24,3,7,10,303,7309246,7309548,3.03,active
12512,24,3,0,0,1401,7309549,7310949,14.01,rest
12513,24,3,8,1,342,7310950,7311291,3.42,active
12514,24,3,0,0,478,7311292,7311769,4.78,rest
12515,24,3,8,2,316,7311770,7312085,3.16,active
12516,24,3,0,0,503,7312086,7312588,5.03,rest
12517,24,3,8,3,443,7312589,7313031,4.43,active
12518,24,3,0,0,480,7313032,7313511,4.8,rest
12519,24,3,8,4,321,7313512,7313832,3.21,active
12520,24,3,0,0,442,7313833,7314274,4.42,rest
12521,24,3,8,5,429,7314275,7314703,4.29,active
12522,24,3,0,0,404,7314704,7315107,4.04,rest
12523,24,3,8,6,399,7315108,7315506,3.99,active
12524,24,3,0,0,480,7315507,7315986,4.8,rest
12525,24,3,8,7,442,7315987,7316428,4.42,active
12526,24,3,0,0,375,7316429,7316803,3.75,rest
12527,24,3,8,8,518,7316804,7317321,5.18,active
12528,24,3,0,0,354,7317322,7317675,3.54,rest
12529,24,3,8,9,430,7317676,7318105,4.3,active
12530,24,3,0,0,409,7318106,7318514,4.09,rest
12531,24,3,8,10,432,7318515,7318946,4.32,active
12532,24,3,0,0,1302,7318947,7320248,13.02,rest
12533,24,3,9,1,269,7320249,7320517,2.69,active
12534,24,3,0,0,493,7320518,7321010,4.93,rest
12535,24,3,9,2,321,7321011,7321331,3.21,active
12536,24,3,0,0,543,7321332,7321874,5.43,rest
12537,24,3,9,3,286,7321875,7322160,2.86,active
12538,24,3,0,0,536,7322161,7322696,5.36,rest
12539,24,3,9,4,329,7322697,7323025,3.29,active
12540,24,3,0,0,557,7323026,7323582,5.57,rest
12541,24,3,9,5,312,7323583,7323894,3.12,active
12542,24,3,0,0,498,7323895,7324392,4.98,rest
12543,24,3,9,6,405,7324393,7324797,4.05,active
12544,24,3,0,0,425,7324798,7325222,4.25,rest
12545,24,3,9,7,277,7325223,7325499,2.77,active
12546,24,3,0,0,583,7325500,7326082,5.83,rest
12547,24,3,9,8,382,7326083,7326464,3.82,active
12548,24,3,0,0,537,7326465,7327001,5.37,rest
12549,24,3,9,9,283,7327002,7327284,2.83,active
12550,24,3,0,0,504,7327285,7327788,5.04,rest
12551,24,3,9,10,387,7327789,7328175,3.87,active
12552,24,3,0,0,1580,7328176,7329755,15.8,rest
12553,24,3,10,1,375,7329756,7330130,3.75,active
12554,24,3,0,0,532,7330131,7330662,5.32,rest
12555,24,3,10,2,268,7330663,7330930,2.68,active
12556,24,3,0,0,526,7330931,7331456,5.26,rest
12557,24,3,10,3,236,7331457,7331692,2.36,active
12558,24,3,0,0,676,7331693,7332368,6.76,rest
12559,24,3,10,4,236,7332369,7332604,2.36,active
12560,24,3,0,0,637,7332605,7333241,6.37,rest
12561,24,3,10,5,236,7333242,7333477,2.36,active
12562,24,3,0,0,589,7333478,7334066,5.89,rest
12563,24,3,10,6,235,7334067,7334301,2.35,active
12564,24,3,0,0,595,7334302,7334896,5.95,rest
12565,24,3,10,7,242,7334897,7335138,2.42,active
12566,24,3,0,0,593,7335139,7335731,5.93,rest
12567,24,3,10,8,222,7335732,7335953,2.22,active
12568,24,3,0,0,619,7335954,7336572,6.19,rest
12569,24,3,10,9,234,7336573,7336806,2.34,active
12570,24,3,0,0,588,7336807,7337394,5.88,rest
12571,24,3,10,10,240,7337395,7337634,2.4,active
12572,24,3,0,0,1313,7337635,7338947,13.13,rest
12573,24,3,11,1,299,7338948,7339246,2.99,active
12574,24,3,0,0,469,7339247,7339715,4.69,rest
12575,24,3,11,2,402,7339716,7340117,4.02,active
12576,24,3,0,0,376,7340118,7340493,3.76,rest
12577,24,3,11,3,450,7340494,7340943,4.5,active
12578,24,3,0,0,425,7340944,7341368,4.25,rest
12579,24,3,11,4,412,7341369,7341780,4.12,active
12580,24,3,0,0,453,7341781,7342233,4.53,rest
12581,24,3,11,5,383,7342234,7342616,3.83,active
12582,24,3,0,0,462,7342617,7343078,4.62,rest
12583,24,3,11,6,384,7343079,7343462,3.84,active
12584,24,3,0,0,444,7343463,7343906,4.44,rest
12585,24,3,11,7,356,7343907,7344262,3.56,active
12586,24,3,0,0,490,7344263,7344752,4.9,rest
12587,24,3,11,8,326,7344753,7345078,3.26,active
12588,24,3,0,0,503,7345079,7345581,5.03,rest
12589,24,3,11,9,354,7345582,7345935,3.54,active
12590,24,3,0,0,493,7345936,7346428,4.93,rest
12591,24,3,11,10,322,7346429,7346750,3.22,active
12592,24,3,0,0,754,7346751,7347504,7.54,rest
12593,24,3,12,1,261,7347505,7347765,2.61,active
12594,24,3,0,0,487,7347766,7348252,4.87,rest
12595,24,3,12,2,371,7348253,7348623,3.71,active
12596,24,3,0,0,443,7348624,7349066,4.43,rest
12597,24,3,12,3,410,7349067,7349476,4.1,active
12598,24,3,0,0,454,7349477,7349930,4.54,rest
12599,24,3,12,4,249,7349931,7350179,2.49,active
12600,24,3,0,0,652,7350180,7350831,6.52,rest
12601,24,3,12,5,290,7350832,7351121,2.9,active
12602,24,3,0,0,514,7351122,7351635,5.14,rest
12603,24,3,12,6,291,7351636,7351926,2.91,active
12604,24,3,0,0,652,7351927,7352578,6.52,rest
12605,24,3,12,7,187,7352579,7352765,1.87,active
12606,24,3,0,0,644,7352766,7353409,6.44,rest
12607,24,3,12,8,228,7353410,7353637,2.28,active
12608,24,3,0,0,562,7353638,7354199,5.62,rest
12609,24,3,12,9,318,7354200,7354517,3.18,active
12610,24,3,0,0,487,7354518,7355004,4.87,rest
12611,24,3,12,10,364,7355005,7355368,3.64,active
12612,24,3,0,0,744,7355369,7356112,7.44,rest
12613,24,3,13,1,377,7356113,7356489,3.77,active
12614,24,3,0,0,384,7356490,7356873,3.84,rest
12615,24,3,13,2,314,7356874,7357187,3.14,active
12616,24,3,0,0,499,7357188,7357686,4.99,rest
12617,24,3,13,3,357,7357687,7358043,3.57,active
12618,24,3,0,0,503,7358044,7358546,5.03,rest
12619,24,3,13,4,307,7358547,7358853,3.07,active
12620,24,3,0,0,460,7358854,7359313,4.6,rest
12621,24,3,13,5,389,7359314,7359702,3.89,active
12622,24,3,0,0,525,7359703,7360227,5.25,rest
12623,24,3,13,6,333,7360228,7360560,3.33,active
12624,24,3,0,0,516,7360561,7361076,5.16,rest
12625,24,3,13,7,271,7361077,7361347,2.71,active
12626,24,3,0,0,597,7361348,7361944,5.97,rest
12627,24,3,13,8,292,7361945,7362236,2.92,active
12628,24,3,0,0,596,7362237,7362832,5.96,rest
12629,24,3,13,9,271,7362833,7363103,2.71,active
12630,24,3,0,0,522,7363104,7363625,5.22,rest
12631,24,3,13,10,353,7363626,7363978,3.53,active
12632,24,3,0,0,2030,7363979,7366008,20.3,rest
12633,24,3,14,1,394,7366009,7366402,3.94,active
12634,24,3,0,0,326,7366403,7366728,3.26,rest
12635,24,3,14,2,440,7366729,7367168,4.4,active
12636,24,3,0,0,425,7367169,7367593,4.25,rest
12637,24,3,14,3,411,7367594,7368004,4.11,active
12638,24,3,0,0,460,7368005,7368464,4.6,rest
12639,24,3,14,4,359,7368465,7368823,3.59,active
12640,24,3,0,0,456,7368824,7369279,4.56,rest
12641,24,3,14,5,416,7369280,7369695,4.16,active
12642,24,3,0,0,526,7369696,7370221,5.26,rest
12643,24,3,14,6,256,7370222,7370477,2.56,active
12644,24,3,0,0,528,7370478,7371005,5.28,rest
12645,24,3,14,7,406,7371006,7371411,4.06,active
12646,24,3,0,0,409,7371412,7371820,4.09,rest
12647,24,3,14,8,419,7371821,7372239,4.19,active
12648,24,3,0,0,490,7372240,7372729,4.9,rest
12649,24,3,14,9,249,7372730,7372978,2.49,active
12650,24,3,0,0,570,7372979,7373548,5.7,rest
12651,24,3,14,10,319,7373549,7373867,3.19,active
12652,24,3,0,0,1217,7373868,7375084,12.17,rest
12653,24,3,15,1,488,7375085,7375572,4.88,active
12654,24,3,0,0,437,7375573,7376009,4.37,rest
12655,24,3,15,2,458,7376010,7376467,4.58,active
12656,24,3,0,0,345,7376468,7376812,3.45,rest
12657,24,3,15,3,430,7376813,7377242,4.3,active
12658,24,3,0,0,394,7377243,7377636,3.94,rest
12659,24,3,15,4,494,7377637,7378130,4.94,active
12660,24,3,0,0,399,7378131,7378529,3.99,rest
12661,24,3,15,5,467,7378530,7378996,4.67,active
12662,24,3,0,0,357,7378997,7379353,3.57,rest
12663,24,3,15,6,523,7379354,7379876,5.23,active
12664,24,3,0,0,419,7379877,7380295,4.19,rest
12665,24,3,15,7,250,7380296,7380545,2.5,active
12666,24,3,0,0,550,7380546,7381095,5.5,rest
12667,24,3,15,8,413,7381096,7381508,4.13,active
12668,24,3,0,0,358,7381509,7381866,3.58,rest
12669,24,3,15,9,543,7381867,7382409,5.43,active
12670,24,3,0,0,377,7382410,7382786,3.77,rest
12671,24,3,15,10,376,7382787,7383162,3.76,active
12672,24,3,0,0,1759,7383163,7384921,17.59,rest
12673,24,3,16,1,414,7384922,7385335,4.14,active
12674,24,3,0,0,378,7385336,7385713,3.78,rest
12675,24,3,16,2,410,7385714,7386123,4.1,active
12676,24,3,0,0,525,7386124,7386648,5.25,rest
12677,24,3,16,3,301,7386649,7386949,3.01,active
12678,24,3,0,0,531,7386950,7387480,5.31,rest
12679,24,3,16,4,279,7387481,7387759,2.79,active
12680,24,3,0,0,631,7387760,7388390,6.31,rest
12681,24,3,16,5,286,7388391,7388676,2.86,active
12682,24,3,0,0,486,7388677,7389162,4.86,rest
12683,24,3,16,6,271,7389163,7389433,2.71,active
12684,24,3,0,0,538,7389434,7389971,5.38,rest
12685,24,3,16,7,295,7389972,7390266,2.95,active
12686,24,3,0,0,606,7390267,7390872,6.06,rest
12687,24,3,16,8,295,7390873,7391167,2.95,active
12688,24,3,0,0,583,7391168,7391750,5.83,rest
12689,24,3,16,9,300,7391751,7392050,3.0,active
12690,24,3,0,0,478,7392051,7392528,4.78,rest
12691,24,3,16,10,327,7392529,7392855,3.27,active
12692,24,3,0,0,1919,7392856,7394774,19.19,rest
12693,24,3,17,1,280,7394775,7395054,2.8,active
12694,24,3,0,0,298,7395055,7395352,2.98,rest
12695,24,3,17,2,409,7395353,7395761,4.09,active
12696,24,3,0,0,389,7395762,7396150,3.89,rest
12697,24,3,17,3,564,7396151,7396714,5.64,active
12698,24,3,0,0,356,7396715,7397070,3.56,rest
12699,24,3,17,4,242,7397071,7397312,2.42,active
12700,24,3,0,0,573,7397313,7397885,5.73,rest
12701,24,3,17,5,342,7397886,7398227,3.42,active
12702,24,3,0,0,508,7398228,7398735,5.08,rest
12703,24,3,17,6,407,7398736,7399142,4.07,active
12704,24,3,0,0,443,7399143,7399585,4.43,rest
12705,24,3,17,7,333,7399586,7399918,3.33,active
12706,24,3,0,0,536,7399919,7400454,5.36,rest
12707,24,3,17,8,373,7400455,7400827,3.73,active
12708,24,3,0,0,527,7400828,7401354,5.27,rest
12709,24,3,17,9,437,7401355,7401791,4.37,active
12710,24,3,0,0,401,7401792,7402192,4.01,rest
12711,24,3,17,10,292,7402193,7402484,2.92,active
12712,24,3,0,0,1656,7402485,7404140,16.56,rest
12713,24,3,18,1,330,7404141,7404470,3.3,active
12714,24,3,0,0,447,7404471,7404917,4.47,rest
12715,24,3,18,2,286,7404918,7405203,2.86,active
12716,24,3,0,0,604,7405204,7405807,6.04,rest
12717,24,3,18,3,316,7405808,7406123,3.16,active
12718,24,3,0,0,526,7406124,7406649,5.26,rest
12719,24,3,18,4,279,7406650,7406928,2.79,active
12720,24,3,0,0,541,7406929,7407469,5.41,rest
12721,24,3,18,5,280,7407470,7407749,2.8,active
12722,24,3,0,0,596,7407750,7408345,5.96,rest
12723,24,3,18,6,325,7408346,7408670,3.25,active
12724,24,3,0,0,503,7408671,7409173,5.03,rest
12725,24,3,18,7,382,7409174,7409555,3.82,active
12726,24,3,0,0,484,7409556,7410039,4.84,rest
12727,24,3,18,8,370,7410040,7410409,3.7,active
12728,24,3,0,0,456,7410410,7410865,4.56,rest
12729,24,3,18,9,382,7410866,7411247,3.82,active
12730,24,3,0,0,522,7411248,7411769,5.22,rest
12731,24,3,18,10,274,7411770,7412043,2.74,active
12732,24,3,0,0,981,7412044,7413024,9.81,rest
12733,24,3,19,1,482,7413025,7413506,4.82,active
12734,24,3,0,0,378,7413507,7413884,3.78,rest
12735,24,3,19,2,512,7413885,7414396,5.12,active
12736,24,3,0,0,328,7414397,7414724,3.28,rest
12737,24,3,19,3,495,7414725,7415219,4.95,active
12738,24,3,0,0,359,7415220,7415578,3.59,rest
12739,24,3,19,4,500,7415579,7416078,5.0,active
12740,24,3,0,0,364,7416079,7416442,3.64,rest
12741,24,3,19,5,350,7416443,7416792,3.5,active
12742,24,3,0,0,470,7416793,7417262,4.7,rest
12743,24,3,19,6,431,7417263,7417693,4.31,active
12744,24,3,0,0,421,7417694,7418114,4.21,rest
12745,24,3,19,7,369,7418115,7418483,3.69,active
12746,24,3,0,0,436,7418484,7418919,4.36,rest
12747,24,3,19,8,459,7418920,7419378,4.59,active
12748,24,3,0,0,383,7419379,7419761,3.83,rest
12749,24,3,19,9,443,7419762,7420204,4.43,active
12750,24,3,0,0,454,7420205,7420658,4.54,rest
12751,24,3,19,10,404,7420659,7421062,4.04,active
12752,24,3,0,0,1270,7421063,7422332,12.7,rest
12753,24,3,20,1,392,7422333,7422724,3.92,active
12754,24,3,0,0,401,7422725,7423125,4.01,rest
12755,24,3,20,2,432,7423126,7423557,4.32,active
12756,24,3,0,0,398,7423558,7423955,3.98,rest
12757,24,3,20,3,467,7423956,7424422,4.67,active
12758,24,3,0,0,341,7424423,7424763,3.41,rest
12759,24,3,20,4,459,7424764,7425222,4.59,active
12760,24,3,0,0,388,7425223,7425610,3.88,rest
12761,24,3,20,5,429,7425611,7426039,4.29,active
12762,24,3,0,0,426,7426040,7426465,4.26,rest
12763,24,3,20,6,392,7426466,7426857,3.92,active
12764,24,3,0,0,510,7426858,7427367,5.1,rest
12765,24,3,20,7,397,7427368,7427764,3.97,active
12766,24,3,0,0,379,7427765,7428143,3.79,rest
12767,24,3,20,8,470,7428144,7428613,4.7,active
12768,24,3,0,0,376,7428614,7428989,3.76,rest
12769,24,3,20,9,440,7428990,7429429,4.4,active
12770,24,3,0,0,389,7429430,7429818,3.89,rest
12771,24,3,20,10,446,7429819,7430264,4.46,active
12772,24,3,0,0,6282,7430265,7436546,62.82,rest
12773,24,3,21,1,371,7436547,7436917,3.71,active
12774,24,3,0,0,380,7436918,7437297,3.8,rest
12775,24,3,21,2,435,7437298,7437732,4.35,active
12776,24,3,0,0,408,7437733,7438140,4.08,rest
12777,24,3,21,3,473,7438141,7438613,4.73,active
12778,24,3,0,0,379,7438614,7438992,3.79,rest
12779,24,3,21,4,460,7438993,7439452,4.6,active
12780,24,3,0,0,418,7439453,7439870,4.18,rest
12781,24,3,21,5,333,7439871,7440203,3.33,active
12782,24,3,0,0,472,7440204,7440675,4.72,rest
12783,24,3,21,6,381,7440676,7441056,3.81,active
12784,24,3,0,0,539,7441057,7441595,5.39,rest
12785,24,3,21,7,219,7441596,7441814,2.19,active
12786,24,3,0,0,620,7441815,7442434,6.2,rest
12787,24,3,21,8,367,7442435,7442801,3.67,active
12788,24,3,0,0,401,7442802,7443202,4.01,rest
12789,24,3,21,9,378,7443203,7443580,3.78,active
12790,24,3,0,0,471,7443581,7444051,4.71,rest
12791,24,3,21,10,350,7444052,7444401,3.5,active
12792,24,3,0,0,4875,7444402,7449276,48.75,rest
12793,24,3,22,1,464,7449277,7449740,4.64,active
12794,24,3,0,0,352,7449741,7450092,3.52,rest
12795,24,3,22,2,360,7450093,7450452,3.6,active
12796,24,3,0,0,495,7450453,7450947,4.95,rest
12797,24,3,22,3,421,7450948,7451368,4.21,active
12798,24,3,0,0,421,7451369,7451789,4.21,rest
12799,24,3,22,4,299,7451790,7452088,2.99,active
12800,24,3,0,0,536,7452089,7452624,5.36,rest
12801,24,3,22,5,316,7452625,7452940,3.16,active
12802,24,3,0,0,455,7452941,7453395,4.55,rest
12803,24,3,22,6,361,7453396,7453756,3.61,active
12804,24,3,0,0,519,7453757,7454275,5.19,rest
12805,24,3,22,7,328,7454276,7454603,3.28,active
12806,24,3,0,0,517,7454604,7455120,5.17,rest
12807,24,3,22,8,313,7455121,7455433,3.13,active
12808,24,3,0,0,517,7455434,7455950,5.17,rest
12809,24,3,22,9,349,7455951,7456299,3.49,active
12810,24,3,0,0,505,7456300,7456804,5.05,rest
12811,24,3,22,10,325,7456805,7457129,3.25,active
12812,24,3,0,0,5077,7457130,7462206,50.77,rest
12813,24,3,23,1,466,7462207,7462672,4.66,active
12814,24,3,0,0,364,7462673,7463036,3.64,rest
12815,24,3,23,2,525,7463037,7463561,5.25,active
12816,24,3,0,0,330,7463562,7463891,3.3,rest
12817,24,3,23,3,452,7463892,7464343,4.52,active
12818,24,3,0,0,341,7464344,7464684,3.41,rest
12819,24,3,23,4,460,7464685,7465144,4.6,active
12820,24,3,0,0,418,7465145,7465562,4.18,rest
12821,24,3,23,5,463,7465563,7466025,4.63,active
12822,24,3,0,0,420,7466026,7466445,4.2,rest
12823,24,3,23,6,485,7466446,7466930,4.85,active
12824,24,3,0,0,314,7466931,7467244,3.14,rest
12825,24,3,23,7,493,7467245,7467737,4.93,active
12826,24,3,0,0,290,7467738,7468027,2.9,rest
12827,24,3,23,8,448,7468028,7468475,4.48,active
12828,24,3,0,0,389,7468476,7468864,3.89,rest
12829,24,3,23,9,520,7468865,7469384,5.2,active
12830,24,3,0,0,321,7469385,7469705,3.21,rest
12831,24,3,23,10,482,7469706,7470187,4.82,active
12832,24,3,0,0,364,7470188,7470551,3.64,rest
12833,25,2,0,0,410,7572101,7572510,4.1,rest
12834,25,2,1,1,289,7572511,7572799,2.89,active
12835,25,2,0,0,528,7572800,7573327,5.28,rest
12836,25,2,1,2,470,7573328,7573797,4.7,active
12837,25,2,0,0,367,7573798,7574164,3.67,rest
12838,25,2,1,3,442,7574165,7574606,4.42,active
12839,25,2,0,0,388,7574607,7574994,3.88,rest
12840,25,2,1,4,445,7574995,7575439,4.45,active
12841,25,2,0,0,409,7575440,7575848,4.09,rest
12842,25,2,1,5,434,7575849,7576282,4.34,active
12843,25,2,0,0,383,7576283,7576665,3.83,rest
12844,25,2,1,6,443,7576666,7577108,4.43,active
12845,25,2,0,0,438,7577109,7577546,4.38,rest
12846,25,2,1,7,430,7577547,7577976,4.3,active
12847,25,2,0,0,396,7577977,7578372,3.96,rest
12848,25,2,1,8,425,7578373,7578797,4.25,active
12849,25,2,0,0,408,7578798,7579205,4.08,rest
12850,25,2,1,9,416,7579206,7579621,4.16,active
12851,25,2,0,0,448,7579622,7580069,4.48,rest
12852,25,2,1,10,388,7580070,7580457,3.88,active
12853,25,2,0,0,551,7580458,7581008,5.51,rest
12854,25,2,2,1,327,7581009,7581335,3.27,active
12855,25,2,0,0,434,7581336,7581769,4.34,rest
12856,25,2,2,2,409,7581770,7582178,4.09,active
12857,25,2,0,0,442,7582179,7582620,4.42,rest
12858,25,2,2,3,356,7582621,7582976,3.56,active
12859,25,2,0,0,488,7582977,7583464,4.88,rest
12860,25,2,2,4,382,7583465,7583846,3.82,active
12861,25,2,0,0,469,7583847,7584315,4.69,rest
12862,25,2,2,5,376,7584316,7584691,3.76,active
12863,25,2,0,0,452,7584692,7585143,4.52,rest
12864,25,2,2,6,391,7585144,7585534,3.91,active
12865,25,2,0,0,463,7585535,7585997,4.63,rest
12866,25,2,2,7,367,7585998,7586364,3.67,active
12867,25,2,0,0,478,7586365,7586842,4.78,rest
12868,25,2,2,8,385,7586843,7587227,3.85,active
12869,25,2,0,0,447,7587228,7587674,4.47,rest
12870,25,2,2,9,386,7587675,7588060,3.86,active
12871,25,2,0,0,464,7588061,7588524,4.64,rest
12872,25,2,2,10,368,7588525,7588892,3.68,active
12873,25,2,0,0,521,7588893,7589413,5.21,rest
12874,25,2,3,1,328,7589414,7589741,3.28,active
12875,25,2,0,0,503,7589742,7590244,5.03,rest
12876,25,2,3,2,318,7590245,7590562,3.18,active
12877,25,2,0,0,532,7590563,7591094,5.32,rest
12878,25,2,3,3,285,7591095,7591379,2.85,active
12879,25,2,0,0,564,7591380,7591943,5.64,rest
12880,25,2,3,4,341,7591944,7592284,3.41,active
12881,25,2,0,0,493,7592285,7592777,4.93,rest
12882,25,2,3,5,330,7592778,7593107,3.3,active
12883,25,2,0,0,538,7593108,7593645,5.38,rest
12884,25,2,3,6,282,7593646,7593927,2.82,active
12885,25,2,0,0,547,7593928,7594474,5.47,rest
12886,25,2,3,7,335,7594475,7594809,3.35,active
12887,25,2,0,0,517,7594810,7595326,5.17,rest
12888,25,2,3,8,337,7595327,7595663,3.37,active
12889,25,2,0,0,496,7595664,7596159,4.96,rest
12890,25,2,3,9,354,7596160,7596513,3.54,active
12891,25,2,0,0,508,7596514,7597021,5.08,rest
12892,25,2,3,10,346,7597022,7597367,3.46,active
12893,25,2,0,0,541,7597368,7597908,5.41,rest
12894,25,2,4,1,372,7597909,7598280,3.72,active
12895,25,2,0,0,425,7598281,7598705,4.25,rest
12896,25,2,4,2,413,7598706,7599118,4.13,active
12897,25,2,0,0,492,7599119,7599610,4.92,rest
12898,25,2,4,3,328,7599611,7599938,3.28,active
12899,25,2,0,0,495,7599939,7600433,4.95,rest
12900,25,2,4,4,353,7600434,7600786,3.53,active
12901,25,2,0,0,501,7600787,7601287,5.01,rest
12902,25,2,4,5,341,7601288,7601628,3.41,active
12903,25,2,0,0,451,7601629,7602079,4.51,rest
12904,25,2,4,6,428,7602080,7602507,4.28,active
12905,25,2,0,0,401,7602508,7602908,4.01,rest
12906,25,2,4,7,369,7602909,7603277,3.69,active
12907,25,2,0,0,532,7603278,7603809,5.32,rest
12908,25,2,4,8,311,7603810,7604120,3.11,active
12909,25,2,0,0,497,7604121,7604617,4.97,rest
12910,25,2,4,9,383,7604618,7605000,3.83,active
12911,25,2,0,0,449,7605001,7605449,4.49,rest
12912,25,2,4,10,401,7605450,7605850,4.01,active
12913,25,2,0,0,541,7605851,7606391,5.41,rest
12914,25,2,5,1,303,7606392,7606694,3.03,active
12915,25,2,0,0,504,7606695,7607198,5.04,rest
12916,25,2,5,2,302,7607199,7607500,3.02,active
12917,25,2,0,0,520,7607501,7608020,5.2,rest
12918,25,2,5,3,334,7608021,7608354,3.34,active
12919,25,2,0,0,512,7608355,7608866,5.12,rest
12920,25,2,5,4,316,7608867,7609182,3.16,active
12921,25,2,0,0,491,7609183,7609673,4.91,rest
12922,25,2,5,5,360,7609674,7610033,3.6,active
12923,25,2,0,0,498,7610034,7610531,4.98,rest
12924,25,2,5,6,325,7610532,7610856,3.25,active
12925,25,2,0,0,533,7610857,7611389,5.33,rest
12926,25,2,5,7,355,7611390,7611744,3.55,active
12927,25,2,0,0,493,7611745,7612237,4.93,rest
12928,25,2,5,8,340,7612238,7612577,3.4,active
12929,25,2,0,0,563,7612578,7613140,5.63,rest
12930,25,2,5,9,287,7613141,7613427,2.87,active
12931,25,2,0,0,524,7613428,7613951,5.24,rest
12932,25,2,5,10,256,7613952,7614207,2.56,active
12933,25,2,0,0,643,7614208,7614850,6.43,rest
12934,25,2,6,1,245,7614851,7615095,2.45,active
12935,25,2,0,0,528,7615096,7615623,5.28,rest
12936,25,2,6,2,340,7615624,7615963,3.4,active
12937,25,2,0,0,526,7615964,7616489,5.26,rest
12938,25,2,6,3,260,7616490,7616749,2.6,active
12939,25,2,0,0,603,7616750,7617352,6.03,rest
12940,25,2,6,4,262,7617353,7617614,2.62,active
12941,25,2,0,0,562,7617615,7618176,5.62,rest
12942,25,2,6,5,240,7618177,7618416,2.4,active
12943,25,2,0,0,580,7618417,7618996,5.8,rest
12944,25,2,6,6,258,7618997,7619254,2.58,active
12945,25,2,0,0,588,7619255,7619842,5.88,rest
12946,25,2,6,7,258,7619843,7620100,2.58,active
12947,25,2,0,0,592,7620101,7620692,5.92,rest
12948,25,2,6,8,257,7620693,7620949,2.57,active
12949,25,2,0,0,547,7620950,7621496,5.47,rest
12950,25,2,6,9,338,7621497,7621834,3.38,active
12951,25,2,0,0,532,7621835,7622366,5.32,rest
12952,25,2,6,10,266,7622367,7622632,2.66,active
12953,25,2,0,0,638,7622633,7623270,6.38,rest
12954,25,2,7,1,345,7623271,7623615,3.45,active
12955,25,2,0,0,421,7623616,7624036,4.21,rest
12956,25,2,7,2,383,7624037,7624419,3.83,active
12957,25,2,0,0,460,7624420,7624879,4.6,rest
12958,25,2,7,3,357,7624880,7625236,3.57,active
12959,25,2,0,0,478,7625237,7625714,4.78,rest
12960,25,2,7,4,398,7625715,7626112,3.98,active
12961,25,2,0,0,464,7626113,7626576,4.64,rest
12962,25,2,7,5,397,7626577,7626973,3.97,active
12963,25,2,0,0,523,7626974,7627496,5.23,rest
12964,25,2,7,6,354,7627497,7627850,3.54,active
12965,25,2,0,0,431,7627851,7628281,4.31,rest
12966,25,2,7,7,413,7628282,7628694,4.13,active
12967,25,2,0,0,400,7628695,7629094,4.0,rest
12968,25,2,7,8,456,7629095,7629550,4.56,active
12969,25,2,0,0,396,7629551,7629946,3.96,rest
12970,25,2,7,9,448,7629947,7630394,4.48,active
12971,25,2,0,0,429,7630395,7630823,4.29,rest
12972,25,2,7,10,404,7630824,7631227,4.04,active
12973,25,2,0,0,529,7631228,7631756,5.29,rest
12974,25,2,8,1,303,7631757,7632059,3.03,active
12975,25,2,0,0,547,7632060,7632606,5.47,rest
12976,25,2,8,2,290,7632607,7632896,2.9,active
12977,25,2,0,0,522,7632897,7633418,5.22,rest
12978,25,2,8,3,268,7633419,7633686,2.68,active
12979,25,2,0,0,581,7633687,7634267,5.81,rest
12980,25,2,8,4,261,7634268,7634528,2.61,active
12981,25,2,0,0,598,7634529,7635126,5.98,rest
12982,25,2,8,5,307,7635127,7635433,3.07,active
12983,25,2,0,0,494,7635434,7635927,4.94,rest
12984,25,2,8,6,279,7635928,7636206,2.79,active
12985,25,2,0,0,545,7636207,7636751,5.45,rest
12986,25,2,8,7,344,7636752,7637095,3.44,active
12987,25,2,0,0,518,7637096,7637613,5.18,rest
12988,25,2,8,8,389,7637614,7638002,3.89,active
12989,25,2,0,0,437,7638003,7638439,4.37,rest
12990,25,2,8,9,304,7638440,7638743,3.04,active
12991,25,2,0,0,567,7638744,7639310,5.67,rest
12992,25,2,8,10,288,7639311,7639598,2.88,active
12993,25,2,0,0,577,7639599,7640175,5.77,rest
12994,25,2,9,1,396,7640176,7640571,3.96,active
12995,25,2,0,0,416,7640572,7640987,4.16,rest
12996,25,2,9,2,450,7640988,7641437,4.5,active
12997,25,2,0,0,400,7641438,7641837,4.0,rest
12998,25,2,9,3,410,7641838,7642247,4.1,active
12999,25,2,0,0,464,7642248,7642711,4.64,rest
13000,25,2,9,4,416,7642712,7643127,4.16,active
13001,25,2,0,0,398,7643128,7643525,3.98,rest
13002,25,2,9,5,471,7643526,7643996,4.71,active
13003,25,2,0,0,375,7643997,7644371,3.75,rest
13004,25,2,9,6,462,7644372,7644833,4.62,active
13005,25,2,0,0,370,7644834,7645203,3.7,rest
13006,25,2,9,7,477,7645204,7645680,4.77,active
13007,25,2,0,0,367,7645681,7646047,3.67,rest
13008,25,2,9,8,441,7646048,7646488,4.41,active
13009,25,2,0,0,399,7646489,7646887,3.99,rest
13010,25,2,9,9,496,7646888,7647383,4.96,active
13011,25,2,0,0,356,7647384,7647739,3.56,rest
13012,25,2,9,10,425,7647740,7648164,4.25,active
13013,25,2,0,0,433,7648165,7648597,4.33,rest
13014,25,2,10,1,447,7648598,7649044,4.47,active
13015,25,2,0,0,385,7649045,7649429,3.85,rest
13016,25,2,10,2,467,7649430,7649896,4.67,active
13017,25,2,0,0,345,7649897,7650241,3.45,rest
13018,25,2,10,3,469,7650242,7650710,4.69,active
13019,25,2,0,0,392,7650711,7651102,3.92,rest
13020,25,2,10,4,462,7651103,7651564,4.62,active
13021,25,2,0,0,357,7651565,7651921,3.57,rest
13022,25,2,10,5,580,7651922,7652501,5.8,active
13023,25,2,0,0,291,7652502,7652792,2.91,rest
13024,25,2,10,6,479,7652793,7653271,4.79,active
13025,25,2,0,0,385,7653272,7653656,3.85,rest
13026,25,2,10,7,427,7653657,7654083,4.27,active
13027,25,2,0,0,389,7654084,7654472,3.89,rest
13028,25,2,10,8,443,7654473,7654915,4.43,active
13029,25,2,0,0,408,7654916,7655323,4.08,rest
13030,25,2,10,9,440,7655324,7655763,4.4,active
13031,25,2,0,0,399,7655764,7656162,3.99,rest
13032,25,2,10,10,471,7656163,7656633,4.71,active
13033,25,2,0,0,396,7656634,7657029,3.96,rest
13034,25,2,11,1,399,7657030,7657428,3.99,active
13035,25,2,0,0,438,7657429,7657866,4.38,rest
13036,25,2,11,2,425,7657867,7658291,4.25,active
13037,25,2,0,0,405,7658292,7658696,4.05,rest
13038,25,2,11,3,420,7658697,7659116,4.2,active
13039,25,2,0,0,430,7659117,7659546,4.3,rest
13040,25,2,11,4,452,7659547,7659998,4.52,active
13041,25,2,0,0,391,7659999,7660389,3.91,rest
13042,25,2,11,5,409,7660390,7660798,4.09,active
13043,25,2,0,0,420,7660799,7661218,4.2,rest
13044,25,2,11,6,471,7661219,7661689,4.71,active
13045,25,2,0,0,379,7661690,7662068,3.79,rest
13046,25,2,11,7,471,7662069,7662539,4.71,active
13047,25,2,0,0,397,7662540,7662936,3.97,rest
13048,25,2,11,8,411,7662937,7663347,4.11,active
13049,25,2,0,0,377,7663348,7663724,3.77,rest
13050,25,2,11,9,489,7663725,7664213,4.89,active
13051,25,2,0,0,404,7664214,7664617,4.04,rest
13052,25,2,11,10,406,7664618,7665023,4.06,active
13053,25,2,0,0,422,7665024,7665445,4.22,rest
13054,25,2,12,1,391,7665446,7665836,3.91,active
13055,25,2,0,0,444,7665837,7666280,4.44,rest
13056,25,2,12,2,348,7666281,7666628,3.48,active
13057,25,2,0,0,489,7666629,7667117,4.89,rest
13058,25,2,12,3,353,7667118,7667470,3.53,active
13059,25,2,0,0,487,7667471,7667957,4.87,rest
13060,25,2,12,4,351,7667958,7668308,3.51,active
13061,25,2,0,0,487,7668309,7668795,4.87,rest
13062,25,2,12,5,389,7668796,7669184,3.89,active
13063,25,2,0,0,453,7669185,7669637,4.53,rest
13064,25,2,12,6,366,7669638,7670003,3.66,active
13065,25,2,0,0,478,7670004,7670481,4.78,rest
13066,25,2,12,7,336,7670482,7670817,3.36,active
13067,25,2,0,0,509,7670818,7671326,5.09,rest
13068,25,2,12,8,339,7671327,7671665,3.39,active
13069,25,2,0,0,511,7671666,7672176,5.11,rest
13070,25,2,12,9,351,7672177,7672527,3.51,active
13071,25,2,0,0,477,7672528,7673004,4.77,rest
13072,25,2,12,10,375,7673005,7673379,3.75,active
13073,25,2,0,0,532,7673380,7673911,5.32,rest
13074,25,2,13,1,362,7673912,7674273,3.62,active
13075,25,2,0,0,449,7674274,7674722,4.49,rest
13076,25,2,13,2,385,7674723,7675107,3.85,active
13077,25,2,0,0,468,7675108,7675575,4.68,rest
13078,25,2,13,3,372,7675576,7675947,3.72,active
13079,25,2,0,0,463,7675948,7676410,4.63,rest
13080,25,2,13,4,415,7676411,7676825,4.15,active
13081,25,2,0,0,407,7676826,7677232,4.07,rest
13082,25,2,13,5,433,7677233,7677665,4.33,active
13083,25,2,0,0,406,7677666,7678071,4.06,rest
13084,25,2,13,6,420,7678072,7678491,4.2,active
13085,25,2,0,0,454,7678492,7678945,4.54,rest
13086,25,2,13,7,431,7678946,7679376,4.31,active
13087,25,2,0,0,396,7679377,7679772,3.96,rest
13088,25,2,13,8,396,7679773,7680168,3.96,active
13089,25,2,0,0,460,7680169,7680628,4.6,rest
13090,25,2,13,9,430,7680629,7681058,4.3,active
13091,25,2,0,0,388,7681059,7681446,3.88,rest
13092,25,2,13,10,469,7681447,7681915,4.69,active
13093,25,2,0,0,404,7681916,7682319,4.04,rest
13094,25,2,14,1,321,7682320,7682640,3.21,active
13095,25,2,0,0,519,7682641,7683159,5.19,rest
13096,25,2,14,2,359,7683160,7683518,3.59,active
13097,25,2,0,0,484,7683519,7684002,4.84,rest
13098,25,2,14,3,283,7684003,7684285,2.83,active
13099,25,2,0,0,558,7684286,7684843,5.58,rest
13100,25,2,14,4,432,7684844,7685275,4.32,active
13101,25,2,0,0,423,7685276,7685698,4.23,rest
13102,25,2,14,5,294,7685699,7685992,2.94,active
13103,25,2,0,0,572,7685993,7686564,5.72,rest
13104,25,2,14,6,315,7686565,7686879,3.15,active
13105,25,2,0,0,492,7686880,7687371,4.92,rest
13106,25,2,14,7,331,7687372,7687702,3.31,active
13107,25,2,0,0,521,7687703,7688223,5.21,rest
13108,25,2,14,8,371,7688224,7688594,3.71,active
13109,25,2,0,0,473,7688595,7689067,4.73,rest
13110,25,2,14,9,334,7689068,7689401,3.34,active
13111,25,2,0,0,533,7689402,7689934,5.33,rest
13112,25,2,14,10,304,7689935,7690238,3.04,active
13113,25,2,0,0,599,7690239,7690837,5.99,rest
13114,25,2,15,1,244,7690838,7691081,2.44,active
13115,25,2,0,0,519,7691082,7691600,5.19,rest
13116,25,2,15,2,401,7691601,7692001,4.01,active
13117,25,2,0,0,460,7692002,7692461,4.6,rest
13118,25,2,15,3,304,7692462,7692765,3.04,active
13119,25,2,0,0,535,7692766,7693300,5.35,rest
13120,25,2,15,4,341,7693301,7693641,3.41,active
13121,25,2,0,0,484,7693642,7694125,4.84,rest
13122,25,2,15,5,354,7694126,7694479,3.54,active
13123,25,2,0,0,501,7694480,7694980,5.01,rest
13124,25,2,15,6,315,7694981,7695295,3.15,active
13125,25,2,0,0,517,7695296,7695812,5.17,rest
13126,25,2,15,7,379,7695813,7696191,3.79,active
13127,25,2,0,0,482,7696192,7696673,4.82,rest
13128,25,2,15,8,323,7696674,7696996,3.23,active
13129,25,2,0,0,529,7696997,7697525,5.29,rest
13130,25,2,15,9,360,7697526,7697885,3.6,active
13131,25,2,0,0,479,7697886,7698364,4.79,rest
13132,25,2,15,10,371,7698365,7698735,3.71,active
13133,25,2,0,0,521,7698736,7699256,5.21,rest
13134,25,2,16,1,420,7699257,7699676,4.2,active
13135,25,2,0,0,415,7699677,7700091,4.15,rest
13136,25,2,16,2,425,7700092,7700516,4.25,active
13137,25,2,0,0,401,7700517,7700917,4.01,rest
13138,25,2,16,3,417,7700918,7701334,4.17,active
13139,25,2,0,0,436,7701335,7701770,4.36,rest
13140,25,2,16,4,409,7701771,7702179,4.09,active
13141,25,2,0,0,431,7702180,7702610,4.31,rest
13142,25,2,16,5,400,7702611,7703010,4.0,active
13143,25,2,0,0,456,7703011,7703466,4.56,rest
13144,25,2,16,6,386,7703467,7703852,3.86,active
13145,25,2,0,0,453,7703853,7704305,4.53,rest
13146,25,2,16,7,408,7704306,7704713,4.08,active
13147,25,2,0,0,411,7704714,7705124,4.11,rest
13148,25,2,16,8,428,7705125,7705552,4.28,active
13149,25,2,0,0,410,7705553,7705962,4.1,rest
13150,25,2,16,9,398,7705963,7706360,3.98,active
13151,25,2,0,0,464,7706361,7706824,4.64,rest
13152,25,2,16,10,426,7706825,7707250,4.26,active
13153,25,2,0,0,431,7707251,7707681,4.31,rest
13154,25,2,17,1,337,7707682,7708018,3.37,active
13155,25,2,0,0,491,7708019,7708509,4.91,rest
13156,25,2,17,2,358,7708510,7708867,3.58,active
13157,25,2,0,0,501,7708868,7709368,5.01,rest
13158,25,2,17,3,316,7709369,7709684,3.16,active
13159,25,2,0,0,520,7709685,7710204,5.2,rest
13160,25,2,17,4,350,7710205,7710554,3.5,active
13161,25,2,0,0,491,7710555,7711045,4.91,rest
13162,25,2,17,5,408,7711046,7711453,4.08,active
13163,25,2,0,0,416,7711454,7711869,4.16,rest
13164,25,2,17,6,382,7711870,7712251,3.82,active
13165,25,2,0,0,477,7712252,7712728,4.77,rest
13166,25,2,17,7,370,7712729,7713098,3.7,active
13167,25,2,0,0,490,7713099,7713588,4.9,rest
13168,25,2,17,8,339,7713589,7713927,3.39,active
13169,25,2,0,0,506,7713928,7714433,5.06,rest
13170,25,2,17,9,365,7714434,7714798,3.65,active
13171,25,2,0,0,459,7714799,7715257,4.59,rest
13172,25,2,17,10,381,7715258,7715638,3.81,active
13173,25,2,0,0,440,7715639,7716078,4.4,rest
13174,25,3,0,0,377,7716079,7716455,3.77,rest
13175,25,3,1,1,411,7716456,7716866,4.11,active
13176,25,3,0,0,443,7716867,7717309,4.43,rest
13177,25,3,1,2,283,7717310,7717592,2.83,active
13178,25,3,0,0,586,7717593,7718178,5.86,rest
13179,25,3,1,3,331,7718179,7718509,3.31,active
13180,25,3,0,0,498,7718510,7719007,4.98,rest
13181,25,3,1,4,319,7719008,7719326,3.19,active
13182,25,3,0,0,521,7719327,7719847,5.21,rest
13183,25,3,1,5,351,7719848,7720198,3.51,active
13184,25,3,0,0,502,7720199,7720700,5.02,rest
13185,25,3,1,6,366,7720701,7721066,3.66,active
13186,25,3,0,0,454,7721067,7721520,4.54,rest
13187,25,3,1,7,353,7721521,7721873,3.53,active
13188,25,3,0,0,502,7721874,7722375,5.02,rest
13189,25,3,1,8,361,7722376,7722736,3.61,active
13190,25,3,0,0,449,7722737,7723185,4.49,rest
13191,25,3,1,9,367,7723186,7723552,3.67,active
13192,25,3,0,0,502,7723553,7724054,5.02,rest
13193,25,3,1,10,240,7724055,7724294,2.4,active
13194,25,3,0,0,1868,7724295,7726162,18.68,rest
13195,25,3,2,1,324,7726163,7726486,3.24,active
13196,25,3,0,0,406,7726487,7726892,4.06,rest
13197,25,3,2,2,546,7726893,7727438,5.46,active
13198,25,3,0,0,308,7727439,7727746,3.08,rest
13199,25,3,2,3,447,7727747,7728193,4.47,active
13200,25,3,0,0,438,7728194,7728631,4.38,rest
13201,25,3,2,4,404,7728632,7729035,4.04,active
13202,25,3,0,0,476,7729036,7729511,4.76,rest
13203,25,3,2,5,413,7729512,7729924,4.13,active
13204,25,3,0,0,439,7729925,7730363,4.39,rest
13205,25,3,2,6,333,7730364,7730696,3.33,active
13206,25,3,0,0,534,7730697,7731230,5.34,rest
13207,25,3,2,7,296,7731231,7731526,2.96,active
13208,25,3,0,0,505,7731527,7732031,5.05,rest
13209,25,3,2,8,366,7732032,7732397,3.66,active
13210,25,3,0,0,442,7732398,7732839,4.42,rest
13211,25,3,2,9,373,7732840,7733212,3.73,active
13212,25,3,0,0,587,7733213,7733799,5.87,rest
13213,25,3,2,10,260,7733800,7734059,2.6,active
13214,25,3,0,0,797,7734060,7734856,7.97,rest
13215,25,3,3,1,320,7734857,7735176,3.2,active
13216,25,3,0,0,490,7735177,7735666,4.9,rest
13217,25,3,3,2,361,7735667,7736027,3.61,active
13218,25,3,0,0,447,7736028,7736474,4.47,rest
13219,25,3,3,3,352,7736475,7736826,3.52,active
13220,25,3,0,0,516,7736827,7737342,5.16,rest
13221,25,3,3,4,355,7737343,7737697,3.55,active
13222,25,3,0,0,500,7737698,7738197,5.0,rest
13223,25,3,3,5,318,7738198,7738515,3.18,active
13224,25,3,0,0,503,7738516,7739018,5.03,rest
13225,25,3,3,6,349,7739019,7739367,3.49,active
13226,25,3,0,0,485,7739368,7739852,4.85,rest
13227,25,3,3,7,370,7739853,7740222,3.7,active
13228,25,3,0,0,489,7740223,7740711,4.89,rest
13229,25,3,3,8,344,7740712,7741055,3.44,active
13230,25,3,0,0,464,7741056,7741519,4.64,rest
13231,25,3,3,9,355,7741520,7741874,3.55,active
13232,25,3,0,0,522,7741875,7742396,5.22,rest
13233,25,3,3,10,362,7742397,7742758,3.62,active
13234,25,3,0,0,1248,7742759,7744006,12.48,rest
13235,25,3,4,1,365,7744007,7744371,3.65,active
13236,25,3,0,0,501,7744372,7744872,5.01,rest
13237,25,3,4,2,359,7744873,7745231,3.59,active
13238,25,3,0,0,475,7745232,7745706,4.75,rest
13239,25,3,4,3,380,7745707,7746086,3.8,active
13240,25,3,0,0,458,7746087,7746544,4.58,rest
13241,25,3,4,4,399,7746545,7746943,3.99,active
13242,25,3,0,0,428,7746944,7747371,4.28,rest
13243,25,3,4,5,420,7747372,7747791,4.2,active
13244,25,3,0,0,424,7747792,7748215,4.24,rest
13245,25,3,4,6,374,7748216,7748589,3.74,active
13246,25,3,0,0,482,7748590,7749071,4.82,rest
13247,25,3,4,7,378,7749072,7749449,3.78,active
13248,25,3,0,0,457,7749450,7749906,4.57,rest
13249,25,3,4,8,368,7749907,7750274,3.68,active
13250,25,3,0,0,457,7750275,7750731,4.57,rest
13251,25,3,4,9,413,7750732,7751144,4.13,active
13252,25,3,0,0,450,7751145,7751594,4.5,rest
13253,25,3,4,10,408,7751595,7752002,4.08,active
13254,25,3,0,0,1065,7752003,7753067,10.65,rest
13255,25,3,5,1,456,7753068,7753523,4.56,active
13256,25,3,0,0,431,7753524,7753954,4.31,rest
13257,25,3,5,2,394,7753955,7754348,3.94,active
13258,25,3,0,0,444,7754349,7754792,4.44,rest
13259,25,3,5,3,399,7754793,7755191,3.99,active
13260,25,3,0,0,421,7755192,7755612,4.21,rest
13261,25,3,5,4,426,7755613,7756038,4.26,active
13262,25,3,0,0,400,7756039,7756438,4.0,rest
13263,25,3,5,5,485,7756439,7756923,4.85,active
13264,25,3,0,0,402,7756924,7757325,4.02,rest
13265,25,3,5,6,430,7757326,7757755,4.3,active
13266,25,3,0,0,368,7757756,7758123,3.68,rest
13267,25,3,5,7,415,7758124,7758538,4.15,active
13268,25,3,0,0,443,7758539,7758981,4.43,rest
13269,25,3,5,8,273,7758982,7759254,2.73,active
13270,25,3,0,0,575,7759255,7759829,5.75,rest
13271,25,3,5,9,286,7759830,7760115,2.86,active
13272,25,3,0,0,532,7760116,7760647,5.32,rest
13273,25,3,5,10,447,7760648,7761094,4.47,active
13274,25,3,0,0,2281,7761095,7763375,22.81,rest
13275,25,3,6,1,463,7763376,7763838,4.63,active
13276,25,3,0,0,324,7763839,7764162,3.24,rest
13277,25,3,6,2,346,7764163,7764508,3.46,active
13278,25,3,0,0,497,7764509,7765005,4.97,rest
13279,25,3,6,3,329,7765006,7765334,3.29,active
13280,25,3,0,0,527,7765335,7765861,5.27,rest
13281,25,3,6,4,472,7765862,7766333,4.72,active
13282,25,3,0,0,355,7766334,7766688,3.55,rest
13283,25,3,6,5,381,7766689,7767069,3.81,active
13284,25,3,0,0,476,7767070,7767545,4.76,rest
13285,25,3,6,6,335,7767546,7767880,3.35,active
13286,25,3,0,0,493,7767881,7768373,4.93,rest
13287,25,3,6,7,386,7768374,7768759,3.86,active
13288,25,3,0,0,452,7768760,7769211,4.52,rest
13289,25,3,6,8,405,7769212,7769616,4.05,active
13290,25,3,0,0,424,7769617,7770040,4.24,rest
13291,25,3,6,9,460,7770041,7770500,4.6,active
13292,25,3,0,0,422,7770501,7770922,4.22,rest
13293,25,3,6,10,416,7770923,7771338,4.16,active
13294,25,3,0,0,2514,7771339,7773852,25.14,rest
13295,25,3,7,1,306,7773853,7774158,3.06,active
13296,25,3,0,0,546,7774159,7774704,5.46,rest
13297,25,3,7,2,367,7774705,7775071,3.67,active
13298,25,3,0,0,441,7775072,7775512,4.41,rest
13299,25,3,7,3,419,7775513,7775931,4.19,active
13300,25,3,0,0,441,7775932,7776372,4.41,rest
13301,25,3,7,4,376,7776373,7776748,3.76,active
13302,25,3,0,0,469,7776749,7777217,4.69,rest
13303,25,3,7,5,446,7777218,7777663,4.46,active
13304,25,3,0,0,372,7777664,7778035,3.72,rest
13305,25,3,7,6,596,7778036,7778631,5.96,active
13306,25,3,0,0,247,7778632,7778878,2.47,rest
13307,25,3,7,7,428,7778879,7779306,4.28,active
13308,25,3,0,0,417,7779307,7779723,4.17,rest
13309,25,3,7,8,577,7779724,7780300,5.77,active
13310,25,3,0,0,312,7780301,7780612,3.12,rest
13311,25,3,7,9,358,7780613,7780970,3.58,active
13312,25,3,0,0,465,7780971,7781435,4.65,rest
13313,25,3,7,10,305,7781436,7781740,3.05,active
13314,25,3,0,0,650,7781741,7782390,6.5,rest
13315,25,3,8,1,397,7782391,7782787,3.97,active
13316,25,3,0,0,437,7782788,7783224,4.37,rest
13317,25,3,8,2,369,7783225,7783593,3.69,active
13318,25,3,0,0,448,7783594,7784041,4.48,rest
13319,25,3,8,3,361,7784042,7784402,3.61,active
13320,25,3,0,0,495,7784403,7784897,4.95,rest
13321,25,3,8,4,327,7784898,7785224,3.27,active
13322,25,3,0,0,518,7785225,7785742,5.18,rest
13323,25,3,8,5,415,7785743,7786157,4.15,active
13324,25,3,0,0,425,7786158,7786582,4.25,rest
13325,25,3,8,6,396,7786583,7786978,3.96,active
13326,25,3,0,0,458,7786979,7787436,4.58,rest
13327,25,3,8,7,395,7787437,7787831,3.95,active
13328,25,3,0,0,465,7787832,7788296,4.65,rest
13329,25,3,8,8,390,7788297,7788686,3.9,active
13330,25,3,0,0,452,7788687,7789138,4.52,rest
13331,25,3,8,9,377,7789139,7789515,3.77,active
13332,25,3,0,0,462,7789516,7789977,4.62,rest
13333,25,3,8,10,421,7789978,7790398,4.21,active
13334,25,3,0,0,467,7790399,7790865,4.67,rest
13335,25,3,9,1,393,7790866,7791258,3.93,active
13336,25,3,0,0,420,7791259,7791678,4.2,rest
13337,25,3,9,2,353,7791679,7792031,3.53,active
13338,25,3,0,0,490,7792032,7792521,4.9,rest
13339,25,3,9,3,360,7792522,7792881,3.6,active
13340,25,3,0,0,484,7792882,7793365,4.84,rest
13341,25,3,9,4,389,7793366,7793754,3.89,active
13342,25,3,0,0,441,7793755,7794195,4.41,rest
13343,25,3,9,5,323,7794196,7794518,3.23,active
13344,25,3,0,0,549,7794519,7795067,5.49,rest
13345,25,3,9,6,509,7795068,7795576,5.09,active
13346,25,3,0,0,332,7795577,7795908,3.32,rest
13347,25,3,9,7,336,7795909,7796244,3.36,active
13348,25,3,0,0,544,7796245,7796788,5.44,rest
13349,25,3,9,8,326,7796789,7797114,3.26,active
13350,25,3,0,0,472,7797115,7797586,4.72,rest
13351,25,3,9,9,385,7797587,7797971,3.85,active
13352,25,3,0,0,466,7797972,7798437,4.66,rest
13353,25,3,9,10,326,7798438,7798763,3.26,active
13354,25,3,0,0,1699,7798764,7800462,16.99,rest
13355,25,3,10,1,345,7800463,7800807,3.45,active
13356,25,3,0,0,477,7800808,7801284,4.77,rest
13357,25,3,10,2,365,7801285,7801649,3.65,active
13358,25,3,0,0,510,7801650,7802159,5.1,rest
13359,25,3,10,3,315,7802160,7802474,3.15,active
13360,25,3,0,0,489,7802475,7802963,4.89,rest
13361,25,3,10,4,329,7802964,7803292,3.29,active
13362,25,3,0,0,616,7803293,7803908,6.16,rest
13363,25,3,10,5,237,7803909,7804145,2.37,active
13364,25,3,0,0,497,7804146,7804642,4.97,rest
13365,25,3,10,6,367,7804643,7805009,3.67,active
13366,25,3,0,0,485,7805010,7805494,4.85,rest
13367,25,3,10,7,378,7805495,7805872,3.78,active
13368,25,3,0,0,467,7805873,7806339,4.67,rest
13369,25,3,10,8,392,7806340,7806731,3.92,active
13370,25,3,0,0,483,7806732,7807214,4.83,rest
13371,25,3,10,9,310,7807215,7807524,3.1,active
13372,25,3,0,0,478,7807525,7808002,4.78,rest
13373,25,3,10,10,430,7808003,7808432,4.3,active
13374,25,3,0,0,2193,7808433,7810625,21.93,rest
13375,25,3,11,1,383,7810626,7811008,3.83,active
13376,25,3,0,0,405,7811009,7811413,4.05,rest
13377,25,3,11,2,426,7811414,7811839,4.26,active
13378,25,3,0,0,411,7811840,7812250,4.11,rest
13379,25,3,11,3,438,7812251,7812688,4.38,active
13380,25,3,0,0,395,7812689,7813083,3.95,rest
13381,25,3,11,4,393,7813084,7813476,3.93,active
13382,25,3,0,0,461,7813477,7813937,4.61,rest
13383,25,3,11,5,426,7813938,7814363,4.26,active
13384,25,3,0,0,411,7814364,7814774,4.11,rest
13385,25,3,11,6,384,7814775,7815158,3.84,active
13386,25,3,0,0,464,7815159,7815622,4.64,rest
13387,25,3,11,7,417,7815623,7816039,4.17,active
13388,25,3,0,0,438,7816040,7816477,4.38,rest
13389,25,3,11,8,381,7816478,7816858,3.81,active
13390,25,3,0,0,483,7816859,7817341,4.83,rest
13391,25,3,11,9,361,7817342,7817702,3.61,active
13392,25,3,0,0,469,7817703,7818171,4.69,rest
13393,25,3,11,10,370,7818172,7818541,3.7,active
13394,25,3,0,0,715,7818542,7819256,7.15,rest
13395,25,3,12,1,381,7819257,7819637,3.81,active
13396,25,3,0,0,442,7819638,7820079,4.42,rest
13397,25,3,12,2,415,7820080,7820494,4.15,active
13398,25,3,0,0,469,7820495,7820963,4.69,rest
13399,25,3,12,3,353,7820964,7821316,3.53,active
13400,25,3,0,0,449,7821317,7821765,4.49,rest
13401,25,3,12,4,397,7821766,7822162,3.97,active
13402,25,3,0,0,459,7822163,7822621,4.59,rest
13403,25,3,12,5,406,7822622,7823027,4.06,active
13404,25,3,0,0,458,7823028,7823485,4.58,rest
13405,25,3,12,6,325,7823486,7823810,3.25,active
13406,25,3,0,0,584,7823811,7824394,5.84,rest
13407,25,3,12,7,338,7824395,7824732,3.38,active
13408,25,3,0,0,439,7824733,7825171,4.39,rest
13409,25,3,12,8,379,7825172,7825550,3.79,active
13410,25,3,0,0,464,7825551,7826014,4.64,rest
13411,25,3,12,9,389,7826015,7826403,3.89,active
13412,25,3,0,0,488,7826404,7826891,4.88,rest
13413,25,3,12,10,294,7826892,7827185,2.94,active
13414,25,3,0,0,727,7827186,7827912,7.27,rest
13415,25,3,13,1,295,7827913,7828207,2.95,active
13416,25,3,0,0,521,7828208,7828728,5.21,rest
13417,25,3,13,2,353,7828729,7829081,3.53,active
13418,25,3,0,0,438,7829082,7829519,4.38,rest
13419,25,3,13,3,368,7829520,7829887,3.68,active
13420,25,3,0,0,531,7829888,7830418,5.31,rest
13421,25,3,13,4,304,7830419,7830722,3.04,active
13422,25,3,0,0,492,7830723,7831214,4.92,rest
13423,25,3,13,5,355,7831215,7831569,3.55,active
13424,25,3,0,0,537,7831570,7832106,5.37,rest
13425,25,3,13,6,315,7832107,7832421,3.15,active
13426,25,3,0,0,534,7832422,7832955,5.34,rest
13427,25,3,13,7,294,7832956,7833249,2.94,active
13428,25,3,0,0,510,7833250,7833759,5.1,rest
13429,25,3,13,8,337,7833760,7834096,3.37,active
13430,25,3,0,0,518,7834097,7834614,5.18,rest
13431,25,3,13,9,327,7834615,7834941,3.27,active
13432,25,3,0,0,545,7834942,7835486,5.45,rest
13433,25,3,13,10,331,7835487,7835817,3.31,active
13434,25,3,0,0,1585,7835818,7837402,15.85,rest
13435,25,3,14,1,450,7837403,7837852,4.5,active
13436,25,3,0,0,371,7837853,7838223,3.71,rest
13437,25,3,14,2,373,7838224,7838596,3.73,active
13438,25,3,0,0,471,7838597,7839067,4.71,rest
13439,25,3,14,3,363,7839068,7839430,3.63,active
13440,25,3,0,0,457,7839431,7839887,4.57,rest
13441,25,3,14,4,374,7839888,7840261,3.74,active
13442,25,3,0,0,492,7840262,7840753,4.92,rest
13443,25,3,14,5,368,7840754,7841121,3.68,active
13444,25,3,0,0,466,7841122,7841587,4.66,rest
13445,25,3,14,6,453,7841588,7842040,4.53,active
13446,25,3,0,0,393,7842041,7842433,3.93,rest
13447,25,3,14,7,318,7842434,7842751,3.18,active
13448,25,3,0,0,511,7842752,7843262,5.11,rest
13449,25,3,14,8,381,7843263,7843643,3.81,active
13450,25,3,0,0,609,7843644,7844252,6.09,rest
13451,25,3,14,9,272,7844253,7844524,2.72,active
13452,25,3,0,0,462,7844525,7844986,4.62,rest
13453,25,3,14,10,374,7844987,7845360,3.74,active
13454,25,3,0,0,1245,7845361,7846605,12.45,rest
13455,25,3,15,1,375,7846606,7846980,3.75,active
13456,25,3,0,0,445,7846981,7847425,4.45,rest
13457,25,3,15,2,384,7847426,7847809,3.84,active
13458,25,3,0,0,445,7847810,7848254,4.45,rest
13459,25,3,15,3,379,7848255,7848633,3.79,active
13460,25,3,0,0,448,7848634,7849081,4.48,rest
13461,25,3,15,4,384,7849082,7849465,3.84,active
13462,25,3,0,0,482,7849466,7849947,4.82,rest
13463,25,3,15,5,423,7849948,7850370,4.23,active
13464,25,3,0,0,405,7850371,7850775,4.05,rest
13465,25,3,15,6,388,7850776,7851163,3.88,active
13466,25,3,0,0,475,7851164,7851638,4.75,rest
13467,25,3,15,7,383,7851639,7852021,3.83,active
13468,25,3,0,0,418,7852022,7852439,4.18,rest
13469,25,3,15,8,486,7852440,7852925,4.86,active
13470,25,3,0,0,361,7852926,7853286,3.61,rest
13471,25,3,15,9,497,7853287,7853783,4.97,active
13472,25,3,0,0,333,7853784,7854116,3.33,rest
13473,25,3,15,10,593,7854117,7854709,5.93,active
13474,25,3,0,0,953,7854710,7855662,9.53,rest
13475,25,3,16,1,358,7855663,7856020,3.58,active
13476,25,3,0,0,442,7856021,7856462,4.42,rest
13477,25,3,16,2,398,7856463,7856860,3.98,active
13478,25,3,0,0,443,7856861,7857303,4.43,rest
13479,25,3,16,3,382,7857304,7857685,3.82,active
13480,25,3,0,0,510,7857686,7858195,5.1,rest
13481,25,3,16,4,321,7858196,7858516,3.21,active
13482,25,3,0,0,462,7858517,7858978,4.62,rest
13483,25,3,16,5,440,7858979,7859418,4.4,active
13484,25,3,0,0,392,7859419,7859810,3.92,rest
13485,25,3,16,6,424,7859811,7860234,4.24,active
13486,25,3,0,0,458,7860235,7860692,4.58,rest
13487,25,3,16,7,363,7860693,7861055,3.63,active
13488,25,3,0,0,456,7861056,7861511,4.56,rest
13489,25,3,16,8,371,7861512,7861882,3.71,active
13490,25,3,0,0,482,7861883,7862364,4.82,rest
13491,25,3,16,9,419,7862365,7862783,4.19,active
13492,25,3,0,0,400,7862784,7863183,4.0,rest
13493,25,3,16,10,384,7863184,7863567,3.84,active
13494,25,3,0,0,1009,7863568,7864576,10.09,rest
13495,25,3,17,1,405,7864577,7864981,4.05,active
13496,25,3,0,0,406,7864982,7865387,4.06,rest
13497,25,3,17,2,371,7865388,7865758,3.71,active
13498,25,3,0,0,452,7865759,7866210,4.52,rest
13499,25,3,17,3,426,7866211,7866636,4.26,active
13500,25,3,0,0,433,7866637,7867069,4.33,rest
13501,25,3,17,4,490,7867070,7867559,4.9,active
13502,25,3,0,0,382,7867560,7867941,3.82,rest
13503,25,3,17,5,486,7867942,7868427,4.86,active
13504,25,3,0,0,327,7868428,7868754,3.27,rest
13505,25,3,17,6,592,7868755,7869346,5.92,active
13506,25,3,0,0,269,7869347,7869615,2.69,rest
13507,25,3,17,7,423,7869616,7870038,4.23,active
13508,25,3,0,0,399,7870039,7870437,3.99,rest
13509,25,3,17,8,597,7870438,7871034,5.97,active
13510,25,3,0,0,254,7871035,7871288,2.54,rest
13511,25,3,17,9,541,7871289,7871829,5.41,active
13512,25,3,0,0,310,7871830,7872139,3.1,rest
13513,25,3,17,10,580,7872140,7872719,5.8,active
13514,25,3,0,0,1328,7872720,7874047,13.28,rest
13515,25,3,18,1,389,7874048,7874436,3.89,active
13516,25,3,0,0,371,7874437,7874807,3.71,rest
13517,25,3,18,2,468,7874808,7875275,4.68,active
13518,25,3,0,0,336,7875276,7875611,3.36,rest
13519,25,3,18,3,356,7875612,7875967,3.56,active
13520,25,3,0,0,533,7875968,7876500,5.33,rest
13521,25,3,18,4,464,7876501,7876964,4.64,active
13522,25,3,0,0,377,7876965,7877341,3.77,rest
13523,25,3,18,5,394,7877342,7877735,3.94,active
13524,25,3,0,0,442,7877736,7878177,4.42,rest
13525,25,3,18,6,370,7878178,7878547,3.7,active
13526,25,3,0,0,465,7878548,7879012,4.65,rest
13527,25,3,18,7,437,7879013,7879449,4.37,active
13528,25,3,0,0,427,7879450,7879876,4.27,rest
13529,25,3,18,8,429,7879877,7880305,4.29,active
13530,25,3,0,0,393,7880306,7880698,3.93,rest
13531,25,3,18,9,432,7880699,7881130,4.32,active
13532,25,3,0,0,431,7881131,7881561,4.31,rest
13533,25,3,18,10,486,7881562,7882047,4.86,active
13534,25,3,0,0,1190,7882048,7883237,11.9,rest
13535,25,3,19,1,351,7883238,7883588,3.51,active
13536,25,3,0,0,435,7883589,7884023,4.35,rest
13537,25,3,19,2,466,7884024,7884489,4.66,active
13538,25,3,0,0,420,7884490,7884909,4.2,rest
13539,25,3,19,3,365,7884910,7885274,3.65,active
13540,25,3,0,0,479,7885275,7885753,4.79,rest
13541,25,3,19,4,366,7885754,7886119,3.66,active
13542,25,3,0,0,481,7886120,7886600,4.81,rest
13543,25,3,19,5,341,7886601,7886941,3.41,active
13544,25,3,0,0,484,7886942,7887425,4.84,rest
13545,25,3,19,6,351,7887426,7887776,3.51,active
13546,25,3,0,0,494,7887777,7888270,4.94,rest
13547,25,3,19,7,381,7888271,7888651,3.81,active
13548,25,3,0,0,457,7888652,7889108,4.57,rest
13549,25,3,19,8,398,7889109,7889506,3.98,active
13550,25,3,0,0,482,7889507,7889988,4.82,rest
13551,25,3,19,9,362,7889989,7890350,3.62,active
13552,25,3,0,0,474,7890351,7890824,4.74,rest
13553,25,3,19,10,317,7890825,7891141,3.17,active
13554,25,3,0,0,1965,7891142,7893106,19.65,rest
13555,25,3,20,1,396,7893107,7893502,3.96,active
13556,25,3,0,0,428,7893503,7893930,4.28,rest
13557,25,3,20,2,392,7893931,7894322,3.92,active
13558,25,3,0,0,420,7894323,7894742,4.2,rest
13559,25,3,20,3,445,7894743,7895187,4.45,active
13560,25,3,0,0,375,7895188,7895562,3.75,rest
13561,25,3,20,4,433,7895563,7895995,4.33,active
13562,25,3,0,0,428,7895996,7896423,4.28,rest
13563,25,3,20,5,436,7896424,7896859,4.36,active
13564,25,3,0,0,408,7896860,7897267,4.08,rest
13565,25,3,20,6,477,7897268,7897744,4.77,active
13566,25,3,0,0,354,7897745,7898098,3.54,rest
13567,25,3,20,7,499,7898099,7898597,4.99,active
13568,25,3,0,0,369,7898598,7898966,3.69,rest
13569,25,3,20,8,439,7898967,7899405,4.39,active
13570,25,3,0,0,422,7899406,7899827,4.22,rest
13571,25,3,20,9,453,7899828,7900280,4.53,active
13572,25,3,0,0,329,7900281,7900609,3.29,rest
13573,25,3,20,10,456,7900610,7901065,4.56,active
13574,25,3,0,0,6653,7901066,7907718,66.53,rest
13575,25,3,21,1,348,7907719,7908066,3.48,active
13576,25,3,0,0,506,7908067,7908572,5.06,rest
13577,25,3,21,2,429,7908573,7909001,4.29,active
13578,25,3,0,0,392,7909002,7909393,3.92,rest
13579,25,3,21,3,311,7909394,7909704,3.11,active
13580,25,3,0,0,541,7909705,7910245,5.41,rest
13581,25,3,21,4,348,7910246,7910593,3.48,active
13582,25,3,0,0,500,7910594,7911093,5.0,rest
13583,25,3,21,5,295,7911094,7911388,2.95,active
13584,25,3,0,0,542,7911389,7911930,5.42,rest
13585,25,3,21,6,310,7911931,7912240,3.1,active
13586,25,3,0,0,571,7912241,7912811,5.71,rest
13587,25,3,21,7,431,7912812,7913242,4.31,active
13588,25,3,0,0,310,7913243,7913552,3.1,rest
13589,25,3,21,8,391,7913553,7913943,3.91,active
13590,25,3,0,0,457,7913944,7914400,4.57,rest
13591,25,3,21,9,387,7914401,7914787,3.87,active
13592,25,3,0,0,448,7914788,7915235,4.48,rest
13593,25,3,21,10,413,7915236,7915648,4.13,active
13594,25,3,0,0,5591,7915649,7921239,55.91,rest
13595,25,3,22,1,461,7921240,7921700,4.61,active
13596,25,3,0,0,324,7921701,7922024,3.24,rest
13597,25,3,22,2,428,7922025,7922452,4.28,active
13598,25,3,0,0,424,7922453,7922876,4.24,rest
13599,25,3,22,3,359,7922877,7923235,3.59,active
13600,25,3,0,0,476,7923236,7923711,4.76,rest
13601,25,3,22,4,491,7923712,7924202,4.91,active
13602,25,3,0,0,346,7924203,7924548,3.46,rest
13603,25,3,22,5,450,7924549,7924998,4.5,active
13604,25,3,0,0,401,7924999,7925399,4.01,rest
13605,25,3,22,6,446,7925400,7925845,4.46,active
13606,25,3,0,0,399,7925846,7926244,3.99,rest
13607,25,3,22,7,473,7926245,7926717,4.73,active
13608,25,3,0,0,375,7926718,7927092,3.75,rest
13609,25,3,22,8,438,7927093,7927530,4.38,active
13610,25,3,0,0,382,7927531,7927912,3.82,rest
13611,25,3,22,9,373,7927913,7928285,3.73,active
13612,25,3,0,0,466,7928286,7928751,4.66,rest
13613,25,3,22,10,456,7928752,7929207,4.56,active
13614,25,3,0,0,2803,7929208,7932010,28.03,rest
13615,25,3,23,1,422,7932011,7932432,4.22,active
13616,25,3,0,0,382,7932433,7932814,3.82,rest
13617,25,3,23,2,569,7932815,7933383,5.69,active
13618,25,3,0,0,279,7933384,7933662,2.79,rest
13619,25,3,23,3,432,7933663,7934094,4.32,active
13620,25,3,0,0,427,7934095,7934521,4.27,rest
13621,25,3,23,4,444,7934522,7934965,4.44,active
13622,25,3,0,0,398,7934966,7935363,3.98,rest
13623,25,3,23,5,479,7935364,7935842,4.79,active
13624,25,3,0,0,343,7935843,7936185,3.43,rest
13625,25,3,23,6,479,7936186,7936664,4.79,active
13626,25,3,0,0,353,7936665,7937017,3.53,rest
13627,25,3,23,7,459,7937018,7937476,4.59,active
13628,25,3,0,0,403,7937477,7937879,4.03,rest
13629,25,3,23,8,415,7937880,7938294,4.15,active
13630,25,3,0,0,426,7938295,7938720,4.26,rest
13631,25,3,23,9,448,7938721,7939168,4.48,active
13632,25,3,0,0,395,7939169,7939563,3.95,rest
13633,25,3,23,10,444,7939564,7940007,4.44,active
13634,25,3,0,0,365,7940008,7940372,3.65,rest
13635,26,2,0,0,416,8042015,8042430,4.16,rest
13636,26,2,1,1,304,8042431,8042734,3.04,active
13637,26,2,0,0,578,8042735,8043312,5.78,rest
13638,26,2,1,2,243,8043313,8043555,2.43,active
13639,26,2,0,0,538,8043556,8044093,5.38,rest
13640,26,2,1,3,369,8044094,8044462,3.69,active
13641,26,2,0,0,483,8044463,8044945,4.83,rest
13642,26,2,1,4,323,8044946,8045268,3.23,active
13643,26,2,0,0,520,8045269,8045788,5.2,rest
13644,26,2,1,5,406,8045789,8046194,4.06,active
13645,26,2,0,0,381,8046195,8046575,3.81,rest
13646,26,2,1,6,577,8046576,8047152,5.77,active
13647,26,2,0,0,321,8047153,8047473,3.21,rest
13648,26,2,1,7,339,8047474,8047812,3.39,active
13649,26,2,0,0,521,8047813,8048333,5.21,rest
13650,26,2,1,8,351,8048334,8048684,3.51,active
13651,26,2,0,0,489,8048685,8049173,4.89,rest
13652,26,2,1,9,434,8049174,8049607,4.34,active
13653,26,2,0,0,435,8049608,8050042,4.35,rest
13654,26,2,1,10,388,8050043,8050430,3.88,active
13655,26,2,0,0,535,8050431,8050965,5.35,rest
13656,26,2,2,1,273,8050966,8051238,2.73,active
13657,26,2,0,0,477,8051239,8051715,4.77,rest
13658,26,2,2,2,327,8051716,8052042,3.27,active
13659,26,2,0,0,499,8052043,8052541,4.99,rest
13660,26,2,2,3,350,8052542,8052891,3.5,active
13661,26,2,0,0,512,8052892,8053403,5.12,rest
13662,26,2,2,4,352,8053404,8053755,3.52,active
13663,26,2,0,0,480,8053756,8054235,4.8,rest
13664,26,2,2,5,376,8054236,8054611,3.76,active
13665,26,2,0,0,491,8054612,8055102,4.91,rest
13666,26,2,2,6,327,8055103,8055429,3.27,active
13667,26,2,0,0,508,8055430,8055937,5.08,rest
13668,26,2,2,7,312,8055938,8056249,3.12,active
13669,26,2,0,0,531,8056250,8056780,5.31,rest
13670,26,2,2,8,336,8056781,8057116,3.36,active
13671,26,2,0,0,474,8057117,8057590,4.74,rest
13672,26,2,2,9,370,8057591,8057960,3.7,active
13673,26,2,0,0,536,8057961,8058496,5.36,rest
13674,26,2,2,10,327,8058497,8058823,3.27,active
13675,26,2,0,0,576,8058824,8059399,5.76,rest
13676,26,2,3,1,265,8059400,8059664,2.65,active
13677,26,2,0,0,518,8059665,8060182,5.18,rest
13678,26,2,3,2,327,8060183,8060509,3.27,active
13679,26,2,0,0,498,8060510,8061007,4.98,rest
13680,26,2,3,3,357,8061008,8061364,3.57,active
13681,26,2,0,0,498,8061365,8061862,4.98,rest
13682,26,2,3,4,317,8061863,8062179,3.17,active
13683,26,2,0,0,567,8062180,8062746,5.67,rest
13684,26,2,3,5,339,8062747,8063085,3.39,active
13685,26,2,0,0,480,8063086,8063565,4.8,rest
13686,26,2,3,6,304,8063566,8063869,3.04,active
13687,26,2,0,0,547,8063870,8064416,5.47,rest
13688,26,2,3,7,312,8064417,8064728,3.12,active
13689,26,2,0,0,492,8064729,8065220,4.92,rest
13690,26,2,3,8,332,8065221,8065552,3.32,active
13691,26,2,0,0,561,8065553,8066113,5.61,rest
13692,26,2,3,9,276,8066114,8066389,2.76,active
13693,26,2,0,0,548,8066390,8066937,5.48,rest
13694,26,2,3,10,357,8066938,8067294,3.57,active
13695,26,2,0,0,603,8067295,8067897,6.03,rest
13696,26,2,4,1,247,8067898,8068144,2.47,active
13697,26,2,0,0,544,8068145,8068688,5.44,rest
13698,26,2,4,2,226,8068689,8068914,2.26,active
13699,26,2,0,0,626,8068915,8069540,6.26,rest
13700,26,2,4,3,293,8069541,8069833,2.93,active
13701,26,2,0,0,530,8069834,8070363,5.3,rest
13702,26,2,4,4,245,8070364,8070608,2.45,active
13703,26,2,0,0,604,8070609,8071212,6.04,rest
13704,26,2,4,5,323,8071213,8071535,3.23,active
13705,26,2,0,0,503,8071536,8072038,5.03,rest
13706,26,2,4,6,293,8072039,8072331,2.93,active
13707,26,2,0,0,550,8072332,8072881,5.5,rest
13708,26,2,4,7,311,8072882,8073192,3.11,active
13709,26,2,0,0,547,8073193,8073739,5.47,rest
13710,26,2,4,8,277,8073740,8074016,2.77,active
13711,26,2,0,0,576,8074017,8074592,5.76,rest
13712,26,2,4,9,309,8074593,8074901,3.09,active
13713,26,2,0,0,519,8074902,8075420,5.19,rest
13714,26,2,4,10,230,8075421,8075650,2.3,active
13715,26,2,0,0,672,8075651,8076322,6.72,rest
13716,26,2,5,1,279,8076323,8076601,2.79,active
13717,26,2,0,0,550,8076602,8077151,5.5,rest
13718,26,2,5,2,240,8077152,8077391,2.4,active
13719,26,2,0,0,600,8077392,8077991,6.0,rest
13720,26,2,5,3,287,8077992,8078278,2.87,active
13721,26,2,0,0,570,8078279,8078848,5.7,rest
13722,26,2,5,4,262,8078849,8079110,2.62,active
13723,26,2,0,0,593,8079111,8079703,5.93,rest
13724,26,2,5,5,215,8079704,8079918,2.15,active
13725,26,2,0,0,620,8079919,8080538,6.2,rest
13726,26,2,5,6,244,8080539,8080782,2.44,active
13727,26,2,0,0,583,8080783,8081365,5.83,rest
13728,26,2,5,7,270,8081366,8081635,2.7,active
13729,26,2,0,0,600,8081636,8082235,6.0,rest
13730,26,2,5,8,274,8082236,8082509,2.74,active
13731,26,2,0,0,572,8082510,8083081,5.72,rest
13732,26,2,5,9,228,8083082,8083309,2.28,active
13733,26,2,0,0,634,8083310,8083943,6.34,rest
13734,26,2,5,10,259,8083944,8084202,2.59,active
13735,26,2,0,0,612,8084203,8084814,6.12,rest
13736,26,2,6,1,258,8084815,8085072,2.58,active
13737,26,2,0,0,567,8085073,8085639,5.67,rest
13738,26,2,6,2,245,8085640,8085884,2.45,active
13739,26,2,0,0,632,8085885,8086516,6.32,rest
13740,26,2,6,3,330,8086517,8086846,3.3,active
13741,26,2,0,0,568,8086847,8087414,5.68,rest
13742,26,2,6,4,272,8087415,8087686,2.72,active
13743,26,2,0,0,494,8087687,8088180,4.94,rest
13744,26,2,6,5,254,8088181,8088434,2.54,active
13745,26,2,0,0,569,8088435,8089003,5.69,rest
13746,26,2,6,6,274,8089004,8089277,2.74,active
13747,26,2,0,0,670,8089278,8089947,6.7,rest
13748,26,2,6,7,253,8089948,8090200,2.53,active
13749,26,2,0,0,500,8090201,8090700,5.0,rest
13750,26,2,6,8,260,8090701,8090960,2.6,active
13751,26,2,0,0,597,8090961,8091557,5.97,rest
13752,26,2,6,9,237,8091558,8091794,2.37,active
13753,26,2,0,0,608,8091795,8092402,6.08,rest
13754,26,2,6,10,263,8092403,8092665,2.63,active
13755,26,2,0,0,624,8092666,8093289,6.24,rest
13756,26,2,7,1,277,8093290,8093566,2.77,active
13757,26,2,0,0,523,8093567,8094089,5.23,rest
13758,26,2,7,2,242,8094090,8094331,2.42,active
13759,26,2,0,0,613,8094332,8094944,6.13,rest
13760,26,2,7,3,225,8094945,8095169,2.25,active
13761,26,2,0,0,582,8095170,8095751,5.82,rest
13762,26,2,7,4,311,8095752,8096062,3.11,active
13763,26,2,0,0,540,8096063,8096602,5.4,rest
13764,26,2,7,5,250,8096603,8096852,2.5,active
13765,26,2,0,0,572,8096853,8097424,5.72,rest
13766,26,2,7,6,346,8097425,8097770,3.46,active
13767,26,2,0,0,514,8097771,8098284,5.14,rest
13768,26,2,7,7,269,8098285,8098553,2.69,active
13769,26,2,0,0,578,8098554,8099131,5.78,rest
13770,26,2,7,8,361,8099132,8099492,3.61,active
13771,26,2,0,0,487,8099493,8099979,4.87,rest
13772,26,2,7,9,338,8099980,8100317,3.38,active
13773,26,2,0,0,504,8100318,8100821,5.04,rest
13774,26,2,7,10,271,8100822,8101092,2.71,active
13775,26,2,0,0,630,8101093,8101722,6.3,rest
13776,26,2,8,1,291,8101723,8102013,2.91,active
13777,26,2,0,0,541,8102014,8102554,5.41,rest
13778,26,2,8,2,347,8102555,8102901,3.47,active
13779,26,2,0,0,468,8102902,8103369,4.68,rest
13780,26,2,8,3,284,8103370,8103653,2.84,active
13781,26,2,0,0,590,8103654,8104243,5.9,rest
13782,26,2,8,4,266,8104244,8104509,2.66,active
13783,26,2,0,0,590,8104510,8105099,5.9,rest
13784,26,2,8,5,261,8105100,8105360,2.61,active
13785,26,2,0,0,553,8105361,8105913,5.53,rest
13786,26,2,8,6,261,8105914,8106174,2.61,active
13787,26,2,0,0,595,8106175,8106769,5.95,rest
13788,26,2,8,7,287,8106770,8107056,2.87,active
13789,26,2,0,0,537,8107057,8107593,5.37,rest
13790,26,2,8,8,328,8107594,8107921,3.28,active
13791,26,2,0,0,528,8107922,8108449,5.28,rest
13792,26,2,8,9,327,8108450,8108776,3.27,active
13793,26,2,0,0,487,8108777,8109263,4.87,rest
13794,26,2,8,10,285,8109264,8109548,2.85,active
13795,26,2,0,0,631,8109549,8110179,6.31,rest
13796,26,2,9,1,365,8110180,8110544,3.65,active
13797,26,2,0,0,476,8110545,8111020,4.76,rest
13798,26,2,9,2,285,8111021,8111305,2.85,active
13799,26,2,0,0,700,8111306,8112005,7.0,rest
13800,26,2,9,3,236,8112006,8112241,2.36,active
13801,26,2,0,0,487,8112242,8112728,4.87,rest
13802,26,2,9,4,292,8112729,8113020,2.92,active
13803,26,2,0,0,544,8113021,8113564,5.44,rest
13804,26,2,9,5,274,8113565,8113838,2.74,active
13805,26,2,0,0,568,8113839,8114406,5.68,rest
13806,26,2,9,6,302,8114407,8114708,3.02,active
13807,26,2,0,0,523,8114709,8115231,5.23,rest
13808,26,2,9,7,360,8115232,8115591,3.6,active
13809,26,2,0,0,469,8115592,8116060,4.69,rest
13810,26,2,9,8,316,8116061,8116376,3.16,active
13811,26,2,0,0,566,8116377,8116942,5.66,rest
13812,26,2,9,9,242,8116943,8117184,2.42,active
13813,26,2,0,0,519,8117185,8117703,5.19,rest
13814,26,2,9,10,362,8117704,8118065,3.62,active
13815,26,2,0,0,574,8118066,8118639,5.74,rest
13816,26,2,10,1,235,8118640,8118874,2.35,active
13817,26,2,0,0,559,8118875,8119433,5.59,rest
13818,26,2,10,2,342,8119434,8119775,3.42,active
13819,26,2,0,0,491,8119776,8120266,4.91,rest
13820,26,2,10,3,355,8120267,8120621,3.55,active
13821,26,2,0,0,494,8120622,8121115,4.94,rest
13822,26,2,10,4,349,8121116,8121464,3.49,active
13823,26,2,0,0,484,8121465,8121948,4.84,rest
13824,26,2,10,5,311,8121949,8122259,3.11,active
13825,26,2,0,0,534,8122260,8122793,5.34,rest
13826,26,2,10,6,313,8122794,8123106,3.13,active
13827,26,2,0,0,528,8123107,8123634,5.28,rest
13828,26,2,10,7,327,8123635,8123961,3.27,active
13829,26,2,0,0,531,8123962,8124492,5.31,rest
13830,26,2,10,8,348,8124493,8124840,3.48,active
13831,26,2,0,0,493,8124841,8125333,4.93,rest
13832,26,2,10,9,349,8125334,8125682,3.49,active
13833,26,2,0,0,466,8125683,8126148,4.66,rest
13834,26,2,10,10,409,8126149,8126557,4.09,active
13835,26,2,0,0,527,8126558,8127084,5.27,rest
13836,26,2,11,1,277,8127085,8127361,2.77,active
13837,26,2,0,0,521,8127362,8127882,5.21,rest
13838,26,2,11,2,381,8127883,8128263,3.81,active
13839,26,2,0,0,468,8128264,8128731,4.68,rest
13840,26,2,11,3,318,8128732,8129049,3.18,active
13841,26,2,0,0,492,8129050,8129541,4.92,rest
13842,26,2,11,4,349,8129542,8129890,3.49,active
13843,26,2,0,0,517,8129891,8130407,5.17,rest
13844,26,2,11,5,368,8130408,8130775,3.68,active
13845,26,2,0,0,475,8130776,8131250,4.75,rest
13846,26,2,11,6,329,8131251,8131579,3.29,active
13847,26,2,0,0,501,8131580,8132080,5.01,rest
13848,26,2,11,7,333,8132081,8132413,3.33,active
13849,26,2,0,0,499,8132414,8132912,4.99,rest
13850,26,2,11,8,401,8132913,8133313,4.01,active
13851,26,2,0,0,445,8133314,8133758,4.45,rest
13852,26,2,11,9,384,8133759,8134142,3.84,active
13853,26,2,0,0,459,8134143,8134601,4.59,rest
13854,26,2,11,10,399,8134602,8135000,3.99,active
13855,26,2,0,0,548,8135001,8135548,5.48,rest
13856,26,2,12,1,277,8135549,8135825,2.77,active
13857,26,2,0,0,480,8135826,8136305,4.8,rest
13858,26,2,12,2,308,8136306,8136613,3.08,active
13859,26,2,0,0,527,8136614,8137140,5.27,rest
13860,26,2,12,3,375,8137141,8137515,3.75,active
13861,26,2,0,0,473,8137516,8137988,4.73,rest
13862,26,2,12,4,343,8137989,8138331,3.43,active
13863,26,2,0,0,498,8138332,8138829,4.98,rest
13864,26,2,12,5,360,8138830,8139189,3.6,active
13865,26,2,0,0,478,8139190,8139667,4.78,rest
13866,26,2,12,6,365,8139668,8140032,3.65,active
13867,26,2,0,0,476,8140033,8140508,4.76,rest
13868,26,2,12,7,422,8140509,8140930,4.22,active
13869,26,2,0,0,418,8140931,8141348,4.18,rest
13870,26,2,12,8,416,8141349,8141764,4.16,active
13871,26,2,0,0,430,8141765,8142194,4.3,rest
13872,26,2,12,9,379,8142195,8142573,3.79,active
13873,26,2,0,0,472,8142574,8143045,4.72,rest
13874,26,2,12,10,380,8143046,8143425,3.8,active
13875,26,2,0,0,500,8143426,8143925,5.0,rest
13876,26,2,13,1,316,8143926,8144241,3.16,active
13877,26,2,0,0,513,8144242,8144754,5.13,rest
13878,26,2,13,2,307,8144755,8145061,3.07,active
13879,26,2,0,0,529,8145062,8145590,5.29,rest
13880,26,2,13,3,302,8145591,8145892,3.02,active
13881,26,2,0,0,548,8145893,8146440,5.48,rest
13882,26,2,13,4,367,8146441,8146807,3.67,active
13883,26,2,0,0,482,8146808,8147289,4.82,rest
13884,26,2,13,5,389,8147290,8147678,3.89,active
13885,26,2,0,0,453,8147679,8148131,4.53,rest
13886,26,2,13,6,311,8148132,8148442,3.11,active
13887,26,2,0,0,530,8148443,8148972,5.3,rest
13888,26,2,13,7,326,8148973,8149298,3.26,active
13889,26,2,0,0,532,8149299,8149830,5.32,rest
13890,26,2,13,8,307,8149831,8150137,3.07,active
13891,26,2,0,0,508,8150138,8150645,5.08,rest
13892,26,2,13,9,409,8150646,8151054,4.09,active
13893,26,2,0,0,431,8151055,8151485,4.31,rest
13894,26,2,13,10,417,8151486,8151902,4.17,active
13895,26,2,0,0,473,8151903,8152375,4.73,rest
13896,26,2,14,1,282,8152376,8152657,2.82,active
13897,26,2,0,0,537,8152658,8153194,5.37,rest
13898,26,2,14,2,293,8153195,8153487,2.93,active
13899,26,2,0,0,551,8153488,8154038,5.51,rest
13900,26,2,14,3,312,8154039,8154350,3.12,active
13901,26,2,0,0,539,8154351,8154889,5.39,rest
13902,26,2,14,4,330,8154890,8155219,3.3,active
13903,26,2,0,0,518,8155220,8155737,5.18,rest
13904,26,2,14,5,286,8155738,8156023,2.86,active
13905,26,2,0,0,555,8156024,8156578,5.55,rest
13906,26,2,14,6,254,8156579,8156832,2.54,active
13907,26,2,0,0,586,8156833,8157418,5.86,rest
13908,26,2,14,7,268,8157419,8157686,2.68,active
13909,26,2,0,0,586,8157687,8158272,5.86,rest
13910,26,2,14,8,345,8158273,8158617,3.45,active
13911,26,2,0,0,491,8158618,8159108,4.91,rest
13912,26,2,14,9,376,8159109,8159484,3.76,active
13913,26,2,0,0,469,8159485,8159953,4.69,rest
13914,26,2,14,10,387,8159954,8160340,3.87,active
13915,26,2,0,0,533,8160341,8160873,5.33,rest
13916,26,2,15,1,289,8160874,8161162,2.89,active
13917,26,2,0,0,504,8161163,8161666,5.04,rest
13918,26,2,15,2,261,8161667,8161927,2.61,active
13919,26,2,0,0,610,8161928,8162537,6.1,rest
13920,26,2,15,3,232,8162538,8162769,2.32,active
13921,26,2,0,0,620,8162770,8163389,6.2,rest
13922,26,2,15,4,295,8163390,8163684,2.95,active
13923,26,2,0,0,511,8163685,8164195,5.11,rest
13924,26,2,15,5,348,8164196,8164543,3.48,active
13925,26,2,0,0,527,8164544,8165070,5.27,rest
13926,26,2,15,6,293,8165071,8165363,2.93,active
13927,26,2,0,0,566,8165364,8165929,5.66,rest
13928,26,2,15,7,337,8165930,8166266,3.37,active
13929,26,2,0,0,488,8166267,8166754,4.88,rest
13930,26,2,15,8,333,8166755,8167087,3.33,active
13931,26,2,0,0,508,8167088,8167595,5.08,rest
13932,26,2,15,9,320,8167596,8167915,3.2,active
13933,26,2,0,0,508,8167916,8168423,5.08,rest
13934,26,2,15,10,297,8168424,8168720,2.97,active
13935,26,2,0,0,572,8168721,8169292,5.72,rest
13936,26,2,16,1,436,8169293,8169728,4.36,active
13937,26,2,0,0,403,8169729,8170131,4.03,rest
13938,26,2,16,2,406,8170132,8170537,4.06,active
13939,26,2,0,0,432,8170538,8170969,4.32,rest
13940,26,2,16,3,450,8170970,8171419,4.5,active
13941,26,2,0,0,483,8171420,8171902,4.83,rest
13942,26,2,16,4,328,8171903,8172230,3.28,active
13943,26,2,0,0,413,8172231,8172643,4.13,rest
13944,26,2,16,5,413,8172644,8173056,4.13,active
13945,26,2,0,0,454,8173057,8173510,4.54,rest
13946,26,2,16,6,402,8173511,8173912,4.02,active
13947,26,2,0,0,433,8173913,8174345,4.33,rest
13948,26,2,16,7,399,8174346,8174744,3.99,active
13949,26,2,0,0,427,8174745,8175171,4.27,rest
13950,26,2,16,8,432,8175172,8175603,4.32,active
13951,26,2,0,0,411,8175604,8176014,4.11,rest
13952,26,2,16,9,442,8176015,8176456,4.42,active
13953,26,2,0,0,404,8176457,8176860,4.04,rest
13954,26,2,16,10,384,8176861,8177244,3.84,active
13955,26,2,0,0,482,8177245,8177726,4.82,rest
13956,26,2,17,1,405,8177727,8178131,4.05,active
13957,26,2,0,0,433,8178132,8178564,4.33,rest
13958,26,2,17,2,281,8178565,8178845,2.81,active
13959,26,2,0,0,559,8178846,8179404,5.59,rest
13960,26,2,17,3,294,8179405,8179698,2.94,active
13961,26,2,0,0,548,8179699,8180246,5.48,rest
13962,26,2,17,4,339,8180247,8180585,3.39,active
13963,26,2,0,0,501,8180586,8181086,5.01,rest
13964,26,2,17,5,339,8181087,8181425,3.39,active
13965,26,2,0,0,511,8181426,8181936,5.11,rest
13966,26,2,17,6,376,8181937,8182312,3.76,active
13967,26,2,0,0,469,8182313,8182781,4.69,rest
13968,26,2,17,7,376,8182782,8183157,3.76,active
13969,26,2,0,0,467,8183158,8183624,4.67,rest
13970,26,2,17,8,359,8183625,8183983,3.59,active
13971,26,2,0,0,488,8183984,8184471,4.88,rest
13972,26,2,17,9,317,8184472,8184788,3.17,active
13973,26,2,0,0,519,8184789,8185307,5.19,rest
13974,26,2,17,10,306,8185308,8185613,3.06,active
13975,26,2,0,0,512,8185614,8186125,5.12,rest
13976,26,3,0,0,446,8186126,8186571,4.46,rest
13977,26,3,1,1,236,8186572,8186807,2.36,active
13978,26,3,0,0,575,8186808,8187382,5.75,rest
13979,26,3,1,2,237,8187383,8187619,2.37,active
13980,26,3,0,0,582,8187620,8188201,5.82,rest
13981,26,3,1,3,272,8188202,8188473,2.72,active
13982,26,3,0,0,584,8188474,8189057,5.84,rest
13983,26,3,1,4,265,8189058,8189322,2.65,active
13984,26,3,0,0,529,8189323,8189851,5.29,rest
13985,26,3,1,5,301,8189852,8190152,3.01,active
13986,26,3,0,0,592,8190153,8190744,5.92,rest
13987,26,3,1,6,310,8190745,8191054,3.1,active
13988,26,3,0,0,474,8191055,8191528,4.74,rest
13989,26,3,1,7,284,8191529,8191812,2.84,active
13990,26,3,0,0,560,8191813,8192372,5.6,rest
13991,26,3,1,8,319,8192373,8192691,3.19,active
13992,26,3,0,0,547,8192692,8193238,5.47,rest
13993,26,3,1,9,313,8193239,8193551,3.13,active
13994,26,3,0,0,558,8193552,8194109,5.58,rest
13995,26,3,1,10,275,8194110,8194384,2.75,active
13996,26,3,0,0,2242,8194385,8196626,22.42,rest
13997,26,3,2,1,325,8196627,8196951,3.25,active
13998,26,3,0,0,474,8196952,8197425,4.74,rest
13999,26,3,2,2,368,8197426,8197793,3.68,active
14000,26,3,0,0,478,8197794,8198271,4.78,rest
14001,26,3,2,3,339,8198272,8198610,3.39,active
14002,26,3,0,0,458,8198611,8199068,4.58,rest
14003,26,3,2,4,367,8199069,8199435,3.67,active
14004,26,3,0,0,523,8199436,8199958,5.23,rest
14005,26,3,2,5,337,8199959,8200295,3.37,active
14006,26,3,0,0,506,8200296,8200801,5.06,rest
14007,26,3,2,6,313,8200802,8201114,3.13,active
14008,26,3,0,0,519,8201115,8201633,5.19,rest
14009,26,3,2,7,361,8201634,8201994,3.61,active
14010,26,3,0,0,465,8201995,8202459,4.65,rest
14011,26,3,2,8,414,8202460,8202873,4.14,active
14012,26,3,0,0,464,8202874,8203337,4.64,rest
14013,26,3,2,9,358,8203338,8203695,3.58,active
14014,26,3,0,0,514,8203696,8204209,5.14,rest
14015,26,3,2,10,341,8204210,8204550,3.41,active
14016,26,3,0,0,771,8204551,8205321,7.71,rest
14017,26,3,3,1,249,8205322,8205570,2.49,active
14018,26,3,0,0,451,8205571,8206021,4.51,rest
14019,26,3,3,2,275,8206022,8206296,2.75,active
14020,26,3,0,0,557,8206297,8206853,5.57,rest
14021,26,3,3,3,284,8206854,8207137,2.84,active
14022,26,3,0,0,542,8207138,8207679,5.42,rest
14023,26,3,3,4,325,8207680,8208004,3.25,active
14024,26,3,0,0,525,8208005,8208529,5.25,rest
14025,26,3,3,5,308,8208530,8208837,3.08,active
14026,26,3,0,0,498,8208838,8209335,4.98,rest
14027,26,3,3,6,318,8209336,8209653,3.18,active
14028,26,3,0,0,545,8209654,8210198,5.45,rest
14029,26,3,3,7,344,8210199,8210542,3.44,active
14030,26,3,0,0,495,8210543,8211037,4.95,rest
14031,26,3,3,8,336,8211038,8211373,3.36,active
14032,26,3,0,0,519,8211374,8211892,5.19,rest
14033,26,3,3,9,314,8211893,8212206,3.14,active
14034,26,3,0,0,541,8212207,8212747,5.41,rest
14035,26,3,3,10,309,8212748,8213056,3.09,active
14036,26,3,0,0,1227,8213057,8214283,12.27,rest
14037,26,3,4,1,312,8214284,8214595,3.12,active
14038,26,3,0,0,404,8214596,8214999,4.04,rest
14039,26,3,4,2,290,8215000,8215289,2.9,active
14040,26,3,0,0,533,8215290,8215822,5.33,rest
14041,26,3,4,3,296,8215823,8216118,2.96,active
14042,26,3,0,0,527,8216119,8216645,5.27,rest
14043,26,3,4,4,311,8216646,8216956,3.11,active
14044,26,3,0,0,568,8216957,8217524,5.68,rest
14045,26,3,4,5,298,8217525,8217822,2.98,active
14046,26,3,0,0,538,8217823,8218360,5.38,rest
14047,26,3,4,6,290,8218361,8218650,2.9,active
14048,26,3,0,0,560,8218651,8219210,5.6,rest
14049,26,3,4,7,378,8219211,8219588,3.78,active
14050,26,3,0,0,475,8219589,8220063,4.75,rest
14051,26,3,4,8,321,8220064,8220384,3.21,active
14052,26,3,0,0,531,8220385,8220915,5.31,rest
14053,26,3,4,9,315,8220916,8221230,3.15,active
14054,26,3,0,0,516,8221231,8221746,5.16,rest
14055,26,3,4,10,332,8221747,8222078,3.32,active
14056,26,3,0,0,1375,8222079,8223453,13.75,rest
14057,26,3,5,1,332,8223454,8223785,3.32,active
14058,26,3,0,0,495,8223786,8224280,4.95,rest
14059,26,3,5,2,334,8224281,8224614,3.34,active
14060,26,3,0,0,477,8224615,8225091,4.77,rest
14061,26,3,5,3,360,8225092,8225451,3.6,active
14062,26,3,0,0,484,8225452,8225935,4.84,rest
14063,26,3,5,4,331,8225936,8226266,3.31,active
14064,26,3,0,0,498,8226267,8226764,4.98,rest
14065,26,3,5,5,364,8226765,8227128,3.64,active
14066,26,3,0,0,519,8227129,8227647,5.19,rest
14067,26,3,5,6,303,8227648,8227950,3.03,active
14068,26,3,0,0,487,8227951,8228437,4.87,rest
14069,26,3,5,7,377,8228438,8228814,3.77,active
14070,26,3,0,0,467,8228815,8229281,4.67,rest
14071,26,3,5,8,428,8229282,8229709,4.28,active
14072,26,3,0,0,430,8229710,8230139,4.3,rest
14073,26,3,5,9,338,8230140,8230477,3.38,active
14074,26,3,0,0,512,8230478,8230989,5.12,rest
14075,26,3,5,10,345,8230990,8231334,3.45,active
14076,26,3,0,0,1359,8231335,8232693,13.59,rest
14077,26,3,6,1,263,8232694,8232956,2.63,active
14078,26,3,0,0,374,8232957,8233330,3.74,rest
14079,26,3,6,2,313,8233331,8233643,3.13,active
14080,26,3,0,0,507,8233644,8234150,5.07,rest
14081,26,3,6,3,296,8234151,8234446,2.96,active
14082,26,3,0,0,524,8234447,8234970,5.24,rest
14083,26,3,6,4,338,8234971,8235308,3.38,active
14084,26,3,0,0,512,8235309,8235820,5.12,rest
14085,26,3,6,5,279,8235821,8236099,2.79,active
14086,26,3,0,0,567,8236100,8236666,5.67,rest
14087,26,3,6,6,318,8236667,8236984,3.18,active
14088,26,3,0,0,513,8236985,8237497,5.13,rest
14089,26,3,6,7,295,8237498,8237792,2.95,active
14090,26,3,0,0,553,8237793,8238345,5.53,rest
14091,26,3,6,8,306,8238346,8238651,3.06,active
14092,26,3,0,0,544,8238652,8239195,5.44,rest
14093,26,3,6,9,302,8239196,8239497,3.02,active
14094,26,3,0,0,507,8239498,8240004,5.07,rest
14095,26,3,6,10,299,8240005,8240303,2.99,active
14096,26,3,0,0,1653,8240304,8241956,16.53,rest
14097,26,3,7,1,278,8241957,8242234,2.78,active
14098,26,3,0,0,511,8242235,8242745,5.11,rest
14099,26,3,7,2,357,8242746,8243102,3.57,active
14100,26,3,0,0,482,8243103,8243584,4.82,rest
14101,26,3,7,3,369,8243585,8243953,3.69,active
14102,26,3,0,0,444,8243954,8244397,4.44,rest
14103,26,3,7,4,342,8244398,8244739,3.42,active
14104,26,3,0,0,522,8244740,8245261,5.22,rest
14105,26,3,7,5,302,8245262,8245563,3.02,active
14106,26,3,0,0,568,8245564,8246131,5.68,rest
14107,26,3,7,6,286,8246132,8246417,2.86,active
14108,26,3,0,0,557,8246418,8246974,5.57,rest
14109,26,3,7,7,276,8246975,8247250,2.76,active
14110,26,3,0,0,559,8247251,8247809,5.59,rest
14111,26,3,7,8,316,8247810,8248125,3.16,active
14112,26,3,0,0,514,8248126,8248639,5.14,rest
14113,26,3,7,9,324,8248640,8248963,3.24,active
14114,26,3,0,0,532,8248964,8249495,5.32,rest
14115,26,3,7,10,364,8249496,8249859,3.64,active
14116,26,3,0,0,711,8249860,8250570,7.11,rest
14117,26,3,8,1,340,8250571,8250910,3.4,active
14118,26,3,0,0,429,8250911,8251339,4.29,rest
14119,26,3,8,2,333,8251340,8251672,3.33,active
14120,26,3,0,0,483,8251673,8252155,4.83,rest
14121,26,3,8,3,400,8252156,8252555,4.0,active
14122,26,3,0,0,455,8252556,8253010,4.55,rest
14123,26,3,8,4,322,8253011,8253332,3.22,active
14124,26,3,0,0,541,8253333,8253873,5.41,rest
14125,26,3,8,5,337,8253874,8254210,3.37,active
14126,26,3,0,0,508,8254211,8254718,5.08,rest
14127,26,3,8,6,316,8254719,8255034,3.16,active
14128,26,3,0,0,517,8255035,8255551,5.17,rest
14129,26,3,8,7,353,8255552,8255904,3.53,active
14130,26,3,0,0,503,8255905,8256407,5.03,rest
14131,26,3,8,8,330,8256408,8256737,3.3,active
14132,26,3,0,0,518,8256738,8257255,5.18,rest
14133,26,3,8,9,334,8257256,8257589,3.34,active
14134,26,3,0,0,514,8257590,8258103,5.14,rest
14135,26,3,8,10,372,8258104,8258475,3.72,active
14136,26,3,0,0,702,8258476,8259177,7.02,rest
14137,26,3,9,1,354,8259178,8259531,3.54,active
14138,26,3,0,0,415,8259532,8259946,4.15,rest
14139,26,3,9,2,305,8259947,8260251,3.05,active
14140,26,3,0,0,537,8260252,8260788,5.37,rest
14141,26,3,9,3,314,8260789,8261102,3.14,active
14142,26,3,0,0,516,8261103,8261618,5.16,rest
14143,26,3,9,4,337,8261619,8261955,3.37,active
14144,26,3,0,0,525,8261956,8262480,5.25,rest
14145,26,3,9,5,292,8262481,8262772,2.92,active
14146,26,3,0,0,523,8262773,8263295,5.23,rest
14147,26,3,9,6,323,8263296,8263618,3.23,active
14148,26,3,0,0,536,8263619,8264154,5.36,rest
14149,26,3,9,7,305,8264155,8264459,3.05,active
14150,26,3,0,0,562,8264460,8265021,5.62,rest
14151,26,3,9,8,307,8265022,8265328,3.07,active
14152,26,3,0,0,532,8265329,8265860,5.32,rest
14153,26,3,9,9,321,8265861,8266181,3.21,active
14154,26,3,0,0,523,8266182,8266704,5.23,rest
14155,26,3,9,10,322,8266705,8267026,3.22,active
14156,26,3,0,0,2249,8267027,8269275,22.49,rest
14157,26,3,10,1,353,8269276,8269628,3.53,active
14158,26,3,0,0,468,8269629,8270096,4.68,rest
14159,26,3,10,2,348,8270097,8270444,3.48,active
14160,26,3,0,0,483,8270445,8270927,4.83,rest
14161,26,3,10,3,313,8270928,8271240,3.13,active
14162,26,3,0,0,532,8271241,8271772,5.32,rest
14163,26,3,10,4,298,8271773,8272070,2.98,active
14164,26,3,0,0,549,8272071,8272619,5.49,rest
14165,26,3,10,5,307,8272620,8272926,3.07,active
14166,26,3,0,0,532,8272927,8273458,5.32,rest
14167,26,3,10,6,306,8273459,8273764,3.06,active
14168,26,3,0,0,548,8273765,8274312,5.48,rest
14169,26,3,10,7,284,8274313,8274596,2.84,active
14170,26,3,0,0,555,8274597,8275151,5.55,rest
14171,26,3,10,8,327,8275152,8275478,3.27,active
14172,26,3,0,0,506,8275479,8275984,5.06,rest
14173,26,3,10,9,340,8275985,8276324,3.4,active
14174,26,3,0,0,510,8276325,8276834,5.1,rest
14175,26,3,10,10,310,8276835,8277144,3.1,active
14176,26,3,0,0,1001,8277145,8278145,10.01,rest
14177,26,3,11,1,305,8278146,8278450,3.05,active
14178,26,3,0,0,471,8278451,8278921,4.71,rest
14179,26,3,11,2,352,8278922,8279273,3.52,active
14180,26,3,0,0,462,8279274,8279735,4.62,rest
14181,26,3,11,3,327,8279736,8280062,3.27,active
14182,26,3,0,0,510,8280063,8280572,5.1,rest
14183,26,3,11,4,351,8280573,8280923,3.51,active
14184,26,3,0,0,502,8280924,8281425,5.02,rest
14185,26,3,11,5,365,8281426,8281790,3.65,active
14186,26,3,0,0,473,8281791,8282263,4.73,rest
14187,26,3,11,6,367,8282264,8282630,3.67,active
14188,26,3,0,0,485,8282631,8283115,4.85,rest
14189,26,3,11,7,366,8283116,8283481,3.66,active
14190,26,3,0,0,477,8283482,8283958,4.77,rest
14191,26,3,11,8,356,8283959,8284314,3.56,active
14192,26,3,0,0,490,8284315,8284804,4.9,rest
14193,26,3,11,9,331,8284805,8285135,3.31,active
14194,26,3,0,0,507,8285136,8285642,5.07,rest
14195,26,3,11,10,392,8285643,8286034,3.92,active
14196,26,3,0,0,672,8286035,8286706,6.72,rest
14197,26,3,12,1,331,8286707,8287037,3.31,active
14198,26,3,0,0,428,8287038,8287465,4.28,rest
14199,26,3,12,2,283,8287466,8287748,2.83,active
14200,26,3,0,0,566,8287749,8288314,5.66,rest
14201,26,3,12,3,256,8288315,8288570,2.56,active
14202,26,3,0,0,603,8288571,8289173,6.03,rest
14203,26,3,12,4,229,8289174,8289402,2.29,active
14204,26,3,0,0,609,8289403,8290011,6.09,rest
14205,26,3,12,5,251,8290012,8290262,2.51,active
14206,26,3,0,0,619,8290263,8290881,6.19,rest
14207,26,3,12,6,269,8290882,8291150,2.69,active
14208,26,3,0,0,581,8291151,8291731,5.81,rest
14209,26,3,12,7,272,8291732,8292003,2.72,active
14210,26,3,0,0,558,8292004,8292561,5.58,rest
14211,26,3,12,8,329,8292562,8292890,3.29,active
14212,26,3,0,0,547,8292891,8293437,5.47,rest
14213,26,3,12,9,223,8293438,8293660,2.23,active
14214,26,3,0,0,582,8293661,8294242,5.82,rest
14215,26,3,12,10,329,8294243,8294571,3.29,active
14216,26,3,0,0,889,8294572,8295460,8.89,rest
14217,26,3,13,1,243,8295461,8295703,2.43,active
14218,26,3,0,0,499,8295704,8296202,4.99,rest
14219,26,3,13,2,293,8296203,8296495,2.93,active
14220,26,3,0,0,562,8296496,8297057,5.62,rest
14221,26,3,13,3,249,8297058,8297306,2.49,active
14222,26,3,0,0,576,8297307,8297882,5.76,rest
14223,26,3,13,4,332,8297883,8298214,3.32,active
14224,26,3,0,0,515,8298215,8298729,5.15,rest
14225,26,3,13,5,254,8298730,8298983,2.54,active
14226,26,3,0,0,587,8298984,8299570,5.87,rest
14227,26,3,13,6,232,8299571,8299802,2.32,active
14228,26,3,0,0,587,8299803,8300389,5.87,rest
14229,26,3,13,7,271,8300390,8300660,2.71,active
14230,26,3,0,0,611,8300661,8301271,6.11,rest
14231,26,3,13,8,246,8301272,8301517,2.46,active
14232,26,3,0,0,585,8301518,8302102,5.85,rest
14233,26,3,13,9,278,8302103,8302380,2.78,active
14234,26,3,0,0,575,8302381,8302955,5.75,rest
14235,26,3,13,10,261,8302956,8303216,2.61,active
14236,26,3,0,0,915,8303217,8304131,9.15,rest
14237,26,3,14,1,396,8304132,8304527,3.96,active
14238,26,3,0,0,378,8304528,8304905,3.78,rest
14239,26,3,14,2,295,8304906,8305200,2.95,active
14240,26,3,0,0,533,8305201,8305733,5.33,rest
14241,26,3,14,3,338,8305734,8306071,3.38,active
14242,26,3,0,0,519,8306072,8306590,5.19,rest
14243,26,3,14,4,359,8306591,8306949,3.59,active
14244,26,3,0,0,479,8306950,8307428,4.79,rest
14245,26,3,14,5,286,8307429,8307714,2.86,active
14246,26,3,0,0,569,8307715,8308283,5.69,rest
14247,26,3,14,6,323,8308284,8308606,3.23,active
14248,26,3,0,0,521,8308607,8309127,5.21,rest
14249,26,3,14,7,259,8309128,8309386,2.59,active
14250,26,3,0,0,592,8309387,8309978,5.92,rest
14251,26,3,14,8,277,8309979,8310255,2.77,active
14252,26,3,0,0,566,8310256,8310821,5.66,rest
14253,26,3,14,9,300,8310822,8311121,3.0,active
14254,26,3,0,0,534,8311122,8311655,5.34,rest
14255,26,3,14,10,394,8311656,8312049,3.94,active
14256,26,3,0,0,1413,8312050,8313462,14.13,rest
14257,26,3,15,1,328,8313463,8313790,3.28,active
14258,26,3,0,0,422,8313791,8314212,4.22,rest
14259,26,3,15,2,390,8314213,8314602,3.9,active
14260,26,3,0,0,463,8314603,8315065,4.63,rest
14261,26,3,15,3,303,8315066,8315368,3.03,active
14262,26,3,0,0,520,8315369,8315888,5.2,rest
14263,26,3,15,4,339,8315889,8316227,3.39,active
14264,26,3,0,0,504,8316228,8316731,5.04,rest
14265,26,3,15,5,400,8316732,8317131,4.0,active
14266,26,3,0,0,433,8317132,8317564,4.33,rest
14267,26,3,15,6,398,8317565,8317962,3.98,active
14268,26,3,0,0,438,8317963,8318400,4.38,rest
14269,26,3,15,7,433,8318401,8318833,4.33,active
14270,26,3,0,0,436,8318834,8319269,4.36,rest
14271,26,3,15,8,368,8319270,8319637,3.68,active
14272,26,3,0,0,474,8319638,8320111,4.74,rest
14273,26,3,15,9,441,8320112,8320552,4.41,active
14274,26,3,0,0,395,8320553,8320947,3.95,rest
14275,26,3,15,10,409,8320948,8321356,4.09,active
14276,26,3,0,0,905,8321357,8322261,9.05,rest
14277,26,3,16,1,345,8322262,8322606,3.45,active
14278,26,3,0,0,498,8322607,8323104,4.98,rest
14279,26,3,16,2,247,8323105,8323351,2.47,active
14280,26,3,0,0,577,8323352,8323928,5.77,rest
14281,26,3,16,3,354,8323929,8324282,3.54,active
14282,26,3,0,0,506,8324283,8324788,5.06,rest
14283,26,3,16,4,277,8324789,8325065,2.77,active
14284,26,3,0,0,500,8325066,8325565,5.0,rest
14285,26,3,16,5,388,8325566,8325953,3.88,active
14286,26,3,0,0,496,8325954,8326449,4.96,rest
14287,26,3,16,6,220,8326450,8326669,2.2,active
14288,26,3,0,0,602,8326670,8327271,6.02,rest
14289,26,3,16,7,345,8327272,8327616,3.45,active
14290,26,3,0,0,521,8327617,8328137,5.21,rest
14291,26,3,16,8,329,8328138,8328466,3.29,active
14292,26,3,0,0,518,8328467,8328984,5.18,rest
14293,26,3,16,9,371,8328985,8329355,3.71,active
14294,26,3,0,0,461,8329356,8329816,4.61,rest
14295,26,3,16,10,340,8329817,8330156,3.4,active
14296,26,3,0,0,1082,8330157,8331238,10.82,rest
14297,26,3,17,1,404,8331239,8331642,4.04,active
14298,26,3,0,0,423,8331643,8332065,4.23,rest
14299,26,3,17,2,362,8332066,8332427,3.62,active
14300,26,3,0,0,468,8332428,8332895,4.68,rest
14301,26,3,17,3,374,8332896,8333269,3.74,active
14302,26,3,0,0,456,8333270,8333725,4.56,rest
14303,26,3,17,4,395,8333726,8334120,3.95,active
14304,26,3,0,0,472,8334121,8334592,4.72,rest
14305,26,3,17,5,389,8334593,8334981,3.89,active
14306,26,3,0,0,447,8334982,8335428,4.47,rest
14307,26,3,17,6,414,8335429,8335842,4.14,active
14308,26,3,0,0,465,8335843,8336307,4.65,rest
14309,26,3,17,7,359,8336308,8336666,3.59,active
14310,26,3,0,0,482,8336667,8337148,4.82,rest
14311,26,3,17,8,382,8337149,8337530,3.82,active
14312,26,3,0,0,431,8337531,8337961,4.31,rest
14313,26,3,17,9,401,8337962,8338362,4.01,active
14314,26,3,0,0,424,8338363,8338786,4.24,rest
14315,26,3,17,10,400,8338787,8339186,4.0,active
14316,26,3,0,0,1299,8339187,8340485,12.99,rest
14317,26,3,18,1,259,8340486,8340744,2.59,active
14318,26,3,0,0,480,8340745,8341224,4.8,rest
14319,26,3,18,2,280,8341225,8341504,2.8,active
14320,26,3,0,0,544,8341505,8342048,5.44,rest
14321,26,3,18,3,337,8342049,8342385,3.37,active
14322,26,3,0,0,497,8342386,8342882,4.97,rest
14323,26,3,18,4,395,8342883,8343277,3.95,active
14324,26,3,0,0,446,8343278,8343723,4.46,rest
14325,26,3,18,5,409,8343724,8344132,4.09,active
14326,26,3,0,0,429,8344133,8344561,4.29,rest
14327,26,3,18,6,424,8344562,8344985,4.24,active
14328,26,3,0,0,453,8344986,8345438,4.53,rest
14329,26,3,18,7,398,8345439,8345836,3.98,active
14330,26,3,0,0,451,8345837,8346287,4.51,rest
14331,26,3,18,8,328,8346288,8346615,3.28,active
14332,26,3,0,0,502,8346616,8347117,5.02,rest
14333,26,3,18,9,390,8347118,8347507,3.9,active
14334,26,3,0,0,451,8347508,8347958,4.51,rest
14335,26,3,18,10,282,8347959,8348240,2.82,active
14336,26,3,0,0,997,8348241,8349237,9.97,rest
14337,26,3,19,1,379,8349238,8349616,3.79,active
14338,26,3,0,0,451,8349617,8350067,4.51,rest
14339,26,3,19,2,392,8350068,8350459,3.92,active
14340,26,3,0,0,455,8350460,8350914,4.55,rest
14341,26,3,19,3,383,8350915,8351297,3.83,active
14342,26,3,0,0,423,8351298,8351720,4.23,rest
14343,26,3,19,4,546,8351721,8352266,5.46,active
14344,26,3,0,0,306,8352267,8352572,3.06,rest
14345,26,3,19,5,422,8352573,8352994,4.22,active
14346,26,3,0,0,434,8352995,8353428,4.34,rest
14347,26,3,19,6,405,8353429,8353833,4.05,active
14348,26,3,0,0,453,8353834,8354286,4.53,rest
14349,26,3,19,7,561,8354287,8354847,5.61,active
14350,26,3,0,0,273,8354848,8355120,2.73,rest
14351,26,3,19,8,389,8355121,8355509,3.89,active
14352,26,3,0,0,485,8355510,8355994,4.85,rest
14353,26,3,19,9,384,8355995,8356378,3.84,active
14354,26,3,0,0,435,8356379,8356813,4.35,rest
14355,26,3,19,10,422,8356814,8357235,4.22,active
14356,26,3,0,0,1182,8357236,8358417,11.82,rest
14357,26,3,20,1,359,8358418,8358776,3.59,active
14358,26,3,0,0,430,8358777,8359206,4.3,rest
14359,26,3,20,2,342,8359207,8359548,3.42,active
14360,26,3,0,0,472,8359549,8360020,4.72,rest
14361,26,3,20,3,315,8360021,8360335,3.15,active
14362,26,3,0,0,543,8360336,8360878,5.43,rest
14363,26,3,20,4,346,8360879,8361224,3.46,active
14364,26,3,0,0,496,8361225,8361720,4.96,rest
14365,26,3,20,5,319,8361721,8362039,3.19,active
14366,26,3,0,0,482,8362040,8362521,4.82,rest
14367,26,3,20,6,359,8362522,8362880,3.59,active
14368,26,3,0,0,488,8362881,8363368,4.88,rest
14369,26,3,20,7,360,8363369,8363728,3.6,active
14370,26,3,0,0,512,8363729,8364240,5.12,rest
14371,26,3,20,8,346,8364241,8364586,3.46,active
14372,26,3,0,0,484,8364587,8365070,4.84,rest
14373,26,3,20,9,346,8365071,8365416,3.46,active
14374,26,3,0,0,489,8365417,8365905,4.89,rest
14375,26,3,20,10,362,8365906,8366267,3.62,active
14376,26,3,0,0,5266,8366268,8371533,52.66,rest
14377,26,3,21,1,444,8371534,8371977,4.44,active
14378,26,3,0,0,393,8371978,8372370,3.93,rest
14379,26,3,21,2,414,8372371,8372784,4.14,active
14380,26,3,0,0,444,8372785,8373228,4.44,rest
14381,26,3,21,3,409,8373229,8373637,4.09,active
14382,26,3,0,0,396,8373638,8374033,3.96,rest
14383,26,3,21,4,401,8374034,8374434,4.01,active
14384,26,3,0,0,480,8374435,8374914,4.8,rest
14385,26,3,21,5,363,8374915,8375277,3.63,active
14386,26,3,0,0,531,8375278,8375808,5.31,rest
14387,26,3,21,6,395,8375809,8376203,3.95,active
14388,26,3,0,0,397,8376204,8376600,3.97,rest
14389,26,3,21,7,390,8376601,8376990,3.9,active
14390,26,3,0,0,377,8376991,8377367,3.77,rest
14391,26,3,21,8,441,8377368,8377808,4.41,active
14392,26,3,0,0,422,8377809,8378230,4.22,rest
14393,26,3,21,9,390,8378231,8378620,3.9,active
14394,26,3,0,0,479,8378621,8379099,4.79,rest
14395,26,3,21,10,440,8379100,8379539,4.4,active
14396,26,3,0,0,5051,8379540,8384590,50.51,rest
14397,26,3,22,1,515,8384591,8385105,5.15,active
14398,26,3,0,0,296,8385106,8385401,2.96,rest
14399,26,3,22,2,363,8385402,8385764,3.63,active
14400,26,3,0,0,451,8385765,8386215,4.51,rest
14401,26,3,22,3,255,8386216,8386470,2.55,active
14402,26,3,0,0,561,8386471,8387031,5.61,rest
14403,26,3,22,4,344,8387032,8387375,3.44,active
14404,26,3,0,0,555,8387376,8387930,5.55,rest
14405,26,3,22,5,304,8387931,8388234,3.04,active
14406,26,3,0,0,529,8388235,8388763,5.29,rest
14407,26,3,22,6,407,8388764,8389170,4.07,active
14408,26,3,0,0,428,8389171,8389598,4.28,rest
14409,26,3,22,7,343,8389599,8389941,3.43,active
14410,26,3,0,0,490,8389942,8390431,4.9,rest
14411,26,3,22,8,417,8390432,8390848,4.17,active
14412,26,3,0,0,443,8390849,8391291,4.43,rest
14413,26,3,22,9,363,8391292,8391654,3.63,active
14414,26,3,0,0,508,8391655,8392162,5.08,rest
14415,26,3,22,10,317,8392163,8392479,3.17,active
14416,26,3,0,0,3286,8392480,8395765,32.86,rest
14417,26,3,23,1,420,8395766,8396185,4.2,active
14418,26,3,0,0,437,8396186,8396622,4.37,rest
14419,26,3,23,2,425,8396623,8397047,4.25,active
14420,26,3,0,0,405,8397048,8397452,4.05,rest
14421,26,3,23,3,427,8397453,8397879,4.27,active
14422,26,3,0,0,401,8397880,8398280,4.01,rest
14423,26,3,23,4,435,8398281,8398715,4.35,active
14424,26,3,0,0,416,8398716,8399131,4.16,rest
14425,26,3,23,5,480,8399132,8399611,4.8,active
14426,26,3,0,0,349,8399612,8399960,3.49,rest
14427,26,3,23,6,421,8399961,8400381,4.21,active
14428,26,3,0,0,425,8400382,8400806,4.25,rest
14429,26,3,23,7,403,8400807,8401209,4.03,active
14430,26,3,0,0,442,8401210,8401651,4.42,rest
14431,26,3,23,8,505,8401652,8402156,5.05,active
14432,26,3,0,0,342,8402157,8402498,3.42,rest
14433,26,3,23,9,492,8402499,8402990,4.92,active
14434,26,3,0,0,344,8402991,8403334,3.44,rest
14435,26,3,23,10,405,8403335,8403739,4.05,active
14436,26,3,0,0,411,8403740,8404150,4.11,rest
14437,27,2,0,0,424,8505099,8505522,4.24,rest
14438,27,2,1,1,518,8505523,8506040,5.18,active
14439,27,2,0,0,246,8506041,8506286,2.46,rest
14440,27,2,1,2,594,8506287,8506880,5.94,active
14441,27,2,0,0,344,8506881,8507224,3.44,rest
14442,27,2,1,3,434,8507225,8507658,4.34,active
14443,27,2,0,0,370,8507659,8508028,3.7,rest
14444,27,2,1,4,512,8508029,8508540,5.12,active
14445,27,2,0,0,341,8508541,8508881,3.41,rest
14446,27,2,1,5,516,8508882,8509397,5.16,active
14447,27,2,0,0,242,8509398,8509639,2.42,rest
14448,27,2,1,6,593,8509640,8510232,5.93,active
14449,27,2,0,0,242,8510233,8510474,2.42,rest
14450,27,2,1,7,595,8510475,8511069,5.95,active
14451,27,2,0,0,280,8511070,8511349,2.8,rest
14452,27,2,1,8,520,8511350,8511869,5.2,active
14453,27,2,0,0,279,8511870,8512148,2.79,rest
14454,27,2,1,9,552,8512149,8512700,5.52,active
14455,27,2,0,0,283,8512701,8512983,2.83,rest
14456,27,2,1,10,588,8512984,8513571,5.88,active
14457,27,2,0,0,405,8513572,8513976,4.05,rest
14458,27,2,2,1,282,8513977,8514258,2.82,active
14459,27,2,0,0,507,8514259,8514765,5.07,rest
14460,27,2,2,2,340,8514766,8515105,3.4,active
14461,27,2,0,0,509,8515106,8515614,5.09,rest
14462,27,2,2,3,288,8515615,8515902,2.88,active
14463,27,2,0,0,528,8515903,8516430,5.28,rest
14464,27,2,2,4,293,8516431,8516723,2.93,active
14465,27,2,0,0,549,8516724,8517272,5.49,rest
14466,27,2,2,5,447,8517273,8517719,4.47,active
14467,27,2,0,0,361,8517720,8518080,3.61,rest
14468,27,2,2,6,362,8518081,8518442,3.62,active
14469,27,2,0,0,481,8518443,8518923,4.81,rest
14470,27,2,2,7,406,8518924,8519329,4.06,active
14471,27,2,0,0,426,8519330,8519755,4.26,rest
14472,27,2,2,8,387,8519756,8520142,3.87,active
14473,27,2,0,0,452,8520143,8520594,4.52,rest
14474,27,2,2,9,365,8520595,8520959,3.65,active
14475,27,2,0,0,509,8520960,8521468,5.09,rest
14476,27,2,2,10,301,8521469,8521769,3.01,active
14477,27,2,0,0,519,8521770,8522288,5.19,rest
14478,27,2,3,1,424,8522289,8522712,4.24,active
14479,27,2,0,0,432,8522713,8523144,4.32,rest
14480,27,2,3,2,382,8523145,8523526,3.82,active
14481,27,2,0,0,434,8523527,8523960,4.34,rest
14482,27,2,3,3,345,8523961,8524305,3.45,active
14483,27,2,0,0,501,8524306,8524806,5.01,rest
14484,27,2,3,4,355,8524807,8525161,3.55,active
14485,27,2,0,0,492,8525162,8525653,4.92,rest
14486,27,2,3,5,344,8525654,8525997,3.44,active
14487,27,2,0,0,426,8525998,8526423,4.26,rest
14488,27,2,3,6,448,8526424,8526871,4.48,active
14489,27,2,0,0,453,8526872,8527324,4.53,rest
14490,27,2,3,7,467,8527325,8527791,4.67,active
14491,27,2,0,0,371,8527792,8528162,3.71,rest
14492,27,2,3,8,366,8528163,8528528,3.66,active
14493,27,2,0,0,463,8528529,8528991,4.63,rest
14494,27,2,3,9,503,8528992,8529494,5.03,active
14495,27,2,0,0,348,8529495,8529842,3.48,rest
14496,27,2,3,10,343,8529843,8530185,3.43,active
14497,27,2,0,0,539,8530186,8530724,5.39,rest
14498,27,2,4,1,361,8530725,8531085,3.61,active
14499,27,2,0,0,470,8531086,8531555,4.7,rest
14500,27,2,4,2,352,8531556,8531907,3.52,active
14501,27,2,0,0,484,8531908,8532391,4.84,rest
14502,27,2,4,3,287,8532392,8532678,2.87,active
14503,27,2,0,0,546,8532679,8533224,5.46,rest
14504,27,2,4,4,329,8533225,8533553,3.29,active
14505,27,2,0,0,486,8533554,8534039,4.86,rest
14506,27,2,4,5,337,8534040,8534376,3.37,active
14507,27,2,0,0,513,8534377,8534889,5.13,rest
14508,27,2,4,6,388,8534890,8535277,3.88,active
14509,27,2,0,0,469,8535278,8535746,4.69,rest
14510,27,2,4,7,337,8535747,8536083,3.37,active
14511,27,2,0,0,494,8536084,8536577,4.94,rest
14512,27,2,4,8,374,8536578,8536951,3.74,active
14513,27,2,0,0,486,8536952,8537437,4.86,rest
14514,27,2,4,9,507,8537438,8537944,5.07,active
14515,27,2,0,0,308,8537945,8538252,3.08,rest
14516,27,2,4,10,388,8538253,8538640,3.88,active
14517,27,2,0,0,476,8538641,8539116,4.76,rest
14518,27,2,5,1,319,8539117,8539435,3.19,active
14519,27,2,0,0,536,8539436,8539971,5.36,rest
14520,27,2,5,2,355,8539972,8540326,3.55,active
14521,27,2,0,0,408,8540327,8540734,4.08,rest
14522,27,2,5,3,576,8540735,8541310,5.76,active
14523,27,2,0,0,348,8541311,8541658,3.48,rest
14524,27,2,5,4,446,8541659,8542104,4.46,active
14525,27,2,0,0,335,8542105,8542439,3.35,rest
14526,27,2,5,5,355,8542440,8542794,3.55,active
14527,27,2,0,0,498,8542795,8543292,4.98,rest
14528,27,2,5,6,324,8543293,8543616,3.24,active
14529,27,2,0,0,519,8543617,8544135,5.19,rest
14530,27,2,5,7,342,8544136,8544477,3.42,active
14531,27,2,0,0,504,8544478,8544981,5.04,rest
14532,27,2,5,8,526,8544982,8545507,5.26,active
14533,27,2,0,0,325,8545508,8545832,3.25,rest
14534,27,2,5,9,293,8545833,8546125,2.93,active
14535,27,2,0,0,490,8546126,8546615,4.9,rest
14536,27,2,5,10,318,8546616,8546933,3.18,active
14537,27,2,0,0,590,8546934,8547523,5.9,rest
14538,27,2,6,1,511,8547524,8548034,5.11,active
14539,27,2,0,0,336,8548035,8548370,3.36,rest
14540,27,2,6,2,279,8548371,8548649,2.79,active
14541,27,2,0,0,547,8548650,8549196,5.47,rest
14542,27,2,6,3,320,8549197,8549516,3.2,active
14543,27,2,0,0,505,8549517,8550021,5.05,rest
14544,27,2,6,4,277,8550022,8550298,2.77,active
14545,27,2,0,0,566,8550299,8550864,5.66,rest
14546,27,2,6,5,278,8550865,8551142,2.78,active
14547,27,2,0,0,611,8551143,8551753,6.11,rest
14548,27,2,6,6,217,8551754,8551970,2.17,active
14549,27,2,0,0,566,8551971,8552536,5.66,rest
14550,27,2,6,7,328,8552537,8552864,3.28,active
14551,27,2,0,0,509,8552865,8553373,5.09,rest
14552,27,2,6,8,266,8553374,8553639,2.66,active
14553,27,2,0,0,569,8553640,8554208,5.69,rest
14554,27,2,6,9,282,8554209,8554490,2.82,active
14555,27,2,0,0,546,8554491,8555036,5.46,rest
14556,27,2,6,10,283,8555037,8555319,2.83,active
14557,27,2,0,0,523,8555320,8555842,5.23,rest
14558,27,2,7,1,583,8555843,8556425,5.83,active
14559,27,2,0,0,243,8556426,8556668,2.43,rest
14560,27,2,7,2,589,8556669,8557257,5.89,active
14561,27,2,0,0,379,8557258,8557636,3.79,rest
14562,27,2,7,3,335,8557637,8557971,3.35,active
14563,27,2,0,0,434,8557972,8558405,4.34,rest
14564,27,2,7,4,368,8558406,8558773,3.68,active
14565,27,2,0,0,442,8558774,8559215,4.42,rest
14566,27,2,7,5,560,8559216,8559775,5.6,active
14567,27,2,0,0,411,8559776,8560186,4.11,rest
14568,27,2,7,6,274,8560187,8560460,2.74,active
14569,27,2,0,0,420,8560461,8560880,4.2,rest
14570,27,2,7,7,559,8560881,8561439,5.59,active
14571,27,2,0,0,273,8561440,8561712,2.73,rest
14572,27,2,7,8,580,8561713,8562292,5.8,active
14573,27,2,0,0,264,8562293,8562556,2.64,rest
14574,27,2,7,9,592,8562557,8563148,5.92,active
14575,27,2,0,0,246,8563149,8563394,2.46,rest
14576,27,2,7,10,594,8563395,8563988,5.94,active
14577,27,2,0,0,345,8563989,8564333,3.45,rest
14578,27,2,8,1,408,8564334,8564741,4.08,active
14579,27,2,0,0,420,8564742,8565161,4.2,rest
14580,27,2,8,2,383,8565162,8565544,3.83,active
14581,27,2,0,0,436,8565545,8565980,4.36,rest
14582,27,2,8,3,432,8565981,8566412,4.32,active
14583,27,2,0,0,426,8566413,8566838,4.26,rest
14584,27,2,8,4,330,8566839,8567168,3.3,active
14585,27,2,0,0,515,8567169,8567683,5.15,rest
14586,27,2,8,5,318,8567684,8568001,3.18,active
14587,27,2,0,0,475,8568002,8568476,4.75,rest
14588,27,2,8,6,353,8568477,8568829,3.53,active
14589,27,2,0,0,491,8568830,8569320,4.91,rest
14590,27,2,8,7,555,8569321,8569875,5.55,active
14591,27,2,0,0,247,8569876,8570122,2.47,rest
14592,27,2,8,8,493,8570123,8570615,4.93,active
14593,27,2,0,0,363,8570616,8570978,3.63,rest
14594,27,2,8,9,361,8570979,8571339,3.61,active
14595,27,2,0,0,458,8571340,8571797,4.58,rest
14596,27,2,8,10,416,8571798,8572213,4.16,active
14597,27,2,0,0,506,8572214,8572719,5.06,rest
14598,27,2,9,1,434,8572720,8573153,4.34,active
14599,27,2,0,0,511,8573154,8573664,5.11,rest
14600,27,2,9,2,284,8573665,8573948,2.84,active
14601,27,2,0,0,550,8573949,8574498,5.5,rest
14602,27,2,9,3,285,8574499,8574783,2.85,active
14603,27,2,0,0,470,8574784,8575253,4.7,rest
14604,27,2,9,4,516,8575254,8575769,5.16,active
14605,27,2,0,0,421,8575770,8576190,4.21,rest
14606,27,2,9,5,278,8576191,8576468,2.78,active
14607,27,2,0,0,474,8576469,8576942,4.74,rest
14608,27,2,9,6,500,8576943,8577442,5.0,active
14609,27,2,0,0,321,8577443,8577763,3.21,rest
14610,27,2,9,7,505,8577764,8578268,5.05,active
14611,27,2,0,0,259,8578269,8578527,2.59,rest
14612,27,2,9,8,595,8578528,8579122,5.95,active
14613,27,2,0,0,250,8579123,8579372,2.5,rest
14614,27,2,9,9,421,8579373,8579793,4.21,active
14615,27,2,0,0,406,8579794,8580199,4.06,rest
14616,27,2,9,10,437,8580200,8580636,4.37,active
14617,27,2,0,0,570,8580637,8581206,5.7,rest
14618,27,2,10,1,244,8581207,8581450,2.44,active
14619,27,2,0,0,579,8581451,8582029,5.79,rest
14620,27,2,10,2,184,8582030,8582213,1.84,active
14621,27,2,0,0,669,8582214,8582882,6.69,rest
14622,27,2,10,3,204,8582883,8583086,2.04,active
14623,27,2,0,0,605,8583087,8583691,6.05,rest
14624,27,2,10,4,184,8583692,8583875,1.84,active
14625,27,2,0,0,643,8583876,8584518,6.43,rest
14626,27,2,10,5,184,8584519,8584702,1.84,active
14627,27,2,0,0,616,8584703,8585318,6.16,rest
14628,27,2,10,6,216,8585319,8585534,2.16,active
14629,27,2,0,0,648,8585535,8586182,6.48,rest
14630,27,2,10,7,184,8586183,8586366,1.84,active
14631,27,2,0,0,676,8586367,8587042,6.76,rest
14632,27,2,10,8,184,8587043,8587226,1.84,active
14633,27,2,0,0,570,8587227,8587796,5.7,rest
14634,27,2,10,9,259,8587797,8588055,2.59,active
14635,27,2,0,0,635,8588056,8588690,6.35,rest
14636,27,2,10,10,199,8588691,8588889,1.99,active
14637,27,2,0,0,588,8588890,8589477,5.88,rest
14638,27,2,11,1,412,8589478,8589889,4.12,active
14639,27,2,0,0,421,8589890,8590310,4.21,rest
14640,27,2,11,2,376,8590311,8590686,3.76,active
14641,27,2,0,0,439,8590687,8591125,4.39,rest
14642,27,2,11,3,397,8591126,8591522,3.97,active
14643,27,2,0,0,448,8591523,8591970,4.48,rest
14644,27,2,11,4,358,8591971,8592328,3.58,active
14645,27,2,0,0,459,8592329,8592787,4.59,rest
14646,27,2,11,5,410,8592788,8593197,4.1,active
14647,27,2,0,0,417,8593198,8593614,4.17,rest
14648,27,2,11,6,314,8593615,8593928,3.14,active
14649,27,2,0,0,512,8593929,8594440,5.12,rest
14650,27,2,11,7,409,8594441,8594849,4.09,active
14651,27,2,0,0,440,8594850,8595289,4.4,rest
14652,27,2,11,8,406,8595290,8595695,4.06,active
14653,27,2,0,0,423,8595696,8596118,4.23,rest
14654,27,2,11,9,362,8596119,8596480,3.62,active
14655,27,2,0,0,473,8596481,8596953,4.73,rest
14656,27,2,11,10,338,8596954,8597291,3.38,active
14657,27,2,0,0,527,8597292,8597818,5.27,rest
14658,27,2,12,1,273,8597819,8598091,2.73,active
14659,27,2,0,0,551,8598092,8598642,5.51,rest
14660,27,2,12,2,295,8598643,8598937,2.95,active
14661,27,2,0,0,521,8598938,8599458,5.21,rest
14662,27,2,12,3,298,8599459,8599756,2.98,active
14663,27,2,0,0,547,8599757,8600303,5.47,rest
14664,27,2,12,4,440,8600304,8600743,4.4,active
14665,27,2,0,0,396,8600744,8601139,3.96,rest
14666,27,2,12,5,411,8601140,8601550,4.11,active
14667,27,2,0,0,404,8601551,8601954,4.04,rest
14668,27,2,12,6,382,8601955,8602336,3.82,active
14669,27,2,0,0,490,8602337,8602826,4.9,rest
14670,27,2,12,7,445,8602827,8603271,4.45,active
14671,27,2,0,0,388,8603272,8603659,3.88,rest
14672,27,2,12,8,451,8603660,8604110,4.51,active
14673,27,2,0,0,375,8604111,8604485,3.75,rest
14674,27,2,12,9,415,8604486,8604900,4.15,active
14675,27,2,0,0,395,8604901,8605295,3.95,rest
14676,27,2,12,10,277,8605296,8605572,2.77,active
14677,27,2,0,0,727,8605573,8606299,7.27,rest
14678,27,2,13,1,319,8606300,8606618,3.19,active
14679,27,2,0,0,458,8606619,8607076,4.58,rest
14680,27,2,13,2,358,8607077,8607434,3.58,active
14681,27,2,0,0,467,8607435,8607901,4.67,rest
14682,27,2,13,3,330,8607902,8608231,3.3,active
14683,27,2,0,0,477,8608232,8608708,4.77,rest
14684,27,2,13,4,187,8608709,8608895,1.87,active
14685,27,2,0,0,642,8608896,8609537,6.42,rest
14686,27,2,13,5,578,8609538,8610115,5.78,active
14687,27,2,0,0,276,8610116,8610391,2.76,rest
14688,27,2,13,6,396,8610392,8610787,3.96,active
14689,27,2,0,0,422,8610788,8611209,4.22,rest
14690,27,2,13,7,540,8611210,8611749,5.4,active
14691,27,2,0,0,422,8611750,8612171,4.22,rest
14692,27,2,13,8,244,8612172,8612415,2.44,active
14693,27,2,0,0,583,8612416,8612998,5.83,rest
14694,27,2,13,9,186,8612999,8613184,1.86,active
14695,27,2,0,0,563,8613185,8613747,5.63,rest
14696,27,2,13,10,289,8613748,8614036,2.89,active
14697,27,2,0,0,598,8614037,8614634,5.98,rest
14698,27,2,14,1,281,8614635,8614915,2.81,active
14699,27,2,0,0,541,8614916,8615456,5.41,rest
14700,27,2,14,2,302,8615457,8615758,3.02,active
14701,27,2,0,0,535,8615759,8616293,5.35,rest
14702,27,2,14,3,323,8616294,8616616,3.23,active
14703,27,2,0,0,559,8616617,8617175,5.59,rest
14704,27,2,14,4,245,8617176,8617420,2.45,active
14705,27,2,0,0,555,8617421,8617975,5.55,rest
14706,27,2,14,5,310,8617976,8618285,3.1,active
14707,27,2,0,0,542,8618286,8618827,5.42,rest
14708,27,2,14,6,270,8618828,8619097,2.7,active
14709,27,2,0,0,557,8619098,8619654,5.57,rest
14710,27,2,14,7,283,8619655,8619937,2.83,active
14711,27,2,0,0,632,8619938,8620569,6.32,rest
14712,27,2,14,8,186,8620570,8620755,1.86,active
14713,27,2,0,0,576,8620756,8621331,5.76,rest
14714,27,2,14,9,249,8621332,8621580,2.49,active
14715,27,2,0,0,581,8621581,8622161,5.81,rest
14716,27,2,14,10,285,8622162,8622446,2.85,active
14717,27,2,0,0,620,8622447,8623066,6.2,rest
14718,27,2,15,1,338,8623067,8623404,3.38,active
14719,27,2,0,0,535,8623405,8623939,5.35,rest
14720,27,2,15,2,226,8623940,8624165,2.26,active
14721,27,2,0,0,587,8624166,8624752,5.87,rest
14722,27,2,15,3,263,8624753,8625015,2.63,active
14723,27,2,0,0,583,8625016,8625598,5.83,rest
14724,27,2,15,4,242,8625599,8625840,2.42,active
14725,27,2,0,0,570,8625841,8626410,5.7,rest
14726,27,2,15,5,301,8626411,8626711,3.01,active
14727,27,2,0,0,556,8626712,8627267,5.56,rest
14728,27,2,15,6,277,8627268,8627544,2.77,active
14729,27,2,0,0,556,8627545,8628100,5.56,rest
14730,27,2,15,7,271,8628101,8628371,2.71,active
14731,27,2,0,0,548,8628372,8628919,5.48,rest
14732,27,2,15,8,306,8628920,8629225,3.06,active
14733,27,2,0,0,547,8629226,8629772,5.47,rest
14734,27,2,15,9,276,8629773,8630048,2.76,active
14735,27,2,0,0,548,8630049,8630596,5.48,rest
14736,27,2,15,10,330,8630597,8630926,3.3,active
14737,27,2,0,0,571,8630927,8631497,5.71,rest
14738,27,2,16,1,422,8631498,8631919,4.22,active
14739,27,2,0,0,337,8631920,8632256,3.37,rest
14740,27,2,16,2,471,8632257,8632727,4.71,active
14741,27,2,0,0,426,8632728,8633153,4.26,rest
14742,27,2,16,3,318,8633154,8633471,3.18,active
14743,27,2,0,0,497,8633472,8633968,4.97,rest
14744,27,2,16,4,391,8633969,8634359,3.91,active
14745,27,2,0,0,459,8634360,8634818,4.59,rest
14746,27,2,16,5,370,8634819,8635188,3.7,active
14747,27,2,0,0,459,8635189,8635647,4.59,rest
14748,27,2,16,6,330,8635648,8635977,3.3,active
14749,27,2,0,0,507,8635978,8636484,5.07,rest
14750,27,2,16,7,335,8636485,8636819,3.35,active
14751,27,2,0,0,499,8636820,8637318,4.99,rest
14752,27,2,16,8,354,8637319,8637672,3.54,active
14753,27,2,0,0,478,8637673,8638150,4.78,rest
14754,27,2,16,9,328,8638151,8638478,3.28,active
14755,27,2,0,0,529,8638479,8639007,5.29,rest
14756,27,2,16,10,270,8639008,8639277,2.7,active
14757,27,2,0,0,513,8639278,8639790,5.13,rest
14758,27,2,17,1,441,8639791,8640231,4.41,active
14759,27,2,0,0,402,8640232,8640633,4.02,rest
14760,27,2,17,2,445,8640634,8641078,4.45,active
14761,27,2,0,0,387,8641079,8641465,3.87,rest
14762,27,2,17,3,374,8641466,8641839,3.74,active
14763,27,2,0,0,461,8641840,8642300,4.61,rest
14764,27,2,17,4,445,8642301,8642745,4.45,active
14765,27,2,0,0,390,8642746,8643135,3.9,rest
14766,27,2,17,5,461,8643136,8643596,4.61,active
14767,27,2,0,0,388,8643597,8643984,3.88,rest
14768,27,2,17,6,435,8643985,8644419,4.35,active
14769,27,2,0,0,387,8644420,8644806,3.87,rest
14770,27,2,17,7,443,8644807,8645249,4.43,active
14771,27,2,0,0,396,8645250,8645645,3.96,rest
14772,27,2,17,8,444,8645646,8646089,4.44,active
14773,27,2,0,0,454,8646090,8646543,4.54,rest
14774,27,2,17,9,373,8646544,8646916,3.73,active
14775,27,2,0,0,440,8646917,8647356,4.4,rest
14776,27,2,17,10,313,8647357,8647669,3.13,active
14777,27,2,0,0,462,8647670,8648131,4.62,rest
14778,27,3,0,0,420,8648132,8648551,4.2,rest
14779,27,3,1,1,340,8648552,8648891,3.4,active
14780,27,3,0,0,496,8648892,8649387,4.96,rest
14781,27,3,1,2,370,8649388,8649757,3.7,active
14782,27,3,0,0,438,8649758,8650195,4.38,rest
14783,27,3,1,3,316,8650196,8650511,3.16,active
14784,27,3,0,0,513,8650512,8651024,5.13,rest
14785,27,3,1,4,376,8651025,8651400,3.76,active
14786,27,3,0,0,482,8651401,8651882,4.82,rest
14787,27,3,1,5,298,8651883,8652180,2.98,active
14788,27,3,0,0,557,8652181,8652737,5.57,rest
14789,27,3,1,6,232,8652738,8652969,2.32,active
14790,27,3,0,0,587,8652970,8653556,5.87,rest
14791,27,3,1,7,379,8653557,8653935,3.79,active
14792,27,3,0,0,437,8653936,8654372,4.37,rest
14793,27,3,1,8,337,8654373,8654709,3.37,active
14794,27,3,0,0,503,8654710,8655212,5.03,rest
14795,27,3,1,9,286,8655213,8655498,2.86,active
14796,27,3,0,0,648,8655499,8656146,6.48,rest
14797,27,3,1,10,280,8656147,8656426,2.8,active
14798,27,3,0,0,1476,8656427,8657902,14.76,rest
14799,27,3,2,1,340,8657903,8658242,3.4,active
14800,27,3,0,0,502,8658243,8658744,5.02,rest
14801,27,3,2,2,428,8658745,8659172,4.28,active
14802,27,3,0,0,384,8659173,8659556,3.84,rest
14803,27,3,2,3,389,8659557,8659945,3.89,active
14804,27,3,0,0,542,8659946,8660487,5.42,rest
14805,27,3,2,4,253,8660488,8660740,2.53,active
14806,27,3,0,0,566,8660741,8661306,5.66,rest
14807,27,3,2,5,313,8661307,8661619,3.13,active
14808,27,3,0,0,452,8661620,8662071,4.52,rest
14809,27,3,2,6,370,8662072,8662441,3.7,active
14810,27,3,0,0,474,8662442,8662915,4.74,rest
14811,27,3,2,7,433,8662916,8663348,4.33,active
14812,27,3,0,0,437,8663349,8663785,4.37,rest
14813,27,3,2,8,343,8663786,8664128,3.43,active
14814,27,3,0,0,519,8664129,8664647,5.19,rest
14815,27,3,2,9,261,8664648,8664908,2.61,active
14816,27,3,0,0,581,8664909,8665489,5.81,rest
14817,27,3,2,10,355,8665490,8665844,3.55,active
14818,27,3,0,0,1808,8665845,8667652,18.08,rest
14819,27,3,3,1,591,8667653,8668243,5.91,active
14820,27,3,0,0,447,8668244,8668690,4.47,rest
14821,27,3,3,2,386,8668691,8669076,3.86,active
14822,27,3,0,0,403,8669077,8669479,4.03,rest
14823,27,3,3,3,189,8669480,8669668,1.89,active
14824,27,3,0,0,548,8669669,8670216,5.48,rest
14825,27,3,3,4,397,8670217,8670613,3.97,active
14826,27,3,0,0,777,8670614,8671390,7.77,rest
14827,27,3,3,5,186,8671391,8671576,1.86,active
14828,27,3,0,0,324,8671577,8671900,3.24,rest
14829,27,3,3,6,381,8671901,8672281,3.81,active
14830,27,3,0,0,439,8672282,8672720,4.39,rest
14831,27,3,3,7,447,8672721,8673167,4.47,active
14832,27,3,0,0,432,8673168,8673599,4.32,rest
14833,27,3,3,8,316,8673600,8673915,3.16,active
14834,27,3,0,0,476,8673916,8674391,4.76,rest
14835,27,3,3,9,399,8674392,8674790,3.99,active
14836,27,3,0,0,458,8674791,8675248,4.58,rest
14837,27,3,3,10,312,8675249,8675560,3.12,active
14838,27,3,0,0,1539,8675561,8677099,15.39,rest
14839,27,3,4,1,384,8677100,8677483,3.84,active
14840,27,3,0,0,426,8677484,8677909,4.26,rest
14841,27,3,4,2,380,8677910,8678289,3.8,active
14842,27,3,0,0,395,8678290,8678684,3.95,rest
14843,27,3,4,3,425,8678685,8679109,4.25,active
14844,27,3,0,0,446,8679110,8679555,4.46,rest
14845,27,3,4,4,318,8679556,8679873,3.18,active
14846,27,3,0,0,519,8679874,8680392,5.19,rest
14847,27,3,4,5,297,8680393,8680689,2.97,active
14848,27,3,0,0,560,8680690,8681249,5.6,rest
14849,27,3,4,6,380,8681250,8681629,3.8,active
14850,27,3,0,0,397,8681630,8682026,3.97,rest
14851,27,3,4,7,454,8682027,8682480,4.54,active
14852,27,3,0,0,437,8682481,8682917,4.37,rest
14853,27,3,4,8,411,8682918,8683328,4.11,active
14854,27,3,0,0,429,8683329,8683757,4.29,rest
14855,27,3,4,9,403,8683758,8684160,4.03,active
14856,27,3,0,0,441,8684161,8684601,4.41,rest
14857,27,3,4,10,430,8684602,8685031,4.3,active
14858,27,3,0,0,1117,8685032,8686148,11.17,rest
14859,27,3,5,1,399,8686149,8686547,3.99,active
14860,27,3,0,0,435,8686548,8686982,4.35,rest
14861,27,3,5,2,398,8686983,8687380,3.98,active
14862,27,3,0,0,386,8687381,8687766,3.86,rest
14863,27,3,5,3,463,8687767,8688229,4.63,active
14864,27,3,0,0,445,8688230,8688674,4.45,rest
14865,27,3,5,4,392,8688675,8689066,3.92,active
14866,27,3,0,0,380,8689067,8689446,3.8,rest
14867,27,3,5,5,471,8689447,8689917,4.71,active
14868,27,3,0,0,387,8689918,8690304,3.87,rest
14869,27,3,5,6,353,8690305,8690657,3.53,active
14870,27,3,0,0,566,8690658,8691223,5.66,rest
14871,27,3,5,7,440,8691224,8691663,4.4,active
14872,27,3,0,0,389,8691664,8692052,3.89,rest
14873,27,3,5,8,339,8692053,8692391,3.39,active
14874,27,3,0,0,503,8692392,8692894,5.03,rest
14875,27,3,5,9,398,8692895,8693292,3.98,active
14876,27,3,0,0,436,8693293,8693728,4.36,rest
14877,27,3,5,10,380,8693729,8694108,3.8,active
14878,27,3,0,0,1036,8694109,8695144,10.36,rest
14879,27,3,6,1,484,8695145,8695628,4.84,active
14880,27,3,0,0,296,8695629,8695924,2.96,rest
14881,27,3,6,2,424,8695925,8696348,4.24,active
14882,27,3,0,0,412,8696349,8696760,4.12,rest
14883,27,3,6,3,389,8696761,8697149,3.89,active
14884,27,3,0,0,450,8697150,8697599,4.5,rest
14885,27,3,6,4,449,8697600,8698048,4.49,active
14886,27,3,0,0,398,8698049,8698446,3.98,rest
14887,27,3,6,5,438,8698447,8698884,4.38,active
14888,27,3,0,0,407,8698885,8699291,4.07,rest
14889,27,3,6,6,419,8699292,8699710,4.19,active
14890,27,3,0,0,348,8699711,8700058,3.48,rest
14891,27,3,6,7,492,8700059,8700550,4.92,active
14892,27,3,0,0,342,8700551,8700892,3.42,rest
14893,27,3,6,8,367,8700893,8701259,3.67,active
14894,27,3,0,0,490,8701260,8701749,4.9,rest
14895,27,3,6,9,432,8701750,8702181,4.32,active
14896,27,3,0,0,374,8702182,8702555,3.74,rest
14897,27,3,6,10,468,8702556,8703023,4.68,active
14898,27,3,0,0,1132,8703024,8704155,11.32,rest
14899,27,3,7,1,583,8704156,8704738,5.83,active
14900,27,3,0,0,303,8704739,8705041,3.03,rest
14901,27,3,7,2,346,8705042,8705387,3.46,active
14902,27,3,0,0,454,8705388,8705841,4.54,rest
14903,27,3,7,3,390,8705842,8706231,3.9,active
14904,27,3,0,0,445,8706232,8706676,4.45,rest
14905,27,3,7,4,428,8706677,8707104,4.28,active
14906,27,3,0,0,445,8707105,8707549,4.45,rest
14907,27,3,7,5,355,8707550,8707904,3.55,active
14908,27,3,0,0,505,8707905,8708409,5.05,rest
14909,27,3,7,6,355,8708410,8708764,3.55,active
14910,27,3,0,0,466,8708765,8709230,4.66,rest
14911,27,3,7,7,362,8709231,8709592,3.62,active
14912,27,3,0,0,456,8709593,8710048,4.56,rest
14913,27,3,7,8,371,8710049,8710419,3.71,active
14914,27,3,0,0,492,8710420,8710911,4.92,rest
14915,27,3,7,9,353,8710912,8711264,3.53,active
14916,27,3,0,0,434,8711265,8711698,4.34,rest
14917,27,3,7,10,429,8711699,8712127,4.29,active
14918,27,3,0,0,661,8712128,8712788,6.61,rest
14919,27,3,8,1,315,8712789,8713103,3.15,active
14920,27,3,0,0,459,8713104,8713562,4.59,rest
14921,27,3,8,2,441,8713563,8714003,4.41,active
14922,27,3,0,0,384,8714004,8714387,3.84,rest
14923,27,3,8,3,383,8714388,8714770,3.83,active
14924,27,3,0,0,439,8714771,8715209,4.39,rest
14925,27,3,8,4,332,8715210,8715541,3.32,active
14926,27,3,0,0,508,8715542,8716049,5.08,rest
14927,27,3,8,5,406,8716050,8716455,4.06,active
14928,27,3,0,0,459,8716456,8716914,4.59,rest
14929,27,3,8,6,418,8716915,8717332,4.18,active
14930,27,3,0,0,402,8717333,8717734,4.02,rest
14931,27,3,8,7,385,8717735,8718119,3.85,active
14932,27,3,0,0,510,8718120,8718629,5.1,rest
14933,27,3,8,8,378,8718630,8719007,3.78,active
14934,27,3,0,0,467,8719008,8719474,4.67,rest
14935,27,3,8,9,371,8719475,8719845,3.71,active
14936,27,3,0,0,464,8719846,8720309,4.64,rest
14937,27,3,8,10,346,8720310,8720655,3.46,active
14938,27,3,0,0,1287,8720656,8721942,12.87,rest
14939,27,3,9,1,276,8721943,8722218,2.76,active
14940,27,3,0,0,472,8722219,8722690,4.72,rest
14941,27,3,9,2,455,8722691,8723145,4.55,active
14942,27,3,0,0,472,8723146,8723617,4.72,rest
14943,27,3,9,3,463,8723618,8724080,4.63,active
14944,27,3,0,0,265,8724081,8724345,2.65,rest
14945,27,3,9,4,380,8724346,8724725,3.8,active
14946,27,3,0,0,440,8724726,8725165,4.4,rest
14947,27,3,9,5,579,8725166,8725744,5.79,active
14948,27,3,0,0,262,8725745,8726006,2.62,rest
14949,27,3,9,6,595,8726007,8726601,5.95,active
14950,27,3,0,0,245,8726602,8726846,2.45,rest
14951,27,3,9,7,583,8726847,8727429,5.83,active
14952,27,3,0,0,259,8727430,8727688,2.59,rest
14953,27,3,9,8,579,8727689,8728267,5.79,active
14954,27,3,0,0,310,8728268,8728577,3.1,rest
14955,27,3,9,9,544,8728578,8729121,5.44,active
14956,27,3,0,0,336,8729122,8729457,3.36,rest
14957,27,3,9,10,509,8729458,8729966,5.09,active
14958,27,3,0,0,876,8729967,8730842,8.76,rest
14959,27,3,10,1,287,8730843,8731129,2.87,active
14960,27,3,0,0,509,8731130,8731638,5.09,rest
14961,27,3,10,2,423,8731639,8732061,4.23,active
14962,27,3,0,0,417,8732062,8732478,4.17,rest
14963,27,3,10,3,407,8732479,8732885,4.07,active
14964,27,3,0,0,436,8732886,8733321,4.36,rest
14965,27,3,10,4,380,8733322,8733701,3.8,active
14966,27,3,0,0,461,8733702,8734162,4.61,rest
14967,27,3,10,5,361,8734163,8734523,3.61,active
14968,27,3,0,0,497,8734524,8735020,4.97,rest
14969,27,3,10,6,352,8735021,8735372,3.52,active
14970,27,3,0,0,561,8735373,8735933,5.61,rest
14971,27,3,10,7,316,8735934,8736249,3.16,active
14972,27,3,0,0,450,8736250,8736699,4.5,rest
14973,27,3,10,8,410,8736700,8737109,4.1,active
14974,27,3,0,0,413,8737110,8737522,4.13,rest
14975,27,3,10,9,401,8737523,8737923,4.01,active
14976,27,3,0,0,473,8737924,8738396,4.73,rest
14977,27,3,10,10,317,8738397,8738713,3.17,active
14978,27,3,0,0,696,8738714,8739409,6.96,rest
14979,27,3,11,1,398,8739410,8739807,3.98,active
14980,27,3,0,0,415,8739808,8740222,4.15,rest
14981,27,3,11,2,394,8740223,8740616,3.94,active
14982,27,3,0,0,429,8740617,8741045,4.29,rest
14983,27,3,11,3,433,8741046,8741478,4.33,active
14984,27,3,0,0,408,8741479,8741886,4.08,rest
14985,27,3,11,4,347,8741887,8742233,3.47,active
14986,27,3,0,0,497,8742234,8742730,4.97,rest
14987,27,3,11,5,415,8742731,8743145,4.15,active
14988,27,3,0,0,407,8743146,8743552,4.07,rest
14989,27,3,11,6,591,8743553,8744143,5.91,active
14990,27,3,0,0,246,8744144,8744389,2.46,rest
14991,27,3,11,7,595,8744390,8744984,5.95,active
14992,27,3,0,0,245,8744985,8745229,2.45,rest
14993,27,3,11,8,571,8745230,8745800,5.71,active
14994,27,3,0,0,272,8745801,8746072,2.72,rest
14995,27,3,11,9,596,8746073,8746668,5.96,active
14996,27,3,0,0,241,8746669,8746909,2.41,rest
14997,27,3,11,10,599,8746910,8747508,5.99,active
14998,27,3,0,0,479,8747509,8747987,4.79,rest
14999,27,3,12,1,308,8747988,8748295,3.08,active
15000,27,3,0,0,454,8748296,8748749,4.54,rest
15001,27,3,12,2,369,8748750,8749118,3.69,active
15002,27,3,0,0,417,8749119,8749535,4.17,rest
15003,27,3,12,3,447,8749536,8749982,4.47,active
15004,27,3,0,0,393,8749983,8750375,3.93,rest
15005,27,3,12,4,589,8750376,8750964,5.89,active
15006,27,3,0,0,244,8750965,8751208,2.44,rest
15007,27,3,12,5,592,8751209,8751800,5.92,active
15008,27,3,0,0,324,8751801,8752124,3.24,rest
15009,27,3,12,6,431,8752125,8752555,4.31,active
15010,27,3,0,0,404,8752556,8752959,4.04,rest
15011,27,3,12,7,397,8752960,8753356,3.97,active
15012,27,3,0,0,382,8753357,8753738,3.82,rest
15013,27,3,12,8,432,8753739,8754170,4.32,active
15014,27,3,0,0,444,8754171,8754614,4.44,rest
15015,27,3,12,9,410,8754615,8755024,4.1,active
15016,27,3,0,0,461,8755025,8755485,4.61,rest
15017,27,3,12,10,362,8755486,8755847,3.62,active
15018,27,3,0,0,430,8755848,8756277,4.3,rest
15019,27,3,13,1,599,8756278,8756876,5.99,active
15020,27,3,0,0,249,8756877,8757125,2.49,rest
15021,27,3,13,2,599,8757126,8757724,5.99,active
15022,27,3,0,0,326,8757725,8758050,3.26,rest
15023,27,3,13,3,511,8758051,8758561,5.11,active
15024,27,3,0,0,276,8758562,8758837,2.76,rest
15025,27,3,13,4,375,8758838,8759212,3.75,active
15026,27,3,0,0,538,8759213,8759750,5.38,rest
15027,27,3,13,5,391,8759751,8760141,3.91,active
15028,27,3,0,0,491,8760142,8760632,4.91,rest
15029,27,3,13,6,293,8760633,8760925,2.93,active
15030,27,3,0,0,405,8760926,8761330,4.05,rest
15031,27,3,13,7,595,8761331,8761925,5.95,active
15032,27,3,0,0,301,8761926,8762226,3.01,rest
15033,27,3,13,8,532,8762227,8762758,5.32,active
15034,27,3,0,0,339,8762759,8763097,3.39,rest
15035,27,3,13,9,355,8763098,8763452,3.55,active
15036,27,3,0,0,475,8763453,8763927,4.75,rest
15037,27,3,13,10,455,8763928,8764382,4.55,active
15038,27,3,0,0,2114,8764383,8766496,21.14,rest
15039,27,3,14,1,404,8766497,8766900,4.04,active
15040,27,3,0,0,431,8766901,8767331,4.31,rest
15041,27,3,14,2,396,8767332,8767727,3.96,active
15042,27,3,0,0,431,8767728,8768158,4.31,rest
15043,27,3,14,3,367,8768159,8768525,3.67,active
15044,27,3,0,0,429,8768526,8768954,4.29,rest
15045,27,3,14,4,445,8768955,8769399,4.45,active
15046,27,3,0,0,414,8769400,8769813,4.14,rest
15047,27,3,14,5,460,8769814,8770273,4.6,active
15048,27,3,0,0,366,8770274,8770639,3.66,rest
15049,27,3,14,6,592,8770640,8771231,5.92,active
15050,27,3,0,0,303,8771232,8771534,3.03,rest
15051,27,3,14,7,413,8771535,8771947,4.13,active
15052,27,3,0,0,441,8771948,8772388,4.41,rest
15053,27,3,14,8,390,8772389,8772778,3.9,active
15054,27,3,0,0,426,8772779,8773204,4.26,rest
15055,27,3,14,9,514,8773205,8773718,5.14,active
15056,27,3,0,0,331,8773719,8774049,3.31,rest
15057,27,3,14,10,465,8774050,8774514,4.65,active
15058,27,3,0,0,989,8774515,8775503,9.89,rest
15059,27,3,15,1,436,8775504,8775939,4.36,active
15060,27,3,0,0,427,8775940,8776366,4.27,rest
15061,27,3,15,2,411,8776367,8776777,4.11,active
15062,27,3,0,0,340,8776778,8777117,3.4,rest
15063,27,3,15,3,515,8777118,8777632,5.15,active
15064,27,3,0,0,374,8777633,8778006,3.74,rest
15065,27,3,15,4,483,8778007,8778489,4.83,active
15066,27,3,0,0,356,8778490,8778845,3.56,rest
15067,27,3,15,5,424,8778846,8779269,4.24,active
15068,27,3,0,0,353,8779270,8779622,3.53,rest
15069,27,3,15,6,592,8779623,8780214,5.92,active
15070,27,3,0,0,257,8780215,8780471,2.57,rest
15071,27,3,15,7,385,8780472,8780856,3.85,active
15072,27,3,0,0,446,8780857,8781302,4.46,rest
15073,27,3,15,8,423,8781303,8781725,4.23,active
15074,27,3,0,0,423,8781726,8782148,4.23,rest
15075,27,3,15,9,444,8782149,8782592,4.44,active
15076,27,3,0,0,381,8782593,8782973,3.81,rest
15077,27,3,15,10,550,8782974,8783523,5.5,active
15078,27,3,0,0,1065,8783524,8784588,10.65,rest
15079,27,3,16,1,382,8784589,8784970,3.82,active
15080,27,3,0,0,429,8784971,8785399,4.29,rest
15081,27,3,16,2,425,8785400,8785824,4.25,active
15082,27,3,0,0,435,8785825,8786259,4.35,rest
15083,27,3,16,3,383,8786260,8786642,3.83,active
15084,27,3,0,0,414,8786643,8787056,4.14,rest
15085,27,3,16,4,430,8787057,8787486,4.3,active
15086,27,3,0,0,414,8787487,8787900,4.14,rest
15087,27,3,16,5,405,8787901,8788305,4.05,active
15088,27,3,0,0,456,8788306,8788761,4.56,rest
15089,27,3,16,6,400,8788762,8789161,4.0,active
15090,27,3,0,0,405,8789162,8789566,4.05,rest
15091,27,3,16,7,564,8789567,8790130,5.64,active
15092,27,3,0,0,243,8790131,8790373,2.43,rest
15093,27,3,16,8,594,8790374,8790967,5.94,active
15094,27,3,0,0,246,8790968,8791213,2.46,rest
15095,27,3,16,9,449,8791214,8791662,4.49,active
15096,27,3,0,0,478,8791663,8792140,4.78,rest
15097,27,3,16,10,362,8792141,8792502,3.62,active
15098,27,3,0,0,1086,8792503,8793588,10.86,rest
15099,27,3,17,1,375,8793589,8793963,3.75,active
15100,27,3,0,0,362,8793964,8794325,3.62,rest
15101,27,3,17,2,559,8794326,8794884,5.59,active
15102,27,3,0,0,280,8794885,8795164,2.8,rest
15103,27,3,17,3,595,8795165,8795759,5.95,active
15104,27,3,0,0,245,8795760,8796004,2.45,rest
15105,27,3,17,4,593,8796005,8796597,5.93,active
15106,27,3,0,0,248,8796598,8796845,2.48,rest
15107,27,3,17,5,594,8796846,8797439,5.94,active
15108,27,3,0,0,248,8797440,8797687,2.48,rest
15109,27,3,17,6,593,8797688,8798280,5.93,active
15110,27,3,0,0,246,8798281,8798526,2.46,rest
15111,27,3,17,7,598,8798527,8799124,5.98,active
15112,27,3,0,0,241,8799125,8799365,2.41,rest
15113,27,3,17,8,593,8799366,8799958,5.93,active
15114,27,3,0,0,256,8799959,8800214,2.56,rest
15115,27,3,17,9,583,8800215,8800797,5.83,active
15116,27,3,0,0,241,8800798,8801038,2.41,rest
15117,27,3,17,10,595,8801039,8801633,5.95,active
15118,27,3,0,0,1082,8801634,8802715,10.82,rest
15119,27,3,18,1,329,8802716,8803044,3.29,active
15120,27,3,0,0,446,8803045,8803490,4.46,rest
15121,27,3,18,2,294,8803491,8803784,2.94,active
15122,27,3,0,0,552,8803785,8804336,5.52,rest
15123,27,3,18,3,429,8804337,8804765,4.29,active
15124,27,3,0,0,409,8804766,8805174,4.09,rest
15125,27,3,18,4,418,8805175,8805592,4.18,active
15126,27,3,0,0,405,8805593,8805997,4.05,rest
15127,27,3,18,5,340,8805998,8806337,3.4,active
15128,27,3,0,0,486,8806338,8806823,4.86,rest
15129,27,3,18,6,442,8806824,8807265,4.42,active
15130,27,3,0,0,392,8807266,8807657,3.92,rest
15131,27,3,18,7,423,8807658,8808080,4.23,active
15132,27,3,0,0,438,8808081,8808518,4.38,rest
15133,27,3,18,8,389,8808519,8808907,3.89,active
15134,27,3,0,0,454,8808908,8809361,4.54,rest
15135,27,3,18,9,455,8809362,8809816,4.55,active
15136,27,3,0,0,384,8809817,8810200,3.84,rest
15137,27,3,18,10,289,8810201,8810489,2.89,active
15138,27,3,0,0,1089,8810490,8811578,10.89,rest
15139,27,3,19,1,358,8811579,8811936,3.58,active
15140,27,3,0,0,464,8811937,8812400,4.64,rest
15141,27,3,19,2,491,8812401,8812891,4.91,active
15142,27,3,0,0,374,8812892,8813265,3.74,rest
15143,27,3,19,3,383,8813266,8813648,3.83,active
15144,27,3,0,0,422,8813649,8814070,4.22,rest
15145,27,3,19,4,553,8814071,8814623,5.53,active
15146,27,3,0,0,267,8814624,8814890,2.67,rest
15147,27,3,19,5,407,8814891,8815297,4.07,active
15148,27,3,0,0,426,8815298,8815723,4.26,rest
15149,27,3,19,6,380,8815724,8816103,3.8,active
15150,27,3,0,0,505,8816104,8816608,5.05,rest
15151,27,3,19,7,301,8816609,8816909,3.01,active
15152,27,3,0,0,549,8816910,8817458,5.49,rest
15153,27,3,19,8,298,8817459,8817756,2.98,active
15154,27,3,0,0,552,8817757,8818308,5.52,rest
15155,27,3,19,9,186,8818309,8818494,1.86,active
15156,27,3,0,0,685,8818495,8819179,6.85,rest
15157,27,3,19,10,268,8819180,8819447,2.68,active
15158,27,3,0,0,1253,8819448,8820700,12.53,rest
15159,27,3,20,1,501,8820701,8821201,5.01,active
15160,27,3,0,0,324,8821202,8821525,3.24,rest
15161,27,3,20,2,388,8821526,8821913,3.88,active
15162,27,3,0,0,393,8821914,8822306,3.93,rest
15163,27,3,20,3,442,8822307,8822748,4.42,active
15164,27,3,0,0,443,8822749,8823191,4.43,rest
15165,27,3,20,4,319,8823192,8823510,3.19,active
15166,27,3,0,0,492,8823511,8824002,4.92,rest
15167,27,3,20,5,433,8824003,8824435,4.33,active
15168,27,3,0,0,484,8824436,8824919,4.84,rest
15169,27,3,20,6,347,8824920,8825266,3.47,active
15170,27,3,0,0,393,8825267,8825659,3.93,rest
15171,27,3,20,7,432,8825660,8826091,4.32,active
15172,27,3,0,0,395,8826092,8826486,3.95,rest
15173,27,3,20,8,444,8826487,8826930,4.44,active
15174,27,3,0,0,374,8826931,8827304,3.74,rest
15175,27,3,20,9,357,8827305,8827661,3.57,active
15176,27,3,0,0,506,8827662,8828167,5.06,rest
15177,27,3,20,10,415,8828168,8828582,4.15,active
15178,27,3,0,0,8551,8828583,8837133,85.51,rest
15179,27,3,21,1,360,8837134,8837493,3.6,active
15180,27,3,0,0,475,8837494,8837968,4.75,rest
15181,27,3,21,2,448,8837969,8838416,4.48,active
15182,27,3,0,0,394,8838417,8838810,3.94,rest
15183,27,3,21,3,315,8838811,8839125,3.15,active
15184,27,3,0,0,519,8839126,8839644,5.19,rest
15185,27,3,21,4,419,8839645,8840063,4.19,active
15186,27,3,0,0,410,8840064,8840473,4.1,rest
15187,27,3,21,5,317,8840474,8840790,3.17,active
15188,27,3,0,0,526,8840791,8841316,5.26,rest
15189,27,3,21,6,397,8841317,8841713,3.97,active
15190,27,3,0,0,441,8841714,8842154,4.41,rest
15191,27,3,21,7,311,8842155,8842465,3.11,active
15192,27,3,0,0,538,8842466,8843003,5.38,rest
15193,27,3,21,8,376,8843004,8843379,3.76,active
15194,27,3,0,0,344,8843380,8843723,3.44,rest
15195,27,3,21,9,431,8843724,8844154,4.31,active
15196,27,3,0,0,427,8844155,8844581,4.27,rest
15197,27,3,21,10,510,8844582,8845091,5.1,active
15198,27,3,0,0,5698,8845092,8850789,56.98,rest
15199,27,3,22,1,185,8850790,8850974,1.85,active
15200,27,3,0,0,599,8850975,8851573,5.99,rest
15201,27,3,22,2,315,8851574,8851888,3.15,active
15202,27,3,0,0,486,8851889,8852374,4.86,rest
15203,27,3,22,3,357,8852375,8852731,3.57,active
15204,27,3,0,0,454,8852732,8853185,4.54,rest
15205,27,3,22,4,403,8853186,8853588,4.03,active
15206,27,3,0,0,466,8853589,8854054,4.66,rest
15207,27,3,22,5,299,8854055,8854353,2.99,active
15208,27,3,0,0,526,8854354,8854879,5.26,rest
15209,27,3,22,6,383,8854880,8855262,3.83,active
15210,27,3,0,0,411,8855263,8855673,4.11,rest
15211,27,3,22,7,407,8855674,8856080,4.07,active
15212,27,3,0,0,437,8856081,8856517,4.37,rest
15213,27,3,22,8,442,8856518,8856959,4.42,active
15214,27,3,0,0,428,8856960,8857387,4.28,rest
15215,27,3,22,9,353,8857388,8857740,3.53,active
15216,27,3,0,0,516,8857741,8858256,5.16,rest
15217,27,3,22,10,412,8858257,8858668,4.12,active
15218,27,3,0,0,3260,8858669,8861928,32.6,rest
15219,27,3,23,1,502,8861929,8862430,5.02,active
15220,27,3,0,0,371,8862431,8862801,3.71,rest
15221,27,3,23,2,467,8862802,8863268,4.67,active
15222,27,3,0,0,382,8863269,8863650,3.82,rest
15223,27,3,23,3,550,8863651,8864200,5.5,active
15224,27,3,0,0,352,8864201,8864552,3.52,rest
15225,27,3,23,4,484,8864553,8865036,4.84,active
15226,27,3,0,0,352,8865037,8865388,3.52,rest
15227,27,3,23,5,331,8865389,8865719,3.31,active
15228,27,3,0,0,419,8865720,8866138,4.19,rest
15229,27,3,23,6,500,8866139,8866638,5.0,active
15230,27,3,0,0,344,8866639,8866982,3.44,rest
15231,27,3,23,7,387,8866983,8867369,3.87,active
15232,27,3,0,0,448,8867370,8867817,4.48,rest
15233,27,3,23,8,395,8867818,8868212,3.95,active
15234,27,3,0,0,431,8868213,8868643,4.31,rest
15235,27,3,23,9,424,8868644,8869067,4.24,active
15236,27,3,0,0,478,8869068,8869545,4.78,rest
15237,27,3,23,10,426,8869546,8869971,4.26,active
15238,27,3,0,0,354,8869972,8870325,3.54,rest
15239,2,2,0,0,440,8971012,8971451,4.4,rest
15240,2,2,1,1,391,8971452,8971842,3.91,active
15241,2,2,0,0,381,8971843,8972223,3.81,rest
15242,2,2,1,2,438,8972224,8972661,4.38,active
15243,2,2,0,0,391,8972662,8973052,3.91,rest
15244,2,2,1,3,464,8973053,8973516,4.64,active
15245,2,2,0,0,386,8973517,8973902,3.86,rest
15246,2,2,1,4,482,8973903,8974384,4.82,active
15247,2,2,0,0,356,8974385,8974740,3.56,rest
15248,2,2,1,5,469,8974741,8975209,4.69,active
15249,2,2,0,0,374,8975210,8975583,3.74,rest
15250,2,2,1,6,496,8975584,8976079,4.96,active
15251,2,2,0,0,329,8976080,8976408,3.29,rest
15252,2,2,1,7,535,8976409,8976943,5.35,active
15253,2,2,0,0,305,8976944,8977248,3.05,rest
15254,2,2,1,8,458,8977249,8977706,4.58,active
15255,2,2,0,0,415,8977707,8978121,4.15,rest
15256,2,2,1,9,391,8978122,8978512,3.91,active
15257,2,2,0,0,411,8978513,8978923,4.11,rest
15258,2,2,1,10,405,8978924,8979328,4.05,active
15259,2,2,0,0,446,8979329,8979774,4.46,rest
15260,2,2,2,1,370,8979775,8980144,3.7,active
15261,2,2,0,0,481,8980145,8980625,4.81,rest
15262,2,2,2,2,354,8980626,8980979,3.54,active
15263,2,2,0,0,479,8980980,8981458,4.79,rest
15264,2,2,2,3,410,8981459,8981868,4.1,active
15265,2,2,0,0,409,8981869,8982277,4.09,rest
15266,2,2,2,4,430,8982278,8982707,4.3,active
15267,2,2,0,0,425,8982708,8983132,4.25,rest
15268,2,2,2,5,439,8983133,8983571,4.39,active
15269,2,2,0,0,391,8983572,8983962,3.91,rest
15270,2,2,2,6,415,8983963,8984377,4.15,active
15271,2,2,0,0,420,8984378,8984797,4.2,rest
15272,2,2,2,7,433,8984798,8985230,4.33,active
15273,2,2,0,0,400,8985231,8985630,4.0,rest
15274,2,2,2,8,319,8985631,8985949,3.19,active
15275,2,2,0,0,518,8985950,8986467,5.18,rest
15276,2,2,2,9,345,8986468,8986812,3.45,active
15277,2,2,0,0,522,8986813,8987334,5.22,rest
15278,2,2,2,10,318,8987335,8987652,3.18,active
15279,2,2,0,0,497,8987653,8988149,4.97,rest
15280,2,2,3,1,324,8988150,8988473,3.24,active
15281,2,2,0,0,495,8988474,8988968,4.95,rest
15282,2,2,3,2,352,8988969,8989320,3.52,active
15283,2,2,0,0,500,8989321,8989820,5.0,rest
15284,2,2,3,3,461,8989821,8990281,4.61,active
15285,2,2,0,0,380,8990282,8990661,3.8,rest
15286,2,2,3,4,403,8990662,8991064,4.03,active
15287,2,2,0,0,441,8991065,8991505,4.41,rest
15288,2,2,3,5,325,8991506,8991830,3.25,active
15289,2,2,0,0,509,8991831,8992339,5.09,rest
15290,2,2,3,6,367,8992340,8992706,3.67,active
15291,2,2,0,0,454,8992707,8993160,4.54,rest
15292,2,2,3,7,355,8993161,8993515,3.55,active
15293,2,2,0,0,515,8993516,8994030,5.15,rest
15294,2,2,3,8,340,8994031,8994370,3.4,active
15295,2,2,0,0,482,8994371,8994852,4.82,rest
15296,2,2,3,9,296,8994853,8995148,2.96,active
15297,2,2,0,0,536,8995149,8995684,5.36,rest
15298,2,2,3,10,354,8995685,8996038,3.54,active
15299,2,2,0,0,544,8996039,8996582,5.44,rest
15300,2,2,4,1,315,8996583,8996897,3.15,active
15301,2,2,0,0,490,8996898,8997387,4.9,rest
15302,2,2,4,2,369,8997388,8997756,3.69,active
15303,2,2,0,0,454,8997757,8998210,4.54,rest
15304,2,2,4,3,387,8998211,8998597,3.87,active
15305,2,2,0,0,466,8998598,8999063,4.66,rest
15306,2,2,4,4,421,8999064,8999484,4.21,active
15307,2,2,0,0,400,8999485,8999884,4.0,rest
15308,2,2,4,5,392,8999885,9000276,3.92,active
15309,2,2,0,0,464,9000277,9000740,4.64,rest
15310,2,2,4,6,428,9000741,9001168,4.28,active
15311,2,2,0,0,372,9001169,9001540,3.72,rest
15312,2,2,4,7,421,9001541,9001961,4.21,active
15313,2,2,0,0,451,9001962,9002412,4.51,rest
15314,2,2,4,8,416,9002413,9002828,4.16,active
15315,2,2,0,0,427,9002829,9003255,4.27,rest
15316,2,2,4,9,384,9003256,9003639,3.84,active
15317,2,2,0,0,457,9003640,9004096,4.57,rest
15318,2,2,4,10,373,9004097,9004469,3.73,active
15319,2,2,0,0,520,9004470,9004989,5.2,rest
15320,2,2,5,1,292,9004990,9005281,2.92,active
15321,2,2,0,0,500,9005282,9005781,5.0,rest
15322,2,2,5,2,327,9005782,9006108,3.27,active
15323,2,2,0,0,534,9006109,9006642,5.34,rest
15324,2,2,5,3,297,9006643,9006939,2.97,active
15325,2,2,0,0,500,9006940,9007439,5.0,rest
15326,2,2,5,4,383,9007440,9007822,3.83,active
15327,2,2,0,0,471,9007823,9008293,4.71,rest
15328,2,2,5,5,371,9008294,9008664,3.71,active
15329,2,2,0,0,496,9008665,9009160,4.96,rest
15330,2,2,5,6,305,9009161,9009465,3.05,active
15331,2,2,0,0,510,9009466,9009975,5.1,rest
15332,2,2,5,7,408,9009976,9010383,4.08,active
15333,2,2,0,0,438,9010384,9010821,4.38,rest
15334,2,2,5,8,346,9010822,9011167,3.46,active
15335,2,2,0,0,492,9011168,9011659,4.92,rest
15336,2,2,5,9,389,9011660,9012048,3.89,active
15337,2,2,0,0,475,9012049,9012523,4.75,rest
15338,2,2,5,10,285,9012524,9012808,2.85,active
15339,2,2,0,0,582,9012809,9013390,5.82,rest
15340,2,2,6,1,339,9013391,9013729,3.39,active
15341,2,2,0,0,460,9013730,9014189,4.6,rest
15342,2,2,6,2,278,9014190,9014467,2.78,active
15343,2,2,0,0,528,9014468,9014995,5.28,rest
15344,2,2,6,3,299,9014996,9015294,2.99,active
15345,2,2,0,0,528,9015295,9015822,5.28,rest
15346,2,2,6,4,320,9015823,9016142,3.2,active
15347,2,2,0,0,531,9016143,9016673,5.31,rest
15348,2,2,6,5,311,9016674,9016984,3.11,active
15349,2,2,0,0,527,9016985,9017511,5.27,rest
15350,2,2,6,6,339,9017512,9017850,3.39,active
15351,2,2,0,0,489,9017851,9018339,4.89,rest
15352,2,2,6,7,342,9018340,9018681,3.42,active
15353,2,2,0,0,496,9018682,9019177,4.96,rest
15354,2,2,6,8,364,9019178,9019541,3.64,active
15355,2,2,0,0,491,9019542,9020032,4.91,rest
15356,2,2,6,9,312,9020033,9020344,3.12,active
15357,2,2,0,0,560,9020345,9020904,5.6,rest
15358,2,2,6,10,262,9020905,9021166,2.62,active
15359,2,2,0,0,637,9021167,9021803,6.37,rest
15360,2,2,7,1,248,9021804,9022051,2.48,active
15361,2,2,0,0,490,9022052,9022541,4.9,rest
15362,2,2,7,2,456,9022542,9022997,4.56,active
15363,2,2,0,0,361,9022998,9023358,3.61,rest
15364,2,2,7,3,409,9023359,9023767,4.09,active
15365,2,2,0,0,459,9023768,9024226,4.59,rest
15366,2,2,7,4,372,9024227,9024598,3.72,active
15367,2,2,0,0,531,9024599,9025129,5.31,rest
15368,2,2,7,5,301,9025130,9025430,3.01,active
15369,2,2,0,0,482,9025431,9025912,4.82,rest
15370,2,2,7,6,419,9025913,9026331,4.19,active
15371,2,2,0,0,356,9026332,9026687,3.56,rest
15372,2,2,7,7,392,9026688,9027079,3.92,active
15373,2,2,0,0,486,9027080,9027565,4.86,rest
15374,2,2,7,8,378,9027566,9027943,3.78,active
15375,2,2,0,0,490,9027944,9028433,4.9,rest
15376,2,2,7,9,335,9028434,9028768,3.35,active
15377,2,2,0,0,515,9028769,9029283,5.15,rest
15378,2,2,7,10,333,9029284,9029616,3.33,active
15379,2,2,0,0,562,9029617,9030178,5.62,rest
15380,2,2,8,1,281,9030179,9030459,2.81,active
15381,2,2,0,0,499,9030460,9030958,4.99,rest
15382,2,2,8,2,296,9030959,9031254,2.96,active
15383,2,2,0,0,545,9031255,9031799,5.45,rest
15384,2,2,8,3,285,9031800,9032084,2.85,active
15385,2,2,0,0,544,9032085,9032628,5.44,rest
15386,2,2,8,4,314,9032629,9032942,3.14,active
15387,2,2,0,0,545,9032943,9033487,5.45,rest
15388,2,2,8,5,305,9033488,9033792,3.05,active
15389,2,2,0,0,516,9033793,9034308,5.16,rest
15390,2,2,8,6,291,9034309,9034599,2.91,active
15391,2,2,0,0,532,9034600,9035131,5.32,rest
15392,2,2,8,7,338,9035132,9035469,3.38,active
15393,2,2,0,0,543,9035470,9036012,5.43,rest
15394,2,2,8,8,269,9036013,9036281,2.69,active
15395,2,2,0,0,506,9036282,9036787,5.06,rest
15396,2,2,8,9,311,9036788,9037098,3.11,active
15397,2,2,0,0,591,9037099,9037689,5.91,rest
15398,2,2,8,10,279,9037690,9037968,2.79,active
15399,2,2,0,0,573,9037969,9038541,5.73,rest
15400,2,2,9,1,370,9038542,9038911,3.7,active
15401,2,2,0,0,421,9038912,9039332,4.21,rest
15402,2,2,9,2,377,9039333,9039709,3.77,active
15403,2,2,0,0,466,9039710,9040175,4.66,rest
15404,2,2,9,3,340,9040176,9040515,3.4,active
15405,2,2,0,0,489,9040516,9041004,4.89,rest
15406,2,2,9,4,351,9041005,9041355,3.51,active
15407,2,2,0,0,475,9041356,9041830,4.75,rest
15408,2,2,9,5,365,9041831,9042195,3.65,active
15409,2,2,0,0,501,9042196,9042696,5.01,rest
15410,2,2,9,6,319,9042697,9043015,3.19,active
15411,2,2,0,0,471,9043016,9043486,4.71,rest
15412,2,2,9,7,409,9043487,9043895,4.09,active
15413,2,2,0,0,450,9043896,9044345,4.5,rest
15414,2,2,9,8,367,9044346,9044712,3.67,active
15415,2,2,0,0,482,9044713,9045194,4.82,rest
15416,2,2,9,9,393,9045195,9045587,3.93,active
15417,2,2,0,0,487,9045588,9046074,4.87,rest
15418,2,2,9,10,346,9046075,9046420,3.46,active
15419,2,2,0,0,433,9046421,9046853,4.33,rest
15420,2,2,10,1,411,9046854,9047264,4.11,active
15421,2,2,0,0,432,9047265,9047696,4.32,rest
15422,2,2,10,2,338,9047697,9048034,3.38,active
15423,2,2,0,0,468,9048035,9048502,4.68,rest
15424,2,2,10,3,392,9048503,9048894,3.92,active
15425,2,2,0,0,484,9048895,9049378,4.84,rest
15426,2,2,10,4,389,9049379,9049767,3.89,active
15427,2,2,0,0,429,9049768,9050196,4.29,rest
15428,2,2,10,5,344,9050197,9050540,3.44,active
15429,2,2,0,0,515,9050541,9051055,5.15,rest
15430,2,2,10,6,375,9051056,9051430,3.75,active
15431,2,2,0,0,436,9051431,9051866,4.36,rest
15432,2,2,10,7,414,9051867,9052280,4.14,active
15433,2,2,0,0,424,9052281,9052704,4.24,rest
15434,2,2,10,8,358,9052705,9053062,3.58,active
15435,2,2,0,0,493,9053063,9053555,4.93,rest
15436,2,2,10,9,324,9053556,9053879,3.24,active
15437,2,2,0,0,495,9053880,9054374,4.95,rest
15438,2,2,10,10,391,9054375,9054765,3.91,active
15439,2,2,0,0,463,9054766,9055228,4.63,rest
15440,2,2,11,1,417,9055229,9055645,4.17,active
15441,2,2,0,0,383,9055646,9056028,3.83,rest
15442,2,2,11,2,527,9056029,9056555,5.27,active
15443,2,2,0,0,345,9056556,9056900,3.45,rest
15444,2,2,11,3,335,9056901,9057235,3.35,active
15445,2,2,0,0,475,9057236,9057710,4.75,rest
15446,2,2,11,4,441,9057711,9058151,4.41,active
15447,2,2,0,0,372,9058152,9058523,3.72,rest
15448,2,2,11,5,481,9058524,9059004,4.81,active
15449,2,2,0,0,385,9059005,9059389,3.85,rest
15450,2,2,11,6,456,9059390,9059845,4.56,active
15451,2,2,0,0,359,9059846,9060204,3.59,rest
15452,2,2,11,7,411,9060205,9060615,4.11,active
15453,2,2,0,0,450,9060616,9061065,4.5,rest
15454,2,2,11,8,340,9061066,9061405,3.4,active
15455,2,2,0,0,465,9061406,9061870,4.65,rest
15456,2,2,11,9,364,9061871,9062234,3.64,active
15457,2,2,0,0,493,9062235,9062727,4.93,rest
15458,2,2,11,10,348,9062728,9063075,3.48,active
15459,2,2,0,0,495,9063076,9063570,4.95,rest
15460,2,2,12,1,299,9063571,9063869,2.99,active
15461,2,2,0,0,496,9063870,9064365,4.96,rest
15462,2,2,12,2,332,9064366,9064697,3.32,active
15463,2,2,0,0,519,9064698,9065216,5.19,rest
15464,2,2,12,3,290,9065217,9065506,2.9,active
15465,2,2,0,0,531,9065507,9066037,5.31,rest
15466,2,2,12,4,405,9066038,9066442,4.05,active
15467,2,2,0,0,448,9066443,9066890,4.48,rest
15468,2,2,12,5,307,9066891,9067197,3.07,active
15469,2,2,0,0,532,9067198,9067729,5.32,rest
15470,2,2,12,6,321,9067730,9068050,3.21,active
15471,2,2,0,0,558,9068051,9068608,5.58,rest
15472,2,2,12,7,298,9068609,9068906,2.98,active
15473,2,2,0,0,499,9068907,9069405,4.99,rest
15474,2,2,12,8,309,9069406,9069714,3.09,active
15475,2,2,0,0,534,9069715,9070248,5.34,rest
15476,2,2,12,9,287,9070249,9070535,2.87,active
15477,2,2,0,0,562,9070536,9071097,5.62,rest
15478,2,2,12,10,286,9071098,9071383,2.86,active
15479,2,2,0,0,538,9071384,9071921,5.38,rest
15480,2,2,13,1,373,9071922,9072294,3.73,active
15481,2,2,0,0,480,9072295,9072774,4.8,rest
15482,2,2,13,2,349,9072775,9073123,3.49,active
15483,2,2,0,0,462,9073124,9073585,4.62,rest
15484,2,2,13,3,344,9073586,9073929,3.44,active
15485,2,2,0,0,539,9073930,9074468,5.39,rest
15486,2,2,13,4,310,9074469,9074778,3.1,active
15487,2,2,0,0,502,9074779,9075280,5.02,rest
15488,2,2,13,5,382,9075281,9075662,3.82,active
15489,2,2,0,0,418,9075663,9076080,4.18,rest
15490,2,2,13,6,412,9076081,9076492,4.12,active
15491,2,2,0,0,480,9076493,9076972,4.8,rest
15492,2,2,13,7,300,9076973,9077272,3.0,active
15493,2,2,0,0,504,9077273,9077776,5.04,rest
15494,2,2,13,8,377,9077777,9078153,3.77,active
15495,2,2,0,0,510,9078154,9078663,5.1,rest
15496,2,2,13,9,393,9078664,9079056,3.93,active
15497,2,2,0,0,423,9079057,9079479,4.23,rest
15498,2,2,13,10,408,9079480,9079887,4.08,active
15499,2,2,0,0,420,9079888,9080307,4.2,rest
15500,2,2,14,1,374,9080308,9080681,3.74,active
15501,2,2,0,0,471,9080682,9081152,4.71,rest
15502,2,2,14,2,256,9081153,9081408,2.56,active
15503,2,2,0,0,568,9081409,9081976,5.68,rest
15504,2,2,14,3,265,9081977,9082241,2.65,active
15505,2,2,0,0,582,9082242,9082823,5.82,rest
15506,2,2,14,4,345,9082824,9083168,3.45,active
15507,2,2,0,0,491,9083169,9083659,4.91,rest
15508,2,2,14,5,303,9083660,9083962,3.03,active
15509,2,2,0,0,542,9083963,9084504,5.42,rest
15510,2,2,14,6,258,9084505,9084762,2.58,active
15511,2,2,0,0,559,9084763,9085321,5.59,rest
15512,2,2,14,7,363,9085322,9085684,3.63,active
15513,2,2,0,0,488,9085685,9086172,4.88,rest
15514,2,2,14,8,342,9086173,9086514,3.42,active
15515,2,2,0,0,504,9086515,9087018,5.04,rest
15516,2,2,14,9,387,9087019,9087405,3.87,active
15517,2,2,0,0,474,9087406,9087879,4.74,rest
15518,2,2,14,10,323,9087880,9088202,3.23,active
15519,2,2,0,0,528,9088203,9088730,5.28,rest
15520,2,2,15,1,253,9088731,9088983,2.53,active
15521,2,2,0,0,535,9088984,9089518,5.35,rest
15522,2,2,15,2,296,9089519,9089814,2.96,active
15523,2,2,0,0,547,9089815,9090361,5.47,rest
15524,2,2,15,3,279,9090362,9090640,2.79,active
15525,2,2,0,0,550,9090641,9091190,5.5,rest
15526,2,2,15,4,322,9091191,9091512,3.22,active
15527,2,2,0,0,555,9091513,9092067,5.55,rest
15528,2,2,15,5,278,9092068,9092345,2.78,active
15529,2,2,0,0,555,9092346,9092900,5.55,rest
15530,2,2,15,6,293,9092901,9093193,2.93,active
15531,2,2,0,0,536,9093194,9093729,5.36,rest
15532,2,2,15,7,250,9093730,9093979,2.5,active
15533,2,2,0,0,558,9093980,9094537,5.58,rest
15534,2,2,15,8,372,9094538,9094909,3.72,active
15535,2,2,0,0,509,9094910,9095418,5.09,rest
15536,2,2,15,9,336,9095419,9095754,3.36,active
15537,2,2,0,0,509,9095755,9096263,5.09,rest
15538,2,2,15,10,238,9096264,9096501,2.38,active
15539,2,2,0,0,644,9096502,9097145,6.44,rest
15540,2,2,16,1,394,9097146,9097539,3.94,active
15541,2,2,0,0,377,9097540,9097916,3.77,rest
15542,2,2,16,2,432,9097917,9098348,4.32,active
15543,2,2,0,0,396,9098349,9098744,3.96,rest
15544,2,2,16,3,383,9098745,9099127,3.83,active
15545,2,2,0,0,484,9099128,9099611,4.84,rest
15546,2,2,16,4,303,9099612,9099914,3.03,active
15547,2,2,0,0,497,9099915,9100411,4.97,rest
15548,2,2,16,5,351,9100412,9100762,3.51,active
15549,2,2,0,0,494,9100763,9101256,4.94,rest
15550,2,2,16,6,388,9101257,9101644,3.88,active
15551,2,2,0,0,436,9101645,9102080,4.36,rest
15552,2,2,16,7,447,9102081,9102527,4.47,active
15553,2,2,0,0,371,9102528,9102898,3.71,rest
15554,2,2,16,8,468,9102899,9103366,4.68,active
15555,2,2,0,0,381,9103367,9103747,3.81,rest
15556,2,2,16,9,455,9103748,9104202,4.55,active
15557,2,2,0,0,440,9104203,9104642,4.4,rest
15558,2,2,16,10,358,9104643,9105000,3.58,active
15559,2,2,0,0,404,9105001,9105404,4.04,rest
15560,2,2,17,1,445,9105405,9105849,4.45,active
15561,2,2,0,0,431,9105850,9106280,4.31,rest
15562,2,2,17,2,327,9106281,9106607,3.27,active
15563,2,2,0,0,476,9106608,9107083,4.76,rest
15564,2,2,17,3,449,9107084,9107532,4.49,active
15565,2,2,0,0,416,9107533,9107948,4.16,rest
15566,2,2,17,4,416,9107949,9108364,4.16,active
15567,2,2,0,0,428,9108365,9108792,4.28,rest
15568,2,2,17,5,429,9108793,9109221,4.29,active
15569,2,2,0,0,378,9109222,9109599,3.78,rest
15570,2,2,17,6,449,9109600,9110048,4.49,active
15571,2,2,0,0,397,9110049,9110445,3.97,rest
15572,2,2,17,7,461,9110446,9110906,4.61,active
15573,2,2,0,0,406,9110907,9111312,4.06,rest
15574,2,2,17,8,405,9111313,9111717,4.05,active
15575,2,2,0,0,419,9111718,9112136,4.19,rest
15576,2,2,17,9,404,9112137,9112540,4.04,active
15577,2,2,0,0,436,9112541,9112976,4.36,rest
15578,2,2,17,10,397,9112977,9113373,3.97,active
15579,2,2,0,0,369,9113374,9113742,3.69,rest
15580,2,3,0,0,484,9113743,9114226,4.84,rest
15581,2,3,1,1,411,9114227,9114637,4.11,active
15582,2,3,0,0,353,9114638,9114990,3.53,rest
15583,2,3,1,2,340,9114991,9115330,3.4,active
15584,2,3,0,0,459,9115331,9115789,4.59,rest
15585,2,3,1,3,419,9115790,9116208,4.19,active
15586,2,3,0,0,423,9116209,9116631,4.23,rest
15587,2,3,1,4,371,9116632,9117002,3.71,active
15588,2,3,0,0,445,9117003,9117447,4.45,rest
15589,2,3,1,5,346,9117448,9117793,3.46,active
15590,2,3,0,0,493,9117794,9118286,4.93,rest
15591,2,3,1,6,385,9118287,9118671,3.85,active
15592,2,3,0,0,482,9118672,9119153,4.82,rest
15593,2,3,1,7,380,9119154,9119533,3.8,active
15594,2,3,0,0,470,9119534,9120003,4.7,rest
15595,2,3,1,8,379,9120004,9120382,3.79,active
15596,2,3,0,0,456,9120383,9120838,4.56,rest
15597,2,3,1,9,313,9120839,9121151,3.13,active
15598,2,3,0,0,496,9121152,9121647,4.96,rest
15599,2,3,1,10,323,9121648,9121970,3.23,active
15600,2,3,0,0,2219,9121971,9124189,22.19,rest
15601,2,3,2,1,294,9124190,9124483,2.94,active
15602,2,3,0,0,395,9124484,9124878,3.95,rest
15603,2,3,2,2,365,9124879,9125243,3.65,active
15604,2,3,0,0,474,9125244,9125717,4.74,rest
15605,2,3,2,3,381,9125718,9126098,3.81,active
15606,2,3,0,0,454,9126099,9126552,4.54,rest
15607,2,3,2,4,360,9126553,9126912,3.6,active
15608,2,3,0,0,494,9126913,9127406,4.94,rest
15609,2,3,2,5,343,9127407,9127749,3.43,active
15610,2,3,0,0,507,9127750,9128256,5.07,rest
15611,2,3,2,6,315,9128257,9128571,3.15,active
15612,2,3,0,0,518,9128572,9129089,5.18,rest
15613,2,3,2,7,293,9129090,9129382,2.93,active
15614,2,3,0,0,541,9129383,9129923,5.41,rest
15615,2,3,2,8,433,9129924,9130356,4.33,active
15616,2,3,0,0,363,9130357,9130719,3.63,rest
15617,2,3,2,9,390,9130720,9131109,3.9,active
15618,2,3,0,0,429,9131110,9131538,4.29,rest
15619,2,3,2,10,419,9131539,9131957,4.19,active
15620,2,3,0,0,1183,9131958,9133140,11.83,rest
15621,2,3,3,1,395,9133141,9133535,3.95,active
15622,2,3,0,0,315,9133536,9133850,3.15,rest
15623,2,3,3,2,325,9133851,9134175,3.25,active
15624,2,3,0,0,518,9134176,9134693,5.18,rest
15625,2,3,3,3,347,9134694,9135040,3.47,active
15626,2,3,0,0,464,9135041,9135504,4.64,rest
15627,2,3,3,4,376,9135505,9135880,3.76,active
15628,2,3,0,0,478,9135881,9136358,4.78,rest
15629,2,3,3,5,330,9136359,9136688,3.3,active
15630,2,3,0,0,475,9136689,9137163,4.75,rest
15631,2,3,3,6,375,9137164,9137538,3.75,active
15632,2,3,0,0,489,9137539,9138027,4.89,rest
15633,2,3,3,7,303,9138028,9138330,3.03,active
15634,2,3,0,0,500,9138331,9138830,5.0,rest
15635,2,3,3,8,339,9138831,9139169,3.39,active
15636,2,3,0,0,515,9139170,9139684,5.15,rest
15637,2,3,3,9,312,9139685,9139996,3.12,active
15638,2,3,0,0,528,9139997,9140524,5.28,rest
15639,2,3,3,10,385,9140525,9140909,3.85,active
15640,2,3,0,0,2334,9140910,9143243,23.34,rest
15641,2,3,4,1,239,9143244,9143482,2.39,active
15642,2,3,0,0,544,9143483,9144026,5.44,rest
15643,2,3,4,2,303,9144027,9144329,3.03,active
15644,2,3,0,0,530,9144330,9144859,5.3,rest
15645,2,3,4,3,395,9144860,9145254,3.95,active
15646,2,3,0,0,438,9145255,9145692,4.38,rest
15647,2,3,4,4,288,9145693,9145980,2.88,active
15648,2,3,0,0,574,9145981,9146554,5.74,rest
15649,2,3,4,5,375,9146555,9146929,3.75,active
15650,2,3,0,0,470,9146930,9147399,4.7,rest
15651,2,3,4,6,300,9147400,9147699,3.0,active
15652,2,3,0,0,519,9147700,9148218,5.19,rest
15653,2,3,4,7,329,9148219,9148547,3.29,active
15654,2,3,0,0,513,9148548,9149060,5.13,rest
15655,2,3,4,8,348,9149061,9149408,3.48,active
15656,2,3,0,0,482,9149409,9149890,4.82,rest
15657,2,3,4,9,275,9149891,9150165,2.75,active
15658,2,3,0,0,548,9150166,9150713,5.48,rest
15659,2,3,4,10,394,9150714,9151107,3.94,active
15660,2,3,0,0,1740,9151108,9152847,17.4,rest
15661,2,3,5,1,312,9152848,9153159,3.12,active
15662,2,3,0,0,486,9153160,9153645,4.86,rest
15663,2,3,5,2,329,9153646,9153974,3.29,active
15664,2,3,0,0,490,9153975,9154464,4.9,rest
15665,2,3,5,3,344,9154465,9154808,3.44,active
15666,2,3,0,0,515,9154809,9155323,5.15,rest
15667,2,3,5,4,333,9155324,9155656,3.33,active
15668,2,3,0,0,501,9155657,9156157,5.01,rest
15669,2,3,5,5,294,9156158,9156451,2.94,active
15670,2,3,0,0,509,9156452,9156960,5.09,rest
15671,2,3,5,6,344,9156961,9157304,3.44,active
15672,2,3,0,0,529,9157305,9157833,5.29,rest
15673,2,3,5,7,316,9157834,9158149,3.16,active
15674,2,3,0,0,487,9158150,9158636,4.87,rest
15675,2,3,5,8,358,9158637,9158994,3.58,active
15676,2,3,0,0,566,9158995,9159560,5.66,rest
15677,2,3,5,9,348,9159561,9159908,3.48,active
15678,2,3,0,0,413,9159909,9160321,4.13,rest
15679,2,3,5,10,381,9160322,9160702,3.81,active
15680,2,3,0,0,2730,9160703,9163432,27.3,rest
15681,2,3,6,1,375,9163433,9163807,3.75,active
15682,2,3,0,0,433,9163808,9164240,4.33,rest
15683,2,3,6,2,249,9164241,9164489,2.49,active
15684,2,3,0,0,533,9164490,9165022,5.33,rest
15685,2,3,6,3,489,9165023,9165511,4.89,active
15686,2,3,0,0,354,9165512,9165865,3.54,rest
15687,2,3,6,4,363,9165866,9166228,3.63,active
15688,2,3,0,0,485,9166229,9166713,4.85,rest
15689,2,3,6,5,339,9166714,9167052,3.39,active
15690,2,3,0,0,491,9167053,9167543,4.91,rest
15691,2,3,6,6,349,9167544,9167892,3.49,active
15692,2,3,0,0,474,9167893,9168366,4.74,rest
15693,2,3,6,7,338,9168367,9168704,3.38,active
15694,2,3,0,0,520,9168705,9169224,5.2,rest
15695,2,3,6,8,316,9169225,9169540,3.16,active
15696,2,3,0,0,495,9169541,9170035,4.95,rest
15697,2,3,6,9,431,9170036,9170466,4.31,active
15698,2,3,0,0,391,9170467,9170857,3.91,rest
15699,2,3,6,10,391,9170858,9171248,3.91,active
15700,2,3,0,0,2087,9171249,9173335,20.87,rest
15701,2,3,7,1,304,9173336,9173639,3.04,active
15702,2,3,0,0,480,9173640,9174119,4.8,rest
15703,2,3,7,2,338,9174120,9174457,3.38,active
15704,2,3,0,0,511,9174458,9174968,5.11,rest
15705,2,3,7,3,275,9174969,9175243,2.75,active
15706,2,3,0,0,563,9175244,9175806,5.63,rest
15707,2,3,7,4,282,9175807,9176088,2.82,active
15708,2,3,0,0,543,9176089,9176631,5.43,rest
15709,2,3,7,5,362,9176632,9176993,3.62,active
15710,2,3,0,0,507,9176994,9177500,5.07,rest
15711,2,3,7,6,379,9177501,9177879,3.79,active
15712,2,3,0,0,454,9177880,9178333,4.54,rest
15713,2,3,7,7,352,9178334,9178685,3.52,active
15714,2,3,0,0,494,9178686,9179179,4.94,rest
15715,2,3,7,8,378,9179180,9179557,3.78,active
15716,2,3,0,0,422,9179558,9179979,4.22,rest
15717,2,3,7,9,349,9179980,9180328,3.49,active
15718,2,3,0,0,522,9180329,9180850,5.22,rest
15719,2,3,7,10,329,9180851,9181179,3.29,active
15720,2,3,0,0,1322,9181180,9182501,13.22,rest
15721,2,3,8,1,275,9182502,9182776,2.75,active
15722,2,3,0,0,406,9182777,9183182,4.06,rest
15723,2,3,8,2,370,9183183,9183552,3.7,active
15724,2,3,0,0,469,9183553,9184021,4.69,rest
15725,2,3,8,3,311,9184022,9184332,3.11,active
15726,2,3,0,0,518,9184333,9184850,5.18,rest
15727,2,3,8,4,304,9184851,9185154,3.04,active
15728,2,3,0,0,539,9185155,9185693,5.39,rest
15729,2,3,8,5,290,9185694,9185983,2.9,active
15730,2,3,0,0,558,9185984,9186541,5.58,rest
15731,2,3,8,6,410,9186542,9186951,4.1,active
15732,2,3,0,0,413,9186952,9187364,4.13,rest
15733,2,3,8,7,380,9187365,9187744,3.8,active
15734,2,3,0,0,487,9187745,9188231,4.87,rest
15735,2,3,8,8,400,9188232,9188631,4.0,active
15736,2,3,0,0,448,9188632,9189079,4.48,rest
15737,2,3,8,9,329,9189080,9189408,3.29,active
15738,2,3,0,0,488,9189409,9189896,4.88,rest
15739,2,3,8,10,329,9189897,9190225,3.29,active
15740,2,3,0,0,1182,9190226,9191407,11.82,rest
15741,2,3,9,1,386,9191408,9191793,3.86,active
15742,2,3,0,0,414,9191794,9192207,4.14,rest
15743,2,3,9,2,356,9192208,9192563,3.56,active
15744,2,3,0,0,462,9192564,9193025,4.62,rest
15745,2,3,9,3,281,9193026,9193306,2.81,active
15746,2,3,0,0,558,9193307,9193864,5.58,rest
15747,2,3,9,4,360,9193865,9194224,3.6,active
15748,2,3,0,0,501,9194225,9194725,5.01,rest
15749,2,3,9,5,262,9194726,9194987,2.62,active
15750,2,3,0,0,549,9194988,9195536,5.49,rest
15751,2,3,9,6,404,9195537,9195940,4.04,active
15752,2,3,0,0,445,9195941,9196385,4.45,rest
15753,2,3,9,7,391,9196386,9196776,3.91,active
15754,2,3,0,0,446,9196777,9197222,4.46,rest
15755,2,3,9,8,319,9197223,9197541,3.19,active
15756,2,3,0,0,508,9197542,9198049,5.08,rest
15757,2,3,9,9,358,9198050,9198407,3.58,active
15758,2,3,0,0,497,9198408,9198904,4.97,rest
15759,2,3,9,10,395,9198905,9199299,3.95,active
15760,2,3,0,0,1371,9199300,9200670,13.71,rest
15761,2,3,10,1,412,9200671,9201082,4.12,active
15762,2,3,0,0,431,9201083,9201513,4.31,rest
15763,2,3,10,2,309,9201514,9201822,3.09,active
15764,2,3,0,0,525,9201823,9202347,5.25,rest
15765,2,3,10,3,477,9202348,9202824,4.77,active
15766,2,3,0,0,351,9202825,9203175,3.51,rest
15767,2,3,10,4,361,9203176,9203536,3.61,active
15768,2,3,0,0,449,9203537,9203985,4.49,rest
15769,2,3,10,5,495,9203986,9204480,4.95,active
15770,2,3,0,0,441,9204481,9204921,4.41,rest
15771,2,3,10,6,394,9204922,9205315,3.94,active
15772,2,3,0,0,372,9205316,9205687,3.72,rest
15773,2,3,10,7,450,9205688,9206137,4.5,active
15774,2,3,0,0,425,9206138,9206562,4.25,rest
15775,2,3,10,8,401,9206563,9206963,4.01,active
15776,2,3,0,0,409,9206964,9207372,4.09,rest
15777,2,3,10,9,369,9207373,9207741,3.69,active
15778,2,3,0,0,449,9207742,9208190,4.49,rest
15779,2,3,10,10,417,9208191,9208607,4.17,active
15780,2,3,0,0,1935,9208608,9210542,19.35,rest
15781,2,3,11,1,398,9210543,9210940,3.98,active
15782,2,3,0,0,318,9210941,9211258,3.18,rest
15783,2,3,11,2,349,9211259,9211607,3.49,active
15784,2,3,0,0,522,9211608,9212129,5.22,rest
15785,2,3,11,3,421,9212130,9212550,4.21,active
15786,2,3,0,0,365,9212551,9212915,3.65,rest
15787,2,3,11,4,407,9212916,9213322,4.07,active
15788,2,3,0,0,497,9213323,9213819,4.97,rest
15789,2,3,11,5,352,9213820,9214171,3.52,active
15790,2,3,0,0,446,9214172,9214617,4.46,rest
15791,2,3,11,6,420,9214618,9215037,4.2,active
15792,2,3,0,0,394,9215038,9215431,3.94,rest
15793,2,3,11,7,453,9215432,9215884,4.53,active
15794,2,3,0,0,416,9215885,9216300,4.16,rest
15795,2,3,11,8,409,9216301,9216709,4.09,active
15796,2,3,0,0,426,9216710,9217135,4.26,rest
15797,2,3,11,9,442,9217136,9217577,4.42,active
15798,2,3,0,0,389,9217578,9217966,3.89,rest
15799,2,3,11,10,492,9217967,9218458,4.92,active
15800,2,3,0,0,4206,9218459,9222664,42.06,rest
15801,2,3,12,1,391,9222665,9223055,3.91,active
15802,2,3,0,0,415,9223056,9223470,4.15,rest
15803,2,3,12,2,362,9223471,9223832,3.62,active
15804,2,3,0,0,387,9223833,9224219,3.87,rest
15805,2,3,12,3,371,9224220,9224590,3.71,active
15806,2,3,0,0,510,9224591,9225100,5.1,rest
15807,2,3,12,4,339,9225101,9225439,3.39,active
15808,2,3,0,0,529,9225440,9225968,5.29,rest
15809,2,3,12,5,363,9225969,9226331,3.63,active
15810,2,3,0,0,473,9226332,9226804,4.73,rest
15811,2,3,12,6,332,9226805,9227136,3.32,active
15812,2,3,0,0,481,9227137,9227617,4.81,rest
15813,2,3,12,7,259,9227618,9227876,2.59,active
15814,2,3,0,0,586,9227877,9228462,5.86,rest
15815,2,3,12,8,361,9228463,9228823,3.61,active
15816,2,3,0,0,444,9228824,9229267,4.44,rest
15817,2,3,12,9,409,9229268,9229676,4.09,active
15818,2,3,0,0,449,9229677,9230125,4.49,rest
15819,2,3,12,10,341,9230126,9230466,3.41,active
15820,2,3,0,0,1265,9230467,9231731,12.65,rest
15821,2,3,13,1,426,9231732,9232157,4.26,active
15822,2,3,0,0,339,9232158,9232496,3.39,rest
15823,2,3,13,2,380,9232497,9232876,3.8,active
15824,2,3,0,0,468,9232877,9233344,4.68,rest
15825,2,3,13,3,369,9233345,9233713,3.69,active
15826,2,3,0,0,481,9233714,9234194,4.81,rest
15827,2,3,13,4,364,9234195,9234558,3.64,active
15828,2,3,0,0,398,9234559,9234956,3.98,rest
15829,2,3,13,5,379,9234957,9235335,3.79,active
15830,2,3,0,0,508,9235336,9235843,5.08,rest
15831,2,3,13,6,375,9235844,9236218,3.75,active
15832,2,3,0,0,471,9236219,9236689,4.71,rest
15833,2,3,13,7,314,9236690,9237003,3.14,active
15834,2,3,0,0,490,9237004,9237493,4.9,rest
15835,2,3,13,8,235,9237494,9237728,2.35,active
15836,2,3,0,0,636,9237729,9238364,6.36,rest
15837,2,3,13,9,320,9238365,9238684,3.2,active
15838,2,3,0,0,472,9238685,9239156,4.72,rest
15839,2,3,13,10,389,9239157,9239545,3.89,active
15840,2,3,0,0,1739,9239546,9241284,17.39,rest
15841,2,3,14,1,415,9241285,9241699,4.15,active
15842,2,3,0,0,355,9241700,9242054,3.55,rest
15843,2,3,14,2,391,9242055,9242445,3.91,active
15844,2,3,0,0,417,9242446,9242862,4.17,rest
15845,2,3,14,3,303,9242863,9243165,3.03,active
15846,2,3,0,0,589,9243166,9243754,5.89,rest
15847,2,3,14,4,364,9243755,9244118,3.64,active
15848,2,3,0,0,502,9244119,9244620,5.02,rest
15849,2,3,14,5,492,9244621,9245112,4.92,active
15850,2,3,0,0,253,9245113,9245365,2.53,rest
15851,2,3,14,6,369,9245366,9245734,3.69,active
15852,2,3,0,0,511,9245735,9246245,5.11,rest
15853,2,3,14,7,409,9246246,9246654,4.09,active
15854,2,3,0,0,439,9246655,9247093,4.39,rest
15855,2,3,14,8,377,9247094,9247470,3.77,active
15856,2,3,0,0,459,9247471,9247929,4.59,rest
15857,2,3,14,9,266,9247930,9248195,2.66,active
15858,2,3,0,0,561,9248196,9248756,5.61,rest
15859,2,3,14,10,335,9248757,9249091,3.35,active
15860,2,3,0,0,2172,9249092,9251263,21.72,rest
15861,2,3,15,1,262,9251264,9251525,2.62,active
15862,2,3,0,0,470,9251526,9251995,4.7,rest
15863,2,3,15,2,315,9251996,9252310,3.15,active
15864,2,3,0,0,532,9252311,9252842,5.32,rest
15865,2,3,15,3,332,9252843,9253174,3.32,active
15866,2,3,0,0,500,9253175,9253674,5.0,rest
15867,2,3,15,4,383,9253675,9254057,3.83,active
15868,2,3,0,0,548,9254058,9254605,5.48,rest
15869,2,3,15,5,356,9254606,9254961,3.56,active
15870,2,3,0,0,383,9254962,9255344,3.83,rest
15871,2,3,15,6,416,9255345,9255760,4.16,active
15872,2,3,0,0,444,9255761,9256204,4.44,rest
15873,2,3,15,7,410,9256205,9256614,4.1,active
15874,2,3,0,0,417,9256615,9257031,4.17,rest
15875,2,3,15,8,428,9257032,9257459,4.28,active
15876,2,3,0,0,423,9257460,9257882,4.23,rest
15877,2,3,15,9,313,9257883,9258195,3.13,active
15878,2,3,0,0,527,9258196,9258722,5.27,rest
15879,2,3,15,10,308,9258723,9259030,3.08,active
15880,2,3,0,0,1441,9259031,9260471,14.41,rest
15881,2,3,16,1,416,9260472,9260887,4.16,active
15882,2,3,0,0,378,9260888,9261265,3.78,rest
15883,2,3,16,2,368,9261266,9261633,3.68,active
15884,2,3,0,0,440,9261634,9262073,4.4,rest
15885,2,3,16,3,321,9262074,9262394,3.21,active
15886,2,3,0,0,557,9262395,9262951,5.57,rest
15887,2,3,16,4,322,9262952,9263273,3.22,active
15888,2,3,0,0,469,9263274,9263742,4.69,rest
15889,2,3,16,5,359,9263743,9264101,3.59,active
15890,2,3,0,0,514,9264102,9264615,5.14,rest
15891,2,3,16,6,419,9264616,9265034,4.19,active
15892,2,3,0,0,382,9265035,9265416,3.82,rest
15893,2,3,16,7,339,9265417,9265755,3.39,active
15894,2,3,0,0,545,9265756,9266300,5.45,rest
15895,2,3,16,8,382,9266301,9266682,3.82,active
15896,2,3,0,0,427,9266683,9267109,4.27,rest
15897,2,3,16,9,283,9267110,9267392,2.83,active
15898,2,3,0,0,549,9267393,9267941,5.49,rest
15899,2,3,16,10,380,9267942,9268321,3.8,active
15900,2,3,0,0,1786,9268322,9270107,17.86,rest
15901,2,3,17,1,474,9270108,9270581,4.74,active
15902,2,3,0,0,293,9270582,9270874,2.93,rest
15903,2,3,17,2,289,9270875,9271163,2.89,active
15904,2,3,0,0,571,9271164,9271734,5.71,rest
15905,2,3,17,3,412,9271735,9272146,4.12,active
15906,2,3,0,0,432,9272147,9272578,4.32,rest
15907,2,3,17,4,341,9272579,9272919,3.41,active
15908,2,3,0,0,473,9272920,9273392,4.73,rest
15909,2,3,17,5,243,9273393,9273635,2.43,active
15910,2,3,0,0,552,9273636,9274187,5.52,rest
15911,2,3,17,6,311,9274188,9274498,3.11,active
15912,2,3,0,0,560,9274499,9275058,5.6,rest
15913,2,3,17,7,318,9275059,9275376,3.18,active
15914,2,3,0,0,551,9275377,9275927,5.51,rest
15915,2,3,17,8,402,9275928,9276329,4.02,active
15916,2,3,0,0,444,9276330,9276773,4.44,rest
15917,2,3,17,9,381,9276774,9277154,3.81,active
15918,2,3,0,0,477,9277155,9277631,4.77,rest
15919,2,3,17,10,334,9277632,9277965,3.34,active
15920,2,3,0,0,1619,9277966,9279584,16.19,rest
15921,2,3,18,1,367,9279585,9279951,3.67,active
15922,2,3,0,0,304,9279952,9280255,3.04,rest
15923,2,3,18,2,452,9280256,9280707,4.52,active
15924,2,3,0,0,379,9280708,9281086,3.79,rest
15925,2,3,18,3,405,9281087,9281491,4.05,active
15926,2,3,0,0,415,9281492,9281906,4.15,rest
15927,2,3,18,4,383,9281907,9282289,3.83,active
15928,2,3,0,0,455,9282290,9282744,4.55,rest
15929,2,3,18,5,404,9282745,9283148,4.04,active
15930,2,3,0,0,414,9283149,9283562,4.14,rest
15931,2,3,18,6,453,9283563,9284015,4.53,active
15932,2,3,0,0,382,9284016,9284397,3.82,rest
15933,2,3,18,7,482,9284398,9284879,4.82,active
15934,2,3,0,0,389,9284880,9285268,3.89,rest
15935,2,3,18,8,459,9285269,9285727,4.59,active
15936,2,3,0,0,383,9285728,9286110,3.83,rest
15937,2,3,18,9,466,9286111,9286576,4.66,active
15938,2,3,0,0,366,9286577,9286942,3.66,rest
15939,2,3,18,10,438,9286943,9287380,4.38,active
15940,2,3,0,0,1437,9287381,9288817,14.37,rest
15941,2,3,19,1,395,9288818,9289212,3.95,active
15942,2,3,0,0,417,9289213,9289629,4.17,rest
15943,2,3,19,2,285,9289630,9289914,2.85,active
15944,2,3,0,0,547,9289915,9290461,5.47,rest
15945,2,3,19,3,378,9290462,9290839,3.78,active
15946,2,3,0,0,454,9290840,9291293,4.54,rest
15947,2,3,19,4,332,9291294,9291625,3.32,active
15948,2,3,0,0,542,9291626,9292167,5.42,rest
15949,2,3,19,5,376,9292168,9292543,3.76,active
15950,2,3,0,0,471,9292544,9293014,4.71,rest
15951,2,3,19,6,281,9293015,9293295,2.81,active
15952,2,3,0,0,562,9293296,9293857,5.62,rest
15953,2,3,19,7,368,9293858,9294225,3.68,active
15954,2,3,0,0,439,9294226,9294664,4.39,rest
15955,2,3,19,8,364,9294665,9295028,3.64,active
15956,2,3,0,0,464,9295029,9295492,4.64,rest
15957,2,3,19,9,476,9295493,9295968,4.76,active
15958,2,3,0,0,479,9295969,9296447,4.79,rest
15959,2,3,19,10,297,9296448,9296744,2.97,active
15960,2,3,0,0,4936,9296745,9301680,49.36,rest
15961,2,3,20,1,426,9301681,9302106,4.26,active
15962,2,3,0,0,364,9302107,9302470,3.64,rest
15963,2,3,20,2,463,9302471,9302933,4.63,active
15964,2,3,0,0,288,9302934,9303221,2.88,rest
15965,2,3,20,3,562,9303222,9303783,5.62,active
15966,2,3,0,0,400,9303784,9304183,4.0,rest
15967,2,3,20,4,440,9304184,9304623,4.4,active
15968,2,3,0,0,291,9304624,9304914,2.91,rest
15969,2,3,20,5,545,9304915,9305459,5.45,active
15970,2,3,0,0,352,9305460,9305811,3.52,rest
15971,2,3,20,6,485,9305812,9306296,4.85,active
15972,2,3,0,0,406,9306297,9306702,4.06,rest
15973,2,3,20,7,436,9306703,9307138,4.36,active
15974,2,3,0,0,323,9307139,9307461,3.23,rest
15975,2,3,20,8,527,9307462,9307988,5.27,active
15976,2,3,0,0,651,9307989,9308639,6.51,rest
15977,2,3,20,9,185,9308640,9308824,1.85,active
15978,2,3,0,0,490,9308825,9309314,4.9,rest
15979,2,3,20,10,342,9309315,9309656,3.42,active
15980,2,3,0,0,2204,9309657,9311860,22.04,rest
15981,2,3,21,1,342,9311861,9312202,3.42,active
15982,2,3,0,0,467,9312203,9312669,4.67,rest
15983,2,3,21,2,433,9312670,9313102,4.33,active
15984,2,3,0,0,415,9313103,9313517,4.15,rest
15985,2,3,21,3,327,9313518,9313844,3.27,active
15986,2,3,0,0,470,9313845,9314314,4.7,rest
15987,2,3,21,4,403,9314315,9314717,4.03,active
15988,2,3,0,0,408,9314718,9315125,4.08,rest
15989,2,3,21,5,354,9315126,9315479,3.54,active
15990,2,3,0,0,454,9315480,9315933,4.54,rest
15991,2,3,21,6,457,9315934,9316390,4.57,active
15992,2,3,0,0,373,9316391,9316763,3.73,rest
15993,2,3,21,7,412,9316764,9317175,4.12,active
15994,2,3,0,0,426,9317176,9317601,4.26,rest
15995,2,3,21,8,491,9317602,9318092,4.91,active
15996,2,3,0,0,592,9318093,9318684,5.92,rest
15997,2,3,21,9,328,9318685,9319012,3.28,active
15998,2,3,0,0,332,9319013,9319344,3.32,rest
15999,2,3,21,10,427,9319345,9319771,4.27,active
16000,2,3,0,0,3808,9319772,9323579,38.08,rest
16001,2,3,22,1,499,9323580,9324078,4.99,active
16002,2,3,0,0,368,9324079,9324446,3.68,rest
16003,2,3,22,2,393,9324447,9324839,3.93,active
16004,2,3,0,0,558,9324840,9325397,5.58,rest
16005,2,3,22,3,294,9325398,9325691,2.94,active
16006,2,3,0,0,515,9325692,9326206,5.15,rest
16007,2,3,22,4,272,9326207,9326478,2.72,active
16008,2,3,0,0,565,9326479,9327043,5.65,rest
16009,2,3,22,5,303,9327044,9327346,3.03,active
16010,2,3,0,0,614,9327347,9327960,6.14,rest
16011,2,3,22,6,218,9327961,9328178,2.18,active
16012,2,3,0,0,485,9328179,9328663,4.85,rest
16013,2,3,22,7,348,9328664,9329011,3.48,active
16014,2,3,0,0,550,9329012,9329561,5.5,rest
16015,2,3,22,8,265,9329562,9329826,2.65,active
16016,2,3,0,0,436,9329827,9330262,4.36,rest
16017,2,3,22,9,403,9330263,9330665,4.03,active
16018,2,3,0,0,539,9330666,9331204,5.39,rest
16019,2,3,22,10,291,9331205,9331495,2.91,active
16020,2,3,0,0,3063,9331496,9334558,30.63,rest
16021,2,3,23,1,473,9334559,9335031,4.73,active
16022,2,3,0,0,305,9335032,9335336,3.05,rest
16023,2,3,23,2,477,9335337,9335813,4.77,active
16024,2,3,0,0,370,9335814,9336183,3.7,rest
16025,2,3,23,3,531,9336184,9336714,5.31,active
16026,2,3,0,0,311,9336715,9337025,3.11,rest
16027,2,3,23,4,506,9337026,9337531,5.06,active
16028,2,3,0,0,316,9337532,9337847,3.16,rest
16029,2,3,23,5,486,9337848,9338333,4.86,active
16030,2,3,0,0,347,9338334,9338680,3.47,rest
16031,2,3,23,6,467,9338681,9339147,4.67,active
16032,2,3,0,0,370,9339148,9339517,3.7,rest
16033,2,3,23,7,467,9339518,9339984,4.67,active
16034,2,3,0,0,382,9339985,9340366,3.82,rest
16035,2,3,23,8,533,9340367,9340899,5.33,active
16036,2,3,0,0,320,9340900,9341219,3.2,rest
16037,2,3,23,9,528,9341220,9341747,5.28,active
16038,2,3,0,0,312,9341748,9342059,3.12,rest
16039,2,3,23,10,529,9342060,9342588,5.29,active
16040,2,3,0,0,238,9342589,9342826,2.38,rest
16041,3,2,0,0,384,9443547,9443930,3.84,rest
16042,3,2,1,1,473,9443931,9444403,4.73,active
16043,3,2,0,0,416,9444404,9444819,4.16,rest
16044,3,2,1,2,323,9444820,9445142,3.23,active
16045,3,2,0,0,525,9445143,9445667,5.25,rest
16046,3,2,1,3,287,9445668,9445954,2.87,active
16047,3,2,0,0,518,9445955,9446472,5.18,rest
16048,3,2,1,4,381,9446473,9446853,3.81,active
16049,3,2,0,0,453,9446854,9447306,4.53,rest
16050,3,2,1,5,324,9447307,9447630,3.24,active
16051,3,2,0,0,486,9447631,9448116,4.86,rest
16052,3,2,1,6,349,9448117,9448465,3.49,active
16053,3,2,0,0,512,9448466,9448977,5.12,rest
16054,3,2,1,7,301,9448978,9449278,3.01,active
16055,3,2,0,0,514,9449279,9449792,5.14,rest
16056,3,2,1,8,331,9449793,9450123,3.31,active
16057,3,2,0,0,502,9450124,9450625,5.02,rest
16058,3,2,1,9,335,9450626,9450960,3.35,active
16059,3,2,0,0,503,9450961,9451463,5.03,rest
16060,3,2,1,10,453,9451464,9451916,4.53,active
16061,3,2,0,0,436,9451917,9452352,4.36,rest
16062,3,2,2,1,368,9452353,9452720,3.68,active
16063,3,2,0,0,427,9452721,9453147,4.27,rest
16064,3,2,2,2,396,9453148,9453543,3.96,active
16065,3,2,0,0,414,9453544,9453957,4.14,rest
16066,3,2,2,3,412,9453958,9454369,4.12,active
16067,3,2,0,0,511,9454370,9454880,5.11,rest
16068,3,2,2,4,410,9454881,9455290,4.1,active
16069,3,2,0,0,369,9455291,9455659,3.69,rest
16070,3,2,2,5,342,9455660,9456001,3.42,active
16071,3,2,0,0,516,9456002,9456517,5.16,rest
16072,3,2,2,6,298,9456518,9456815,2.98,active
16073,3,2,0,0,525,9456816,9457340,5.25,rest
16074,3,2,2,7,336,9457341,9457676,3.36,active
16075,3,2,0,0,505,9457677,9458181,5.05,rest
16076,3,2,2,8,293,9458182,9458474,2.93,active
16077,3,2,0,0,567,9458475,9459041,5.67,rest
16078,3,2,2,9,295,9459042,9459336,2.95,active
16079,3,2,0,0,496,9459337,9459832,4.96,rest
16080,3,2,2,10,354,9459833,9460186,3.54,active
16081,3,2,0,0,590,9460187,9460776,5.9,rest
16082,3,2,3,1,267,9460777,9461043,2.67,active
16083,3,2,0,0,474,9461044,9461517,4.74,rest
16084,3,2,3,2,312,9461518,9461829,3.12,active
16085,3,2,0,0,521,9461830,9462350,5.21,rest
16086,3,2,3,3,319,9462351,9462669,3.19,active
16087,3,2,0,0,529,9462670,9463198,5.29,rest
16088,3,2,3,4,287,9463199,9463485,2.87,active
16089,3,2,0,0,532,9463486,9464017,5.32,rest
16090,3,2,3,5,328,9464018,9464345,3.28,active
16091,3,2,0,0,526,9464346,9464871,5.26,rest
16092,3,2,3,6,273,9464872,9465144,2.73,active
16093,3,2,0,0,553,9465145,9465697,5.53,rest
16094,3,2,3,7,337,9465698,9466034,3.37,active
16095,3,2,0,0,513,9466035,9466547,5.13,rest
16096,3,2,3,8,344,9466548,9466891,3.44,active
16097,3,2,0,0,492,9466892,9467383,4.92,rest
16098,3,2,3,9,333,9467384,9467716,3.33,active
16099,3,2,0,0,506,9467717,9468222,5.06,rest
16100,3,2,3,10,318,9468223,9468540,3.18,active
16101,3,2,0,0,524,9468541,9469064,5.24,rest
16102,3,2,4,1,349,9469065,9469413,3.49,active
16103,3,2,0,0,516,9469414,9469929,5.16,rest
16104,3,2,4,2,406,9469930,9470335,4.06,active
16105,3,2,0,0,446,9470336,9470781,4.46,rest
16106,3,2,4,3,255,9470782,9471036,2.55,active
16107,3,2,0,0,612,9471037,9471648,6.12,rest
16108,3,2,4,4,211,9471649,9471859,2.11,active
16109,3,2,0,0,579,9471860,9472438,5.79,rest
16110,3,2,4,5,244,9472439,9472682,2.44,active
16111,3,2,0,0,606,9472683,9473288,6.06,rest
16112,3,2,4,6,382,9473289,9473670,3.82,active
16113,3,2,0,0,449,9473671,9474119,4.49,rest
16114,3,2,4,7,469,9474120,9474588,4.69,active
16115,3,2,0,0,354,9474589,9474942,3.54,rest
16116,3,2,4,8,295,9474943,9475237,2.95,active
16117,3,2,0,0,552,9475238,9475789,5.52,rest
16118,3,2,4,9,369,9475790,9476158,3.69,active
16119,3,2,0,0,458,9476159,9476616,4.58,rest
16120,3,2,4,10,380,9476617,9476996,3.8,active
16121,3,2,0,0,465,9476997,9477461,4.65,rest
16122,3,2,5,1,320,9477462,9477781,3.2,active
16123,3,2,0,0,508,9477782,9478289,5.08,rest
16124,3,2,5,2,324,9478290,9478613,3.24,active
16125,3,2,0,0,530,9478614,9479143,5.3,rest
16126,3,2,5,3,276,9479144,9479419,2.76,active
16127,3,2,0,0,561,9479420,9479980,5.61,rest
16128,3,2,5,4,282,9479981,9480262,2.82,active
16129,3,2,0,0,564,9480263,9480826,5.64,rest
16130,3,2,5,5,262,9480827,9481088,2.62,active
16131,3,2,0,0,558,9481089,9481646,5.58,rest
16132,3,2,5,6,429,9481647,9482075,4.29,active
16133,3,2,0,0,416,9482076,9482491,4.16,rest
16134,3,2,5,7,261,9482492,9482752,2.61,active
16135,3,2,0,0,579,9482753,9483331,5.79,rest
16136,3,2,5,8,274,9483332,9483605,2.74,active
16137,3,2,0,0,571,9483606,9484176,5.71,rest
16138,3,2,5,9,359,9484177,9484535,3.59,active
16139,3,2,0,0,483,9484536,9485018,4.83,rest
16140,3,2,5,10,269,9485019,9485287,2.69,active
16141,3,2,0,0,594,9485288,9485881,5.94,rest
16142,3,2,6,1,300,9485882,9486181,3.0,active
16143,3,2,0,0,512,9486182,9486693,5.12,rest
16144,3,2,6,2,317,9486694,9487010,3.17,active
16145,3,2,0,0,528,9487011,9487538,5.28,rest
16146,3,2,6,3,324,9487539,9487862,3.24,active
16147,3,2,0,0,483,9487863,9488345,4.83,rest
16148,3,2,6,4,353,9488346,9488698,3.53,active
16149,3,2,0,0,485,9488699,9489183,4.85,rest
16150,3,2,6,5,377,9489184,9489560,3.77,active
16151,3,2,0,0,539,9489561,9490099,5.39,rest
16152,3,2,6,6,267,9490100,9490366,2.67,active
16153,3,2,0,0,497,9490367,9490863,4.97,rest
16154,3,2,6,7,299,9490864,9491162,2.99,active
16155,3,2,0,0,574,9491163,9491736,5.74,rest
16156,3,2,6,8,242,9491737,9491978,2.42,active
16157,3,2,0,0,558,9491979,9492536,5.58,rest
16158,3,2,6,9,343,9492537,9492879,3.43,active
16159,3,2,0,0,529,9492880,9493408,5.29,rest
16160,3,2,6,10,329,9493409,9493737,3.29,active
16161,3,2,0,0,548,9493738,9494285,5.48,rest
16162,3,2,7,1,300,9494286,9494585,3.0,active
16163,3,2,0,0,569,9494586,9495154,5.69,rest
16164,3,2,7,2,314,9495155,9495468,3.14,active
16165,3,2,0,0,491,9495469,9495959,4.91,rest
16166,3,2,7,3,209,9495960,9496168,2.09,active
16167,3,2,0,0,557,9496169,9496725,5.57,rest
16168,3,2,7,4,411,9496726,9497136,4.11,active
16169,3,2,0,0,538,9497137,9497674,5.38,rest
16170,3,2,7,5,251,9497675,9497925,2.51,active
16171,3,2,0,0,552,9497926,9498477,5.52,rest
16172,3,2,7,6,240,9498478,9498717,2.4,active
16173,3,2,0,0,590,9498718,9499307,5.9,rest
16174,3,2,7,7,237,9499308,9499544,2.37,active
16175,3,2,0,0,650,9499545,9500194,6.5,rest
16176,3,2,7,8,198,9500195,9500392,1.98,active
16177,3,2,0,0,586,9500393,9500978,5.86,rest
16178,3,2,7,9,394,9500979,9501372,3.94,active
16179,3,2,0,0,404,9501373,9501776,4.04,rest
16180,3,2,7,10,375,9501777,9502151,3.75,active
16181,3,2,0,0,564,9502152,9502715,5.64,rest
16182,3,2,8,1,185,9502716,9502900,1.85,active
16183,3,2,0,0,543,9502901,9503443,5.43,rest
16184,3,2,8,2,443,9503444,9503886,4.43,active
16185,3,2,0,0,435,9503887,9504321,4.35,rest
16186,3,2,8,3,224,9504322,9504545,2.24,active
16187,3,2,0,0,596,9504546,9505141,5.96,rest
16188,3,2,8,4,465,9505142,9505606,4.65,active
16189,3,2,0,0,371,9505607,9505977,3.71,rest
16190,3,2,8,5,330,9505978,9506307,3.3,active
16191,3,2,0,0,514,9506308,9506821,5.14,rest
16192,3,2,8,6,247,9506822,9507068,2.47,active
16193,3,2,0,0,558,9507069,9507626,5.58,rest
16194,3,2,8,7,343,9507627,9507969,3.43,active
16195,3,2,0,0,500,9507970,9508469,5.0,rest
16196,3,2,8,8,280,9508470,9508749,2.8,active
16197,3,2,0,0,564,9508750,9509313,5.64,rest
16198,3,2,8,9,432,9509314,9509745,4.32,active
16199,3,2,0,0,391,9509746,9510136,3.91,rest
16200,3,2,8,10,374,9510137,9510510,3.74,active
16201,3,2,0,0,577,9510511,9511087,5.77,rest
16202,3,2,9,1,340,9511088,9511427,3.4,active
16203,3,2,0,0,449,9511428,9511876,4.49,rest
16204,3,2,9,2,225,9511877,9512101,2.25,active
16205,3,2,0,0,586,9512102,9512687,5.86,rest
16206,3,2,9,3,257,9512688,9512944,2.57,active
16207,3,2,0,0,596,9512945,9513540,5.96,rest
16208,3,2,9,4,233,9513541,9513773,2.33,active
16209,3,2,0,0,606,9513774,9514379,6.06,rest
16210,3,2,9,5,236,9514380,9514615,2.36,active
16211,3,2,0,0,547,9514616,9515162,5.47,rest
16212,3,2,9,6,453,9515163,9515615,4.53,active
16213,3,2,0,0,454,9515616,9516069,4.54,rest
16214,3,2,9,7,265,9516070,9516334,2.65,active
16215,3,2,0,0,553,9516335,9516887,5.53,rest
16216,3,2,9,8,214,9516888,9517101,2.14,active
16217,3,2,0,0,654,9517102,9517755,6.54,rest
16218,3,2,9,9,256,9517756,9518011,2.56,active
16219,3,2,0,0,551,9518012,9518562,5.51,rest
16220,3,2,9,10,244,9518563,9518806,2.44,active
16221,3,2,0,0,584,9518807,9519390,5.84,rest
16222,3,2,10,1,272,9519391,9519662,2.72,active
16223,3,2,0,0,526,9519663,9520188,5.26,rest
16224,3,2,10,2,374,9520189,9520562,3.74,active
16225,3,2,0,0,450,9520563,9521012,4.5,rest
16226,3,2,10,3,376,9521013,9521388,3.76,active
16227,3,2,0,0,479,9521389,9521867,4.79,rest
16228,3,2,10,4,431,9521868,9522298,4.31,active
16229,3,2,0,0,402,9522299,9522700,4.02,rest
16230,3,2,10,5,378,9522701,9523078,3.78,active
16231,3,2,0,0,497,9523079,9523575,4.97,rest
16232,3,2,10,6,218,9523576,9523793,2.18,active
16233,3,2,0,0,580,9523794,9524373,5.8,rest
16234,3,2,10,7,292,9524374,9524665,2.92,active
16235,3,2,0,0,526,9524666,9525191,5.26,rest
16236,3,2,10,8,438,9525192,9525629,4.38,active
16237,3,2,0,0,387,9525630,9526016,3.87,rest
16238,3,2,10,9,434,9526017,9526450,4.34,active
16239,3,2,0,0,403,9526451,9526853,4.03,rest
16240,3,2,10,10,414,9526854,9527267,4.14,active
16241,3,2,0,0,460,9527268,9527727,4.6,rest
16242,3,2,11,1,324,9527728,9528051,3.24,active
16243,3,2,0,0,523,9528052,9528574,5.23,rest
16244,3,2,11,2,276,9528575,9528850,2.76,active
16245,3,2,0,0,534,9528851,9529384,5.34,rest
16246,3,2,11,3,285,9529385,9529669,2.85,active
16247,3,2,0,0,527,9529670,9530196,5.27,rest
16248,3,2,11,4,369,9530197,9530565,3.69,active
16249,3,2,0,0,476,9530566,9531041,4.76,rest
16250,3,2,11,5,289,9531042,9531330,2.89,active
16251,3,2,0,0,522,9531331,9531852,5.22,rest
16252,3,2,11,6,318,9531853,9532170,3.18,active
16253,3,2,0,0,559,9532171,9532729,5.59,rest
16254,3,2,11,7,296,9532730,9533025,2.96,active
16255,3,2,0,0,556,9533026,9533581,5.56,rest
16256,3,2,11,8,196,9533582,9533777,1.96,active
16257,3,2,0,0,601,9533778,9534378,6.01,rest
16258,3,2,11,9,280,9534379,9534658,2.8,active
16259,3,2,0,0,558,9534659,9535216,5.58,rest
16260,3,2,11,10,289,9535217,9535505,2.89,active
16261,3,2,0,0,532,9535506,9536037,5.32,rest
16262,3,2,12,1,332,9536038,9536369,3.32,active
16263,3,2,0,0,497,9536370,9536866,4.97,rest
16264,3,2,12,2,264,9536867,9537130,2.64,active
16265,3,2,0,0,563,9537131,9537693,5.63,rest
16266,3,2,12,3,247,9537694,9537940,2.47,active
16267,3,2,0,0,645,9537941,9538585,6.45,rest
16268,3,2,12,4,221,9538586,9538806,2.21,active
16269,3,2,0,0,564,9538807,9539370,5.64,rest
16270,3,2,12,5,293,9539371,9539663,2.93,active
16271,3,2,0,0,571,9539664,9540234,5.71,rest
16272,3,2,12,6,284,9540235,9540518,2.84,active
16273,3,2,0,0,529,9540519,9541047,5.29,rest
16274,3,2,12,7,294,9541048,9541341,2.94,active
16275,3,2,0,0,552,9541342,9541893,5.52,rest
16276,3,2,12,8,436,9541894,9542329,4.36,active
16277,3,2,0,0,411,9542330,9542740,4.11,rest
16278,3,2,12,9,351,9542741,9543091,3.51,active
16279,3,2,0,0,472,9543092,9543563,4.72,rest
16280,3,2,12,10,282,9543564,9543845,2.82,active
16281,3,2,0,0,553,9543846,9544398,5.53,rest
16282,3,2,13,1,426,9544399,9544824,4.26,active
16283,3,2,0,0,405,9544825,9545229,4.05,rest
16284,3,2,13,2,391,9545230,9545620,3.91,active
16285,3,2,0,0,460,9545621,9546080,4.6,rest
16286,3,2,13,3,495,9546081,9546575,4.95,active
16287,3,2,0,0,338,9546576,9546913,3.38,rest
16288,3,2,13,4,417,9546914,9547330,4.17,active
16289,3,2,0,0,433,9547331,9547763,4.33,rest
16290,3,2,13,5,425,9547764,9548188,4.25,active
16291,3,2,0,0,410,9548189,9548598,4.1,rest
16292,3,2,13,6,431,9548599,9549029,4.31,active
16293,3,2,0,0,406,9549030,9549435,4.06,rest
16294,3,2,13,7,358,9549436,9549793,3.58,active
16295,3,2,0,0,473,9549794,9550266,4.73,rest
16296,3,2,13,8,283,9550267,9550549,2.83,active
16297,3,2,0,0,598,9550550,9551147,5.98,rest
16298,3,2,13,9,376,9551148,9551523,3.76,active
16299,3,2,0,0,452,9551524,9551975,4.52,rest
16300,3,2,13,10,430,9551976,9552405,4.3,active
16301,3,2,0,0,404,9552406,9552809,4.04,rest
16302,3,2,14,1,227,9552810,9553036,2.27,active
16303,3,2,0,0,601,9553037,9553637,6.01,rest
16304,3,2,14,2,231,9553638,9553868,2.31,active
16305,3,2,0,0,614,9553869,9554482,6.14,rest
16306,3,2,14,3,211,9554483,9554693,2.11,active
16307,3,2,0,0,596,9554694,9555289,5.96,rest
16308,3,2,14,4,238,9555290,9555527,2.38,active
16309,3,2,0,0,603,9555528,9556130,6.03,rest
16310,3,2,14,5,264,9556131,9556394,2.64,active
16311,3,2,0,0,582,9556395,9556976,5.82,rest
16312,3,2,14,6,237,9556977,9557213,2.37,active
16313,3,2,0,0,597,9557214,9557810,5.97,rest
16314,3,2,14,7,248,9557811,9558058,2.48,active
16315,3,2,0,0,580,9558059,9558638,5.8,rest
16316,3,2,14,8,272,9558639,9558910,2.72,active
16317,3,2,0,0,576,9558911,9559486,5.76,rest
16318,3,2,14,9,284,9559487,9559770,2.84,active
16319,3,2,0,0,575,9559771,9560345,5.75,rest
16320,3,2,14,10,253,9560346,9560598,2.53,active
16321,3,2,0,0,610,9560599,9561208,6.1,rest
16322,3,2,15,1,231,9561209,9561439,2.31,active
16323,3,2,0,0,602,9561440,9562041,6.02,rest
16324,3,2,15,2,261,9562042,9562302,2.61,active
16325,3,2,0,0,601,9562303,9562903,6.01,rest
16326,3,2,15,3,188,9562904,9563091,1.88,active
16327,3,2,0,0,593,9563092,9563684,5.93,rest
16328,3,2,15,4,263,9563685,9563947,2.63,active
16329,3,2,0,0,579,9563948,9564526,5.79,rest
16330,3,2,15,5,341,9564527,9564867,3.41,active
16331,3,2,0,0,501,9564868,9565368,5.01,rest
16332,3,2,15,6,256,9565369,9565624,2.56,active
16333,3,2,0,0,575,9565625,9566199,5.75,rest
16334,3,2,15,7,282,9566200,9566481,2.82,active
16335,3,2,0,0,549,9566482,9567030,5.49,rest
16336,3,2,15,8,295,9567031,9567325,2.95,active
16337,3,2,0,0,548,9567326,9567873,5.48,rest
16338,3,2,15,9,373,9567874,9568246,3.73,active
16339,3,2,0,0,456,9568247,9568702,4.56,rest
16340,3,2,15,10,272,9568703,9568974,2.72,active
16341,3,2,0,0,655,9568975,9569629,6.55,rest
16342,3,2,16,1,318,9569630,9569947,3.18,active
16343,3,2,0,0,426,9569948,9570373,4.26,rest
16344,3,2,16,2,383,9570374,9570756,3.83,active
16345,3,2,0,0,451,9570757,9571207,4.51,rest
16346,3,2,16,3,389,9571208,9571596,3.89,active
16347,3,2,0,0,448,9571597,9572044,4.48,rest
16348,3,2,16,4,337,9572045,9572381,3.37,active
16349,3,2,0,0,495,9572382,9572876,4.95,rest
16350,3,2,16,5,291,9572877,9573167,2.91,active
16351,3,2,0,0,574,9573168,9573741,5.74,rest
16352,3,2,16,6,328,9573742,9574069,3.28,active
16353,3,2,0,0,484,9574070,9574553,4.84,rest
16354,3,2,16,7,353,9574554,9574906,3.53,active
16355,3,2,0,0,500,9574907,9575406,5.0,rest
16356,3,2,16,8,250,9575407,9575656,2.5,active
16357,3,2,0,0,565,9575657,9576221,5.65,rest
16358,3,2,16,9,392,9576222,9576613,3.92,active
16359,3,2,0,0,467,9576614,9577080,4.67,rest
16360,3,2,16,10,357,9577081,9577437,3.57,active
16361,3,2,0,0,473,9577438,9577910,4.73,rest
16362,3,2,17,1,343,9577911,9578253,3.43,active
16363,3,2,0,0,511,9578254,9578764,5.11,rest
16364,3,2,17,2,314,9578765,9579078,3.14,active
16365,3,2,0,0,490,9579079,9579568,4.9,rest
16366,3,2,17,3,323,9579569,9579891,3.23,active
16367,3,2,0,0,528,9579892,9580419,5.28,rest
16368,3,2,17,4,359,9580420,9580778,3.59,active
16369,3,2,0,0,479,9580779,9581257,4.79,rest
16370,3,2,17,5,282,9581258,9581539,2.82,active
16371,3,2,0,0,594,9581540,9582133,5.94,rest
16372,3,2,17,6,204,9582134,9582337,2.04,active
16373,3,2,0,0,625,9582338,9582962,6.25,rest
16374,3,2,17,7,245,9582963,9583207,2.45,active
16375,3,2,0,0,595,9583208,9583802,5.95,rest
16376,3,2,17,8,230,9583803,9584032,2.3,active
16377,3,2,0,0,598,9584033,9584630,5.98,rest
16378,3,2,17,9,256,9584631,9584886,2.56,active
16379,3,2,0,0,560,9584887,9585446,5.6,rest
16380,3,2,17,10,259,9585447,9585705,2.59,active
16381,3,2,0,0,523,9585706,9586228,5.23,rest
16382,3,3,0,0,339,9586229,9586567,3.39,rest
16383,3,3,1,1,467,9586568,9587034,4.67,active
16384,3,3,0,0,439,9587035,9587473,4.39,rest
16385,3,3,1,2,343,9587474,9587816,3.43,active
16386,3,3,0,0,472,9587817,9588288,4.72,rest
16387,3,3,1,3,335,9588289,9588623,3.35,active
16388,3,3,0,0,484,9588624,9589107,4.84,rest
16389,3,3,1,4,185,9589108,9589292,1.85,active
16390,3,3,0,0,640,9589293,9589932,6.4,rest
16391,3,3,1,5,397,9589933,9590329,3.97,active
16392,3,3,0,0,473,9590330,9590802,4.73,rest
16393,3,3,1,6,402,9590803,9591204,4.02,active
16394,3,3,0,0,379,9591205,9591583,3.79,rest
16395,3,3,1,7,406,9591584,9591989,4.06,active
16396,3,3,0,0,447,9591990,9592436,4.47,rest
16397,3,3,1,8,267,9592437,9592703,2.67,active
16398,3,3,0,0,574,9592704,9593277,5.74,rest
16399,3,3,1,9,407,9593278,9593684,4.07,active
16400,3,3,0,0,409,9593685,9594093,4.09,rest
16401,3,3,1,10,457,9594094,9594550,4.57,active
16402,3,3,0,0,2942,9594551,9597492,29.42,rest
16403,3,3,2,1,419,9597493,9597911,4.19,active
16404,3,3,0,0,375,9597912,9598286,3.75,rest
16405,3,3,2,2,489,9598287,9598775,4.89,active
16406,3,3,0,0,480,9598776,9599255,4.8,rest
16407,3,3,2,3,275,9599256,9599530,2.75,active
16408,3,3,0,0,495,9599531,9600025,4.95,rest
16409,3,3,2,4,282,9600026,9600307,2.82,active
16410,3,3,0,0,487,9600308,9600794,4.87,rest
16411,3,3,2,5,428,9600795,9601222,4.28,active
16412,3,3,0,0,544,9601223,9601766,5.44,rest
16413,3,3,2,6,259,9601767,9602025,2.59,active
16414,3,3,0,0,613,9602026,9602638,6.13,rest
16415,3,3,2,7,386,9602639,9603024,3.86,active
16416,3,3,0,0,552,9603025,9603576,5.52,rest
16417,3,3,2,8,292,9603577,9603868,2.92,active
16418,3,3,0,0,359,9603869,9604227,3.59,rest
16419,3,3,2,9,415,9604228,9604642,4.15,active
16420,3,3,0,0,318,9604643,9604960,3.18,rest
16421,3,3,2,10,543,9604961,9605503,5.43,active
16422,3,3,0,0,1752,9605504,9607255,17.52,rest
16423,3,3,3,1,394,9607256,9607649,3.94,active
16424,3,3,0,0,382,9607650,9608031,3.82,rest
16425,3,3,3,2,303,9608032,9608334,3.03,active
16426,3,3,0,0,516,9608335,9608850,5.16,rest
16427,3,3,3,3,411,9608851,9609261,4.11,active
16428,3,3,0,0,408,9609262,9609669,4.08,rest
16429,3,3,3,4,389,9609670,9610058,3.89,active
16430,3,3,0,0,472,9610059,9610530,4.72,rest
16431,3,3,3,5,418,9610531,9610948,4.18,active
16432,3,3,0,0,365,9610949,9611313,3.65,rest
16433,3,3,3,6,470,9611314,9611783,4.7,active
16434,3,3,0,0,372,9611784,9612155,3.72,rest
16435,3,3,3,7,438,9612156,9612593,4.38,active
16436,3,3,0,0,402,9612594,9612995,4.02,rest
16437,3,3,3,8,446,9612996,9613441,4.46,active
16438,3,3,0,0,378,9613442,9613819,3.78,rest
16439,3,3,3,9,430,9613820,9614249,4.3,active
16440,3,3,0,0,454,9614250,9614703,4.54,rest
16441,3,3,3,10,460,9614704,9615163,4.6,active
16442,3,3,0,0,2862,9615164,9618025,28.62,rest
16443,3,3,4,1,342,9618026,9618367,3.42,active
16444,3,3,0,0,447,9618368,9618814,4.47,rest
16445,3,3,4,2,339,9618815,9619153,3.39,active
16446,3,3,0,0,469,9619154,9619622,4.69,rest
16447,3,3,4,3,298,9619623,9619920,2.98,active
16448,3,3,0,0,528,9619921,9620448,5.28,rest
16449,3,3,4,4,412,9620449,9620860,4.12,active
16450,3,3,0,0,448,9620861,9621308,4.48,rest
16451,3,3,4,5,366,9621309,9621674,3.66,active
16452,3,3,0,0,451,9621675,9622125,4.51,rest
16453,3,3,4,6,408,9622126,9622533,4.08,active
16454,3,3,0,0,428,9622534,9622961,4.28,rest
16455,3,3,4,7,411,9622962,9623372,4.11,active
16456,3,3,0,0,443,9623373,9623815,4.43,rest
16457,3,3,4,8,401,9623816,9624216,4.01,active
16458,3,3,0,0,431,9624217,9624647,4.31,rest
16459,3,3,4,9,428,9624648,9625075,4.28,active
16460,3,3,0,0,432,9625076,9625507,4.32,rest
16461,3,3,4,10,393,9625508,9625900,3.93,active
16462,3,3,0,0,1722,9625901,9627622,17.22,rest
16463,3,3,5,1,360,9627623,9627982,3.6,active
16464,3,3,0,0,453,9627983,9628435,4.53,rest
16465,3,3,5,2,452,9628436,9628887,4.52,active
16466,3,3,0,0,400,9628888,9629287,4.0,rest
16467,3,3,5,3,467,9629288,9629754,4.67,active
16468,3,3,0,0,322,9629755,9630076,3.22,rest
16469,3,3,5,4,423,9630077,9630499,4.23,active
16470,3,3,0,0,401,9630500,9630900,4.01,rest
16471,3,3,5,5,196,9630901,9631096,1.96,active
16472,3,3,0,0,742,9631097,9631838,7.42,rest
16473,3,3,5,6,485,9631839,9632323,4.85,active
16474,3,3,0,0,342,9632324,9632665,3.42,rest
16475,3,3,5,7,399,9632666,9633064,3.99,active
16476,3,3,0,0,359,9633065,9633423,3.59,rest
16477,3,3,5,8,484,9633424,9633907,4.84,active
16478,3,3,0,0,372,9633908,9634279,3.72,rest
16479,3,3,5,9,389,9634280,9634668,3.89,active
16480,3,3,0,0,492,9634669,9635160,4.92,rest
16481,3,3,5,10,309,9635161,9635469,3.09,active
16482,3,3,0,0,1276,9635470,9636745,12.76,rest
16483,3,3,6,1,421,9636746,9637166,4.21,active
16484,3,3,0,0,454,9637167,9637620,4.54,rest
16485,3,3,6,2,316,9637621,9637936,3.16,active
16486,3,3,0,0,603,9637937,9638539,6.03,rest
16487,3,3,6,3,248,9638540,9638787,2.48,active
16488,3,3,0,0,540,9638788,9639327,5.4,rest
16489,3,3,6,4,306,9639328,9639633,3.06,active
16490,3,3,0,0,516,9639634,9640149,5.16,rest
16491,3,3,6,5,424,9640150,9640573,4.24,active
16492,3,3,0,0,358,9640574,9640931,3.58,rest
16493,3,3,6,6,410,9640932,9641341,4.1,active
16494,3,3,0,0,474,9641342,9641815,4.74,rest
16495,3,3,6,7,259,9641816,9642074,2.59,active
16496,3,3,0,0,552,9642075,9642626,5.52,rest
16497,3,3,6,8,294,9642627,9642920,2.94,active
16498,3,3,0,0,544,9642921,9643464,5.44,rest
16499,3,3,6,9,341,9643465,9643805,3.41,active
16500,3,3,0,0,439,9643806,9644244,4.39,rest
16501,3,3,6,10,546,9644245,9644790,5.46,active
16502,3,3,0,0,1348,9644791,9646138,13.48,rest
16503,3,3,7,1,382,9646139,9646520,3.82,active
16504,3,3,0,0,448,9646521,9646968,4.48,rest
16505,3,3,7,2,448,9646969,9647416,4.48,active
16506,3,3,0,0,379,9647417,9647795,3.79,rest
16507,3,3,7,3,505,9647796,9648300,5.05,active
16508,3,3,0,0,358,9648301,9648658,3.58,rest
16509,3,3,7,4,391,9648659,9649049,3.91,active
16510,3,3,0,0,424,9649050,9649473,4.24,rest
16511,3,3,7,5,485,9649474,9649958,4.85,active
16512,3,3,0,0,347,9649959,9650305,3.47,rest
16513,3,3,7,6,454,9650306,9650759,4.54,active
16514,3,3,0,0,479,9650760,9651238,4.79,rest
16515,3,3,7,7,185,9651239,9651423,1.85,active
16516,3,3,0,0,581,9651424,9652004,5.81,rest
16517,3,3,7,8,482,9652005,9652486,4.82,active
16518,3,3,0,0,331,9652487,9652817,3.31,rest
16519,3,3,7,9,427,9652818,9653244,4.27,active
16520,3,3,0,0,411,9653245,9653655,4.11,rest
16521,3,3,7,10,434,9653656,9654089,4.34,active
16522,3,3,0,0,1186,9654090,9655275,11.86,rest
16523,3,3,8,1,372,9655276,9655647,3.72,active
16524,3,3,0,0,392,9655648,9656039,3.92,rest
16525,3,3,8,2,490,9656040,9656529,4.9,active
16526,3,3,0,0,370,9656530,9656899,3.7,rest
16527,3,3,8,3,478,9656900,9657377,4.78,active
16528,3,3,0,0,363,9657378,9657740,3.63,rest
16529,3,3,8,4,460,9657741,9658200,4.6,active
16530,3,3,0,0,386,9658201,9658586,3.86,rest
16531,3,3,8,5,513,9658587,9659099,5.13,active
16532,3,3,0,0,411,9659100,9659510,4.11,rest
16533,3,3,8,6,278,9659511,9659788,2.78,active
16534,3,3,0,0,488,9659789,9660276,4.88,rest
16535,3,3,8,7,481,9660277,9660757,4.81,active
16536,3,3,0,0,339,9660758,9661096,3.39,rest
16537,3,3,8,8,421,9661097,9661517,4.21,active
16538,3,3,0,0,430,9661518,9661947,4.3,rest
16539,3,3,8,9,565,9661948,9662512,5.65,active
16540,3,3,0,0,440,9662513,9662952,4.4,rest
16541,3,3,8,10,190,9662953,9663142,1.9,active
16542,3,3,0,0,1117,9663143,9664259,11.17,rest
16543,3,3,9,1,371,9664260,9664630,3.71,active
16544,3,3,0,0,446,9664631,9665076,4.46,rest
16545,3,3,9,2,364,9665077,9665440,3.64,active
16546,3,3,0,0,465,9665441,9665905,4.65,rest
16547,3,3,9,3,371,9665906,9666276,3.71,active
16548,3,3,0,0,491,9666277,9666767,4.91,rest
16549,3,3,9,4,423,9666768,9667190,4.23,active
16550,3,3,0,0,396,9667191,9667586,3.96,rest
16551,3,3,9,5,335,9667587,9667921,3.35,active
16552,3,3,0,0,496,9667922,9668417,4.96,rest
16553,3,3,9,6,320,9668418,9668737,3.2,active
16554,3,3,0,0,516,9668738,9669253,5.16,rest
16555,3,3,9,7,372,9669254,9669625,3.72,active
16556,3,3,0,0,444,9669626,9670069,4.44,rest
16557,3,3,9,8,466,9670070,9670535,4.66,active
16558,3,3,0,0,406,9670536,9670941,4.06,rest
16559,3,3,9,9,426,9670942,9671367,4.26,active
16560,3,3,0,0,399,9671368,9671766,3.99,rest
16561,3,3,9,10,426,9671767,9672192,4.26,active
16562,3,3,0,0,1618,9672193,9673810,16.18,rest
16563,3,3,10,1,481,9673811,9674291,4.81,active
16564,3,3,0,0,374,9674292,9674665,3.74,rest
16565,3,3,10,2,367,9674666,9675032,3.67,active
16566,3,3,0,0,438,9675033,9675470,4.38,rest
16567,3,3,10,3,486,9675471,9675956,4.86,active
16568,3,3,0,0,448,9675957,9676404,4.48,rest
16569,3,3,10,4,196,9676405,9676600,1.96,active
16570,3,3,0,0,550,9676601,9677150,5.5,rest
16571,3,3,10,5,383,9677151,9677533,3.83,active
16572,3,3,0,0,532,9677534,9678065,5.32,rest
16573,3,3,10,6,341,9678066,9678406,3.41,active
16574,3,3,0,0,429,9678407,9678835,4.29,rest
16575,3,3,10,7,559,9678836,9679394,5.59,active
16576,3,3,0,0,241,9679395,9679635,2.41,rest
16577,3,3,10,8,524,9679636,9680159,5.24,active
16578,3,3,0,0,312,9680160,9680471,3.12,rest
16579,3,3,10,9,454,9680472,9680925,4.54,active
16580,3,3,0,0,427,9680926,9681352,4.27,rest
16581,3,3,10,10,467,9681353,9681819,4.67,active
16582,3,3,0,0,1107,9681820,9682926,11.07,rest
16583,3,3,11,1,321,9682927,9683247,3.21,active
16584,3,3,0,0,426,9683248,9683673,4.26,rest
16585,3,3,11,2,436,9683674,9684109,4.36,active
16586,3,3,0,0,399,9684110,9684508,3.99,rest
16587,3,3,11,3,480,9684509,9684988,4.8,active
16588,3,3,0,0,397,9684989,9685385,3.97,rest
16589,3,3,11,4,479,9685386,9685864,4.79,active
16590,3,3,0,0,304,9685865,9686168,3.04,rest
16591,3,3,11,5,494,9686169,9686662,4.94,active
16592,3,3,0,0,368,9686663,9687030,3.68,rest
16593,3,3,11,6,466,9687031,9687496,4.66,active
16594,3,3,0,0,390,9687497,9687886,3.9,rest
16595,3,3,11,7,435,9687887,9688321,4.35,active
16596,3,3,0,0,403,9688322,9688724,4.03,rest
16597,3,3,11,8,440,9688725,9689164,4.4,active
16598,3,3,0,0,388,9689165,9689552,3.88,rest
16599,3,3,11,9,368,9689553,9689920,3.68,active
16600,3,3,0,0,469,9689921,9690389,4.69,rest
16601,3,3,11,10,418,9690390,9690807,4.18,active
16602,3,3,0,0,747,9690808,9691554,7.47,rest
16603,3,3,12,1,466,9691555,9692020,4.66,active
16604,3,3,0,0,411,9692021,9692431,4.11,rest
16605,3,3,12,2,352,9692432,9692783,3.52,active
16606,3,3,0,0,425,9692784,9693208,4.25,rest
16607,3,3,12,3,415,9693209,9693623,4.15,active
16608,3,3,0,0,423,9693624,9694046,4.23,rest
16609,3,3,12,4,427,9694047,9694473,4.27,active
16610,3,3,0,0,421,9694474,9694894,4.21,rest
16611,3,3,12,5,449,9694895,9695343,4.49,active
16612,3,3,0,0,412,9695344,9695755,4.12,rest
16613,3,3,12,6,374,9695756,9696129,3.74,active
16614,3,3,0,0,445,9696130,9696574,4.45,rest
16615,3,3,12,7,466,9696575,9697040,4.66,active
16616,3,3,0,0,363,9697041,9697403,3.63,rest
16617,3,3,12,8,395,9697404,9697798,3.95,active
16618,3,3,0,0,438,9697799,9698236,4.38,rest
16619,3,3,12,9,464,9698237,9698700,4.64,active
16620,3,3,0,0,372,9698701,9699072,3.72,rest
16621,3,3,12,10,432,9699073,9699504,4.32,active
16622,3,3,0,0,830,9699505,9700334,8.3,rest
16623,3,3,13,1,378,9700335,9700712,3.78,active
16624,3,3,0,0,382,9700713,9701094,3.82,rest
16625,3,3,13,2,452,9701095,9701546,4.52,active
16626,3,3,0,0,466,9701547,9702012,4.66,rest
16627,3,3,13,3,398,9702013,9702410,3.98,active
16628,3,3,0,0,386,9702411,9702796,3.86,rest
16629,3,3,13,4,435,9702797,9703231,4.35,active
16630,3,3,0,0,384,9703232,9703615,3.84,rest
16631,3,3,13,5,413,9703616,9704028,4.13,active
16632,3,3,0,0,399,9704029,9704427,3.99,rest
16633,3,3,13,6,379,9704428,9704806,3.79,active
16634,3,3,0,0,456,9704807,9705262,4.56,rest
16635,3,3,13,7,416,9705263,9705678,4.16,active
16636,3,3,0,0,420,9705679,9706098,4.2,rest
16637,3,3,13,8,448,9706099,9706546,4.48,active
16638,3,3,0,0,433,9706547,9706979,4.33,rest
16639,3,3,13,9,355,9706980,9707334,3.55,active
16640,3,3,0,0,440,9707335,9707774,4.4,rest
16641,3,3,13,10,363,9707775,9708137,3.63,active
16642,3,3,0,0,2211,9708138,9710348,22.11,rest
16643,3,3,14,1,424,9710349,9710772,4.24,active
16644,3,3,0,0,384,9710773,9711156,3.84,rest
16645,3,3,14,2,448,9711157,9711604,4.48,active
16646,3,3,0,0,402,9711605,9712006,4.02,rest
16647,3,3,14,3,442,9712007,9712448,4.42,active
16648,3,3,0,0,403,9712449,9712851,4.03,rest
16649,3,3,14,4,351,9712852,9713202,3.51,active
16650,3,3,0,0,464,9713203,9713666,4.64,rest
16651,3,3,14,5,516,9713667,9714182,5.16,active
16652,3,3,0,0,362,9714183,9714544,3.62,rest
16653,3,3,14,6,509,9714545,9715053,5.09,active
16654,3,3,0,0,280,9715054,9715333,2.8,rest
16655,3,3,14,7,485,9715334,9715818,4.85,active
16656,3,3,0,0,453,9715819,9716271,4.53,rest
16657,3,3,14,8,211,9716272,9716482,2.11,active
16658,3,3,0,0,583,9716483,9717065,5.83,rest
16659,3,3,14,9,368,9717066,9717433,3.68,active
16660,3,3,0,0,443,9717434,9717876,4.43,rest
16661,3,3,14,10,399,9717877,9718275,3.99,active
16662,3,3,0,0,1286,9718276,9719561,12.86,rest
16663,3,3,15,1,458,9719562,9720019,4.58,active
16664,3,3,0,0,391,9720020,9720410,3.91,rest
16665,3,3,15,2,486,9720411,9720896,4.86,active
16666,3,3,0,0,361,9720897,9721257,3.61,rest
16667,3,3,15,3,347,9721258,9721604,3.47,active
16668,3,3,0,0,439,9721605,9722043,4.39,rest
16669,3,3,15,4,524,9722044,9722567,5.24,active
16670,3,3,0,0,320,9722568,9722887,3.2,rest
16671,3,3,15,5,488,9722888,9723375,4.88,active
16672,3,3,0,0,329,9723376,9723704,3.29,rest
16673,3,3,15,6,393,9723705,9724097,3.93,active
16674,3,3,0,0,443,9724098,9724540,4.43,rest
16675,3,3,15,7,454,9724541,9724994,4.54,active
16676,3,3,0,0,406,9724995,9725400,4.06,rest
16677,3,3,15,8,455,9725401,9725855,4.55,active
16678,3,3,0,0,355,9725856,9726210,3.55,rest
16679,3,3,15,9,494,9726211,9726704,4.94,active
16680,3,3,0,0,344,9726705,9727048,3.44,rest
16681,3,3,15,10,536,9727049,9727584,5.36,active
16682,3,3,0,0,1174,9727585,9728758,11.74,rest
16683,3,3,16,1,461,9728759,9729219,4.61,active
16684,3,3,0,0,433,9729220,9729652,4.33,rest
16685,3,3,16,2,445,9729653,9730097,4.45,active
16686,3,3,0,0,302,9730098,9730399,3.02,rest
16687,3,3,16,3,478,9730400,9730877,4.78,active
16688,3,3,0,0,399,9730878,9731276,3.99,rest
16689,3,3,16,4,435,9731277,9731711,4.35,active
16690,3,3,0,0,368,9731712,9732079,3.68,rest
16691,3,3,16,5,451,9732080,9732530,4.51,active
16692,3,3,0,0,438,9732531,9732968,4.38,rest
16693,3,3,16,6,404,9732969,9733372,4.04,active
16694,3,3,0,0,405,9733373,9733777,4.05,rest
16695,3,3,16,7,428,9733778,9734205,4.28,active
16696,3,3,0,0,407,9734206,9734612,4.07,rest
16697,3,3,16,8,428,9734613,9735040,4.28,active
16698,3,3,0,0,389,9735041,9735429,3.89,rest
16699,3,3,16,9,396,9735430,9735825,3.96,active
16700,3,3,0,0,460,9735826,9736285,4.6,rest
16701,3,3,16,10,452,9736286,9736737,4.52,active
16702,3,3,0,0,1216,9736738,9737953,12.16,rest
16703,3,3,17,1,415,9737954,9738368,4.15,active
16704,3,3,0,0,464,9738369,9738832,4.64,rest
16705,3,3,17,2,401,9738833,9739233,4.01,active
16706,3,3,0,0,433,9739234,9739666,4.33,rest
16707,3,3,17,3,414,9739667,9740080,4.14,active
16708,3,3,0,0,398,9740081,9740478,3.98,rest
16709,3,3,17,4,404,9740479,9740882,4.04,active
16710,3,3,0,0,465,9740883,9741347,4.65,rest
16711,3,3,17,5,361,9741348,9741708,3.61,active
16712,3,3,0,0,445,9741709,9742153,4.45,rest
16713,3,3,17,6,422,9742154,9742575,4.22,active
16714,3,3,0,0,415,9742576,9742990,4.15,rest
16715,3,3,17,7,457,9742991,9743447,4.57,active
16716,3,3,0,0,430,9743448,9743877,4.3,rest
16717,3,3,17,8,405,9743878,9744282,4.05,active
16718,3,3,0,0,409,9744283,9744691,4.09,rest
16719,3,3,17,9,389,9744692,9745080,3.89,active
16720,3,3,0,0,436,9745081,9745516,4.36,rest
16721,3,3,17,10,330,9745517,9745846,3.3,active
16722,3,3,0,0,2270,9745847,9748116,22.7,rest
16723,3,3,18,1,473,9748117,9748589,4.73,active
16724,3,3,0,0,269,9748590,9748858,2.69,rest
16725,3,3,18,2,555,9748859,9749413,5.55,active
16726,3,3,0,0,281,9749414,9749694,2.81,rest
16727,3,3,18,3,485,9749695,9750179,4.85,active
16728,3,3,0,0,398,9750180,9750577,3.98,rest
16729,3,3,18,4,361,9750578,9750938,3.61,active
16730,3,3,0,0,470,9750939,9751408,4.7,rest
16731,3,3,18,5,511,9751409,9751919,5.11,active
16732,3,3,0,0,308,9751920,9752227,3.08,rest
16733,3,3,18,6,534,9752228,9752761,5.34,active
16734,3,3,0,0,293,9752762,9753054,2.93,rest
16735,3,3,18,7,515,9753055,9753569,5.15,active
16736,3,3,0,0,311,9753570,9753880,3.11,rest
16737,3,3,18,8,467,9753881,9754347,4.67,active
16738,3,3,0,0,381,9754348,9754728,3.81,rest
16739,3,3,18,9,469,9754729,9755197,4.69,active
16740,3,3,0,0,350,9755198,9755547,3.5,rest
16741,3,3,18,10,477,9755548,9756024,4.77,active
16742,3,3,0,0,1824,9756025,9757848,18.24,rest
16743,3,3,19,1,373,9757849,9758221,3.73,active
16744,3,3,0,0,466,9758222,9758687,4.66,rest
16745,3,3,19,2,392,9758688,9759079,3.92,active
16746,3,3,0,0,423,9759080,9759502,4.23,rest
16747,3,3,19,3,430,9759503,9759932,4.3,active
16748,3,3,0,0,416,9759933,9760348,4.16,rest
16749,3,3,19,4,391,9760349,9760739,3.91,active
16750,3,3,0,0,462,9760740,9761201,4.62,rest
16751,3,3,19,5,357,9761202,9761558,3.57,active
16752,3,3,0,0,465,9761559,9762023,4.65,rest
16753,3,3,19,6,386,9762024,9762409,3.86,active
16754,3,3,0,0,475,9762410,9762884,4.75,rest
16755,3,3,19,7,403,9762885,9763287,4.03,active
16756,3,3,0,0,421,9763288,9763708,4.21,rest
16757,3,3,19,8,420,9763709,9764128,4.2,active
16758,3,3,0,0,432,9764129,9764560,4.32,rest
16759,3,3,19,9,405,9764561,9764965,4.05,active
16760,3,3,0,0,408,9764966,9765373,4.08,rest
16761,3,3,19,10,393,9765374,9765766,3.93,active
16762,3,3,0,0,1471,9765767,9767237,14.71,rest
16763,3,3,20,1,434,9767238,9767671,4.34,active
16764,3,3,0,0,363,9767672,9768034,3.63,rest
16765,3,3,20,2,447,9768035,9768481,4.47,active
16766,3,3,0,0,356,9768482,9768837,3.56,rest
16767,3,3,20,3,479,9768838,9769316,4.79,active
16768,3,3,0,0,365,9769317,9769681,3.65,rest
16769,3,3,20,4,419,9769682,9770100,4.19,active
16770,3,3,0,0,397,9770101,9770497,3.97,rest
16771,3,3,20,5,455,9770498,9770952,4.55,active
16772,3,3,0,0,402,9770953,9771354,4.02,rest
16773,3,3,20,6,397,9771355,9771751,3.97,active
16774,3,3,0,0,407,9771752,9772158,4.07,rest
16775,3,3,20,7,451,9772159,9772609,4.51,active
16776,3,3,0,0,396,9772610,9773005,3.96,rest
16777,3,3,20,8,500,9773006,9773505,5.0,active
16778,3,3,0,0,323,9773506,9773828,3.23,rest
16779,3,3,20,9,456,9773829,9774284,4.56,active
16780,3,3,0,0,391,9774285,9774675,3.91,rest
16781,3,3,20,10,481,9774676,9775156,4.81,active
16782,3,3,0,0,3633,9775157,9778789,36.33,rest
16783,3,3,21,1,331,9778790,9779120,3.31,active
16784,3,3,0,0,478,9779121,9779598,4.78,rest
16785,3,3,21,2,357,9779599,9779955,3.57,active
16786,3,3,0,0,434,9779956,9780389,4.34,rest
16787,3,3,21,3,460,9780390,9780849,4.6,active
16788,3,3,0,0,391,9780850,9781240,3.91,rest
16789,3,3,21,4,357,9781241,9781597,3.57,active
16790,3,3,0,0,566,9781598,9782163,5.66,rest
16791,3,3,21,5,288,9782164,9782451,2.88,active
16792,3,3,0,0,464,9782452,9782915,4.64,rest
16793,3,3,21,6,326,9782916,9783241,3.26,active
16794,3,3,0,0,541,9783242,9783782,5.41,rest
16795,3,3,21,7,286,9783783,9784068,2.86,active
16796,3,3,0,0,512,9784069,9784580,5.12,rest
16797,3,3,21,8,407,9784581,9784987,4.07,active
16798,3,3,0,0,467,9784988,9785454,4.67,rest
16799,3,3,21,9,341,9785455,9785795,3.41,active
16800,3,3,0,0,448,9785796,9786243,4.48,rest
16801,3,3,21,10,388,9786244,9786631,3.88,active
16802,3,3,0,0,4451,9786632,9791082,44.51,rest
16803,3,3,22,1,419,9791083,9791501,4.19,active
16804,3,3,0,0,381,9791502,9791882,3.81,rest
16805,3,3,22,2,497,9791883,9792379,4.97,active
16806,3,3,0,0,313,9792380,9792692,3.13,rest
16807,3,3,22,3,434,9792693,9793126,4.34,active
16808,3,3,0,0,534,9793127,9793660,5.34,rest
16809,3,3,22,4,289,9793661,9793949,2.89,active
16810,3,3,0,0,464,9793950,9794413,4.64,rest
16811,3,3,22,5,376,9794414,9794789,3.76,active
16812,3,3,0,0,390,9794790,9795179,3.9,rest
16813,3,3,22,6,455,9795180,9795634,4.55,active
16814,3,3,0,0,361,9795635,9795995,3.61,rest
16815,3,3,22,7,486,9795996,9796481,4.86,active
16816,3,3,0,0,345,9796482,9796826,3.45,rest
16817,3,3,22,8,363,9796827,9797189,3.63,active
16818,3,3,0,0,491,9797190,9797680,4.91,rest
16819,3,3,22,9,476,9797681,9798156,4.76,active
16820,3,3,0,0,349,9798157,9798505,3.49,rest
16821,3,3,22,10,408,9798506,9798913,4.08,active
16822,3,3,0,0,3435,9798914,9802348,34.35,rest
16823,3,3,23,1,525,9802349,9802873,5.25,active
16824,3,3,0,0,333,9802874,9803206,3.33,rest
16825,3,3,23,2,310,9803207,9803516,3.1,active
16826,3,3,0,0,502,9803517,9804018,5.02,rest
16827,3,3,23,3,400,9804019,9804418,4.0,active
16828,3,3,0,0,451,9804419,9804869,4.51,rest
16829,3,3,23,4,421,9804870,9805290,4.21,active
16830,3,3,0,0,377,9805291,9805667,3.77,rest
16831,3,3,23,5,448,9805668,9806115,4.48,active
16832,3,3,0,0,405,9806116,9806520,4.05,rest
16833,3,3,23,6,440,9806521,9806960,4.4,active
16834,3,3,0,0,352,9806961,9807312,3.52,rest
16835,3,3,23,7,418,9807313,9807730,4.18,active
16836,3,3,0,0,412,9807731,9808142,4.12,rest
16837,3,3,23,8,482,9808143,9808624,4.82,active
16838,3,3,0,0,364,9808625,9808988,3.64,rest
16839,3,3,23,9,457,9808989,9809445,4.57,active
16840,3,3,0,0,370,9809446,9809815,3.7,rest
16841,3,3,23,10,461,9809816,9810276,4.61,active
16842,3,3,0,0,327,9810277,9810603,3.27,rest
16843,4,2,0,0,399,9911439,9911837,3.99,rest
16844,4,2,1,1,530,9911838,9912367,5.3,active
16845,4,2,0,0,293,9912368,9912660,2.93,rest
16846,4,2,1,2,373,9912661,9913033,3.73,active
16847,4,2,0,0,458,9913034,9913491,4.58,rest
16848,4,2,1,3,439,9913492,9913930,4.39,active
16849,4,2,0,0,400,9913931,9914330,4.0,rest
16850,4,2,1,4,377,9914331,9914707,3.77,active
16851,4,2,0,0,442,9914708,9915149,4.42,rest
16852,4,2,1,5,397,9915150,9915546,3.97,active
16853,4,2,0,0,436,9915547,9915982,4.36,rest
16854,4,2,1,6,362,9915983,9916344,3.62,active
16855,4,2,0,0,493,9916345,9916837,4.93,rest
16856,4,2,1,7,386,9916838,9917223,3.86,active
16857,4,2,0,0,447,9917224,9917670,4.47,rest
16858,4,2,1,8,297,9917671,9917967,2.97,active
16859,4,2,0,0,557,9917968,9918524,5.57,rest
16860,4,2,1,9,373,9918525,9918897,3.73,active
16861,4,2,0,0,464,9918898,9919361,4.64,rest
16862,4,2,1,10,319,9919362,9919680,3.19,active
16863,4,2,0,0,567,9919681,9920247,5.67,rest
16864,4,2,2,1,367,9920248,9920614,3.67,active
16865,4,2,0,0,389,9920615,9921003,3.89,rest
16866,4,2,2,2,336,9921004,9921339,3.36,active
16867,4,2,0,0,564,9921340,9921903,5.64,rest
16868,4,2,2,3,405,9921904,9922308,4.05,active
16869,4,2,0,0,522,9922309,9922830,5.22,rest
16870,4,2,2,4,202,9922831,9923032,2.02,active
16871,4,2,0,0,574,9923033,9923606,5.74,rest
16872,4,2,2,5,309,9923607,9923915,3.09,active
16873,4,2,0,0,603,9923916,9924518,6.03,rest
16874,4,2,2,6,187,9924519,9924705,1.87,active
16875,4,2,0,0,573,9924706,9925278,5.73,rest
16876,4,2,2,7,263,9925279,9925541,2.63,active
16877,4,2,0,0,575,9925542,9926116,5.75,rest
16878,4,2,2,8,253,9926117,9926369,2.53,active
16879,4,2,0,0,566,9926370,9926935,5.66,rest
16880,4,2,2,9,355,9926936,9927290,3.55,active
16881,4,2,0,0,418,9927291,9927708,4.18,rest
16882,4,2,2,10,355,9927709,9928063,3.55,active
16883,4,2,0,0,599,9928064,9928662,5.99,rest
16884,4,2,3,1,305,9928663,9928967,3.05,active
16885,4,2,0,0,475,9928968,9929442,4.75,rest
16886,4,2,3,2,409,9929443,9929851,4.09,active
16887,4,2,0,0,425,9929852,9930276,4.25,rest
16888,4,2,3,3,345,9930277,9930621,3.45,active
16889,4,2,0,0,457,9930622,9931078,4.57,rest
16890,4,2,3,4,329,9931079,9931407,3.29,active
16891,4,2,0,0,585,9931408,9931992,5.85,rest
16892,4,2,3,5,328,9931993,9932320,3.28,active
16893,4,2,0,0,491,9932321,9932811,4.91,rest
16894,4,2,3,6,288,9932812,9933099,2.88,active
16895,4,2,0,0,499,9933100,9933598,4.99,rest
16896,4,2,3,7,324,9933599,9933922,3.24,active
16897,4,2,0,0,549,9933923,9934471,5.49,rest
16898,4,2,3,8,337,9934472,9934808,3.37,active
16899,4,2,0,0,520,9934809,9935328,5.2,rest
16900,4,2,3,9,275,9935329,9935603,2.75,active
16901,4,2,0,0,570,9935604,9936173,5.7,rest
16902,4,2,3,10,294,9936174,9936467,2.94,active
16903,4,2,0,0,586,9936468,9937053,5.86,rest
16904,4,2,4,1,380,9937054,9937433,3.8,active
16905,4,2,0,0,421,9937434,9937854,4.21,rest
16906,4,2,4,2,423,9937855,9938277,4.23,active
16907,4,2,0,0,441,9938278,9938718,4.41,rest
16908,4,2,4,3,276,9938719,9938994,2.76,active
16909,4,2,0,0,460,9938995,9939454,4.6,rest
16910,4,2,4,4,369,9939455,9939823,3.69,active
16911,4,2,0,0,515,9939824,9940338,5.15,rest
16912,4,2,4,5,416,9940339,9940754,4.16,active
16913,4,2,0,0,455,9940755,9941209,4.55,rest
16914,4,2,4,6,400,9941210,9941609,4.0,active
16915,4,2,0,0,407,9941610,9942016,4.07,rest
16916,4,2,4,7,411,9942017,9942427,4.11,active
16917,4,2,0,0,400,9942428,9942827,4.0,rest
16918,4,2,4,8,439,9942828,9943266,4.39,active
16919,4,2,0,0,383,9943267,9943649,3.83,rest
16920,4,2,4,9,444,9943650,9944093,4.44,active
16921,4,2,0,0,438,9944094,9944531,4.38,rest
16922,4,2,4,10,302,9944532,9944833,3.02,active
16923,4,2,0,0,645,9944834,9945478,6.45,rest
16924,4,2,5,1,461,9945479,9945939,4.61,active
16925,4,2,0,0,315,9945940,9946254,3.15,rest
16926,4,2,5,2,354,9946255,9946608,3.54,active
16927,4,2,0,0,475,9946609,9947083,4.75,rest
16928,4,2,5,3,430,9947084,9947513,4.3,active
16929,4,2,0,0,414,9947514,9947927,4.14,rest
16930,4,2,5,4,447,9947928,9948374,4.47,active
16931,4,2,0,0,412,9948375,9948786,4.12,rest
16932,4,2,5,5,370,9948787,9949156,3.7,active
16933,4,2,0,0,440,9949157,9949596,4.4,rest
16934,4,2,5,6,527,9949597,9950123,5.27,active
16935,4,2,0,0,335,9950124,9950458,3.35,rest
16936,4,2,5,7,402,9950459,9950860,4.02,active
16937,4,2,0,0,434,9950861,9951294,4.34,rest
16938,4,2,5,8,393,9951295,9951687,3.93,active
16939,4,2,0,0,417,9951688,9952104,4.17,rest
16940,4,2,5,9,413,9952105,9952517,4.13,active
16941,4,2,0,0,450,9952518,9952967,4.5,rest
16942,4,2,5,10,498,9952968,9953465,4.98,active
16943,4,2,0,0,340,9953466,9953805,3.4,rest
16944,4,2,6,1,434,9953806,9954239,4.34,active
16945,4,2,0,0,434,9954240,9954673,4.34,rest
16946,4,2,6,2,287,9954674,9954960,2.87,active
16947,4,2,0,0,515,9954961,9955475,5.15,rest
16948,4,2,6,3,405,9955476,9955880,4.05,active
16949,4,2,0,0,426,9955881,9956306,4.26,rest
16950,4,2,6,4,342,9956307,9956648,3.42,active
16951,4,2,0,0,505,9956649,9957153,5.05,rest
16952,4,2,6,5,305,9957154,9957458,3.05,active
16953,4,2,0,0,536,9957459,9957994,5.36,rest
16954,4,2,6,6,337,9957995,9958331,3.37,active
16955,4,2,0,0,503,9958332,9958834,5.03,rest
16956,4,2,6,7,305,9958835,9959139,3.05,active
16957,4,2,0,0,539,9959140,9959678,5.39,rest
16958,4,2,6,8,301,9959679,9959979,3.01,active
16959,4,2,0,0,534,9959980,9960513,5.34,rest
16960,4,2,6,9,367,9960514,9960880,3.67,active
16961,4,2,0,0,458,9960881,9961338,4.58,rest
16962,4,2,6,10,339,9961339,9961677,3.39,active
16963,4,2,0,0,567,9961678,9962244,5.67,rest
16964,4,2,7,1,321,9962245,9962565,3.21,active
16965,4,2,0,0,539,9962566,9963104,5.39,rest
16966,4,2,7,2,218,9963105,9963322,2.18,active
16967,4,2,0,0,537,9963323,9963859,5.37,rest
16968,4,2,7,3,306,9963860,9964165,3.06,active
16969,4,2,0,0,630,9964166,9964795,6.3,rest
16970,4,2,7,4,261,9964796,9965056,2.61,active
16971,4,2,0,0,484,9965057,9965540,4.84,rest
16972,4,2,7,5,279,9965541,9965819,2.79,active
16973,4,2,0,0,657,9965820,9966476,6.57,rest
16974,4,2,7,6,209,9966477,9966685,2.09,active
16975,4,2,0,0,537,9966686,9967222,5.37,rest
16976,4,2,7,7,298,9967223,9967520,2.98,active
16977,4,2,0,0,629,9967521,9968149,6.29,rest
16978,4,2,7,8,250,9968150,9968399,2.5,active
16979,4,2,0,0,603,9968400,9969002,6.03,rest
16980,4,2,7,9,192,9969003,9969194,1.92,active
16981,4,2,0,0,656,9969195,9969850,6.56,rest
16982,4,2,7,10,216,9969851,9970066,2.16,active
16983,4,2,0,0,569,9970067,9970635,5.69,rest
16984,4,2,8,1,361,9970636,9970996,3.61,active
16985,4,2,0,0,558,9970997,9971554,5.58,rest
16986,4,2,8,2,248,9971555,9971802,2.48,active
16987,4,2,0,0,449,9971803,9972251,4.49,rest
16988,4,2,8,3,426,9972252,9972677,4.26,active
16989,4,2,0,0,480,9972678,9973157,4.8,rest
16990,4,2,8,4,388,9973158,9973545,3.88,active
16991,4,2,0,0,436,9973546,9973981,4.36,rest
16992,4,2,8,5,309,9973982,9974290,3.09,active
16993,4,2,0,0,527,9974291,9974817,5.27,rest
16994,4,2,8,6,340,9974818,9975157,3.4,active
16995,4,2,0,0,450,9975158,9975607,4.5,rest
16996,4,2,8,7,353,9975608,9975960,3.53,active
16997,4,2,0,0,456,9975961,9976416,4.56,rest
16998,4,2,8,8,412,9976417,9976828,4.12,active
16999,4,2,0,0,474,9976829,9977302,4.74,rest
17000,4,2,8,9,322,9977303,9977624,3.22,active
17001,4,2,0,0,560,9977625,9978184,5.6,rest
17002,4,2,8,10,207,9978185,9978391,2.07,active
17003,4,2,0,0,681,9978392,9979072,6.81,rest
17004,4,2,9,1,455,9979073,9979527,4.55,active
17005,4,2,0,0,309,9979528,9979836,3.09,rest
17006,4,2,9,2,484,9979837,9980320,4.84,active
17007,4,2,0,0,381,9980321,9980701,3.81,rest
17008,4,2,9,3,415,9980702,9981116,4.15,active
17009,4,2,0,0,403,9981117,9981519,4.03,rest
17010,4,2,9,4,407,9981520,9981926,4.07,active
17011,4,2,0,0,405,9981927,9982331,4.05,rest
17012,4,2,9,5,460,9982332,9982791,4.6,active
17013,4,2,0,0,372,9982792,9983163,3.72,rest
17014,4,2,9,6,437,9983164,9983600,4.37,active
17015,4,2,0,0,457,9983601,9984057,4.57,rest
17016,4,2,9,7,376,9984058,9984433,3.76,active
17017,4,2,0,0,428,9984434,9984861,4.28,rest
17018,4,2,9,8,454,9984862,9985315,4.54,active
17019,4,2,0,0,393,9985316,9985708,3.93,rest
17020,4,2,9,9,306,9985709,9986014,3.06,active
17021,4,2,0,0,507,9986015,9986521,5.07,rest
17022,4,2,9,10,431,9986522,9986952,4.31,active
17023,4,2,0,0,456,9986953,9987408,4.56,rest
17024,4,2,10,1,431,9987409,9987839,4.31,active
17025,4,2,0,0,378,9987840,9988217,3.78,rest
17026,4,2,10,2,477,9988218,9988694,4.77,active
17027,4,2,0,0,349,9988695,9989043,3.49,rest
17028,4,2,10,3,494,9989044,9989537,4.94,active
17029,4,2,0,0,364,9989538,9989901,3.64,rest
17030,4,2,10,4,401,9989902,9990302,4.01,active
17031,4,2,0,0,443,9990303,9990745,4.43,rest
17032,4,2,10,5,448,9990746,9991193,4.48,active
17033,4,2,0,0,362,9991194,9991555,3.62,rest
17034,4,2,10,6,409,9991556,9991964,4.09,active
17035,4,2,0,0,433,9991965,9992397,4.33,rest
17036,4,2,10,7,454,9992398,9992851,4.54,active
17037,4,2,0,0,384,9992852,9993235,3.84,rest
17038,4,2,10,8,371,9993236,9993606,3.71,active
17039,4,2,0,0,434,9993607,9994040,4.34,rest
17040,4,2,10,9,462,9994041,9994502,4.62,active
17041,4,2,0,0,396,9994503,9994898,3.96,rest
17042,4,2,10,10,431,9994899,9995329,4.31,active
17043,4,2,0,0,436,9995330,9995765,4.36,rest
17044,4,2,11,1,413,9995766,9996178,4.13,active
17045,4,2,0,0,417,9996179,9996595,4.17,rest
17046,4,2,11,2,300,9996596,9996895,3.0,active
17047,4,2,0,0,521,9996896,9997416,5.21,rest
17048,4,2,11,3,414,9997417,9997830,4.14,active
17049,4,2,0,0,469,9997831,9998299,4.69,rest
17050,4,2,11,4,208,9998300,9998507,2.08,active
17051,4,2,0,0,592,9998508,9999099,5.92,rest
17052,4,2,11,5,374,9999100,9999473,3.74,active
17053,4,2,0,0,439,9999474,9999912,4.39,rest
17054,4,2,11,6,287,9999913,10000199,2.87,active
17055,4,2,0,0,558,10000200,10000757,5.58,rest
17056,4,2,11,7,424,10000758,10001181,4.24,active
17057,4,2,0,0,396,10001182,10001577,3.96,rest
17058,4,2,11,8,451,10001578,10002028,4.51,active
17059,4,2,0,0,402,10002029,10002430,4.02,rest
17060,4,2,11,9,332,10002431,10002762,3.32,active
17061,4,2,0,0,526,10002763,10003288,5.26,rest
17062,4,2,11,10,314,10003289,10003602,3.14,active
17063,4,2,0,0,549,10003603,10004151,5.49,rest
17064,4,2,12,1,352,10004152,10004503,3.52,active
17065,4,2,0,0,461,10004504,10004964,4.61,rest
17066,4,2,12,2,293,10004965,10005257,2.93,active
17067,4,2,0,0,538,10005258,10005795,5.38,rest
17068,4,2,12,3,309,10005796,10006104,3.09,active
17069,4,2,0,0,496,10006105,10006600,4.96,rest
17070,4,2,12,4,312,10006601,10006912,3.12,active
17071,4,2,0,0,538,10006913,10007450,5.38,rest
17072,4,2,12,5,397,10007451,10007847,3.97,active
17073,4,2,0,0,447,10007848,10008294,4.47,rest
17074,4,2,12,6,447,10008295,10008741,4.47,active
17075,4,2,0,0,384,10008742,10009125,3.84,rest
17076,4,2,12,7,422,10009126,10009547,4.22,active
17077,4,2,0,0,484,10009548,10010031,4.84,rest
17078,4,2,12,8,387,10010032,10010418,3.87,active
17079,4,2,0,0,394,10010419,10010812,3.94,rest
17080,4,2,12,9,461,10010813,10011273,4.61,active
17081,4,2,0,0,382,10011274,10011655,3.82,rest
17082,4,2,12,10,401,10011656,10012056,4.01,active
17083,4,2,0,0,475,10012057,10012531,4.75,rest
17084,4,2,13,1,499,10012532,10013030,4.99,active
17085,4,2,0,0,307,10013031,10013337,3.07,rest
17086,4,2,13,2,383,10013338,10013720,3.83,active
17087,4,2,0,0,475,10013721,10014195,4.75,rest
17088,4,2,13,3,433,10014196,10014628,4.33,active
17089,4,2,0,0,397,10014629,10015025,3.97,rest
17090,4,2,13,4,307,10015026,10015332,3.07,active
17091,4,2,0,0,542,10015333,10015874,5.42,rest
17092,4,2,13,5,282,10015875,10016156,2.82,active
17093,4,2,0,0,549,10016157,10016705,5.49,rest
17094,4,2,13,6,292,10016706,10016997,2.92,active
17095,4,2,0,0,565,10016998,10017562,5.65,rest
17096,4,2,13,7,304,10017563,10017866,3.04,active
17097,4,2,0,0,537,10017867,10018403,5.37,rest
17098,4,2,13,8,311,10018404,10018714,3.11,active
17099,4,2,0,0,537,10018715,10019251,5.37,rest
17100,4,2,13,9,274,10019252,10019525,2.74,active
17101,4,2,0,0,553,10019526,10020078,5.53,rest
17102,4,2,13,10,241,10020079,10020319,2.41,active
17103,4,2,0,0,617,10020320,10020936,6.17,rest
17104,4,2,14,1,239,10020937,10021175,2.39,active
17105,4,2,0,0,568,10021176,10021743,5.68,rest
17106,4,2,14,2,297,10021744,10022040,2.97,active
17107,4,2,0,0,581,10022041,10022621,5.81,rest
17108,4,2,14,3,232,10022622,10022853,2.32,active
17109,4,2,0,0,565,10022854,10023418,5.65,rest
17110,4,2,14,4,301,10023419,10023719,3.01,active
17111,4,2,0,0,542,10023720,10024261,5.42,rest
17112,4,2,14,5,292,10024262,10024553,2.92,active
17113,4,2,0,0,547,10024554,10025100,5.47,rest
17114,4,2,14,6,270,10025101,10025370,2.7,active
17115,4,2,0,0,581,10025371,10025951,5.81,rest
17116,4,2,14,7,287,10025952,10026238,2.87,active
17117,4,2,0,0,536,10026239,10026774,5.36,rest
17118,4,2,14,8,301,10026775,10027075,3.01,active
17119,4,2,0,0,538,10027076,10027613,5.38,rest
17120,4,2,14,9,292,10027614,10027905,2.92,active
17121,4,2,0,0,534,10027906,10028439,5.34,rest
17122,4,2,14,10,281,10028440,10028720,2.81,active
17123,4,2,0,0,599,10028721,10029319,5.99,rest
17124,4,2,15,1,350,10029320,10029669,3.5,active
17125,4,2,0,0,456,10029670,10030125,4.56,rest
17126,4,2,15,2,382,10030126,10030507,3.82,active
17127,4,2,0,0,448,10030508,10030955,4.48,rest
17128,4,2,15,3,355,10030956,10031310,3.55,active
17129,4,2,0,0,490,10031311,10031800,4.9,rest
17130,4,2,15,4,363,10031801,10032163,3.63,active
17131,4,2,0,0,497,10032164,10032660,4.97,rest
17132,4,2,15,5,336,10032661,10032996,3.36,active
17133,4,2,0,0,523,10032997,10033519,5.23,rest
17134,4,2,15,6,362,10033520,10033881,3.62,active
17135,4,2,0,0,436,10033882,10034317,4.36,rest
17136,4,2,15,7,336,10034318,10034653,3.36,active
17137,4,2,0,0,518,10034654,10035171,5.18,rest
17138,4,2,15,8,318,10035172,10035489,3.18,active
17139,4,2,0,0,492,10035490,10035981,4.92,rest
17140,4,2,15,9,350,10035982,10036331,3.5,active
17141,4,2,0,0,486,10036332,10036817,4.86,rest
17142,4,2,15,10,350,10036818,10037167,3.5,active
17143,4,2,0,0,594,10037168,10037761,5.94,rest
17144,4,2,16,1,481,10037762,10038242,4.81,active
17145,4,2,0,0,304,10038243,10038546,3.04,rest
17146,4,2,16,2,441,10038547,10038987,4.41,active
17147,4,2,0,0,386,10038988,10039373,3.86,rest
17148,4,2,16,3,464,10039374,10039837,4.64,active
17149,4,2,0,0,377,10039838,10040214,3.77,rest
17150,4,2,16,4,436,10040215,10040650,4.36,active
17151,4,2,0,0,404,10040651,10041054,4.04,rest
17152,4,2,16,5,463,10041055,10041517,4.63,active
17153,4,2,0,0,349,10041518,10041866,3.49,rest
17154,4,2,16,6,491,10041867,10042357,4.91,active
17155,4,2,0,0,344,10042358,10042701,3.44,rest
17156,4,2,16,7,443,10042702,10043144,4.43,active
17157,4,2,0,0,404,10043145,10043548,4.04,rest
17158,4,2,16,8,415,10043549,10043963,4.15,active
17159,4,2,0,0,405,10043964,10044368,4.05,rest
17160,4,2,16,9,502,10044369,10044870,5.02,active
17161,4,2,0,0,368,10044871,10045238,3.68,rest
17162,4,2,16,10,519,10045239,10045757,5.19,active
17163,4,2,0,0,331,10045758,10046088,3.31,rest
17164,4,2,17,1,453,10046089,10046541,4.53,active
17165,4,2,0,0,407,10046542,10046948,4.07,rest
17166,4,2,17,2,384,10046949,10047332,3.84,active
17167,4,2,0,0,411,10047333,10047743,4.11,rest
17168,4,2,17,3,449,10047744,10048192,4.49,active
17169,4,2,0,0,378,10048193,10048570,3.78,rest
17170,4,2,17,4,496,10048571,10049066,4.96,active
17171,4,2,0,0,355,10049067,10049421,3.55,rest
17172,4,2,17,5,255,10049422,10049676,2.55,active
17173,4,2,0,0,589,10049677,10050265,5.89,rest
17174,4,2,17,6,534,10050266,10050799,5.34,active
17175,4,2,0,0,319,10050800,10051118,3.19,rest
17176,4,2,17,7,232,10051119,10051350,2.32,active
17177,4,2,0,0,615,10051351,10051965,6.15,rest
17178,4,2,17,8,273,10051966,10052238,2.73,active
17179,4,2,0,0,600,10052239,10052838,6.0,rest
17180,4,2,17,9,243,10052839,10053081,2.43,active
17181,4,2,0,0,563,10053082,10053644,5.63,rest
17182,4,2,17,10,523,10053645,10054167,5.23,active
17183,4,2,0,0,248,10054168,10054415,2.48,rest
17184,4,3,0,0,434,10054416,10054849,4.34,rest
17185,4,3,1,1,356,10054850,10055205,3.56,active
17186,4,3,0,0,445,10055206,10055650,4.45,rest
17187,4,3,1,2,391,10055651,10056041,3.91,active
17188,4,3,0,0,434,10056042,10056475,4.34,rest
17189,4,3,1,3,397,10056476,10056872,3.97,active
17190,4,3,0,0,432,10056873,10057304,4.32,rest
17191,4,3,1,4,412,10057305,10057716,4.12,active
17192,4,3,0,0,409,10057717,10058125,4.09,rest
17193,4,3,1,5,429,10058126,10058554,4.29,active
17194,4,3,0,0,433,10058555,10058987,4.33,rest
17195,4,3,1,6,390,10058988,10059377,3.9,active
17196,4,3,0,0,425,10059378,10059802,4.25,rest
17197,4,3,1,7,434,10059803,10060236,4.34,active
17198,4,3,0,0,427,10060237,10060663,4.27,rest
17199,4,3,1,8,395,10060664,10061058,3.95,active
17200,4,3,0,0,418,10061059,10061476,4.18,rest
17201,4,3,1,9,413,10061477,10061889,4.13,active
17202,4,3,0,0,432,10061890,10062321,4.32,rest
17203,4,3,1,10,424,10062322,10062745,4.24,active
17204,4,3,0,0,2041,10062746,10064786,20.41,rest
17205,4,3,2,1,417,10064787,10065203,4.17,active
17206,4,3,0,0,463,10065204,10065666,4.63,rest
17207,4,3,2,2,327,10065667,10065993,3.27,active
17208,4,3,0,0,420,10065994,10066413,4.2,rest
17209,4,3,2,3,450,10066414,10066863,4.5,active
17210,4,3,0,0,451,10066864,10067314,4.51,rest
17211,4,3,2,4,357,10067315,10067671,3.57,active
17212,4,3,0,0,461,10067672,10068132,4.61,rest
17213,4,3,2,5,420,10068133,10068552,4.2,active
17214,4,3,0,0,456,10068553,10069008,4.56,rest
17215,4,3,2,6,285,10069009,10069293,2.85,active
17216,4,3,0,0,546,10069294,10069839,5.46,rest
17217,4,3,2,7,290,10069840,10070129,2.9,active
17218,4,3,0,0,498,10070130,10070627,4.98,rest
17219,4,3,2,8,345,10070628,10070972,3.45,active
17220,4,3,0,0,510,10070973,10071482,5.1,rest
17221,4,3,2,9,416,10071483,10071898,4.16,active
17222,4,3,0,0,409,10071899,10072307,4.09,rest
17223,4,3,2,10,512,10072308,10072819,5.12,active
17224,4,3,0,0,1355,10072820,10074174,13.55,rest
17225,4,3,3,1,193,10074175,10074367,1.93,active
17226,4,3,0,0,478,10074368,10074845,4.78,rest
17227,4,3,3,2,390,10074846,10075235,3.9,active
17228,4,3,0,0,450,10075236,10075685,4.5,rest
17229,4,3,3,3,424,10075686,10076109,4.24,active
17230,4,3,0,0,441,10076110,10076550,4.41,rest
17231,4,3,3,4,215,10076551,10076765,2.15,active
17232,4,3,0,0,520,10076766,10077285,5.2,rest
17233,4,3,3,5,431,10077286,10077716,4.31,active
17234,4,3,0,0,471,10077717,10078187,4.71,rest
17235,4,3,3,6,277,10078188,10078464,2.77,active
17236,4,3,0,0,533,10078465,10078997,5.33,rest
17237,4,3,3,7,304,10078998,10079301,3.04,active
17238,4,3,0,0,524,10079302,10079825,5.24,rest
17239,4,3,3,8,356,10079826,10080181,3.56,active
17240,4,3,0,0,464,10080182,10080645,4.64,rest
17241,4,3,3,9,354,10080646,10080999,3.54,active
17242,4,3,0,0,512,10081000,10081511,5.12,rest
17243,4,3,3,10,376,10081512,10081887,3.76,active
17244,4,3,0,0,1159,10081888,10083046,11.59,rest
17245,4,3,4,1,474,10083047,10083520,4.74,active
17246,4,3,0,0,378,10083521,10083898,3.78,rest
17247,4,3,4,2,433,10083899,10084331,4.33,active
17248,4,3,0,0,399,10084332,10084730,3.99,rest
17249,4,3,4,3,439,10084731,10085169,4.39,active
17250,4,3,0,0,409,10085170,10085578,4.09,rest
17251,4,3,4,4,382,10085579,10085960,3.82,active
17252,4,3,0,0,468,10085961,10086428,4.68,rest
17253,4,3,4,5,490,10086429,10086918,4.9,active
17254,4,3,0,0,322,10086919,10087240,3.22,rest
17255,4,3,4,6,445,10087241,10087685,4.45,active
17256,4,3,0,0,418,10087686,10088103,4.18,rest
17257,4,3,4,7,358,10088104,10088461,3.58,active
17258,4,3,0,0,455,10088462,10088916,4.55,rest
17259,4,3,4,8,481,10088917,10089397,4.81,active
17260,4,3,0,0,373,10089398,10089770,3.73,rest
17261,4,3,4,9,464,10089771,10090234,4.64,active
17262,4,3,0,0,378,10090235,10090612,3.78,rest
17263,4,3,4,10,387,10090613,10090999,3.87,active
17264,4,3,0,0,1459,10091000,10092458,14.59,rest
17265,4,3,5,1,373,10092459,10092831,3.73,active
17266,4,3,0,0,412,10092832,10093243,4.12,rest
17267,4,3,5,2,392,10093244,10093635,3.92,active
17268,4,3,0,0,428,10093636,10094063,4.28,rest
17269,4,3,5,3,434,10094064,10094497,4.34,active
17270,4,3,0,0,393,10094498,10094890,3.93,rest
17271,4,3,5,4,437,10094891,10095327,4.37,active
17272,4,3,0,0,371,10095328,10095698,3.71,rest
17273,4,3,5,5,472,10095699,10096170,4.72,active
17274,4,3,0,0,401,10096171,10096571,4.01,rest
17275,4,3,5,6,393,10096572,10096964,3.93,active
17276,4,3,0,0,436,10096965,10097400,4.36,rest
17277,4,3,5,7,421,10097401,10097821,4.21,active
17278,4,3,0,0,377,10097822,10098198,3.77,rest
17279,4,3,5,8,459,10098199,10098657,4.59,active
17280,4,3,0,0,379,10098658,10099036,3.79,rest
17281,4,3,5,9,513,10099037,10099549,5.13,active
17282,4,3,0,0,339,10099550,10099888,3.39,rest
17283,4,3,5,10,501,10099889,10100389,5.01,active
17284,4,3,0,0,1358,10100390,10101747,13.58,rest
17285,4,3,6,1,461,10101748,10102208,4.61,active
17286,4,3,0,0,327,10102209,10102535,3.27,rest
17287,4,3,6,2,465,10102536,10103000,4.65,active
17288,4,3,0,0,380,10103001,10103380,3.8,rest
17289,4,3,6,3,508,10103381,10103888,5.08,active
17290,4,3,0,0,348,10103889,10104236,3.48,rest
17291,4,3,6,4,441,10104237,10104677,4.41,active
17292,4,3,0,0,390,10104678,10105067,3.9,rest
17293,4,3,6,5,527,10105068,10105594,5.27,active
17294,4,3,0,0,274,10105595,10105868,2.74,rest
17295,4,3,6,6,525,10105869,10106393,5.25,active
17296,4,3,0,0,348,10106394,10106741,3.48,rest
17297,4,3,6,7,448,10106742,10107189,4.48,active
17298,4,3,0,0,391,10107190,10107580,3.91,rest
17299,4,3,6,8,432,10107581,10108012,4.32,active
17300,4,3,0,0,365,10108013,10108377,3.65,rest
17301,4,3,6,9,501,10108378,10108878,5.01,active
17302,4,3,0,0,354,10108879,10109232,3.54,rest
17303,4,3,6,10,468,10109233,10109700,4.68,active
17304,4,3,0,0,1830,10109701,10111530,18.3,rest
17305,4,3,7,1,477,10111531,10112007,4.77,active
17306,4,3,0,0,398,10112008,10112405,3.98,rest
17307,4,3,7,2,533,10112406,10112938,5.33,active
17308,4,3,0,0,316,10112939,10113254,3.16,rest
17309,4,3,7,3,533,10113255,10113787,5.33,active
17310,4,3,0,0,294,10113788,10114081,2.94,rest
17311,4,3,7,4,438,10114082,10114519,4.38,active
17312,4,3,0,0,404,10114520,10114923,4.04,rest
17313,4,3,7,5,540,10114924,10115463,5.4,active
17314,4,3,0,0,291,10115464,10115754,2.91,rest
17315,4,3,7,6,405,10115755,10116159,4.05,active
17316,4,3,0,0,394,10116160,10116553,3.94,rest
17317,4,3,7,7,449,10116554,10117002,4.49,active
17318,4,3,0,0,409,10117003,10117411,4.09,rest
17319,4,3,7,8,441,10117412,10117852,4.41,active
17320,4,3,0,0,373,10117853,10118225,3.73,rest
17321,4,3,7,9,442,10118226,10118667,4.42,active
17322,4,3,0,0,447,10118668,10119114,4.47,rest
17323,4,3,7,10,414,10119115,10119528,4.14,active
17324,4,3,0,0,920,10119529,10120448,9.2,rest
17325,4,3,8,1,396,10120449,10120844,3.96,active
17326,4,3,0,0,414,10120845,10121258,4.14,rest
17327,4,3,8,2,420,10121259,10121678,4.2,active
17328,4,3,0,0,436,10121679,10122114,4.36,rest
17329,4,3,8,3,371,10122115,10122485,3.71,active
17330,4,3,0,0,481,10122486,10122966,4.81,rest
17331,4,3,8,4,355,10122967,10123321,3.55,active
17332,4,3,0,0,463,10123322,10123784,4.63,rest
17333,4,3,8,5,467,10123785,10124251,4.67,active
17334,4,3,0,0,355,10124252,10124606,3.55,rest
17335,4,3,8,6,327,10124607,10124933,3.27,active
17336,4,3,0,0,508,10124934,10125441,5.08,rest
17337,4,3,8,7,466,10125442,10125907,4.66,active
17338,4,3,0,0,383,10125908,10126290,3.83,rest
17339,4,3,8,8,492,10126291,10126782,4.92,active
17340,4,3,0,0,410,10126783,10127192,4.1,rest
17341,4,3,8,9,374,10127193,10127566,3.74,active
17342,4,3,0,0,472,10127567,10128038,4.72,rest
17343,4,3,8,10,398,10128039,10128436,3.98,active
17344,4,3,0,0,604,10128437,10129040,6.04,rest
17345,4,3,9,1,537,10129041,10129577,5.37,active
17346,4,3,0,0,278,10129578,10129855,2.78,rest
17347,4,3,9,2,429,10129856,10130284,4.29,active
17348,4,3,0,0,395,10130285,10130679,3.95,rest
17349,4,3,9,3,482,10130680,10131161,4.82,active
17350,4,3,0,0,353,10131162,10131514,3.53,rest
17351,4,3,9,4,469,10131515,10131983,4.69,active
17352,4,3,0,0,383,10131984,10132366,3.83,rest
17353,4,3,9,5,379,10132367,10132745,3.79,active
17354,4,3,0,0,465,10132746,10133210,4.65,rest
17355,4,3,9,6,376,10133211,10133586,3.76,active
17356,4,3,0,0,433,10133587,10134019,4.33,rest
17357,4,3,9,7,462,10134020,10134481,4.62,active
17358,4,3,0,0,392,10134482,10134873,3.92,rest
17359,4,3,9,8,453,10134874,10135326,4.53,active
17360,4,3,0,0,373,10135327,10135699,3.73,rest
17361,4,3,9,9,425,10135700,10136124,4.25,active
17362,4,3,0,0,441,10136125,10136565,4.41,rest
17363,4,3,9,10,347,10136566,10136912,3.47,active
17364,4,3,0,0,1110,10136913,10138022,11.1,rest
17365,4,3,10,1,500,10138023,10138522,5.0,active
17366,4,3,0,0,337,10138523,10138859,3.37,rest
17367,4,3,10,2,424,10138860,10139283,4.24,active
17368,4,3,0,0,388,10139284,10139671,3.88,rest
17369,4,3,10,3,433,10139672,10140104,4.33,active
17370,4,3,0,0,379,10140105,10140483,3.79,rest
17371,4,3,10,4,541,10140484,10141024,5.41,active
17372,4,3,0,0,348,10141025,10141372,3.48,rest
17373,4,3,10,5,272,10141373,10141644,2.72,active
17374,4,3,0,0,488,10141645,10142132,4.88,rest
17375,4,3,10,6,491,10142133,10142623,4.91,active
17376,4,3,0,0,406,10142624,10143029,4.06,rest
17377,4,3,10,7,401,10143030,10143430,4.01,active
17378,4,3,0,0,413,10143431,10143843,4.13,rest
17379,4,3,10,8,426,10143844,10144269,4.26,active
17380,4,3,0,0,403,10144270,10144672,4.03,rest
17381,4,3,10,9,378,10144673,10145050,3.78,active
17382,4,3,0,0,439,10145051,10145489,4.39,rest
17383,4,3,10,10,463,10145490,10145952,4.63,active
17384,4,3,0,0,2046,10145953,10147998,20.46,rest
17385,4,3,11,1,419,10147999,10148417,4.19,active
17386,4,3,0,0,336,10148418,10148753,3.36,rest
17387,4,3,11,2,497,10148754,10149250,4.97,active
17388,4,3,0,0,343,10149251,10149593,3.43,rest
17389,4,3,11,3,513,10149594,10150106,5.13,active
17390,4,3,0,0,364,10150107,10150470,3.64,rest
17391,4,3,11,4,510,10150471,10150980,5.1,active
17392,4,3,0,0,298,10150981,10151278,2.98,rest
17393,4,3,11,5,565,10151279,10151843,5.65,active
17394,4,3,0,0,270,10151844,10152113,2.7,rest
17395,4,3,11,6,484,10152114,10152597,4.84,active
17396,4,3,0,0,328,10152598,10152925,3.28,rest
17397,4,3,11,7,450,10152926,10153375,4.5,active
17398,4,3,0,0,416,10153376,10153791,4.16,rest
17399,4,3,11,8,513,10153792,10154304,5.13,active
17400,4,3,0,0,341,10154305,10154645,3.41,rest
17401,4,3,11,9,426,10154646,10155071,4.26,active
17402,4,3,0,0,388,10155072,10155459,3.88,rest
17403,4,3,11,10,460,10155460,10155919,4.6,active
17404,4,3,0,0,591,10155920,10156510,5.91,rest
17405,4,3,12,1,527,10156511,10157037,5.27,active
17406,4,3,0,0,324,10157038,10157361,3.24,rest
17407,4,3,12,2,488,10157362,10157849,4.88,active
17408,4,3,0,0,317,10157850,10158166,3.17,rest
17409,4,3,12,3,442,10158167,10158608,4.42,active
17410,4,3,0,0,378,10158609,10158986,3.78,rest
17411,4,3,12,4,508,10158987,10159494,5.08,active
17412,4,3,0,0,379,10159495,10159873,3.79,rest
17413,4,3,12,5,519,10159874,10160392,5.19,active
17414,4,3,0,0,306,10160393,10160698,3.06,rest
17415,4,3,12,6,479,10160699,10161177,4.79,active
17416,4,3,0,0,340,10161178,10161517,3.4,rest
17417,4,3,12,7,469,10161518,10161986,4.69,active
17418,4,3,0,0,383,10161987,10162369,3.83,rest
17419,4,3,12,8,506,10162370,10162875,5.06,active
17420,4,3,0,0,339,10162876,10163214,3.39,rest
17421,4,3,12,9,501,10163215,10163715,5.01,active
17422,4,3,0,0,319,10163716,10164034,3.19,rest
17423,4,3,12,10,481,10164035,10164515,4.81,active
17424,4,3,0,0,546,10164516,10165061,5.46,rest
17425,4,3,13,1,503,10165062,10165564,5.03,active
17426,4,3,0,0,306,10165565,10165870,3.06,rest
17427,4,3,13,2,413,10165871,10166283,4.13,active
17428,4,3,0,0,419,10166284,10166702,4.19,rest
17429,4,3,13,3,412,10166703,10167114,4.12,active
17430,4,3,0,0,372,10167115,10167486,3.72,rest
17431,4,3,13,4,482,10167487,10167968,4.82,active
17432,4,3,0,0,369,10167969,10168337,3.69,rest
17433,4,3,13,5,485,10168338,10168822,4.85,active
17434,4,3,0,0,354,10168823,10169176,3.54,rest
17435,4,3,13,6,402,10169177,10169578,4.02,active
17436,4,3,0,0,420,10169579,10169998,4.2,rest
17437,4,3,13,7,450,10169999,10170448,4.5,active
17438,4,3,0,0,403,10170449,10170851,4.03,rest
17439,4,3,13,8,425,10170852,10171276,4.25,active
17440,4,3,0,0,438,10171277,10171714,4.38,rest
17441,4,3,13,9,375,10171715,10172089,3.75,active
17442,4,3,0,0,475,10172090,10172564,4.75,rest
17443,4,3,13,10,397,10172565,10172961,3.97,active
17444,4,3,0,0,976,10172962,10173937,9.76,rest
17445,4,3,14,1,488,10173938,10174425,4.88,active
17446,4,3,0,0,363,10174426,10174788,3.63,rest
17447,4,3,14,2,506,10174789,10175294,5.06,active
17448,4,3,0,0,291,10175295,10175585,2.91,rest
17449,4,3,14,3,532,10175586,10176117,5.32,active
17450,4,3,0,0,326,10176118,10176443,3.26,rest
17451,4,3,14,4,476,10176444,10176919,4.76,active
17452,4,3,0,0,379,10176920,10177298,3.79,rest
17453,4,3,14,5,560,10177299,10177858,5.6,active
17454,4,3,0,0,271,10177859,10178129,2.71,rest
17455,4,3,14,6,443,10178130,10178572,4.43,active
17456,4,3,0,0,412,10178573,10178984,4.12,rest
17457,4,3,14,7,433,10178985,10179417,4.33,active
17458,4,3,0,0,406,10179418,10179823,4.06,rest
17459,4,3,14,8,435,10179824,10180258,4.35,active
17460,4,3,0,0,371,10180259,10180629,3.71,rest
17461,4,3,14,9,413,10180630,10181042,4.13,active
17462,4,3,0,0,444,10181043,10181486,4.44,rest
17463,4,3,14,10,481,10181487,10181967,4.81,active
17464,4,3,0,0,871,10181968,10182838,8.71,rest
17465,4,3,15,1,479,10182839,10183317,4.79,active
17466,4,3,0,0,332,10183318,10183649,3.32,rest
17467,4,3,15,2,522,10183650,10184171,5.22,active
17468,4,3,0,0,287,10184172,10184458,2.87,rest
17469,4,3,15,3,526,10184459,10184984,5.26,active
17470,4,3,0,0,313,10184985,10185297,3.13,rest
17471,4,3,15,4,556,10185298,10185853,5.56,active
17472,4,3,0,0,248,10185854,10186101,2.48,rest
17473,4,3,15,5,517,10186102,10186618,5.17,active
17474,4,3,0,0,351,10186619,10186969,3.51,rest
17475,4,3,15,6,559,10186970,10187528,5.59,active
17476,4,3,0,0,246,10187529,10187774,2.46,rest
17477,4,3,15,7,448,10187775,10188222,4.48,active
17478,4,3,0,0,395,10188223,10188617,3.95,rest
17479,4,3,15,8,588,10188618,10189205,5.88,active
17480,4,3,0,0,248,10189206,10189453,2.48,rest
17481,4,3,15,9,574,10189454,10190027,5.74,active
17482,4,3,0,0,266,10190028,10190293,2.66,rest
17483,4,3,15,10,567,10190294,10190860,5.67,active
17484,4,3,0,0,801,10190861,10191661,8.01,rest
17485,4,3,16,1,494,10191662,10192155,4.94,active
17486,4,3,0,0,375,10192156,10192530,3.75,rest
17487,4,3,16,2,437,10192531,10192967,4.37,active
17488,4,3,0,0,357,10192968,10193324,3.57,rest
17489,4,3,16,3,452,10193325,10193776,4.52,active
17490,4,3,0,0,400,10193777,10194176,4.0,rest
17491,4,3,16,4,486,10194177,10194662,4.86,active
17492,4,3,0,0,388,10194663,10195050,3.88,rest
17493,4,3,16,5,411,10195051,10195461,4.11,active
17494,4,3,0,0,409,10195462,10195870,4.09,rest
17495,4,3,16,6,417,10195871,10196287,4.17,active
17496,4,3,0,0,407,10196288,10196694,4.07,rest
17497,4,3,16,7,448,10196695,10197142,4.48,active
17498,4,3,0,0,377,10197143,10197519,3.77,rest
17499,4,3,16,8,364,10197520,10197883,3.64,active
17500,4,3,0,0,465,10197884,10198348,4.65,rest
17501,4,3,16,9,439,10198349,10198787,4.39,active
17502,4,3,0,0,410,10198788,10199197,4.1,rest
17503,4,3,16,10,421,10199198,10199618,4.21,active
17504,4,3,0,0,1052,10199619,10200670,10.52,rest
17505,4,3,17,1,514,10200671,10201184,5.14,active
17506,4,3,0,0,341,10201185,10201525,3.41,rest
17507,4,3,17,2,539,10201526,10202064,5.39,active
17508,4,3,0,0,304,10202065,10202368,3.04,rest
17509,4,3,17,3,429,10202369,10202797,4.29,active
17510,4,3,0,0,393,10202798,10203190,3.93,rest
17511,4,3,17,4,392,10203191,10203582,3.92,active
17512,4,3,0,0,564,10203583,10204146,5.64,rest
17513,4,3,17,5,458,10204147,10204604,4.58,active
17514,4,3,0,0,312,10204605,10204916,3.12,rest
17515,4,3,17,6,489,10204917,10205405,4.89,active
17516,4,3,0,0,296,10205406,10205701,2.96,rest
17517,4,3,17,7,508,10205702,10206209,5.08,active
17518,4,3,0,0,322,10206210,10206531,3.22,rest
17519,4,3,17,8,486,10206532,10207017,4.86,active
17520,4,3,0,0,352,10207018,10207369,3.52,rest
17521,4,3,17,9,458,10207370,10207827,4.58,active
17522,4,3,0,0,388,10207828,10208215,3.88,rest
17523,4,3,17,10,404,10208216,10208619,4.04,active
17524,4,3,0,0,1076,10208620,10209695,10.76,rest
17525,4,3,18,1,475,10209696,10210170,4.75,active
17526,4,3,0,0,355,10210171,10210525,3.55,rest
17527,4,3,18,2,469,10210526,10210994,4.69,active
17528,4,3,0,0,358,10210995,10211352,3.58,rest
17529,4,3,18,3,504,10211353,10211856,5.04,active
17530,4,3,0,0,333,10211857,10212189,3.33,rest
17531,4,3,18,4,497,10212190,10212686,4.97,active
17532,4,3,0,0,331,10212687,10213017,3.31,rest
17533,4,3,18,5,497,10213018,10213514,4.97,active
17534,4,3,0,0,365,10213515,10213879,3.65,rest
17535,4,3,18,6,446,10213880,10214325,4.46,active
17536,4,3,0,0,381,10214326,10214706,3.81,rest
17537,4,3,18,7,457,10214707,10215163,4.57,active
17538,4,3,0,0,368,10215164,10215531,3.68,rest
17539,4,3,18,8,480,10215532,10216011,4.8,active
17540,4,3,0,0,403,10216012,10216414,4.03,rest
17541,4,3,18,9,466,10216415,10216880,4.66,active
17542,4,3,0,0,351,10216881,10217231,3.51,rest
17543,4,3,18,10,436,10217232,10217667,4.36,active
17544,4,3,0,0,945,10217668,10218612,9.45,rest
17545,4,3,19,1,489,10218613,10219101,4.89,active
17546,4,3,0,0,368,10219102,10219469,3.68,rest
17547,4,3,19,2,388,10219470,10219857,3.88,active
17548,4,3,0,0,399,10219858,10220256,3.99,rest
17549,4,3,19,3,476,10220257,10220732,4.76,active
17550,4,3,0,0,378,10220733,10221110,3.78,rest
17551,4,3,19,4,420,10221111,10221530,4.2,active
17552,4,3,0,0,403,10221531,10221933,4.03,rest
17553,4,3,19,5,441,10221934,10222374,4.41,active
17554,4,3,0,0,400,10222375,10222774,4.0,rest
17555,4,3,19,6,414,10222775,10223188,4.14,active
17556,4,3,0,0,410,10223189,10223598,4.1,rest
17557,4,3,19,7,478,10223599,10224076,4.78,active
17558,4,3,0,0,409,10224077,10224485,4.09,rest
17559,4,3,19,8,405,10224486,10224890,4.05,active
17560,4,3,0,0,396,10224891,10225286,3.96,rest
17561,4,3,19,9,401,10225287,10225687,4.01,active
17562,4,3,0,0,469,10225688,10226156,4.69,rest
17563,4,3,19,10,424,10226157,10226580,4.24,active
17564,4,3,0,0,929,10226581,10227509,9.29,rest
17565,4,3,20,1,492,10227510,10228001,4.92,active
17566,4,3,0,0,247,10228002,10228248,2.47,rest
17567,4,3,20,2,462,10228249,10228710,4.62,active
17568,4,3,0,0,406,10228711,10229116,4.06,rest
17569,4,3,20,3,486,10229117,10229602,4.86,active
17570,4,3,0,0,331,10229603,10229933,3.31,rest
17571,4,3,20,4,471,10229934,10230404,4.71,active
17572,4,3,0,0,342,10230405,10230746,3.42,rest
17573,4,3,20,5,493,10230747,10231239,4.93,active
17574,4,3,0,0,343,10231240,10231582,3.43,rest
17575,4,3,20,6,500,10231583,10232082,5.0,active
17576,4,3,0,0,341,10232083,10232423,3.41,rest
17577,4,3,20,7,478,10232424,10232901,4.78,active
17578,4,3,0,0,367,10232902,10233268,3.67,rest
17579,4,3,20,8,478,10233269,10233746,4.78,active
17580,4,3,0,0,334,10233747,10234080,3.34,rest
17581,4,3,20,9,495,10234081,10234575,4.95,active
17582,4,3,0,0,352,10234576,10234927,3.52,rest
17583,4,3,20,10,459,10234928,10235386,4.59,active
17584,4,3,0,0,2936,10235387,10238322,29.36,rest
17585,4,3,21,1,390,10238323,10238712,3.9,active
17586,4,3,0,0,425,10238713,10239137,4.25,rest
17587,4,3,21,2,412,10239138,10239549,4.12,active
17588,4,3,0,0,246,10239550,10239795,2.46,rest
17589,4,3,21,3,495,10239796,10240290,4.95,active
17590,4,3,0,0,340,10240291,10240630,3.4,rest
17591,4,3,21,4,588,10240631,10241218,5.88,active
17592,4,3,0,0,316,10241219,10241534,3.16,rest
17593,4,3,21,5,384,10241535,10241918,3.84,active
17594,4,3,0,0,390,10241919,10242308,3.9,rest
17595,4,3,21,6,516,10242309,10242824,5.16,active
17596,4,3,0,0,351,10242825,10243175,3.51,rest
17597,4,3,21,7,407,10243176,10243582,4.07,active
17598,4,3,0,0,462,10243583,10244044,4.62,rest
17599,4,3,21,8,480,10244045,10244524,4.8,active
17600,4,3,0,0,378,10244525,10244902,3.78,rest
17601,4,3,21,9,442,10244903,10245344,4.42,active
17602,4,3,0,0,428,10245345,10245772,4.28,rest
17603,4,3,21,10,425,10245773,10246197,4.25,active
17604,4,3,0,0,1891,10246198,10248088,18.91,rest
17605,4,3,22,1,419,10248089,10248507,4.19,active
17606,4,3,0,0,382,10248508,10248889,3.82,rest
17607,4,3,22,2,552,10248890,10249441,5.52,active
17608,4,3,0,0,303,10249442,10249744,3.03,rest
17609,4,3,22,3,517,10249745,10250261,5.17,active
17610,4,3,0,0,311,10250262,10250572,3.11,rest
17611,4,3,22,4,515,10250573,10251087,5.15,active
17612,4,3,0,0,334,10251088,10251421,3.34,rest
17613,4,3,22,5,528,10251422,10251949,5.28,active
17614,4,3,0,0,261,10251950,10252210,2.61,rest
17615,4,3,22,6,458,10252211,10252668,4.58,active
17616,4,3,0,0,403,10252669,10253071,4.03,rest
17617,4,3,22,7,440,10253072,10253511,4.4,active
17618,4,3,0,0,400,10253512,10253911,4.0,rest
17619,4,3,22,8,437,10253912,10254348,4.37,active
17620,4,3,0,0,420,10254349,10254768,4.2,rest
17621,4,3,22,9,406,10254769,10255174,4.06,active
17622,4,3,0,0,384,10255175,10255558,3.84,rest
17623,4,3,22,10,339,10255559,10255897,3.39,active
17624,4,3,0,0,2351,10255898,10258248,23.51,rest
17625,4,3,23,1,449,10258249,10258697,4.49,active
17626,4,3,0,0,462,10258698,10259159,4.62,rest
17627,4,3,23,2,355,10259160,10259514,3.55,active
17628,4,3,0,0,320,10259515,10259834,3.2,rest
17629,4,3,23,3,488,10259835,10260322,4.88,active
17630,4,3,0,0,327,10260323,10260649,3.27,rest
17631,4,3,23,4,508,10260650,10261157,5.08,active
17632,4,3,0,0,319,10261158,10261476,3.19,rest
17633,4,3,23,5,516,10261477,10261992,5.16,active
17634,4,3,0,0,326,10261993,10262318,3.26,rest
17635,4,3,23,6,456,10262319,10262774,4.56,active
17636,4,3,0,0,375,10262775,10263149,3.75,rest
17637,4,3,23,7,494,10263150,10263643,4.94,active
17638,4,3,0,0,322,10263644,10263965,3.22,rest
17639,4,3,23,8,511,10263966,10264476,5.11,active
17640,4,3,0,0,358,10264477,10264834,3.58,rest
17641,4,3,23,9,451,10264835,10265285,4.51,active
17642,4,3,0,0,365,10265286,10265650,3.65,rest
17643,4,3,23,10,507,10265651,10266157,5.07,active
17644,4,3,0,0,314,10266158,10266471,3.14,rest
17645,5,2,0,0,439,10367366,10367804,4.39,rest
17646,5,2,1,1,314,10367805,10368118,3.14,active
17647,5,2,0,0,456,10368119,10368574,4.56,rest
17648,5,2,1,2,558,10368575,10369132,5.58,active
17649,5,2,0,0,244,10369133,10369376,2.44,rest
17650,5,2,1,3,593,10369377,10369969,5.93,active
17651,5,2,0,0,248,10369970,10370217,2.48,rest
17652,5,2,1,4,589,10370218,10370806,5.89,active
17653,5,2,0,0,243,10370807,10371049,2.43,rest
17654,5,2,1,5,595,10371050,10371644,5.95,active
17655,5,2,0,0,245,10371645,10371889,2.45,rest
17656,5,2,1,6,591,10371890,10372480,5.91,active
17657,5,2,0,0,244,10372481,10372724,2.44,rest
17658,5,2,1,7,525,10372725,10373249,5.25,active
17659,5,2,0,0,313,10373250,10373562,3.13,rest
17660,5,2,1,8,593,10373563,10374155,5.93,active
17661,5,2,0,0,258,10374156,10374413,2.58,rest
17662,5,2,1,9,385,10374414,10374798,3.85,active
17663,5,2,0,0,491,10374799,10375289,4.91,rest
17664,5,2,1,10,484,10375290,10375773,4.84,active
17665,5,2,0,0,437,10375774,10376210,4.37,rest
17666,5,2,2,1,300,10376211,10376510,3.0,active
17667,5,2,0,0,501,10376511,10377011,5.01,rest
17668,5,2,2,2,374,10377012,10377385,3.74,active
17669,5,2,0,0,461,10377386,10377846,4.61,rest
17670,5,2,2,3,412,10377847,10378258,4.12,active
17671,5,2,0,0,482,10378259,10378740,4.82,rest
17672,5,2,2,4,450,10378741,10379190,4.5,active
17673,5,2,0,0,349,10379191,10379539,3.49,rest
17674,5,2,2,5,383,10379540,10379922,3.83,active
17675,5,2,0,0,468,10379923,10380390,4.68,rest
17676,5,2,2,6,430,10380391,10380820,4.3,active
17677,5,2,0,0,474,10380821,10381294,4.74,rest
17678,5,2,2,7,338,10381295,10381632,3.38,active
17679,5,2,0,0,426,10381633,10382058,4.26,rest
17680,5,2,2,8,273,10382059,10382331,2.73,active
17681,5,2,0,0,575,10382332,10382906,5.75,rest
17682,5,2,2,9,469,10382907,10383375,4.69,active
17683,5,2,0,0,325,10383376,10383700,3.25,rest
17684,5,2,2,10,251,10383701,10383951,2.51,active
17685,5,2,0,0,572,10383952,10384523,5.72,rest
17686,5,2,3,1,360,10384524,10384883,3.6,active
17687,5,2,0,0,483,10384884,10385366,4.83,rest
17688,5,2,3,2,327,10385367,10385693,3.27,active
17689,5,2,0,0,493,10385694,10386186,4.93,rest
17690,5,2,3,3,344,10386187,10386530,3.44,active
17691,5,2,0,0,499,10386531,10387029,4.99,rest
17692,5,2,3,4,414,10387030,10387443,4.14,active
17693,5,2,0,0,407,10387444,10387850,4.07,rest
17694,5,2,3,5,333,10387851,10388183,3.33,active
17695,5,2,0,0,506,10388184,10388689,5.06,rest
17696,5,2,3,6,352,10388690,10389041,3.52,active
17697,5,2,0,0,491,10389042,10389532,4.91,rest
17698,5,2,3,7,368,10389533,10389900,3.68,active
17699,5,2,0,0,471,10389901,10390371,4.71,rest
17700,5,2,3,8,425,10390372,10390796,4.25,active
17701,5,2,0,0,427,10390797,10391223,4.27,rest
17702,5,2,3,9,326,10391224,10391549,3.26,active
17703,5,2,0,0,476,10391550,10392025,4.76,rest
17704,5,2,3,10,378,10392026,10392403,3.78,active
17705,5,2,0,0,541,10392404,10392944,5.41,rest
17706,5,2,4,1,394,10392945,10393338,3.94,active
17707,5,2,0,0,390,10393339,10393728,3.9,rest
17708,5,2,4,2,474,10393729,10394202,4.74,active
17709,5,2,0,0,513,10394203,10394715,5.13,rest
17710,5,2,4,3,259,10394716,10394974,2.59,active
17711,5,2,0,0,595,10394975,10395569,5.95,rest
17712,5,2,4,4,383,10395570,10395952,3.83,active
17713,5,2,0,0,305,10395953,10396257,3.05,rest
17714,5,2,4,5,528,10396258,10396785,5.28,active
17715,5,2,0,0,262,10396786,10397047,2.62,rest
17716,5,2,4,6,558,10397048,10397605,5.58,active
17717,5,2,0,0,313,10397606,10397918,3.13,rest
17718,5,2,4,7,415,10397919,10398333,4.15,active
17719,5,2,0,0,419,10398334,10398752,4.19,rest
17720,5,2,4,8,539,10398753,10399291,5.39,active
17721,5,2,0,0,314,10399292,10399605,3.14,rest
17722,5,2,4,9,348,10399606,10399953,3.48,active
17723,5,2,0,0,468,10399954,10400421,4.68,rest
17724,5,2,4,10,352,10400422,10400773,3.52,active
17725,5,2,0,0,542,10400774,10401315,5.42,rest
17726,5,2,5,1,372,10401316,10401687,3.72,active
17727,5,2,0,0,408,10401688,10402095,4.08,rest
17728,5,2,5,2,523,10402096,10402618,5.23,active
17729,5,2,0,0,328,10402619,10402946,3.28,rest
17730,5,2,5,3,552,10402947,10403498,5.52,active
17731,5,2,0,0,321,10403499,10403819,3.21,rest
17732,5,2,5,4,304,10403820,10404123,3.04,active
17733,5,2,0,0,548,10404124,10404671,5.48,rest
17734,5,2,5,5,265,10404672,10404936,2.65,active
17735,5,2,0,0,599,10404937,10405535,5.99,rest
17736,5,2,5,6,254,10405536,10405789,2.54,active
17737,5,2,0,0,486,10405790,10406275,4.86,rest
17738,5,2,5,7,413,10406276,10406688,4.13,active
17739,5,2,0,0,494,10406689,10407182,4.94,rest
17740,5,2,5,8,283,10407183,10407465,2.83,active
17741,5,2,0,0,483,10407466,10407948,4.83,rest
17742,5,2,5,9,441,10407949,10408389,4.41,active
17743,5,2,0,0,449,10408390,10408838,4.49,rest
17744,5,2,5,10,487,10408839,10409325,4.87,active
17745,5,2,0,0,512,10409326,10409837,5.12,rest
17746,5,2,6,1,210,10409838,10410047,2.1,active
17747,5,2,0,0,513,10410048,10410560,5.13,rest
17748,5,2,6,2,287,10410561,10410847,2.87,active
17749,5,2,0,0,533,10410848,10411380,5.33,rest
17750,5,2,6,3,299,10411381,10411679,2.99,active
17751,5,2,0,0,517,10411680,10412196,5.17,rest
17752,5,2,6,4,434,10412197,10412630,4.34,active
17753,5,2,0,0,441,10412631,10413071,4.41,rest
17754,5,2,6,5,271,10413072,10413342,2.71,active
17755,5,2,0,0,565,10413343,10413907,5.65,rest
17756,5,2,6,6,213,10413908,10414120,2.13,active
17757,5,2,0,0,595,10414121,10414715,5.95,rest
17758,5,2,6,7,281,10414716,10414996,2.81,active
17759,5,2,0,0,560,10414997,10415556,5.6,rest
17760,5,2,6,8,268,10415557,10415824,2.68,active
17761,5,2,0,0,563,10415825,10416387,5.63,rest
17762,5,2,6,9,278,10416388,10416665,2.78,active
17763,5,2,0,0,605,10416666,10417270,6.05,rest
17764,5,2,6,10,271,10417271,10417541,2.71,active
17765,5,2,0,0,601,10417542,10418142,6.01,rest
17766,5,2,7,1,445,10418143,10418587,4.45,active
17767,5,2,0,0,243,10418588,10418830,2.43,rest
17768,5,2,7,2,564,10418831,10419394,5.64,active
17769,5,2,0,0,354,10419395,10419748,3.54,rest
17770,5,2,7,3,382,10419749,10420130,3.82,active
17771,5,2,0,0,447,10420131,10420577,4.47,rest
17772,5,2,7,4,383,10420578,10420960,3.83,active
17773,5,2,0,0,401,10420961,10421361,4.01,rest
17774,5,2,7,5,496,10421362,10421857,4.96,active
17775,5,2,0,0,317,10421858,10422174,3.17,rest
17776,5,2,7,6,450,10422175,10422624,4.5,active
17777,5,2,0,0,386,10422625,10423010,3.86,rest
17778,5,2,7,7,456,10423011,10423466,4.56,active
17779,5,2,0,0,505,10423467,10423971,5.05,rest
17780,5,2,7,8,321,10423972,10424292,3.21,active
17781,5,2,0,0,523,10424293,10424815,5.23,rest
17782,5,2,7,9,279,10424816,10425094,2.79,active
17783,5,2,0,0,425,10425095,10425519,4.25,rest
17784,5,2,7,10,487,10425520,10426006,4.87,active
17785,5,2,0,0,379,10426007,10426385,3.79,rest
17786,5,2,8,1,581,10426386,10426966,5.81,active
17787,5,2,0,0,255,10426967,10427221,2.55,rest
17788,5,2,8,2,530,10427222,10427751,5.3,active
17789,5,2,0,0,306,10427752,10428057,3.06,rest
17790,5,2,8,3,581,10428058,10428638,5.81,active
17791,5,2,0,0,244,10428639,10428882,2.44,rest
17792,5,2,8,4,376,10428883,10429258,3.76,active
17793,5,2,0,0,462,10429259,10429720,4.62,rest
17794,5,2,8,5,595,10429721,10430315,5.95,active
17795,5,2,0,0,241,10430316,10430556,2.41,rest
17796,5,2,8,6,592,10430557,10431148,5.92,active
17797,5,2,0,0,244,10431149,10431392,2.44,rest
17798,5,2,8,7,594,10431393,10431986,5.94,active
17799,5,2,0,0,245,10431987,10432231,2.45,rest
17800,5,2,8,8,575,10432232,10432806,5.75,active
17801,5,2,0,0,283,10432807,10433089,2.83,rest
17802,5,2,8,9,535,10433090,10433624,5.35,active
17803,5,2,0,0,277,10433625,10433901,2.77,rest
17804,5,2,8,10,599,10433902,10434500,5.99,active
17805,5,2,0,0,389,10434501,10434889,3.89,rest
17806,5,2,9,1,369,10434890,10435258,3.69,active
17807,5,2,0,0,336,10435259,10435594,3.36,rest
17808,5,2,9,2,482,10435595,10436076,4.82,active
17809,5,2,0,0,400,10436077,10436476,4.0,rest
17810,5,2,9,3,427,10436477,10436903,4.27,active
17811,5,2,0,0,428,10436904,10437331,4.28,rest
17812,5,2,9,4,323,10437332,10437654,3.23,active
17813,5,2,0,0,456,10437655,10438110,4.56,rest
17814,5,2,9,5,588,10438111,10438698,5.88,active
17815,5,2,0,0,288,10438699,10438986,2.88,rest
17816,5,2,9,6,548,10438987,10439534,5.48,active
17817,5,2,0,0,328,10439535,10439862,3.28,rest
17818,5,2,9,7,386,10439863,10440248,3.86,active
17819,5,2,0,0,421,10440249,10440669,4.21,rest
17820,5,2,9,8,466,10440670,10441135,4.66,active
17821,5,2,0,0,367,10441136,10441502,3.67,rest
17822,5,2,9,9,437,10441503,10441939,4.37,active
17823,5,2,0,0,345,10441940,10442284,3.45,rest
17824,5,2,9,10,493,10442285,10442777,4.93,active
17825,5,2,0,0,417,10442778,10443194,4.17,rest
17826,5,2,10,1,443,10443195,10443637,4.43,active
17827,5,2,0,0,404,10443638,10444041,4.04,rest
17828,5,2,10,2,445,10444042,10444486,4.45,active
17829,5,2,0,0,381,10444487,10444867,3.81,rest
17830,5,2,10,3,330,10444868,10445197,3.3,active
17831,5,2,0,0,497,10445198,10445694,4.97,rest
17832,5,2,10,4,456,10445695,10446150,4.56,active
17833,5,2,0,0,376,10446151,10446526,3.76,rest
17834,5,2,10,5,333,10446527,10446859,3.33,active
17835,5,2,0,0,527,10446860,10447386,5.27,rest
17836,5,2,10,6,420,10447387,10447806,4.2,active
17837,5,2,0,0,425,10447807,10448231,4.25,rest
17838,5,2,10,7,298,10448232,10448529,2.98,active
17839,5,2,0,0,497,10448530,10449026,4.97,rest
17840,5,2,10,8,462,10449027,10449488,4.62,active
17841,5,2,0,0,408,10449489,10449896,4.08,rest
17842,5,2,10,9,328,10449897,10450224,3.28,active
17843,5,2,0,0,478,10450225,10450702,4.78,rest
17844,5,2,10,10,417,10450703,10451119,4.17,active
17845,5,2,0,0,454,10451120,10451573,4.54,rest
17846,5,2,11,1,508,10451574,10452081,5.08,active
17847,5,2,0,0,348,10452082,10452429,3.48,rest
17848,5,2,11,2,353,10452430,10452782,3.53,active
17849,5,2,0,0,410,10452783,10453192,4.1,rest
17850,5,2,11,3,471,10453193,10453663,4.71,active
17851,5,2,0,0,434,10453664,10454097,4.34,rest
17852,5,2,11,4,367,10454098,10454464,3.67,active
17853,5,2,0,0,421,10454465,10454885,4.21,rest
17854,5,2,11,5,456,10454886,10455341,4.56,active
17855,5,2,0,0,452,10455342,10455793,4.52,rest
17856,5,2,11,6,249,10455794,10456042,2.49,active
17857,5,2,0,0,497,10456043,10456539,4.97,rest
17858,5,2,11,7,344,10456540,10456883,3.44,active
17859,5,2,0,0,546,10456884,10457429,5.46,rest
17860,5,2,11,8,271,10457430,10457700,2.71,active
17861,5,2,0,0,490,10457701,10458190,4.9,rest
17862,5,2,11,9,301,10458191,10458491,3.01,active
17863,5,2,0,0,554,10458492,10459045,5.54,rest
17864,5,2,11,10,313,10459046,10459358,3.13,active
17865,5,2,0,0,471,10459359,10459829,4.71,rest
17866,5,2,12,1,462,10459830,10460291,4.62,active
17867,5,2,0,0,446,10460292,10460737,4.46,rest
17868,5,2,12,2,397,10460738,10461134,3.97,active
17869,5,2,0,0,468,10461135,10461602,4.68,rest
17870,5,2,12,3,403,10461603,10462005,4.03,active
17871,5,2,0,0,411,10462006,10462416,4.11,rest
17872,5,2,12,4,381,10462417,10462797,3.81,active
17873,5,2,0,0,480,10462798,10463277,4.8,rest
17874,5,2,12,5,492,10463278,10463769,4.92,active
17875,5,2,0,0,309,10463770,10464078,3.09,rest
17876,5,2,12,6,406,10464079,10464484,4.06,active
17877,5,2,0,0,421,10464485,10464905,4.21,rest
17878,5,2,12,7,487,10464906,10465392,4.87,active
17879,5,2,0,0,308,10465393,10465700,3.08,rest
17880,5,2,12,8,585,10465701,10466285,5.85,active
17881,5,2,0,0,243,10466286,10466528,2.43,rest
17882,5,2,12,9,592,10466529,10467120,5.92,active
17883,5,2,0,0,353,10467121,10467473,3.53,rest
17884,5,2,12,10,489,10467474,10467962,4.89,active
17885,5,2,0,0,343,10467963,10468305,3.43,rest
17886,5,2,13,1,310,10468306,10468615,3.1,active
17887,5,2,0,0,532,10468616,10469147,5.32,rest
17888,5,2,13,2,466,10469148,10469613,4.66,active
17889,5,2,0,0,350,10469614,10469963,3.5,rest
17890,5,2,13,3,356,10469964,10470319,3.56,active
17891,5,2,0,0,538,10470320,10470857,5.38,rest
17892,5,2,13,4,274,10470858,10471131,2.74,active
17893,5,2,0,0,564,10471132,10471695,5.64,rest
17894,5,2,13,5,276,10471696,10471971,2.76,active
17895,5,2,0,0,533,10471972,10472504,5.33,rest
17896,5,2,13,6,247,10472505,10472751,2.47,active
17897,5,2,0,0,600,10472752,10473351,6.0,rest
17898,5,2,13,7,209,10473352,10473560,2.09,active
17899,5,2,0,0,517,10473561,10474077,5.17,rest
17900,5,2,13,8,422,10474078,10474499,4.22,active
17901,5,2,0,0,545,10474500,10475044,5.45,rest
17902,5,2,13,9,230,10475045,10475274,2.3,active
17903,5,2,0,0,515,10475275,10475789,5.15,rest
17904,5,2,13,10,286,10475790,10476075,2.86,active
17905,5,2,0,0,654,10476076,10476729,6.54,rest
17906,5,2,14,1,334,10476730,10477063,3.34,active
17907,5,2,0,0,502,10477064,10477565,5.02,rest
17908,5,2,14,2,185,10477566,10477750,1.85,active
17909,5,2,0,0,655,10477751,10478405,6.55,rest
17910,5,2,14,3,206,10478406,10478611,2.06,active
17911,5,2,0,0,620,10478612,10479231,6.2,rest
17912,5,2,14,4,185,10479232,10479416,1.85,active
17913,5,2,0,0,641,10479417,10480057,6.41,rest
17914,5,2,14,5,209,10480058,10480266,2.09,active
17915,5,2,0,0,622,10480267,10480888,6.22,rest
17916,5,2,14,6,190,10480889,10481078,1.9,active
17917,5,2,0,0,615,10481079,10481693,6.15,rest
17918,5,2,14,7,221,10481694,10481914,2.21,active
17919,5,2,0,0,646,10481915,10482560,6.46,rest
17920,5,2,14,8,217,10482561,10482777,2.17,active
17921,5,2,0,0,557,10482778,10483334,5.57,rest
17922,5,2,14,9,359,10483335,10483693,3.59,active
17923,5,2,0,0,508,10483694,10484201,5.08,rest
17924,5,2,14,10,227,10484202,10484428,2.27,active
17925,5,2,0,0,700,10484429,10485128,7.0,rest
17926,5,2,15,1,289,10485129,10485417,2.89,active
17927,5,2,0,0,538,10485418,10485955,5.38,rest
17928,5,2,15,2,192,10485956,10486147,1.92,active
17929,5,2,0,0,649,10486148,10486796,6.49,rest
17930,5,2,15,3,279,10486797,10487075,2.79,active
17931,5,2,0,0,425,10487076,10487500,4.25,rest
17932,5,2,15,4,411,10487501,10487911,4.11,active
17933,5,2,0,0,520,10487912,10488431,5.2,rest
17934,5,2,15,5,356,10488432,10488787,3.56,active
17935,5,2,0,0,386,10488788,10489173,3.86,rest
17936,5,2,15,6,333,10489174,10489506,3.33,active
17937,5,2,0,0,564,10489507,10490070,5.64,rest
17938,5,2,15,7,461,10490071,10490531,4.61,active
17939,5,2,0,0,409,10490532,10490940,4.09,rest
17940,5,2,15,8,259,10490941,10491199,2.59,active
17941,5,2,0,0,610,10491200,10491809,6.1,rest
17942,5,2,15,9,216,10491810,10492025,2.16,active
17943,5,2,0,0,537,10492026,10492562,5.37,rest
17944,5,2,15,10,274,10492563,10492836,2.74,active
17945,5,2,0,0,632,10492837,10493468,6.32,rest
17946,5,2,16,1,424,10493469,10493892,4.24,active
17947,5,2,0,0,408,10493893,10494300,4.08,rest
17948,5,2,16,2,354,10494301,10494654,3.54,active
17949,5,2,0,0,473,10494655,10495127,4.73,rest
17950,5,2,16,3,494,10495128,10495621,4.94,active
17951,5,2,0,0,343,10495622,10495964,3.43,rest
17952,5,2,16,4,394,10495965,10496358,3.94,active
17953,5,2,0,0,442,10496359,10496800,4.42,rest
17954,5,2,16,5,491,10496801,10497291,4.91,active
17955,5,2,0,0,287,10497292,10497578,2.87,rest
17956,5,2,16,6,522,10497579,10498100,5.22,active
17957,5,2,0,0,375,10498101,10498475,3.75,rest
17958,5,2,16,7,407,10498476,10498882,4.07,active
17959,5,2,0,0,365,10498883,10499247,3.65,rest
17960,5,2,16,8,520,10499248,10499767,5.2,active
17961,5,2,0,0,386,10499768,10500153,3.86,rest
17962,5,2,16,9,475,10500154,10500628,4.75,active
17963,5,2,0,0,333,10500629,10500961,3.33,rest
17964,5,2,16,10,286,10500962,10501247,2.86,active
17965,5,2,0,0,501,10501248,10501748,5.01,rest
17966,5,2,17,1,493,10501749,10502241,4.93,active
17967,5,2,0,0,395,10502242,10502636,3.95,rest
17968,5,2,17,2,392,10502637,10503028,3.92,active
17969,5,2,0,0,442,10503029,10503470,4.42,rest
17970,5,2,17,3,389,10503471,10503859,3.89,active
17971,5,2,0,0,441,10503860,10504300,4.41,rest
17972,5,2,17,4,430,10504301,10504730,4.3,active
17973,5,2,0,0,410,10504731,10505140,4.1,rest
17974,5,2,17,5,397,10505141,10505537,3.97,active
17975,5,2,0,0,435,10505538,10505972,4.35,rest
17976,5,2,17,6,380,10505973,10506352,3.8,active
17977,5,2,0,0,461,10506353,10506813,4.61,rest
17978,5,2,17,7,247,10506814,10507060,2.47,active
17979,5,2,0,0,588,10507061,10507648,5.88,rest
17980,5,2,17,8,441,10507649,10508089,4.41,active
17981,5,2,0,0,403,10508090,10508492,4.03,rest
17982,5,2,17,9,515,10508493,10509007,5.15,active
17983,5,2,0,0,322,10509008,10509329,3.22,rest
17984,5,2,17,10,513,10509330,10509842,5.13,active
17985,5,2,0,0,249,10509843,10510091,2.49,rest
17986,5,3,0,0,462,10510092,10510553,4.62,rest
17987,5,3,1,1,464,10510554,10511017,4.64,active
17988,5,3,0,0,440,10511018,10511457,4.4,rest
17989,5,3,1,2,281,10511458,10511738,2.81,active
17990,5,3,0,0,492,10511739,10512230,4.92,rest
17991,5,3,1,3,293,10512231,10512523,2.93,active
17992,5,3,0,0,513,10512524,10513036,5.13,rest
17993,5,3,1,4,361,10513037,10513397,3.61,active
17994,5,3,0,0,479,10513398,10513876,4.79,rest
17995,5,3,1,5,356,10513877,10514232,3.56,active
17996,5,3,0,0,463,10514233,10514695,4.63,rest
17997,5,3,1,6,384,10514696,10515079,3.84,active
17998,5,3,0,0,439,10515080,10515518,4.39,rest
17999,5,3,1,7,335,10515519,10515853,3.35,active
18000,5,3,0,0,526,10515854,10516379,5.26,rest
18001,5,3,1,8,350,10516380,10516729,3.5,active
18002,5,3,0,0,479,10516730,10517208,4.79,rest
18003,5,3,1,9,358,10517209,10517566,3.58,active
18004,5,3,0,0,464,10517567,10518030,4.64,rest
18005,5,3,1,10,297,10518031,10518327,2.97,active
18006,5,3,0,0,2067,10518328,10520394,20.67,rest
18007,5,3,2,1,206,10520395,10520600,2.06,active
18008,5,3,0,0,432,10520601,10521032,4.32,rest
18009,5,3,2,2,495,10521033,10521527,4.95,active
18010,5,3,0,0,437,10521528,10521964,4.37,rest
18011,5,3,2,3,358,10521965,10522322,3.58,active
18012,5,3,0,0,499,10522323,10522821,4.99,rest
18013,5,3,2,4,346,10522822,10523167,3.46,active
18014,5,3,0,0,439,10523168,10523606,4.39,rest
18015,5,3,2,5,441,10523607,10524047,4.41,active
18016,5,3,0,0,363,10524048,10524410,3.63,rest
18017,5,3,2,6,477,10524411,10524887,4.77,active
18018,5,3,0,0,420,10524888,10525307,4.2,rest
18019,5,3,2,7,426,10525308,10525733,4.26,active
18020,5,3,0,0,410,10525734,10526143,4.1,rest
18021,5,3,2,8,462,10526144,10526605,4.62,active
18022,5,3,0,0,371,10526606,10526976,3.71,rest
18023,5,3,2,9,396,10526977,10527372,3.96,active
18024,5,3,0,0,396,10527373,10527768,3.96,rest
18025,5,3,2,10,482,10527769,10528250,4.82,active
18026,5,3,0,0,696,10528251,10528946,6.96,rest
18027,5,3,3,1,321,10528947,10529267,3.21,active
18028,5,3,0,0,326,10529268,10529593,3.26,rest
18029,5,3,3,2,380,10529594,10529973,3.8,active
18030,5,3,0,0,485,10529974,10530458,4.85,rest
18031,5,3,3,3,329,10530459,10530787,3.29,active
18032,5,3,0,0,534,10530788,10531321,5.34,rest
18033,5,3,3,4,278,10531322,10531599,2.78,active
18034,5,3,0,0,488,10531600,10532087,4.88,rest
18035,5,3,3,5,508,10532088,10532595,5.08,active
18036,5,3,0,0,292,10532596,10532887,2.92,rest
18037,5,3,3,6,424,10532888,10533311,4.24,active
18038,5,3,0,0,438,10533312,10533749,4.38,rest
18039,5,3,3,7,386,10533750,10534135,3.86,active
18040,5,3,0,0,441,10534136,10534576,4.41,rest
18041,5,3,3,8,406,10534577,10534982,4.06,active
18042,5,3,0,0,443,10534983,10535425,4.43,rest
18043,5,3,3,9,346,10535426,10535771,3.46,active
18044,5,3,0,0,469,10535772,10536240,4.69,rest
18045,5,3,3,10,393,10536241,10536633,3.93,active
18046,5,3,0,0,3102,10536634,10539735,31.02,rest
18047,5,3,4,1,318,10539736,10540053,3.18,active
18048,5,3,0,0,411,10540054,10540464,4.11,rest
18049,5,3,4,2,360,10540465,10540824,3.6,active
18050,5,3,0,0,501,10540825,10541325,5.01,rest
18051,5,3,4,3,424,10541326,10541749,4.24,active
18052,5,3,0,0,386,10541750,10542135,3.86,rest
18053,5,3,4,4,409,10542136,10542544,4.09,active
18054,5,3,0,0,441,10542545,10542985,4.41,rest
18055,5,3,4,5,397,10542986,10543382,3.97,active
18056,5,3,0,0,442,10543383,10543824,4.42,rest
18057,5,3,4,6,297,10543825,10544121,2.97,active
18058,5,3,0,0,547,10544122,10544668,5.47,rest
18059,5,3,4,7,275,10544669,10544943,2.75,active
18060,5,3,0,0,610,10544944,10545553,6.1,rest
18061,5,3,4,8,356,10545554,10545909,3.56,active
18062,5,3,0,0,426,10545910,10546335,4.26,rest
18063,5,3,4,9,384,10546336,10546719,3.84,active
18064,5,3,0,0,438,10546720,10547157,4.38,rest
18065,5,3,4,10,291,10547158,10547448,2.91,active
18066,5,3,0,0,1198,10547449,10548646,11.98,rest
18067,5,3,5,1,357,10548647,10549003,3.57,active
18068,5,3,0,0,405,10549004,10549408,4.05,rest
18069,5,3,5,2,390,10549409,10549798,3.9,active
18070,5,3,0,0,502,10549799,10550300,5.02,rest
18071,5,3,5,3,490,10550301,10550790,4.9,active
18072,5,3,0,0,300,10550791,10551090,3.0,rest
18073,5,3,5,4,389,10551091,10551479,3.89,active
18074,5,3,0,0,416,10551480,10551895,4.16,rest
18075,5,3,5,5,426,10551896,10552321,4.26,active
18076,5,3,0,0,436,10552322,10552757,4.36,rest
18077,5,3,5,6,498,10552758,10553255,4.98,active
18078,5,3,0,0,361,10553256,10553616,3.61,rest
18079,5,3,5,7,385,10553617,10554001,3.85,active
18080,5,3,0,0,418,10554002,10554419,4.18,rest
18081,5,3,5,8,403,10554420,10554822,4.03,active
18082,5,3,0,0,400,10554823,10555222,4.0,rest
18083,5,3,5,9,472,10555223,10555694,4.72,active
18084,5,3,0,0,447,10555695,10556141,4.47,rest
18085,5,3,5,10,478,10556142,10556619,4.78,active
18086,5,3,0,0,1011,10556620,10557630,10.11,rest
18087,5,3,6,1,471,10557631,10558101,4.71,active
18088,5,3,0,0,393,10558102,10558494,3.93,rest
18089,5,3,6,2,449,10558495,10558943,4.49,active
18090,5,3,0,0,374,10558944,10559317,3.74,rest
18091,5,3,6,3,437,10559318,10559754,4.37,active
18092,5,3,0,0,354,10559755,10560108,3.54,rest
18093,5,3,6,4,447,10560109,10560555,4.47,active
18094,5,3,0,0,418,10560556,10560973,4.18,rest
18095,5,3,6,5,477,10560974,10561450,4.77,active
18096,5,3,0,0,321,10561451,10561771,3.21,rest
18097,5,3,6,6,272,10561772,10562043,2.72,active
18098,5,3,0,0,568,10562044,10562611,5.68,rest
18099,5,3,6,7,484,10562612,10563095,4.84,active
18100,5,3,0,0,277,10563096,10563372,2.77,rest
18101,5,3,6,8,485,10563373,10563857,4.85,active
18102,5,3,0,0,460,10563858,10564317,4.6,rest
18103,5,3,6,9,374,10564318,10564691,3.74,active
18104,5,3,0,0,432,10564692,10565123,4.32,rest
18105,5,3,6,10,411,10565124,10565534,4.11,active
18106,5,3,0,0,1000,10565535,10566534,10.0,rest
18107,5,3,7,1,424,10566535,10566958,4.24,active
18108,5,3,0,0,476,10566959,10567434,4.76,rest
18109,5,3,7,2,354,10567435,10567788,3.54,active
18110,5,3,0,0,448,10567789,10568236,4.48,rest
18111,5,3,7,3,357,10568237,10568593,3.57,active
18112,5,3,0,0,407,10568594,10569000,4.07,rest
18113,5,3,7,4,475,10569001,10569475,4.75,active
18114,5,3,0,0,426,10569476,10569901,4.26,rest
18115,5,3,7,5,485,10569902,10570386,4.85,active
18116,5,3,0,0,318,10570387,10570704,3.18,rest
18117,5,3,7,6,511,10570705,10571215,5.11,active
18118,5,3,0,0,349,10571216,10571564,3.49,rest
18119,5,3,7,7,447,10571565,10572011,4.47,active
18120,5,3,0,0,418,10572012,10572429,4.18,rest
18121,5,3,7,8,408,10572430,10572837,4.08,active
18122,5,3,0,0,398,10572838,10573235,3.98,rest
18123,5,3,7,9,317,10573236,10573552,3.17,active
18124,5,3,0,0,507,10573553,10574059,5.07,rest
18125,5,3,7,10,472,10574060,10574531,4.72,active
18126,5,3,0,0,532,10574532,10575063,5.32,rest
18127,5,3,8,1,454,10575064,10575517,4.54,active
18128,5,3,0,0,346,10575518,10575863,3.46,rest
18129,5,3,8,2,458,10575864,10576321,4.58,active
18130,5,3,0,0,432,10576322,10576753,4.32,rest
18131,5,3,8,3,406,10576754,10577159,4.06,active
18132,5,3,0,0,411,10577160,10577570,4.11,rest
18133,5,3,8,4,456,10577571,10578026,4.56,active
18134,5,3,0,0,399,10578027,10578425,3.99,rest
18135,5,3,8,5,454,10578426,10578879,4.54,active
18136,5,3,0,0,390,10578880,10579269,3.9,rest
18137,5,3,8,6,476,10579270,10579745,4.76,active
18138,5,3,0,0,455,10579746,10580200,4.55,rest
18139,5,3,8,7,447,10580201,10580647,4.47,active
18140,5,3,0,0,284,10580648,10580931,2.84,rest
18141,5,3,8,8,428,10580932,10581359,4.28,active
18142,5,3,0,0,433,10581360,10581792,4.33,rest
18143,5,3,8,9,407,10581793,10582199,4.07,active
18144,5,3,0,0,405,10582200,10582604,4.05,rest
18145,5,3,8,10,496,10582605,10583100,4.96,active
18146,5,3,0,0,926,10583101,10584026,9.26,rest
18147,5,3,9,1,374,10584027,10584400,3.74,active
18148,5,3,0,0,434,10584401,10584834,4.34,rest
18149,5,3,9,2,401,10584835,10585235,4.01,active
18150,5,3,0,0,437,10585236,10585672,4.37,rest
18151,5,3,9,3,496,10585673,10586168,4.96,active
18152,5,3,0,0,291,10586169,10586459,2.91,rest
18153,5,3,9,4,488,10586460,10586947,4.88,active
18154,5,3,0,0,411,10586948,10587358,4.11,rest
18155,5,3,9,5,420,10587359,10587778,4.2,active
18156,5,3,0,0,410,10587779,10588188,4.1,rest
18157,5,3,9,6,537,10588189,10588725,5.37,active
18158,5,3,0,0,314,10588726,10589039,3.14,rest
18159,5,3,9,7,511,10589040,10589550,5.11,active
18160,5,3,0,0,341,10589551,10589891,3.41,rest
18161,5,3,9,8,473,10589892,10590364,4.73,active
18162,5,3,0,0,293,10590365,10590657,2.93,rest
18163,5,3,9,9,578,10590658,10591235,5.78,active
18164,5,3,0,0,306,10591236,10591541,3.06,rest
18165,5,3,9,10,407,10591542,10591948,4.07,active
18166,5,3,0,0,1750,10591949,10593698,17.5,rest
18167,5,3,10,1,309,10593699,10594007,3.09,active
18168,5,3,0,0,493,10594008,10594500,4.93,rest
18169,5,3,10,2,476,10594501,10594976,4.76,active
18170,5,3,0,0,395,10594977,10595371,3.95,rest
18171,5,3,10,3,417,10595372,10595788,4.17,active
18172,5,3,0,0,401,10595789,10596189,4.01,rest
18173,5,3,10,4,361,10596190,10596550,3.61,active
18174,5,3,0,0,504,10596551,10597054,5.04,rest
18175,5,3,10,5,308,10597055,10597362,3.08,active
18176,5,3,0,0,532,10597363,10597894,5.32,rest
18177,5,3,10,6,293,10597895,10598187,2.93,active
18178,5,3,0,0,549,10598188,10598736,5.49,rest
18179,5,3,10,7,305,10598737,10599041,3.05,active
18180,5,3,0,0,497,10599042,10599538,4.97,rest
18181,5,3,10,8,313,10599539,10599851,3.13,active
18182,5,3,0,0,522,10599852,10600373,5.22,rest
18183,5,3,10,9,324,10600374,10600697,3.24,active
18184,5,3,0,0,490,10600698,10601187,4.9,rest
18185,5,3,10,10,403,10601188,10601590,4.03,active
18186,5,3,0,0,1480,10601591,10603070,14.8,rest
18187,5,3,11,1,434,10603071,10603504,4.34,active
18188,5,3,0,0,387,10603505,10603891,3.87,rest
18189,5,3,11,2,430,10603892,10604321,4.3,active
18190,5,3,0,0,380,10604322,10604701,3.8,rest
18191,5,3,11,3,427,10604702,10605128,4.27,active
18192,5,3,0,0,358,10605129,10605486,3.58,rest
18193,5,3,11,4,495,10605487,10605981,4.95,active
18194,5,3,0,0,426,10605982,10606407,4.26,rest
18195,5,3,11,5,349,10606408,10606756,3.49,active
18196,5,3,0,0,478,10606757,10607234,4.78,rest
18197,5,3,11,6,418,10607235,10607652,4.18,active
18198,5,3,0,0,404,10607653,10608056,4.04,rest
18199,5,3,11,7,396,10608057,10608452,3.96,active
18200,5,3,0,0,432,10608453,10608884,4.32,rest
18201,5,3,11,8,420,10608885,10609304,4.2,active
18202,5,3,0,0,416,10609305,10609720,4.16,rest
18203,5,3,11,9,452,10609721,10610172,4.52,active
18204,5,3,0,0,391,10610173,10610563,3.91,rest
18205,5,3,11,10,375,10610564,10610938,3.75,active
18206,5,3,0,0,1061,10610939,10611999,10.61,rest
18207,5,3,12,1,267,10612000,10612266,2.67,active
18208,5,3,0,0,417,10612267,10612683,4.17,rest
18209,5,3,12,2,377,10612684,10613060,3.77,active
18210,5,3,0,0,448,10613061,10613508,4.48,rest
18211,5,3,12,3,441,10613509,10613949,4.41,active
18212,5,3,0,0,435,10613950,10614384,4.35,rest
18213,5,3,12,4,267,10614385,10614651,2.67,active
18214,5,3,0,0,481,10614652,10615132,4.81,rest
18215,5,3,12,5,434,10615133,10615566,4.34,active
18216,5,3,0,0,487,10615567,10616053,4.87,rest
18217,5,3,12,6,483,10616054,10616536,4.83,active
18218,5,3,0,0,351,10616537,10616887,3.51,rest
18219,5,3,12,7,403,10616888,10617290,4.03,active
18220,5,3,0,0,460,10617291,10617750,4.6,rest
18221,5,3,12,8,359,10617751,10618109,3.59,active
18222,5,3,0,0,412,10618110,10618521,4.12,rest
18223,5,3,12,9,445,10618522,10618966,4.45,active
18224,5,3,0,0,437,10618967,10619403,4.37,rest
18225,5,3,12,10,358,10619404,10619761,3.58,active
18226,5,3,0,0,797,10619762,10620558,7.97,rest
18227,5,3,13,1,326,10620559,10620884,3.26,active
18228,5,3,0,0,462,10620885,10621346,4.62,rest
18229,5,3,13,2,351,10621347,10621697,3.51,active
18230,5,3,0,0,344,10621698,10622041,3.44,rest
18231,5,3,13,3,451,10622042,10622492,4.51,active
18232,5,3,0,0,436,10622493,10622928,4.36,rest
18233,5,3,13,4,410,10622929,10623338,4.1,active
18234,5,3,0,0,420,10623339,10623758,4.2,rest
18235,5,3,13,5,401,10623759,10624159,4.01,active
18236,5,3,0,0,439,10624160,10624598,4.39,rest
18237,5,3,13,6,375,10624599,10624973,3.75,active
18238,5,3,0,0,477,10624974,10625450,4.77,rest
18239,5,3,13,7,386,10625451,10625836,3.86,active
18240,5,3,0,0,464,10625837,10626300,4.64,rest
18241,5,3,13,8,377,10626301,10626677,3.77,active
18242,5,3,0,0,414,10626678,10627091,4.14,rest
18243,5,3,13,9,384,10627092,10627475,3.84,active
18244,5,3,0,0,478,10627476,10627953,4.78,rest
18245,5,3,13,10,391,10627954,10628344,3.91,active
18246,5,3,0,0,985,10628345,10629329,9.85,rest
18247,5,3,14,1,361,10629330,10629690,3.61,active
18248,5,3,0,0,459,10629691,10630149,4.59,rest
18249,5,3,14,2,357,10630150,10630506,3.57,active
18250,5,3,0,0,437,10630507,10630943,4.37,rest
18251,5,3,14,3,472,10630944,10631415,4.72,active
18252,5,3,0,0,333,10631416,10631748,3.33,rest
18253,5,3,14,4,518,10631749,10632266,5.18,active
18254,5,3,0,0,338,10632267,10632604,3.38,rest
18255,5,3,14,5,445,10632605,10633049,4.45,active
18256,5,3,0,0,436,10633050,10633485,4.36,rest
18257,5,3,14,6,382,10633486,10633867,3.82,active
18258,5,3,0,0,350,10633868,10634217,3.5,rest
18259,5,3,14,7,507,10634218,10634724,5.07,active
18260,5,3,0,0,330,10634725,10635054,3.3,rest
18261,5,3,14,8,479,10635055,10635533,4.79,active
18262,5,3,0,0,395,10635534,10635928,3.95,rest
18263,5,3,14,9,522,10635929,10636450,5.22,active
18264,5,3,0,0,394,10636451,10636844,3.94,rest
18265,5,3,14,10,398,10636845,10637242,3.98,active
18266,5,3,0,0,1018,10637243,10638260,10.18,rest
18267,5,3,15,1,355,10638261,10638615,3.55,active
18268,5,3,0,0,360,10638616,10638975,3.6,rest
18269,5,3,15,2,473,10638976,10639448,4.73,active
18270,5,3,0,0,337,10639449,10639785,3.37,rest
18271,5,3,15,3,255,10639786,10640040,2.55,active
18272,5,3,0,0,537,10640041,10640577,5.37,rest
18273,5,3,15,4,559,10640578,10641136,5.59,active
18274,5,3,0,0,481,10641137,10641617,4.81,rest
18275,5,3,15,5,253,10641618,10641870,2.53,active
18276,5,3,0,0,470,10641871,10642340,4.7,rest
18277,5,3,15,6,490,10642341,10642830,4.9,active
18278,5,3,0,0,414,10642831,10643244,4.14,rest
18279,5,3,15,7,311,10643245,10643555,3.11,active
18280,5,3,0,0,455,10643556,10644010,4.55,rest
18281,5,3,15,8,480,10644011,10644490,4.8,active
18282,5,3,0,0,252,10644491,10644742,2.52,rest
18283,5,3,15,9,520,10644743,10645262,5.2,active
18284,5,3,0,0,452,10645263,10645714,4.52,rest
18285,5,3,15,10,318,10645715,10646032,3.18,active
18286,5,3,0,0,987,10646033,10647019,9.87,rest
18287,5,3,16,1,310,10647020,10647329,3.1,active
18288,5,3,0,0,459,10647330,10647788,4.59,rest
18289,5,3,16,2,430,10647789,10648218,4.3,active
18290,5,3,0,0,365,10648219,10648583,3.65,rest
18291,5,3,16,3,413,10648584,10648996,4.13,active
18292,5,3,0,0,424,10648997,10649420,4.24,rest
18293,5,3,16,4,328,10649421,10649748,3.28,active
18294,5,3,0,0,547,10649749,10650295,5.47,rest
18295,5,3,16,5,368,10650296,10650663,3.68,active
18296,5,3,0,0,444,10650664,10651107,4.44,rest
18297,5,3,16,6,416,10651108,10651523,4.16,active
18298,5,3,0,0,498,10651524,10652021,4.98,rest
18299,5,3,16,7,345,10652022,10652366,3.45,active
18300,5,3,0,0,366,10652367,10652732,3.66,rest
18301,5,3,16,8,465,10652733,10653197,4.65,active
18302,5,3,0,0,497,10653198,10653694,4.97,rest
18303,5,3,16,9,416,10653695,10654110,4.16,active
18304,5,3,0,0,369,10654111,10654479,3.69,rest
18305,5,3,16,10,436,10654480,10654915,4.36,active
18306,5,3,0,0,1524,10654916,10656439,15.24,rest
18307,5,3,17,1,369,10656440,10656808,3.69,active
18308,5,3,0,0,329,10656809,10657137,3.29,rest
18309,5,3,17,2,503,10657138,10657640,5.03,active
18310,5,3,0,0,413,10657641,10658053,4.13,rest
18311,5,3,17,3,424,10658054,10658477,4.24,active
18312,5,3,0,0,312,10658478,10658789,3.12,rest
18313,5,3,17,4,520,10658790,10659309,5.2,active
18314,5,3,0,0,330,10659310,10659639,3.3,rest
18315,5,3,17,5,510,10659640,10660149,5.1,active
18316,5,3,0,0,252,10660150,10660401,2.52,rest
18317,5,3,17,6,583,10660402,10660984,5.83,active
18318,5,3,0,0,254,10660985,10661238,2.54,rest
18319,5,3,17,7,583,10661239,10661821,5.83,active
18320,5,3,0,0,305,10661822,10662126,3.05,rest
18321,5,3,17,8,518,10662127,10662644,5.18,active
18322,5,3,0,0,385,10662645,10663029,3.85,rest
18323,5,3,17,9,467,10663030,10663496,4.67,active
18324,5,3,0,0,456,10663497,10663952,4.56,rest
18325,5,3,17,10,381,10663953,10664333,3.81,active
18326,5,3,0,0,1439,10664334,10665772,14.39,rest
18327,5,3,18,1,390,10665773,10666162,3.9,active
18328,5,3,0,0,340,10666163,10666502,3.4,rest
18329,5,3,18,2,375,10666503,10666877,3.75,active
18330,5,3,0,0,440,10666878,10667317,4.4,rest
18331,5,3,18,3,351,10667318,10667668,3.51,active
18332,5,3,0,0,469,10667669,10668137,4.69,rest
18333,5,3,18,4,458,10668138,10668595,4.58,active
18334,5,3,0,0,416,10668596,10669011,4.16,rest
18335,5,3,18,5,409,10669012,10669420,4.09,active
18336,5,3,0,0,396,10669421,10669816,3.96,rest
18337,5,3,18,6,404,10669817,10670220,4.04,active
18338,5,3,0,0,428,10670221,10670648,4.28,rest
18339,5,3,18,7,431,10670649,10671079,4.31,active
18340,5,3,0,0,395,10671080,10671474,3.95,rest
18341,5,3,18,8,460,10671475,10671934,4.6,active
18342,5,3,0,0,386,10671935,10672320,3.86,rest
18343,5,3,18,9,354,10672321,10672674,3.54,active
18344,5,3,0,0,584,10672675,10673258,5.84,rest
18345,5,3,18,10,429,10673259,10673687,4.29,active
18346,5,3,0,0,1042,10673688,10674729,10.42,rest
18347,5,3,19,1,445,10674730,10675174,4.45,active
18348,5,3,0,0,413,10675175,10675587,4.13,rest
18349,5,3,19,2,422,10675588,10676009,4.22,active
18350,5,3,0,0,308,10676010,10676317,3.08,rest
18351,5,3,19,3,426,10676318,10676743,4.26,active
18352,5,3,0,0,378,10676744,10677121,3.78,rest
18353,5,3,19,4,501,10677122,10677622,5.01,active
18354,5,3,0,0,356,10677623,10677978,3.56,rest
18355,5,3,19,5,436,10677979,10678414,4.36,active
18356,5,3,0,0,382,10678415,10678796,3.82,rest
18357,5,3,19,6,424,10678797,10679220,4.24,active
18358,5,3,0,0,398,10679221,10679618,3.98,rest
18359,5,3,19,7,507,10679619,10680125,5.07,active
18360,5,3,0,0,360,10680126,10680485,3.6,rest
18361,5,3,19,8,415,10680486,10680900,4.15,active
18362,5,3,0,0,444,10680901,10681344,4.44,rest
18363,5,3,19,9,301,10681345,10681645,3.01,active
18364,5,3,0,0,557,10681646,10682202,5.57,rest
18365,5,3,19,10,281,10682203,10682483,2.81,active
18366,5,3,0,0,1024,10682484,10683507,10.24,rest
18367,5,3,20,1,495,10683508,10684002,4.95,active
18368,5,3,0,0,294,10684003,10684296,2.94,rest
18369,5,3,20,2,472,10684297,10684768,4.72,active
18370,5,3,0,0,383,10684769,10685151,3.83,rest
18371,5,3,20,3,432,10685152,10685583,4.32,active
18372,5,3,0,0,402,10685584,10685985,4.02,rest
18373,5,3,20,4,463,10685986,10686448,4.63,active
18374,5,3,0,0,338,10686449,10686786,3.38,rest
18375,5,3,20,5,482,10686787,10687268,4.82,active
18376,5,3,0,0,388,10687269,10687656,3.88,rest
18377,5,3,20,6,393,10687657,10688049,3.93,active
18378,5,3,0,0,436,10688050,10688485,4.36,rest
18379,5,3,20,7,424,10688486,10688909,4.24,active
18380,5,3,0,0,332,10688910,10689241,3.32,rest
18381,5,3,20,8,440,10689242,10689681,4.4,active
18382,5,3,0,0,392,10689682,10690073,3.92,rest
18383,5,3,20,9,466,10690074,10690539,4.66,active
18384,5,3,0,0,437,10690540,10690976,4.37,rest
18385,5,3,20,10,489,10690977,10691465,4.89,active
18386,5,3,0,0,2913,10691466,10694378,29.13,rest
18387,5,3,21,1,454,10694379,10694832,4.54,active
18388,5,3,0,0,339,10694833,10695171,3.39,rest
18389,5,3,21,2,487,10695172,10695658,4.87,active
18390,5,3,0,0,401,10695659,10696059,4.01,rest
18391,5,3,21,3,345,10696060,10696404,3.45,active
18392,5,3,0,0,456,10696405,10696860,4.56,rest
18393,5,3,21,4,366,10696861,10697226,3.66,active
18394,5,3,0,0,475,10697227,10697701,4.75,rest
18395,5,3,21,5,467,10697702,10698168,4.67,active
18396,5,3,0,0,365,10698169,10698533,3.65,rest
18397,5,3,21,6,480,10698534,10699013,4.8,active
18398,5,3,0,0,366,10699014,10699379,3.66,rest
18399,5,3,21,7,439,10699380,10699818,4.39,active
18400,5,3,0,0,401,10699819,10700219,4.01,rest
18401,5,3,21,8,387,10700220,10700606,3.87,active
18402,5,3,0,0,437,10700607,10701043,4.37,rest
18403,5,3,21,9,479,10701044,10701522,4.79,active
18404,5,3,0,0,368,10701523,10701890,3.68,rest
18405,5,3,21,10,400,10701891,10702290,4.0,active
18406,5,3,0,0,3515,10702291,10705805,35.15,rest
18407,5,3,22,1,442,10705806,10706247,4.42,active
18408,5,3,0,0,451,10706248,10706698,4.51,rest
18409,5,3,22,2,400,10706699,10707098,4.0,active
18410,5,3,0,0,419,10707099,10707517,4.19,rest
18411,5,3,22,3,370,10707518,10707887,3.7,active
18412,5,3,0,0,457,10707888,10708344,4.57,rest
18413,5,3,22,4,401,10708345,10708745,4.01,active
18414,5,3,0,0,458,10708746,10709203,4.58,rest
18415,5,3,22,5,389,10709204,10709592,3.89,active
18416,5,3,0,0,434,10709593,10710026,4.34,rest
18417,5,3,22,6,456,10710027,10710482,4.56,active
18418,5,3,0,0,373,10710483,10710855,3.73,rest
18419,5,3,22,7,387,10710856,10711242,3.87,active
18420,5,3,0,0,428,10711243,10711670,4.28,rest
18421,5,3,22,8,523,10711671,10712193,5.23,active
18422,5,3,0,0,288,10712194,10712481,2.88,rest
18423,5,3,22,9,383,10712482,10712864,3.83,active
18424,5,3,0,0,454,10712865,10713318,4.54,rest
18425,5,3,22,10,364,10713319,10713682,3.64,active
18426,5,3,0,0,2102,10713683,10715784,21.02,rest
18427,5,3,23,1,388,10715785,10716172,3.88,active
18428,5,3,0,0,368,10716173,10716540,3.68,rest
18429,5,3,23,2,493,10716541,10717033,4.93,active
18430,5,3,0,0,351,10717034,10717384,3.51,rest
18431,5,3,23,3,485,10717385,10717869,4.85,active
18432,5,3,0,0,339,10717870,10718208,3.39,rest
18433,5,3,23,4,452,10718209,10718660,4.52,active
18434,5,3,0,0,383,10718661,10719043,3.83,rest
18435,5,3,23,5,484,10719044,10719527,4.84,active
18436,5,3,0,0,349,10719528,10719876,3.49,rest
18437,5,3,23,6,412,10719877,10720288,4.12,active
18438,5,3,0,0,438,10720289,10720726,4.38,rest
18439,5,3,23,7,450,10720727,10721176,4.5,active
18440,5,3,0,0,339,10721177,10721515,3.39,rest
18441,5,3,23,8,526,10721516,10722041,5.26,active
18442,5,3,0,0,301,10722042,10722342,3.01,rest
18443,5,3,23,9,520,10722343,10722862,5.2,active
18444,5,3,0,0,360,10722863,10723222,3.6,rest
18445,5,3,23,10,491,10723223,10723713,4.91,active
18446,5,3,0,0,300,10723714,10724013,3.0,rest
18447,6,2,0,0,379,10825097,10825475,3.79,rest
18448,6,2,1,1,476,10825476,10825951,4.76,active
18449,6,2,0,0,320,10825952,10826271,3.2,rest
18450,6,2,1,2,591,10826272,10826862,5.91,active
18451,6,2,0,0,274,10826863,10827136,2.74,rest
18452,6,2,1,3,563,10827137,10827699,5.63,active
18453,6,2,0,0,294,10827700,10827993,2.94,rest
18454,6,2,1,4,444,10827994,10828437,4.44,active
18455,6,2,0,0,408,10828438,10828845,4.08,rest
18456,6,2,1,5,534,10828846,10829379,5.34,active
18457,6,2,0,0,277,10829380,10829656,2.77,rest
18458,6,2,1,6,560,10829657,10830216,5.6,active
18459,6,2,0,0,290,10830217,10830506,2.9,rest
18460,6,2,1,7,550,10830507,10831056,5.5,active
18461,6,2,0,0,271,10831057,10831327,2.71,rest
18462,6,2,1,8,457,10831328,10831784,4.57,active
18463,6,2,0,0,403,10831785,10832187,4.03,rest
18464,6,2,1,9,488,10832188,10832675,4.88,active
18465,6,2,0,0,316,10832676,10832991,3.16,rest
18466,6,2,1,10,581,10832992,10833572,5.81,active
18467,6,2,0,0,356,10833573,10833928,3.56,rest
18468,6,2,2,1,263,10833929,10834191,2.63,active
18469,6,2,0,0,541,10834192,10834732,5.41,rest
18470,6,2,2,2,341,10834733,10835073,3.41,active
18471,6,2,0,0,457,10835074,10835530,4.57,rest
18472,6,2,2,3,312,10835531,10835842,3.12,active
18473,6,2,0,0,518,10835843,10836360,5.18,rest
18474,6,2,2,4,348,10836361,10836708,3.48,active
18475,6,2,0,0,535,10836709,10837243,5.35,rest
18476,6,2,2,5,276,10837244,10837519,2.76,active
18477,6,2,0,0,508,10837520,10838027,5.08,rest
18478,6,2,2,6,390,10838028,10838417,3.9,active
18479,6,2,0,0,506,10838418,10838923,5.06,rest
18480,6,2,2,7,289,10838924,10839212,2.89,active
18481,6,2,0,0,555,10839213,10839767,5.55,rest
18482,6,2,2,8,345,10839768,10840112,3.45,active
18483,6,2,0,0,479,10840113,10840591,4.79,rest
18484,6,2,2,9,304,10840592,10840895,3.04,active
18485,6,2,0,0,596,10840896,10841491,5.96,rest
18486,6,2,2,10,258,10841492,10841749,2.58,active
18487,6,2,0,0,625,10841750,10842374,6.25,rest
18488,6,2,3,1,248,10842375,10842622,2.48,active
18489,6,2,0,0,503,10842623,10843125,5.03,rest
18490,6,2,3,2,314,10843126,10843439,3.14,active
18491,6,2,0,0,531,10843440,10843970,5.31,rest
18492,6,2,3,3,352,10843971,10844322,3.52,active
18493,6,2,0,0,476,10844323,10844798,4.76,rest
18494,6,2,3,4,394,10844799,10845192,3.94,active
18495,6,2,0,0,459,10845193,10845651,4.59,rest
18496,6,2,3,5,331,10845652,10845982,3.31,active
18497,6,2,0,0,516,10845983,10846498,5.16,rest
18498,6,2,3,6,488,10846499,10846986,4.88,active
18499,6,2,0,0,343,10846987,10847329,3.43,rest
18500,6,2,3,7,287,10847330,10847616,2.87,active
18501,6,2,0,0,550,10847617,10848166,5.5,rest
18502,6,2,3,8,280,10848167,10848446,2.8,active
18503,6,2,0,0,552,10848447,10848998,5.52,rest
18504,6,2,3,9,302,10848999,10849300,3.02,active
18505,6,2,0,0,535,10849301,10849835,5.35,rest
18506,6,2,3,10,295,10849836,10850130,2.95,active
18507,6,2,0,0,594,10850131,10850724,5.94,rest
18508,6,2,4,1,357,10850725,10851081,3.57,active
18509,6,2,0,0,452,10851082,10851533,4.52,rest
18510,6,2,4,2,334,10851534,10851867,3.34,active
18511,6,2,0,0,487,10851868,10852354,4.87,rest
18512,6,2,4,3,339,10852355,10852693,3.39,active
18513,6,2,0,0,502,10852694,10853195,5.02,rest
18514,6,2,4,4,345,10853196,10853540,3.45,active
18515,6,2,0,0,527,10853541,10854067,5.27,rest
18516,6,2,4,5,371,10854068,10854438,3.71,active
18517,6,2,0,0,386,10854439,10854824,3.86,rest
18518,6,2,4,6,405,10854825,10855229,4.05,active
18519,6,2,0,0,469,10855230,10855698,4.69,rest
18520,6,2,4,7,376,10855699,10856074,3.76,active
18521,6,2,0,0,503,10856075,10856577,5.03,rest
18522,6,2,4,8,296,10856578,10856873,2.96,active
18523,6,2,0,0,520,10856874,10857393,5.2,rest
18524,6,2,4,9,358,10857394,10857751,3.58,active
18525,6,2,0,0,490,10857752,10858241,4.9,rest
18526,6,2,4,10,312,10858242,10858553,3.12,active
18527,6,2,0,0,484,10858554,10859037,4.84,rest
18528,6,2,5,1,441,10859038,10859478,4.41,active
18529,6,2,0,0,520,10859479,10859998,5.2,rest
18530,6,2,5,2,292,10859999,10860290,2.92,active
18531,6,2,0,0,568,10860291,10860858,5.68,rest
18532,6,2,5,3,216,10860859,10861074,2.16,active
18533,6,2,0,0,473,10861075,10861547,4.73,rest
18534,6,2,5,4,442,10861548,10861989,4.42,active
18535,6,2,0,0,473,10861990,10862462,4.73,rest
18536,6,2,5,5,349,10862463,10862811,3.49,active
18537,6,2,0,0,486,10862812,10863297,4.86,rest
18538,6,2,5,6,263,10863298,10863560,2.63,active
18539,6,2,0,0,568,10863561,10864128,5.68,rest
18540,6,2,5,7,335,10864129,10864463,3.35,active
18541,6,2,0,0,519,10864464,10864982,5.19,rest
18542,6,2,5,8,301,10864983,10865283,3.01,active
18543,6,2,0,0,573,10865284,10865856,5.73,rest
18544,6,2,5,9,339,10865857,10866195,3.39,active
18545,6,2,0,0,448,10866196,10866643,4.48,rest
18546,6,2,5,10,250,10866644,10866893,2.5,active
18547,6,2,0,0,650,10866894,10867543,6.5,rest
18548,6,2,6,1,266,10867544,10867809,2.66,active
18549,6,2,0,0,513,10867810,10868322,5.13,rest
18550,6,2,6,2,341,10868323,10868663,3.41,active
18551,6,2,0,0,445,10868664,10869108,4.45,rest
18552,6,2,6,3,369,10869109,10869477,3.69,active
18553,6,2,0,0,474,10869478,10869951,4.74,rest
18554,6,2,6,4,442,10869952,10870393,4.42,active
18555,6,2,0,0,436,10870394,10870829,4.36,rest
18556,6,2,6,5,372,10870830,10871201,3.72,active
18557,6,2,0,0,475,10871202,10871676,4.75,rest
18558,6,2,6,6,351,10871677,10872027,3.51,active
18559,6,2,0,0,482,10872028,10872509,4.82,rest
18560,6,2,6,7,325,10872510,10872834,3.25,active
18561,6,2,0,0,536,10872835,10873370,5.36,rest
18562,6,2,6,8,341,10873371,10873711,3.41,active
18563,6,2,0,0,468,10873712,10874179,4.68,rest
18564,6,2,6,9,332,10874180,10874511,3.32,active
18565,6,2,0,0,515,10874512,10875026,5.15,rest
18566,6,2,6,10,317,10875027,10875343,3.17,active
18567,6,2,0,0,586,10875344,10875929,5.86,rest
18568,6,2,7,1,369,10875930,10876298,3.69,active
18569,6,2,0,0,476,10876299,10876774,4.76,rest
18570,6,2,7,2,313,10876775,10877087,3.13,active
18571,6,2,0,0,420,10877088,10877507,4.2,rest
18572,6,2,7,3,404,10877508,10877911,4.04,active
18573,6,2,0,0,495,10877912,10878406,4.95,rest
18574,6,2,7,4,347,10878407,10878753,3.47,active
18575,6,2,0,0,430,10878754,10879183,4.3,rest
18576,6,2,7,5,421,10879184,10879604,4.21,active
18577,6,2,0,0,468,10879605,10880072,4.68,rest
18578,6,2,7,6,385,10880073,10880457,3.85,active
18579,6,2,0,0,399,10880458,10880856,3.99,rest
18580,6,2,7,7,421,10880857,10881277,4.21,active
18581,6,2,0,0,487,10881278,10881764,4.87,rest
18582,6,2,7,8,369,10881765,10882133,3.69,active
18583,6,2,0,0,403,10882134,10882536,4.03,rest
18584,6,2,7,9,435,10882537,10882971,4.35,active
18585,6,2,0,0,405,10882972,10883376,4.05,rest
18586,6,2,7,10,566,10883377,10883942,5.66,active
18587,6,2,0,0,287,10883943,10884229,2.87,rest
18588,6,2,8,1,593,10884230,10884822,5.93,active
18589,6,2,0,0,243,10884823,10885065,2.43,rest
18590,6,2,8,2,454,10885066,10885519,4.54,active
18591,6,2,0,0,464,10885520,10885983,4.64,rest
18592,6,2,8,3,333,10885984,10886316,3.33,active
18593,6,2,0,0,429,10886317,10886745,4.29,rest
18594,6,2,8,4,424,10886746,10887169,4.24,active
18595,6,2,0,0,441,10887170,10887610,4.41,rest
18596,6,2,8,5,383,10887611,10887993,3.83,active
18597,6,2,0,0,486,10887994,10888479,4.86,rest
18598,6,2,8,6,340,10888480,10888819,3.4,active
18599,6,2,0,0,533,10888820,10889352,5.33,rest
18600,6,2,8,7,414,10889353,10889766,4.14,active
18601,6,2,0,0,324,10889767,10890090,3.24,rest
18602,6,2,8,8,380,10890091,10890470,3.8,active
18603,6,2,0,0,520,10890471,10890990,5.2,rest
18604,6,2,8,9,327,10890991,10891317,3.27,active
18605,6,2,0,0,506,10891318,10891823,5.06,rest
18606,6,2,8,10,303,10891824,10892126,3.03,active
18607,6,2,0,0,504,10892127,10892630,5.04,rest
18608,6,2,9,1,511,10892631,10893141,5.11,active
18609,6,2,0,0,415,10893142,10893556,4.15,rest
18610,6,2,9,2,449,10893557,10894005,4.49,active
18611,6,2,0,0,424,10894006,10894429,4.24,rest
18612,6,2,9,3,305,10894430,10894734,3.05,active
18613,6,2,0,0,466,10894735,10895200,4.66,rest
18614,6,2,9,4,378,10895201,10895578,3.78,active
18615,6,2,0,0,463,10895579,10896041,4.63,rest
18616,6,2,9,5,394,10896042,10896435,3.94,active
18617,6,2,0,0,482,10896436,10896917,4.82,rest
18618,6,2,9,6,349,10896918,10897266,3.49,active
18619,6,2,0,0,428,10897267,10897694,4.28,rest
18620,6,2,9,7,381,10897695,10898075,3.81,active
18621,6,2,0,0,486,10898076,10898561,4.86,rest
18622,6,2,9,8,442,10898562,10899003,4.42,active
18623,6,2,0,0,384,10899004,10899387,3.84,rest
18624,6,2,9,9,360,10899388,10899747,3.6,active
18625,6,2,0,0,469,10899748,10900216,4.69,rest
18626,6,2,9,10,375,10900217,10900591,3.75,active
18627,6,2,0,0,592,10900592,10901183,5.92,rest
18628,6,2,10,1,373,10901184,10901556,3.73,active
18629,6,2,0,0,383,10901557,10901939,3.83,rest
18630,6,2,10,2,447,10901940,10902386,4.47,active
18631,6,2,0,0,406,10902387,10902792,4.06,rest
18632,6,2,10,3,413,10902793,10903205,4.13,active
18633,6,2,0,0,393,10903206,10903598,3.93,rest
18634,6,2,10,4,397,10903599,10903995,3.97,active
18635,6,2,0,0,388,10903996,10904383,3.88,rest
18636,6,2,10,5,467,10904384,10904850,4.67,active
18637,6,2,0,0,357,10904851,10905207,3.57,rest
18638,6,2,10,6,482,10905208,10905689,4.82,active
18639,6,2,0,0,354,10905690,10906043,3.54,rest
18640,6,2,10,7,401,10906044,10906444,4.01,active
18641,6,2,0,0,435,10906445,10906879,4.35,rest
18642,6,2,10,8,464,10906880,10907343,4.64,active
18643,6,2,0,0,427,10907344,10907770,4.27,rest
18644,6,2,10,9,443,10907771,10908213,4.43,active
18645,6,2,0,0,377,10908214,10908590,3.77,rest
18646,6,2,10,10,428,10908591,10909018,4.28,active
18647,6,2,0,0,468,10909019,10909486,4.68,rest
18648,6,2,11,1,397,10909487,10909883,3.97,active
18649,6,2,0,0,353,10909884,10910236,3.53,rest
18650,6,2,11,2,397,10910237,10910633,3.97,active
18651,6,2,0,0,490,10910634,10911123,4.9,rest
18652,6,2,11,3,499,10911124,10911622,4.99,active
18653,6,2,0,0,285,10911623,10911907,2.85,rest
18654,6,2,11,4,394,10911908,10912301,3.94,active
18655,6,2,0,0,491,10912302,10912792,4.91,rest
18656,6,2,11,5,406,10912793,10913198,4.06,active
18657,6,2,0,0,425,10913199,10913623,4.25,rest
18658,6,2,11,6,444,10913624,10914067,4.44,active
18659,6,2,0,0,365,10914068,10914432,3.65,rest
18660,6,2,11,7,488,10914433,10914920,4.88,active
18661,6,2,0,0,389,10914921,10915309,3.89,rest
18662,6,2,11,8,336,10915310,10915645,3.36,active
18663,6,2,0,0,463,10915646,10916108,4.63,rest
18664,6,2,11,9,458,10916109,10916566,4.58,active
18665,6,2,0,0,395,10916567,10916961,3.95,rest
18666,6,2,11,10,389,10916962,10917350,3.89,active
18667,6,2,0,0,412,10917351,10917762,4.12,rest
18668,6,2,12,1,420,10917763,10918182,4.2,active
18669,6,2,0,0,417,10918183,10918599,4.17,rest
18670,6,2,12,2,456,10918600,10919055,4.56,active
18671,6,2,0,0,440,10919056,10919495,4.4,rest
18672,6,2,12,3,412,10919496,10919907,4.12,active
18673,6,2,0,0,368,10919908,10920275,3.68,rest
18674,6,2,12,4,435,10920276,10920710,4.35,active
18675,6,2,0,0,405,10920711,10921115,4.05,rest
18676,6,2,12,5,366,10921116,10921481,3.66,active
18677,6,2,0,0,437,10921482,10921918,4.37,rest
18678,6,2,12,6,451,10921919,10922369,4.51,active
18679,6,2,0,0,455,10922370,10922824,4.55,rest
18680,6,2,12,7,310,10922825,10923134,3.1,active
18681,6,2,0,0,518,10923135,10923652,5.18,rest
18682,6,2,12,8,412,10923653,10924064,4.12,active
18683,6,2,0,0,433,10924065,10924497,4.33,rest
18684,6,2,12,9,291,10924498,10924788,2.91,active
18685,6,2,0,0,487,10924789,10925275,4.87,rest
18686,6,2,12,10,348,10925276,10925623,3.48,active
18687,6,2,0,0,507,10925624,10926130,5.07,rest
18688,6,2,13,1,467,10926131,10926597,4.67,active
18689,6,2,0,0,394,10926598,10926991,3.94,rest
18690,6,2,13,2,505,10926992,10927496,5.05,active
18691,6,2,0,0,385,10927497,10927881,3.85,rest
18692,6,2,13,3,424,10927882,10928305,4.24,active
18693,6,2,0,0,358,10928306,10928663,3.58,rest
18694,6,2,13,4,446,10928664,10929109,4.46,active
18695,6,2,0,0,491,10929110,10929600,4.91,rest
18696,6,2,13,5,393,10929601,10929993,3.93,active
18697,6,2,0,0,500,10929994,10930493,5.0,rest
18698,6,2,13,6,394,10930494,10930887,3.94,active
18699,6,2,0,0,335,10930888,10931222,3.35,rest
18700,6,2,13,7,440,10931223,10931662,4.4,active
18701,6,2,0,0,397,10931663,10932059,3.97,rest
18702,6,2,13,8,268,10932060,10932327,2.68,active
18703,6,2,0,0,543,10932328,10932870,5.43,rest
18704,6,2,13,9,502,10932871,10933372,5.02,active
18705,6,2,0,0,425,10933373,10933797,4.25,rest
18706,6,2,13,10,275,10933798,10934072,2.75,active
18707,6,2,0,0,532,10934073,10934604,5.32,rest
18708,6,2,14,1,238,10934605,10934842,2.38,active
18709,6,2,0,0,654,10934843,10935496,6.54,rest
18710,6,2,14,2,366,10935497,10935862,3.66,active
18711,6,2,0,0,335,10935863,10936197,3.35,rest
18712,6,2,14,3,416,10936198,10936613,4.16,active
18713,6,2,0,0,455,10936614,10937068,4.55,rest
18714,6,2,14,4,335,10937069,10937403,3.35,active
18715,6,2,0,0,470,10937404,10937873,4.7,rest
18716,6,2,14,5,446,10937874,10938319,4.46,active
18717,6,2,0,0,391,10938320,10938710,3.91,rest
18718,6,2,14,6,447,10938711,10939157,4.47,active
18719,6,2,0,0,446,10939158,10939603,4.46,rest
18720,6,2,14,7,375,10939604,10939978,3.75,active
18721,6,2,0,0,461,10939979,10940439,4.61,rest
18722,6,2,14,8,317,10940440,10940756,3.17,active
18723,6,2,0,0,527,10940757,10941283,5.27,rest
18724,6,2,14,9,423,10941284,10941706,4.23,active
18725,6,2,0,0,359,10941707,10942065,3.59,rest
18726,6,2,14,10,496,10942066,10942561,4.96,active
18727,6,2,0,0,410,10942562,10942971,4.1,rest
18728,6,2,15,1,464,10942972,10943435,4.64,active
18729,6,2,0,0,380,10943436,10943815,3.8,rest
18730,6,2,15,2,353,10943816,10944168,3.53,active
18731,6,2,0,0,479,10944169,10944647,4.79,rest
18732,6,2,15,3,543,10944648,10945190,5.43,active
18733,6,2,0,0,310,10945191,10945500,3.1,rest
18734,6,2,15,4,335,10945501,10945835,3.35,active
18735,6,2,0,0,497,10945836,10946332,4.97,rest
18736,6,2,15,5,343,10946333,10946675,3.43,active
18737,6,2,0,0,495,10946676,10947170,4.95,rest
18738,6,2,15,6,400,10947171,10947570,4.0,active
18739,6,2,0,0,406,10947571,10947976,4.06,rest
18740,6,2,15,7,361,10947977,10948337,3.61,active
18741,6,2,0,0,537,10948338,10948874,5.37,rest
18742,6,2,15,8,314,10948875,10949188,3.14,active
18743,6,2,0,0,467,10949189,10949655,4.67,rest
18744,6,2,15,9,310,10949656,10949965,3.1,active
18745,6,2,0,0,537,10949966,10950502,5.37,rest
18746,6,2,15,10,328,10950503,10950830,3.28,active
18747,6,2,0,0,656,10950831,10951486,6.56,rest
18748,6,2,16,1,414,10951487,10951900,4.14,active
18749,6,2,0,0,329,10951901,10952229,3.29,rest
18750,6,2,16,2,277,10952230,10952506,2.77,active
18751,6,2,0,0,495,10952507,10953001,4.95,rest
18752,6,2,16,3,459,10953002,10953460,4.59,active
18753,6,2,0,0,350,10953461,10953810,3.5,rest
18754,6,2,16,4,455,10953811,10954265,4.55,active
18755,6,2,0,0,447,10954266,10954712,4.47,rest
18756,6,2,16,5,412,10954713,10955124,4.12,active
18757,6,2,0,0,434,10955125,10955558,4.34,rest
18758,6,2,16,6,322,10955559,10955880,3.22,active
18759,6,2,0,0,522,10955881,10956402,5.22,rest
18760,6,2,16,7,403,10956403,10956805,4.03,active
18761,6,2,0,0,419,10956806,10957224,4.19,rest
18762,6,2,16,8,360,10957225,10957584,3.6,active
18763,6,2,0,0,459,10957585,10958043,4.59,rest
18764,6,2,16,9,474,10958044,10958517,4.74,active
18765,6,2,0,0,569,10958518,10959086,5.69,rest
18766,6,2,16,10,247,10959087,10959333,2.47,active
18767,6,2,0,0,592,10959334,10959925,5.92,rest
18768,6,2,17,1,330,10959926,10960255,3.3,active
18769,6,2,0,0,304,10960256,10960559,3.04,rest
18770,6,2,17,2,439,10960560,10960998,4.39,active
18771,6,2,0,0,390,10960999,10961388,3.9,rest
18772,6,2,17,3,450,10961389,10961838,4.5,active
18773,6,2,0,0,366,10961839,10962204,3.66,rest
18774,6,2,17,4,357,10962205,10962561,3.57,active
18775,6,2,0,0,473,10962562,10963034,4.73,rest
18776,6,2,17,5,502,10963035,10963536,5.02,active
18777,6,2,0,0,389,10963537,10963925,3.89,rest
18778,6,2,17,6,282,10963926,10964207,2.82,active
18779,6,2,0,0,503,10964208,10964710,5.03,rest
18780,6,2,17,7,492,10964711,10965202,4.92,active
18781,6,2,0,0,346,10965203,10965548,3.46,rest
18782,6,2,17,8,473,10965549,10966021,4.73,active
18783,6,2,0,0,411,10966022,10966432,4.11,rest
18784,6,2,17,9,453,10966433,10966885,4.53,active
18785,6,2,0,0,374,10966886,10967259,3.74,rest
18786,6,2,17,10,432,10967260,10967691,4.32,active
18787,6,2,0,0,362,10967692,10968053,3.62,rest
18788,6,3,0,0,446,10968054,10968499,4.46,rest
18789,6,3,1,1,297,10968500,10968796,2.97,active
18790,6,3,0,0,498,10968797,10969294,4.98,rest
18791,6,3,1,2,327,10969295,10969621,3.27,active
18792,6,3,0,0,503,10969622,10970124,5.03,rest
18793,6,3,1,3,312,10970125,10970436,3.12,active
18794,6,3,0,0,523,10970437,10970959,5.23,rest
18795,6,3,1,4,297,10970960,10971256,2.97,active
18796,6,3,0,0,512,10971257,10971768,5.12,rest
18797,6,3,1,5,365,10971769,10972133,3.65,active
18798,6,3,0,0,462,10972134,10972595,4.62,rest
18799,6,3,1,6,409,10972596,10973004,4.09,active
18800,6,3,0,0,500,10973005,10973504,5.0,rest
18801,6,3,1,7,308,10973505,10973812,3.08,active
18802,6,3,0,0,466,10973813,10974278,4.66,rest
18803,6,3,1,8,386,10974279,10974664,3.86,active
18804,6,3,0,0,467,10974665,10975131,4.67,rest
18805,6,3,1,9,335,10975132,10975466,3.35,active
18806,6,3,0,0,493,10975467,10975959,4.93,rest
18807,6,3,1,10,402,10975960,10976361,4.02,active
18808,6,3,0,0,3224,10976362,10979585,32.24,rest
18809,6,3,2,1,401,10979586,10979986,4.01,active
18810,6,3,0,0,393,10979987,10980379,3.93,rest
18811,6,3,2,2,398,10980380,10980777,3.98,active
18812,6,3,0,0,452,10980778,10981229,4.52,rest
18813,6,3,2,3,410,10981230,10981639,4.1,active
18814,6,3,0,0,346,10981640,10981985,3.46,rest
18815,6,3,2,4,477,10981986,10982462,4.77,active
18816,6,3,0,0,391,10982463,10982853,3.91,rest
18817,6,3,2,5,446,10982854,10983299,4.46,active
18818,6,3,0,0,404,10983300,10983703,4.04,rest
18819,6,3,2,6,432,10983704,10984135,4.32,active
18820,6,3,0,0,398,10984136,10984533,3.98,rest
18821,6,3,2,7,384,10984534,10984917,3.84,active
18822,6,3,0,0,419,10984918,10985336,4.19,rest
18823,6,3,2,8,478,10985337,10985814,4.78,active
18824,6,3,0,0,410,10985815,10986224,4.1,rest
18825,6,3,2,9,375,10986225,10986599,3.75,active
18826,6,3,0,0,471,10986600,10987070,4.71,rest
18827,6,3,2,10,440,10987071,10987510,4.4,active
18828,6,3,0,0,1157,10987511,10988667,11.57,rest
18829,6,3,3,1,456,10988668,10989123,4.56,active
18830,6,3,0,0,280,10989124,10989403,2.8,rest
18831,6,3,3,2,434,10989404,10989837,4.34,active
18832,6,3,0,0,402,10989838,10990239,4.02,rest
18833,6,3,3,3,375,10990240,10990614,3.75,active
18834,6,3,0,0,419,10990615,10991033,4.19,rest
18835,6,3,3,4,495,10991034,10991528,4.95,active
18836,6,3,0,0,342,10991529,10991870,3.42,rest
18837,6,3,3,5,452,10991871,10992322,4.52,active
18838,6,3,0,0,376,10992323,10992698,3.76,rest
18839,6,3,3,6,449,10992699,10993147,4.49,active
18840,6,3,0,0,392,10993148,10993539,3.92,rest
18841,6,3,3,7,395,10993540,10993934,3.95,active
18842,6,3,0,0,463,10993935,10994397,4.63,rest
18843,6,3,3,8,439,10994398,10994836,4.39,active
18844,6,3,0,0,373,10994837,10995209,3.73,rest
18845,6,3,3,9,393,10995210,10995602,3.93,active
18846,6,3,0,0,473,10995603,10996075,4.73,rest
18847,6,3,3,10,422,10996076,10996497,4.22,active
18848,6,3,0,0,1159,10996498,10997656,11.59,rest
18849,6,3,4,1,371,10997657,10998027,3.71,active
18850,6,3,0,0,346,10998028,10998373,3.46,rest
18851,6,3,4,2,329,10998374,10998702,3.29,active
18852,6,3,0,0,500,10998703,10999202,5.0,rest
18853,6,3,4,3,356,10999203,10999558,3.56,active
18854,6,3,0,0,495,10999559,11000053,4.95,rest
18855,6,3,4,4,326,11000054,11000379,3.26,active
18856,6,3,0,0,526,11000380,11000905,5.26,rest
18857,6,3,4,5,367,11000906,11001272,3.67,active
18858,6,3,0,0,462,11001273,11001734,4.62,rest
18859,6,3,4,6,356,11001735,11002090,3.56,active
18860,6,3,0,0,449,11002091,11002539,4.49,rest
18861,6,3,4,7,375,11002540,11002914,3.75,active
18862,6,3,0,0,498,11002915,11003412,4.98,rest
18863,6,3,4,8,442,11003413,11003854,4.42,active
18864,6,3,0,0,420,11003855,11004274,4.2,rest
18865,6,3,4,9,333,11004275,11004607,3.33,active
18866,6,3,0,0,565,11004608,11005172,5.65,rest
18867,6,3,4,10,418,11005173,11005590,4.18,active
18868,6,3,0,0,644,11005591,11006234,6.44,rest
18869,6,3,5,1,329,11006235,11006563,3.29,active
18870,6,3,0,0,449,11006564,11007012,4.49,rest
18871,6,3,5,2,374,11007013,11007386,3.74,active
18872,6,3,0,0,406,11007387,11007792,4.06,rest
18873,6,3,5,3,379,11007793,11008171,3.79,active
18874,6,3,0,0,487,11008172,11008658,4.87,rest
18875,6,3,5,4,311,11008659,11008969,3.11,active
18876,6,3,0,0,466,11008970,11009435,4.66,rest
18877,6,3,5,5,380,11009436,11009815,3.8,active
18878,6,3,0,0,487,11009816,11010302,4.87,rest
18879,6,3,5,6,409,11010303,11010711,4.09,active
18880,6,3,0,0,426,11010712,11011137,4.26,rest
18881,6,3,5,7,406,11011138,11011543,4.06,active
18882,6,3,0,0,392,11011544,11011935,3.92,rest
18883,6,3,5,8,427,11011936,11012362,4.27,active
18884,6,3,0,0,454,11012363,11012816,4.54,rest
18885,6,3,5,9,351,11012817,11013167,3.51,active
18886,6,3,0,0,473,11013168,11013640,4.73,rest
18887,6,3,5,10,397,11013641,11014037,3.97,active
18888,6,3,0,0,929,11014038,11014966,9.29,rest
18889,6,3,6,1,385,11014967,11015351,3.85,active
18890,6,3,0,0,333,11015352,11015684,3.33,rest
18891,6,3,6,2,416,11015685,11016100,4.16,active
18892,6,3,0,0,447,11016101,11016547,4.47,rest
18893,6,3,6,3,370,11016548,11016917,3.7,active
18894,6,3,0,0,424,11016918,11017341,4.24,rest
18895,6,3,6,4,416,11017342,11017757,4.16,active
18896,6,3,0,0,433,11017758,11018190,4.33,rest
18897,6,3,6,5,477,11018191,11018667,4.77,active
18898,6,3,0,0,368,11018668,11019035,3.68,rest
18899,6,3,6,6,435,11019036,11019470,4.35,active
18900,6,3,0,0,389,11019471,11019859,3.89,rest
18901,6,3,6,7,478,11019860,11020337,4.78,active
18902,6,3,0,0,357,11020338,11020694,3.57,rest
18903,6,3,6,8,428,11020695,11021122,4.28,active
18904,6,3,0,0,424,11021123,11021546,4.24,rest
18905,6,3,6,9,392,11021547,11021938,3.92,active
18906,6,3,0,0,442,11021939,11022380,4.42,rest
18907,6,3,6,10,418,11022381,11022798,4.18,active
18908,6,3,0,0,1452,11022799,11024250,14.52,rest
18909,6,3,7,1,396,11024251,11024646,3.96,active
18910,6,3,0,0,356,11024647,11025002,3.56,rest
18911,6,3,7,2,400,11025003,11025402,4.0,active
18912,6,3,0,0,422,11025403,11025824,4.22,rest
18913,6,3,7,3,385,11025825,11026209,3.85,active
18914,6,3,0,0,444,11026210,11026653,4.44,rest
18915,6,3,7,4,393,11026654,11027046,3.93,active
18916,6,3,0,0,460,11027047,11027506,4.6,rest
18917,6,3,7,5,394,11027507,11027900,3.94,active
18918,6,3,0,0,452,11027901,11028352,4.52,rest
18919,6,3,7,6,395,11028353,11028747,3.95,active
18920,6,3,0,0,443,11028748,11029190,4.43,rest
18921,6,3,7,7,352,11029191,11029542,3.52,active
18922,6,3,0,0,465,11029543,11030007,4.65,rest
18923,6,3,7,8,415,11030008,11030422,4.15,active
18924,6,3,0,0,437,11030423,11030859,4.37,rest
18925,6,3,7,9,424,11030860,11031283,4.24,active
18926,6,3,0,0,446,11031284,11031729,4.46,rest
18927,6,3,7,10,323,11031730,11032052,3.23,active
18928,6,3,0,0,921,11032053,11032973,9.21,rest
18929,6,3,8,1,427,11032974,11033400,4.27,active
18930,6,3,0,0,321,11033401,11033721,3.21,rest
18931,6,3,8,2,452,11033722,11034173,4.52,active
18932,6,3,0,0,377,11034174,11034550,3.77,rest
18933,6,3,8,3,423,11034551,11034973,4.23,active
18934,6,3,0,0,415,11034974,11035388,4.15,rest
18935,6,3,8,4,416,11035389,11035804,4.16,active
18936,6,3,0,0,467,11035805,11036271,4.67,rest
18937,6,3,8,5,661,11036272,11036932,6.61,active
18938,6,3,0,0,1030,11036933,11037962,10.3,rest
18939,6,3,8,6,396,11037963,11038358,3.96,active
18940,6,3,0,0,417,11038359,11038775,4.17,rest
18941,6,3,8,7,399,11038776,11039174,3.99,active
18942,6,3,0,0,438,11039175,11039612,4.38,rest
18943,6,3,8,8,468,11039613,11040080,4.68,active
18944,6,3,0,0,389,11040081,11040469,3.89,rest
18945,6,3,8,9,353,11040470,11040822,3.53,active
18946,6,3,0,0,467,11040823,11041289,4.67,rest
18947,6,3,8,10,356,11041290,11041645,3.56,active
18948,6,3,0,0,779,11041646,11042424,7.79,rest
18949,6,3,9,1,394,11042425,11042818,3.94,active
18950,6,3,0,0,394,11042819,11043212,3.94,rest
18951,6,3,9,2,388,11043213,11043600,3.88,active
18952,6,3,0,0,480,11043601,11044080,4.8,rest
18953,6,3,9,3,306,11044081,11044386,3.06,active
18954,6,3,0,0,500,11044387,11044886,5.0,rest
18955,6,3,9,4,397,11044887,11045283,3.97,active
18956,6,3,0,0,401,11045284,11045684,4.01,rest
18957,6,3,9,5,391,11045685,11046075,3.91,active
18958,6,3,0,0,481,11046076,11046556,4.81,rest
18959,6,3,9,6,403,11046557,11046959,4.03,active
18960,6,3,0,0,437,11046960,11047396,4.37,rest
18961,6,3,9,7,347,11047397,11047743,3.47,active
18962,6,3,0,0,495,11047744,11048238,4.95,rest
18963,6,3,9,8,440,11048239,11048678,4.4,active
18964,6,3,0,0,390,11048679,11049068,3.9,rest
18965,6,3,9,9,403,11049069,11049471,4.03,active
18966,6,3,0,0,417,11049472,11049888,4.17,rest
18967,6,3,9,10,424,11049889,11050312,4.24,active
18968,6,3,0,0,740,11050313,11051052,7.4,rest
18969,6,3,10,1,416,11051053,11051468,4.16,active
18970,6,3,0,0,337,11051469,11051805,3.37,rest
18971,6,3,10,2,422,11051806,11052227,4.22,active
18972,6,3,0,0,407,11052228,11052634,4.07,rest
18973,6,3,10,3,454,11052635,11053088,4.54,active
18974,6,3,0,0,362,11053089,11053450,3.62,rest
18975,6,3,10,4,498,11053451,11053948,4.98,active
18976,6,3,0,0,373,11053949,11054321,3.73,rest
18977,6,3,10,5,418,11054322,11054739,4.18,active
18978,6,3,0,0,414,11054740,11055153,4.14,rest
18979,6,3,10,6,401,11055154,11055554,4.01,active
18980,6,3,0,0,420,11055555,11055974,4.2,rest
18981,6,3,10,7,478,11055975,11056452,4.78,active
18982,6,3,0,0,385,11056453,11056837,3.85,rest
18983,6,3,10,8,414,11056838,11057251,4.14,active
18984,6,3,0,0,456,11057252,11057707,4.56,rest
18985,6,3,10,9,434,11057708,11058141,4.34,active
18986,6,3,0,0,367,11058142,11058508,3.67,rest
18987,6,3,10,10,447,11058509,11058955,4.47,active
18988,6,3,0,0,659,11058956,11059614,6.59,rest
18989,6,3,11,1,185,11059615,11059799,1.85,active
18990,6,3,0,0,601,11059800,11060400,6.01,rest
18991,6,3,11,2,498,11060401,11060898,4.98,active
18992,6,3,0,0,350,11060899,11061248,3.5,rest
18993,6,3,11,3,444,11061249,11061692,4.44,active
18994,6,3,0,0,417,11061693,11062109,4.17,rest
18995,6,3,11,4,422,11062110,11062531,4.22,active
18996,6,3,0,0,392,11062532,11062923,3.92,rest
18997,6,3,11,5,466,11062924,11063389,4.66,active
18998,6,3,0,0,349,11063390,11063738,3.49,rest
18999,6,3,11,6,466,11063739,11064204,4.66,active
19000,6,3,0,0,383,11064205,11064587,3.83,rest
19001,6,3,11,7,513,11064588,11065100,5.13,active
19002,6,3,0,0,372,11065101,11065472,3.72,rest
19003,6,3,11,8,417,11065473,11065889,4.17,active
19004,6,3,0,0,426,11065890,11066315,4.26,rest
19005,6,3,11,9,331,11066316,11066646,3.31,active
19006,6,3,0,0,506,11066647,11067152,5.06,rest
19007,6,3,11,10,185,11067153,11067337,1.85,active
19008,6,3,0,0,1074,11067338,11068411,10.74,rest
19009,6,3,12,1,396,11068412,11068807,3.96,active
19010,6,3,0,0,315,11068808,11069122,3.15,rest
19011,6,3,12,2,451,11069123,11069573,4.51,active
19012,6,3,0,0,390,11069574,11069963,3.9,rest
19013,6,3,12,3,447,11069964,11070410,4.47,active
19014,6,3,0,0,406,11070411,11070816,4.06,rest
19015,6,3,12,4,409,11070817,11071225,4.09,active
19016,6,3,0,0,435,11071226,11071660,4.35,rest
19017,6,3,12,5,439,11071661,11072099,4.39,active
19018,6,3,0,0,411,11072100,11072510,4.11,rest
19019,6,3,12,6,407,11072511,11072917,4.07,active
19020,6,3,0,0,442,11072918,11073359,4.42,rest
19021,6,3,12,7,401,11073360,11073760,4.01,active
19022,6,3,0,0,398,11073761,11074158,3.98,rest
19023,6,3,12,8,416,11074159,11074574,4.16,active
19024,6,3,0,0,450,11074575,11075024,4.5,rest
19025,6,3,12,9,405,11075025,11075429,4.05,active
19026,6,3,0,0,430,11075430,11075859,4.3,rest
19027,6,3,12,10,406,11075860,11076265,4.06,active
19028,6,3,0,0,832,11076266,11077097,8.32,rest
19029,6,3,13,1,395,11077098,11077492,3.95,active
19030,6,3,0,0,292,11077493,11077784,2.92,rest
19031,6,3,13,2,380,11077785,11078164,3.8,active
19032,6,3,0,0,444,11078165,11078608,4.44,rest
19033,6,3,13,3,352,11078609,11078960,3.52,active
19034,6,3,0,0,518,11078961,11079478,5.18,rest
19035,6,3,13,4,334,11079479,11079812,3.34,active
19036,6,3,0,0,491,11079813,11080303,4.91,rest
19037,6,3,13,5,311,11080304,11080614,3.11,active
19038,6,3,0,0,607,11080615,11081221,6.07,rest
19039,6,3,13,6,380,11081222,11081601,3.8,active
19040,6,3,0,0,524,11081602,11082125,5.24,rest
19041,6,3,13,7,404,11082126,11082529,4.04,active
19042,6,3,0,0,344,11082530,11082873,3.44,rest
19043,6,3,13,8,413,11082874,11083286,4.13,active
19044,6,3,0,0,532,11083287,11083818,5.32,rest
19045,6,3,13,9,298,11083819,11084116,2.98,active
19046,6,3,0,0,366,11084117,11084482,3.66,rest
19047,6,3,13,10,417,11084483,11084899,4.17,active
19048,6,3,0,0,855,11084900,11085754,8.55,rest
19049,6,3,14,1,537,11085755,11086291,5.37,active
19050,6,3,0,0,350,11086292,11086641,3.5,rest
19051,6,3,14,2,384,11086642,11087025,3.84,active
19052,6,3,0,0,514,11087026,11087539,5.14,rest
19053,6,3,14,3,308,11087540,11087847,3.08,active
19054,6,3,0,0,371,11087848,11088218,3.71,rest
19055,6,3,14,4,410,11088219,11088628,4.1,active
19056,6,3,0,0,424,11088629,11089052,4.24,rest
19057,6,3,14,5,548,11089053,11089600,5.48,active
19058,6,3,0,0,328,11089601,11089928,3.28,rest
19059,6,3,14,6,397,11089929,11090325,3.97,active
19060,6,3,0,0,417,11090326,11090742,4.17,rest
19061,6,3,14,7,420,11090743,11091162,4.2,active
19062,6,3,0,0,449,11091163,11091611,4.49,rest
19063,6,3,14,8,394,11091612,11092005,3.94,active
19064,6,3,0,0,415,11092006,11092420,4.15,rest
19065,6,3,14,9,417,11092421,11092837,4.17,active
19066,6,3,0,0,441,11092838,11093278,4.41,rest
19067,6,3,14,10,481,11093279,11093759,4.81,active
19068,6,3,0,0,861,11093760,11094620,8.61,rest
19069,6,3,15,1,332,11094621,11094952,3.32,active
19070,6,3,0,0,330,11094953,11095282,3.3,rest
19071,6,3,15,2,446,11095283,11095728,4.46,active
19072,6,3,0,0,351,11095729,11096079,3.51,rest
19073,6,3,15,3,248,11096080,11096327,2.48,active
19074,6,3,0,0,534,11096328,11096861,5.34,rest
19075,6,3,15,4,184,11096862,11097045,1.84,active
19076,6,3,0,0,680,11097046,11097725,6.8,rest
19077,6,3,15,5,488,11097726,11098213,4.88,active
19078,6,3,0,0,369,11098214,11098582,3.69,rest
19079,6,3,15,6,356,11098583,11098938,3.56,active
19080,6,3,0,0,554,11098939,11099492,5.54,rest
19081,6,3,15,7,399,11099493,11099891,3.99,active
19082,6,3,0,0,345,11099892,11100236,3.45,rest
19083,6,3,15,8,337,11100237,11100573,3.37,active
19084,6,3,0,0,492,11100574,11101065,4.92,rest
19085,6,3,15,9,449,11101066,11101514,4.49,active
19086,6,3,0,0,395,11101515,11101909,3.95,rest
19087,6,3,15,10,494,11101910,11102403,4.94,active
19088,6,3,0,0,647,11102404,11103050,6.47,rest
19089,6,3,16,1,340,11103051,11103390,3.4,active
19090,6,3,0,0,293,11103391,11103683,2.93,rest
19091,6,3,16,2,463,11103684,11104146,4.63,active
19092,6,3,0,0,384,11104147,11104530,3.84,rest
19093,6,3,16,3,453,11104531,11104983,4.53,active
19094,6,3,0,0,376,11104984,11105359,3.76,rest
19095,6,3,16,4,380,11105360,11105739,3.8,active
19096,6,3,0,0,470,11105740,11106209,4.7,rest
19097,6,3,16,5,418,11106210,11106627,4.18,active
19098,6,3,0,0,397,11106628,11107024,3.97,rest
19099,6,3,16,6,343,11107025,11107367,3.43,active
19100,6,3,0,0,503,11107368,11107870,5.03,rest
19101,6,3,16,7,424,11107871,11108294,4.24,active
19102,6,3,0,0,424,11108295,11108718,4.24,rest
19103,6,3,16,8,400,11108719,11109118,4.0,active
19104,6,3,0,0,439,11109119,11109557,4.39,rest
19105,6,3,16,9,428,11109558,11109985,4.28,active
19106,6,3,0,0,451,11109986,11110436,4.51,rest
19107,6,3,16,10,348,11110437,11110784,3.48,active
19108,6,3,0,0,857,11110785,11111641,8.57,rest
19109,6,3,17,1,316,11111642,11111957,3.16,active
19110,6,3,0,0,301,11111958,11112258,3.01,rest
19111,6,3,17,2,468,11112259,11112726,4.68,active
19112,6,3,0,0,348,11112727,11113074,3.48,rest
19113,6,3,17,3,380,11113075,11113454,3.8,active
19114,6,3,0,0,429,11113455,11113883,4.29,rest
19115,6,3,17,4,433,11113884,11114316,4.33,active
19116,6,3,0,0,408,11114317,11114724,4.08,rest
19117,6,3,17,5,403,11114725,11115127,4.03,active
19118,6,3,0,0,487,11115128,11115614,4.87,rest
19119,6,3,17,6,394,11115615,11116008,3.94,active
19120,6,3,0,0,415,11116009,11116423,4.15,rest
19121,6,3,17,7,571,11116424,11116994,5.71,active
19122,6,3,0,0,273,11116995,11117267,2.73,rest
19123,6,3,17,8,406,11117268,11117673,4.06,active
19124,6,3,0,0,432,11117674,11118105,4.32,rest
19125,6,3,17,9,570,11118106,11118675,5.7,active
19126,6,3,0,0,285,11118676,11118960,2.85,rest
19127,6,3,17,10,413,11118961,11119373,4.13,active
19128,6,3,0,0,1530,11119374,11120903,15.3,rest
19129,6,3,18,1,374,11120904,11121277,3.74,active
19130,6,3,0,0,274,11121278,11121551,2.74,rest
19131,6,3,18,2,431,11121552,11121982,4.31,active
19132,6,3,0,0,388,11121983,11122370,3.88,rest
19133,6,3,18,3,472,11122371,11122842,4.72,active
19134,6,3,0,0,384,11122843,11123226,3.84,rest
19135,6,3,18,4,428,11123227,11123654,4.28,active
19136,6,3,0,0,388,11123655,11124042,3.88,rest
19137,6,3,18,5,441,11124043,11124483,4.41,active
19138,6,3,0,0,436,11124484,11124919,4.36,rest
19139,6,3,18,6,407,11124920,11125326,4.07,active
19140,6,3,0,0,441,11125327,11125767,4.41,rest
19141,6,3,18,7,393,11125768,11126160,3.93,active
19142,6,3,0,0,411,11126161,11126571,4.11,rest
19143,6,3,18,8,451,11126572,11127022,4.51,active
19144,6,3,0,0,404,11127023,11127426,4.04,rest
19145,6,3,18,9,475,11127427,11127901,4.75,active
19146,6,3,0,0,396,11127902,11128297,3.96,rest
19147,6,3,18,10,433,11128298,11128730,4.33,active
19148,6,3,0,0,798,11128731,11129528,7.98,rest
19149,6,3,19,1,409,11129529,11129937,4.09,active
19150,6,3,0,0,373,11129938,11130310,3.73,rest
19151,6,3,19,2,465,11130311,11130775,4.65,active
19152,6,3,0,0,412,11130776,11131187,4.12,rest
19153,6,3,19,3,483,11131188,11131670,4.83,active
19154,6,3,0,0,552,11131671,11132222,5.52,rest
19155,6,3,19,4,316,11132223,11132538,3.16,active
19156,6,3,0,0,312,11132539,11132850,3.12,rest
19157,6,3,19,5,422,11132851,11133272,4.22,active
19158,6,3,0,0,414,11133273,11133686,4.14,rest
19159,6,3,19,6,440,11133687,11134126,4.4,active
19160,6,3,0,0,384,11134127,11134510,3.84,rest
19161,6,3,19,7,411,11134511,11134921,4.11,active
19162,6,3,0,0,483,11134922,11135404,4.83,rest
19163,6,3,19,8,380,11135405,11135784,3.8,active
19164,6,3,0,0,422,11135785,11136206,4.22,rest
19165,6,3,19,9,393,11136207,11136599,3.93,active
19166,6,3,0,0,467,11136600,11137066,4.67,rest
19167,6,3,19,10,364,11137067,11137430,3.64,active
19168,6,3,0,0,894,11137431,11138324,8.94,rest
19169,6,3,20,1,476,11138325,11138800,4.76,active
19170,6,3,0,0,290,11138801,11139090,2.9,rest
19171,6,3,20,2,429,11139091,11139519,4.29,active
19172,6,3,0,0,390,11139520,11139909,3.9,rest
19173,6,3,20,3,306,11139910,11140215,3.06,active
19174,6,3,0,0,523,11140216,11140738,5.23,rest
19175,6,3,20,4,430,11140739,11141168,4.3,active
19176,6,3,0,0,385,11141169,11141553,3.85,rest
19177,6,3,20,5,508,11141554,11142061,5.08,active
19178,6,3,0,0,373,11142062,11142434,3.73,rest
19179,6,3,20,6,390,11142435,11142824,3.9,active
19180,6,3,0,0,429,11142825,11143253,4.29,rest
19181,6,3,20,7,490,11143254,11143743,4.9,active
19182,6,3,0,0,362,11143744,11144105,3.62,rest
19183,6,3,20,8,497,11144106,11144602,4.97,active
19184,6,3,0,0,337,11144603,11144939,3.37,rest
19185,6,3,20,9,431,11144940,11145370,4.31,active
19186,6,3,0,0,362,11145371,11145732,3.62,rest
19187,6,3,20,10,431,11145733,11146163,4.31,active
19188,6,3,0,0,1938,11146164,11148101,19.38,rest
19189,6,3,21,1,435,11148102,11148536,4.35,active
19190,6,3,0,0,478,11148537,11149014,4.78,rest
19191,6,3,21,2,341,11149015,11149355,3.41,active
19192,6,3,0,0,367,11149356,11149722,3.67,rest
19193,6,3,21,3,381,11149723,11150103,3.81,active
19194,6,3,0,0,442,11150104,11150545,4.42,rest
19195,6,3,21,4,534,11150546,11151079,5.34,active
19196,6,3,0,0,401,11151080,11151480,4.01,rest
19197,6,3,21,5,465,11151481,11151945,4.65,active
19198,6,3,0,0,279,11151946,11152224,2.79,rest
19199,6,3,21,6,529,11152225,11152753,5.29,active
19200,6,3,0,0,436,11152754,11153189,4.36,rest
19201,6,3,21,7,437,11153190,11153626,4.37,active
19202,6,3,0,0,275,11153627,11153901,2.75,rest
19203,6,3,21,8,433,11153902,11154334,4.33,active
19204,6,3,0,0,466,11154335,11154800,4.66,rest
19205,6,3,21,9,417,11154801,11155217,4.17,active
19206,6,3,0,0,364,11155218,11155581,3.64,rest
19207,6,3,21,10,426,11155582,11156007,4.26,active
19208,6,3,0,0,804,11156008,11156811,8.04,rest
19209,6,3,22,1,352,11156812,11157163,3.52,active
19210,6,3,0,0,288,11157164,11157451,2.88,rest
19211,6,3,22,2,545,11157452,11157996,5.45,active
19212,6,3,0,0,410,11157997,11158406,4.1,rest
19213,6,3,22,3,429,11158407,11158835,4.29,active
19214,6,3,0,0,354,11158836,11159189,3.54,rest
19215,6,3,22,4,376,11159190,11159565,3.76,active
19216,6,3,0,0,391,11159566,11159956,3.91,rest
19217,6,3,22,5,531,11159957,11160487,5.31,active
19218,6,3,0,0,529,11160488,11161016,5.29,rest
19219,6,3,22,6,320,11161017,11161336,3.2,active
19220,6,3,0,0,329,11161337,11161665,3.29,rest
19221,6,3,22,7,500,11161666,11162165,5.0,active
19222,6,3,0,0,293,11162166,11162458,2.93,rest
19223,6,3,22,8,503,11162459,11162961,5.03,active
19224,6,3,0,0,332,11162962,11163293,3.32,rest
19225,6,3,22,9,548,11163294,11163841,5.48,active
19226,6,3,0,0,306,11163842,11164147,3.06,rest
19227,6,3,22,10,443,11164148,11164590,4.43,active
19228,6,3,0,0,1308,11164591,11165898,13.08,rest
19229,6,3,23,1,491,11165899,11166389,4.91,active
19230,6,3,0,0,288,11166390,11166677,2.88,rest
19231,6,3,23,2,407,11166678,11167084,4.07,active
19232,6,3,0,0,407,11167085,11167491,4.07,rest
19233,6,3,23,3,453,11167492,11167944,4.53,active
19234,6,3,0,0,407,11167945,11168351,4.07,rest
19235,6,3,23,4,511,11168352,11168862,5.11,active
19236,6,3,0,0,301,11168863,11169163,3.01,rest
19237,6,3,23,5,542,11169164,11169705,5.42,active
19238,6,3,0,0,318,11169706,11170023,3.18,rest
19239,6,3,23,6,513,11170024,11170536,5.13,active
19240,6,3,0,0,325,11170537,11170861,3.25,rest
19241,6,3,23,7,491,11170862,11171352,4.91,active
19242,6,3,0,0,327,11171353,11171679,3.27,rest
19243,6,3,23,8,486,11171680,11172165,4.86,active
19244,6,3,0,0,369,11172166,11172534,3.69,rest
19245,6,3,23,9,552,11172535,11173086,5.52,active
19246,6,3,0,0,282,11173087,11173368,2.82,rest
19247,6,3,23,10,525,11173369,11173893,5.25,active
19248,6,3,0,0,3289,11173894,11177182,32.89,rest
19249,7,2,0,0,436,11278000,11278435,4.36,rest
19250,7,2,1,1,286,11278436,11278721,2.86,active
19251,7,2,0,0,510,11278722,11279231,5.1,rest
19252,7,2,1,2,337,11279232,11279568,3.37,active
19253,7,2,0,0,488,11279569,11280056,4.88,rest
19254,7,2,1,3,300,11280057,11280356,3.0,active
19255,7,2,0,0,521,11280357,11280877,5.21,rest
19256,7,2,1,4,341,11280878,11281218,3.41,active
19257,7,2,0,0,537,11281219,11281755,5.37,rest
19258,7,2,1,5,302,11281756,11282057,3.02,active
19259,7,2,0,0,529,11282058,11282586,5.29,rest
19260,7,2,1,6,306,11282587,11282892,3.06,active
19261,7,2,0,0,519,11282893,11283411,5.19,rest
19262,7,2,1,7,328,11283412,11283739,3.28,active
19263,7,2,0,0,500,11283740,11284239,5.0,rest
19264,7,2,1,8,370,11284240,11284609,3.7,active
19265,7,2,0,0,530,11284610,11285139,5.3,rest
19266,7,2,1,9,301,11285140,11285440,3.01,active
19267,7,2,0,0,498,11285441,11285938,4.98,rest
19268,7,2,1,10,374,11285939,11286312,3.74,active
19269,7,2,0,0,511,11286313,11286823,5.11,rest
19270,7,2,2,1,383,11286824,11287206,3.83,active
19271,7,2,0,0,428,11287207,11287634,4.28,rest
19272,7,2,2,2,396,11287635,11288030,3.96,active
19273,7,2,0,0,430,11288031,11288460,4.3,rest
19274,7,2,2,3,423,11288461,11288883,4.23,active
19275,7,2,0,0,415,11288884,11289298,4.15,rest
19276,7,2,2,4,449,11289299,11289747,4.49,active
19277,7,2,0,0,401,11289748,11290148,4.01,rest
19278,7,2,2,5,416,11290149,11290564,4.16,active
19279,7,2,0,0,434,11290565,11290998,4.34,rest
19280,7,2,2,6,350,11290999,11291348,3.5,active
19281,7,2,0,0,442,11291349,11291790,4.42,rest
19282,7,2,2,7,433,11291791,11292223,4.33,active
19283,7,2,0,0,452,11292224,11292675,4.52,rest
19284,7,2,2,8,421,11292676,11293096,4.21,active
19285,7,2,0,0,437,11293097,11293533,4.37,rest
19286,7,2,2,9,401,11293534,11293934,4.01,active
19287,7,2,0,0,415,11293935,11294349,4.15,rest
19288,7,2,2,10,419,11294350,11294768,4.19,active
19289,7,2,0,0,427,11294769,11295195,4.27,rest
19290,7,2,3,1,412,11295196,11295607,4.12,active
19291,7,2,0,0,418,11295608,11296025,4.18,rest
19292,7,2,3,2,406,11296026,11296431,4.06,active
19293,7,2,0,0,453,11296432,11296884,4.53,rest
19294,7,2,3,3,343,11296885,11297227,3.43,active
19295,7,2,0,0,544,11297228,11297771,5.44,rest
19296,7,2,3,4,320,11297772,11298091,3.2,active
19297,7,2,0,0,458,11298092,11298549,4.58,rest
19298,7,2,3,5,483,11298550,11299032,4.83,active
19299,7,2,0,0,360,11299033,11299392,3.6,rest
19300,7,2,3,6,423,11299393,11299815,4.23,active
19301,7,2,0,0,425,11299816,11300240,4.25,rest
19302,7,2,3,7,412,11300241,11300652,4.12,active
19303,7,2,0,0,408,11300653,11301060,4.08,rest
19304,7,2,3,8,494,11301061,11301554,4.94,active
19305,7,2,0,0,360,11301555,11301914,3.6,rest
19306,7,2,3,9,378,11301915,11302292,3.78,active
19307,7,2,0,0,470,11302293,11302762,4.7,rest
19308,7,2,3,10,463,11302763,11303225,4.63,active
19309,7,2,0,0,469,11303226,11303694,4.69,rest
19310,7,2,4,1,353,11303695,11304047,3.53,active
19311,7,2,0,0,411,11304048,11304458,4.11,rest
19312,7,2,4,2,405,11304459,11304863,4.05,active
19313,7,2,0,0,423,11304864,11305286,4.23,rest
19314,7,2,4,3,426,11305287,11305712,4.26,active
19315,7,2,0,0,420,11305713,11306132,4.2,rest
19316,7,2,4,4,361,11306133,11306493,3.61,active
19317,7,2,0,0,510,11306494,11307003,5.1,rest
19318,7,2,4,5,301,11307004,11307304,3.01,active
19319,7,2,0,0,505,11307305,11307809,5.05,rest
19320,7,2,4,6,350,11307810,11308159,3.5,active
19321,7,2,0,0,504,11308160,11308663,5.04,rest
19322,7,2,4,7,366,11308664,11309029,3.66,active
19323,7,2,0,0,450,11309030,11309479,4.5,rest
19324,7,2,4,8,413,11309480,11309892,4.13,active
19325,7,2,0,0,470,11309893,11310362,4.7,rest
19326,7,2,4,9,364,11310363,11310726,3.64,active
19327,7,2,0,0,427,11310727,11311153,4.27,rest
19328,7,2,4,10,431,11311154,11311584,4.31,active
19329,7,2,0,0,505,11311585,11312089,5.05,rest
19330,7,2,5,1,281,11312090,11312370,2.81,active
19331,7,2,0,0,541,11312371,11312911,5.41,rest
19332,7,2,5,2,278,11312912,11313189,2.78,active
19333,7,2,0,0,557,11313190,11313746,5.57,rest
19334,7,2,5,3,262,11313747,11314008,2.62,active
19335,7,2,0,0,588,11314009,11314596,5.88,rest
19336,7,2,5,4,384,11314597,11314980,3.84,active
19337,7,2,0,0,481,11314981,11315461,4.81,rest
19338,7,2,5,5,219,11315462,11315680,2.19,active
19339,7,2,0,0,593,11315681,11316273,5.93,rest
19340,7,2,5,6,246,11316274,11316519,2.46,active
19341,7,2,0,0,569,11316520,11317088,5.69,rest
19342,7,2,5,7,252,11317089,11317340,2.52,active
19343,7,2,0,0,616,11317341,11317956,6.16,rest
19344,7,2,5,8,317,11317957,11318273,3.17,active
19345,7,2,0,0,495,11318274,11318768,4.95,rest
19346,7,2,5,9,238,11318769,11319006,2.38,active
19347,7,2,0,0,620,11319007,11319626,6.2,rest
19348,7,2,5,10,198,11319627,11319824,1.98,active
19349,7,2,0,0,665,11319825,11320489,6.65,rest
19350,7,2,6,1,259,11320490,11320748,2.59,active
19351,7,2,0,0,549,11320749,11321297,5.49,rest
19352,7,2,6,2,276,11321298,11321573,2.76,active
19353,7,2,0,0,581,11321574,11322154,5.81,rest
19354,7,2,6,3,261,11322155,11322415,2.61,active
19355,7,2,0,0,564,11322416,11322979,5.64,rest
19356,7,2,6,4,306,11322980,11323285,3.06,active
19357,7,2,0,0,507,11323286,11323792,5.07,rest
19358,7,2,6,5,298,11323793,11324090,2.98,active
19359,7,2,0,0,580,11324091,11324670,5.8,rest
19360,7,2,6,6,246,11324671,11324916,2.46,active
19361,7,2,0,0,554,11324917,11325470,5.54,rest
19362,7,2,6,7,296,11325471,11325766,2.96,active
19363,7,2,0,0,543,11325767,11326309,5.43,rest
19364,7,2,6,8,293,11326310,11326602,2.93,active
19365,7,2,0,0,556,11326603,11327158,5.56,rest
19366,7,2,6,9,298,11327159,11327456,2.98,active
19367,7,2,0,0,535,11327457,11327991,5.35,rest
19368,7,2,6,10,282,11327992,11328273,2.82,active
19369,7,2,0,0,651,11328274,11328924,6.51,rest
19370,7,2,7,1,264,11328925,11329188,2.64,active
19371,7,2,0,0,553,11329189,11329741,5.53,rest
19372,7,2,7,2,300,11329742,11330041,3.0,active
19373,7,2,0,0,529,11330042,11330570,5.29,rest
19374,7,2,7,3,307,11330571,11330877,3.07,active
19375,7,2,0,0,533,11330878,11331410,5.33,rest
19376,7,2,7,4,383,11331411,11331793,3.83,active
19377,7,2,0,0,358,11331794,11332151,3.58,rest
19378,7,2,7,5,388,11332152,11332539,3.88,active
19379,7,2,0,0,572,11332540,11333111,5.72,rest
19380,7,2,7,6,268,11333112,11333379,2.68,active
19381,7,2,0,0,567,11333380,11333946,5.67,rest
19382,7,2,7,7,238,11333947,11334184,2.38,active
19383,7,2,0,0,564,11334185,11334748,5.64,rest
19384,7,2,7,8,320,11334749,11335068,3.2,active
19385,7,2,0,0,561,11335069,11335629,5.61,rest
19386,7,2,7,9,468,11335630,11336097,4.68,active
19387,7,2,0,0,373,11336098,11336470,3.73,rest
19388,7,2,7,10,261,11336471,11336731,2.61,active
19389,7,2,0,0,598,11336732,11337329,5.98,rest
19390,7,2,8,1,319,11337330,11337648,3.19,active
19391,7,2,0,0,512,11337649,11338160,5.12,rest
19392,7,2,8,2,350,11338161,11338510,3.5,active
19393,7,2,0,0,440,11338511,11338950,4.4,rest
19394,7,2,8,3,399,11338951,11339349,3.99,active
19395,7,2,0,0,425,11339350,11339774,4.25,rest
19396,7,2,8,4,405,11339775,11340179,4.05,active
19397,7,2,0,0,476,11340180,11340655,4.76,rest
19398,7,2,8,5,355,11340656,11341010,3.55,active
19399,7,2,0,0,415,11341011,11341425,4.15,rest
19400,7,2,8,6,433,11341426,11341858,4.33,active
19401,7,2,0,0,461,11341859,11342319,4.61,rest
19402,7,2,8,7,358,11342320,11342677,3.58,active
19403,7,2,0,0,507,11342678,11343184,5.07,rest
19404,7,2,8,8,301,11343185,11343485,3.01,active
19405,7,2,0,0,504,11343486,11343989,5.04,rest
19406,7,2,8,9,488,11343990,11344477,4.88,active
19407,7,2,0,0,360,11344478,11344837,3.6,rest
19408,7,2,8,10,291,11344838,11345128,2.91,active
19409,7,2,0,0,574,11345129,11345702,5.74,rest
19410,7,2,9,1,373,11345703,11346075,3.73,active
19411,7,2,0,0,456,11346076,11346531,4.56,rest
19412,7,2,9,2,286,11346532,11346817,2.86,active
19413,7,2,0,0,521,11346818,11347338,5.21,rest
19414,7,2,9,3,386,11347339,11347724,3.86,active
19415,7,2,0,0,481,11347725,11348205,4.81,rest
19416,7,2,9,4,375,11348206,11348580,3.75,active
19417,7,2,0,0,432,11348581,11349012,4.32,rest
19418,7,2,9,5,376,11349013,11349388,3.76,active
19419,7,2,0,0,458,11349389,11349846,4.58,rest
19420,7,2,9,6,389,11349847,11350235,3.89,active
19421,7,2,0,0,473,11350236,11350708,4.73,rest
19422,7,2,9,7,332,11350709,11351040,3.32,active
19423,7,2,0,0,488,11351041,11351528,4.88,rest
19424,7,2,9,8,443,11351529,11351971,4.43,active
19425,7,2,0,0,376,11351972,11352347,3.76,rest
19426,7,2,9,9,421,11352348,11352768,4.21,active
19427,7,2,0,0,495,11352769,11353263,4.95,rest
19428,7,2,9,10,329,11353264,11353592,3.29,active
19429,7,2,0,0,495,11353593,11354087,4.95,rest
19430,7,2,10,1,286,11354088,11354373,2.86,active
19431,7,2,0,0,535,11354374,11354908,5.35,rest
19432,7,2,10,2,331,11354909,11355239,3.31,active
19433,7,2,0,0,513,11355240,11355752,5.13,rest
19434,7,2,10,3,334,11355753,11356086,3.34,active
19435,7,2,0,0,513,11356087,11356599,5.13,rest
19436,7,2,10,4,236,11356600,11356835,2.36,active
19437,7,2,0,0,595,11356836,11357430,5.95,rest
19438,7,2,10,5,257,11357431,11357687,2.57,active
19439,7,2,0,0,587,11357688,11358274,5.87,rest
19440,7,2,10,6,282,11358275,11358556,2.82,active
19441,7,2,0,0,540,11358557,11359096,5.4,rest
19442,7,2,10,7,219,11359097,11359315,2.19,active
19443,7,2,0,0,603,11359316,11359918,6.03,rest
19444,7,2,10,8,252,11359919,11360170,2.52,active
19445,7,2,0,0,578,11360171,11360748,5.78,rest
19446,7,2,10,9,321,11360749,11361069,3.21,active
19447,7,2,0,0,533,11361070,11361602,5.33,rest
19448,7,2,10,10,349,11361603,11361951,3.49,active
19449,7,2,0,0,493,11361952,11362444,4.93,rest
19450,7,2,11,1,303,11362445,11362747,3.03,active
19451,7,2,0,0,538,11362748,11363285,5.38,rest
19452,7,2,11,2,423,11363286,11363708,4.23,active
19453,7,2,0,0,411,11363709,11364119,4.11,rest
19454,7,2,11,3,284,11364120,11364403,2.84,active
19455,7,2,0,0,554,11364404,11364957,5.54,rest
19456,7,2,11,4,288,11364958,11365245,2.88,active
19457,7,2,0,0,553,11365246,11365798,5.53,rest
19458,7,2,11,5,271,11365799,11366069,2.71,active
19459,7,2,0,0,550,11366070,11366619,5.5,rest
19460,7,2,11,6,331,11366620,11366950,3.31,active
19461,7,2,0,0,490,11366951,11367440,4.9,rest
19462,7,2,11,7,462,11367441,11367902,4.62,active
19463,7,2,0,0,376,11367903,11368278,3.76,rest
19464,7,2,11,8,328,11368279,11368606,3.28,active
19465,7,2,0,0,530,11368607,11369136,5.3,rest
19466,7,2,11,9,295,11369137,11369431,2.95,active
19467,7,2,0,0,530,11369432,11369961,5.3,rest
19468,7,2,11,10,421,11369962,11370382,4.21,active
19469,7,2,0,0,421,11370383,11370803,4.21,rest
19470,7,2,12,1,311,11370804,11371114,3.11,active
19471,7,2,0,0,517,11371115,11371631,5.17,rest
19472,7,2,12,2,431,11371632,11372062,4.31,active
19473,7,2,0,0,405,11372063,11372467,4.05,rest
19474,7,2,12,3,317,11372468,11372784,3.17,active
19475,7,2,0,0,532,11372785,11373316,5.32,rest
19476,7,2,12,4,297,11373317,11373613,2.97,active
19477,7,2,0,0,537,11373614,11374150,5.37,rest
19478,7,2,12,5,354,11374151,11374504,3.54,active
19479,7,2,0,0,489,11374505,11374993,4.89,rest
19480,7,2,12,6,403,11374994,11375396,4.03,active
19481,7,2,0,0,416,11375397,11375812,4.16,rest
19482,7,2,12,7,365,11375813,11376177,3.65,active
19483,7,2,0,0,480,11376178,11376657,4.8,rest
19484,7,2,12,8,534,11376658,11377191,5.34,active
19485,7,2,0,0,294,11377192,11377485,2.94,rest
19486,7,2,12,9,514,11377486,11377999,5.14,active
19487,7,2,0,0,338,11378000,11378337,3.38,rest
19488,7,2,12,10,429,11378338,11378766,4.29,active
19489,7,2,0,0,426,11378767,11379192,4.26,rest
19490,7,2,13,1,472,11379193,11379664,4.72,active
19491,7,2,0,0,405,11379665,11380069,4.05,rest
19492,7,2,13,2,235,11380070,11380304,2.35,active
19493,7,2,0,0,550,11380305,11380854,5.5,rest
19494,7,2,13,3,520,11380855,11381374,5.2,active
19495,7,2,0,0,375,11381375,11381749,3.75,rest
19496,7,2,13,4,219,11381750,11381968,2.19,active
19497,7,2,0,0,610,11381969,11382578,6.1,rest
19498,7,2,13,5,222,11382579,11382800,2.22,active
19499,7,2,0,0,621,11382801,11383421,6.21,rest
19500,7,2,13,6,209,11383422,11383630,2.09,active
19501,7,2,0,0,626,11383631,11384256,6.26,rest
19502,7,2,13,7,355,11384257,11384611,3.55,active
19503,7,2,0,0,469,11384612,11385080,4.69,rest
19504,7,2,13,8,464,11385081,11385544,4.64,active
19505,7,2,0,0,386,11385545,11385930,3.86,rest
19506,7,2,13,9,404,11385931,11386334,4.04,active
19507,7,2,0,0,419,11386335,11386753,4.19,rest
19508,7,2,13,10,420,11386754,11387173,4.2,active
19509,7,2,0,0,446,11387174,11387619,4.46,rest
19510,7,2,14,1,262,11387620,11387881,2.62,active
19511,7,2,0,0,555,11387882,11388436,5.55,rest
19512,7,2,14,2,284,11388437,11388720,2.84,active
19513,7,2,0,0,585,11388721,11389305,5.85,rest
19514,7,2,14,3,259,11389306,11389564,2.59,active
19515,7,2,0,0,581,11389565,11390145,5.81,rest
19516,7,2,14,4,239,11390146,11390384,2.39,active
19517,7,2,0,0,592,11390385,11390976,5.92,rest
19518,7,2,14,5,237,11390977,11391213,2.37,active
19519,7,2,0,0,568,11391214,11391781,5.68,rest
19520,7,2,14,6,455,11391782,11392236,4.55,active
19521,7,2,0,0,425,11392237,11392661,4.25,rest
19522,7,2,14,7,242,11392662,11392903,2.42,active
19523,7,2,0,0,567,11392904,11393470,5.67,rest
19524,7,2,14,8,421,11393471,11393891,4.21,active
19525,7,2,0,0,420,11393892,11394311,4.2,rest
19526,7,2,14,9,428,11394312,11394739,4.28,active
19527,7,2,0,0,418,11394740,11395157,4.18,rest
19528,7,2,14,10,282,11395158,11395439,2.82,active
19529,7,2,0,0,573,11395440,11396012,5.73,rest
19530,7,2,15,1,394,11396013,11396406,3.94,active
19531,7,2,0,0,438,11396407,11396844,4.38,rest
19532,7,2,15,2,383,11396845,11397227,3.83,active
19533,7,2,0,0,449,11397228,11397676,4.49,rest
19534,7,2,15,3,367,11397677,11398043,3.67,active
19535,7,2,0,0,537,11398044,11398580,5.37,rest
19536,7,2,15,4,313,11398581,11398893,3.13,active
19537,7,2,0,0,494,11398894,11399387,4.94,rest
19538,7,2,15,5,345,11399388,11399732,3.45,active
19539,7,2,0,0,442,11399733,11400174,4.42,rest
19540,7,2,15,6,351,11400175,11400525,3.51,active
19541,7,2,0,0,484,11400526,11401009,4.84,rest
19542,7,2,15,7,352,11401010,11401361,3.52,active
19543,7,2,0,0,499,11401362,11401860,4.99,rest
19544,7,2,15,8,394,11401861,11402254,3.94,active
19545,7,2,0,0,441,11402255,11402695,4.41,rest
19546,7,2,15,9,342,11402696,11403037,3.42,active
19547,7,2,0,0,511,11403038,11403548,5.11,rest
19548,7,2,15,10,347,11403549,11403895,3.47,active
19549,7,2,0,0,581,11403896,11404476,5.81,rest
19550,7,2,16,1,402,11404477,11404878,4.02,active
19551,7,2,0,0,375,11404879,11405253,3.75,rest
19552,7,2,16,2,418,11405254,11405671,4.18,active
19553,7,2,0,0,433,11405672,11406104,4.33,rest
19554,7,2,16,3,404,11406105,11406508,4.04,active
19555,7,2,0,0,392,11406509,11406900,3.92,rest
19556,7,2,16,4,454,11406901,11407354,4.54,active
19557,7,2,0,0,401,11407355,11407755,4.01,rest
19558,7,2,16,5,424,11407756,11408179,4.24,active
19559,7,2,0,0,396,11408180,11408575,3.96,rest
19560,7,2,16,6,422,11408576,11408997,4.22,active
19561,7,2,0,0,418,11408998,11409415,4.18,rest
19562,7,2,16,7,418,11409416,11409833,4.18,active
19563,7,2,0,0,427,11409834,11410260,4.27,rest
19564,7,2,16,8,477,11410261,11410737,4.77,active
19565,7,2,0,0,360,11410738,11411097,3.6,rest
19566,7,2,16,9,423,11411098,11411520,4.23,active
19567,7,2,0,0,416,11411521,11411936,4.16,rest
19568,7,2,16,10,460,11411937,11412396,4.6,active
19569,7,2,0,0,414,11412397,11412810,4.14,rest
19570,7,2,17,1,349,11412811,11413159,3.49,active
19571,7,2,0,0,458,11413160,11413617,4.58,rest
19572,7,2,17,2,447,11413618,11414064,4.47,active
19573,7,2,0,0,435,11414065,11414499,4.35,rest
19574,7,2,17,3,388,11414500,11414887,3.88,active
19575,7,2,0,0,395,11414888,11415282,3.95,rest
19576,7,2,17,4,487,11415283,11415769,4.87,active
19577,7,2,0,0,392,11415770,11416161,3.92,rest
19578,7,2,17,5,437,11416162,11416598,4.37,active
19579,7,2,0,0,373,11416599,11416971,3.73,rest
19580,7,2,17,6,445,11416972,11417416,4.45,active
19581,7,2,0,0,360,11417417,11417776,3.6,rest
19582,7,2,17,7,546,11417777,11418322,5.46,active
19583,7,2,0,0,364,11418323,11418686,3.64,rest
19584,7,2,17,8,388,11418687,11419074,3.88,active
19585,7,2,0,0,399,11419075,11419473,3.99,rest
19586,7,2,17,9,442,11419474,11419915,4.42,active
19587,7,2,0,0,419,11419916,11420334,4.19,rest
19588,7,2,17,10,422,11420335,11420756,4.22,active
19589,7,2,0,0,376,11420757,11421132,3.76,rest
19590,7,3,0,0,423,11421133,11421555,4.23,rest
19591,7,3,1,1,355,11421556,11421910,3.55,active
19592,7,3,0,0,443,11421911,11422353,4.43,rest
19593,7,3,1,2,374,11422354,11422727,3.74,active
19594,7,3,0,0,427,11422728,11423154,4.27,rest
19595,7,3,1,3,402,11423155,11423556,4.02,active
19596,7,3,0,0,465,11423557,11424021,4.65,rest
19597,7,3,1,4,380,11424022,11424401,3.8,active
19598,7,3,0,0,440,11424402,11424841,4.4,rest
19599,7,3,1,5,400,11424842,11425241,4.0,active
19600,7,3,0,0,396,11425242,11425637,3.96,rest
19601,7,3,1,6,406,11425638,11426043,4.06,active
19602,7,3,0,0,468,11426044,11426511,4.68,rest
19603,7,3,1,7,392,11426512,11426903,3.92,active
19604,7,3,0,0,465,11426904,11427368,4.65,rest
19605,7,3,1,8,376,11427369,11427744,3.76,active
19606,7,3,0,0,444,11427745,11428188,4.44,rest
19607,7,3,1,9,355,11428189,11428543,3.55,active
19608,7,3,0,0,490,11428544,11429033,4.9,rest
19609,7,3,1,10,352,11429034,11429385,3.52,active
19610,7,3,0,0,1677,11429386,11431062,16.77,rest
19611,7,3,2,1,381,11431063,11431443,3.81,active
19612,7,3,0,0,448,11431444,11431891,4.48,rest
19613,7,3,2,2,381,11431892,11432272,3.81,active
19614,7,3,0,0,454,11432273,11432726,4.54,rest
19615,7,3,2,3,375,11432727,11433101,3.75,active
19616,7,3,0,0,457,11433102,11433558,4.57,rest
19617,7,3,2,4,375,11433559,11433933,3.75,active
19618,7,3,0,0,478,11433934,11434411,4.78,rest
19619,7,3,2,5,401,11434412,11434812,4.01,active
19620,7,3,0,0,428,11434813,11435240,4.28,rest
19621,7,3,2,6,394,11435241,11435634,3.94,active
19622,7,3,0,0,426,11435635,11436060,4.26,rest
19623,7,3,2,7,412,11436061,11436472,4.12,active
19624,7,3,0,0,423,11436473,11436895,4.23,rest
19625,7,3,2,8,390,11436896,11437285,3.9,active
19626,7,3,0,0,453,11437286,11437738,4.53,rest
19627,7,3,2,9,382,11437739,11438120,3.82,active
19628,7,3,0,0,439,11438121,11438559,4.39,rest
19629,7,3,2,10,422,11438560,11438981,4.22,active
19630,7,3,0,0,765,11438982,11439746,7.65,rest
19631,7,3,3,1,184,11439747,11439930,1.84,active
19632,7,3,0,0,411,11439931,11440341,4.11,rest
19633,7,3,3,2,398,11440342,11440739,3.98,active
19634,7,3,0,0,433,11440740,11441172,4.33,rest
19635,7,3,3,3,353,11441173,11441525,3.53,active
19636,7,3,0,0,484,11441526,11442009,4.84,rest
19637,7,3,3,4,356,11442010,11442365,3.56,active
19638,7,3,0,0,477,11442366,11442842,4.77,rest
19639,7,3,3,5,360,11442843,11443202,3.6,active
19640,7,3,0,0,407,11443203,11443609,4.07,rest
19641,7,3,3,6,372,11443610,11443981,3.72,active
19642,7,3,0,0,524,11443982,11444505,5.24,rest
19643,7,3,3,7,373,11444506,11444878,3.73,active
19644,7,3,0,0,467,11444879,11445345,4.67,rest
19645,7,3,3,8,328,11445346,11445673,3.28,active
19646,7,3,0,0,499,11445674,11446172,4.99,rest
19647,7,3,3,9,368,11446173,11446540,3.68,active
19648,7,3,0,0,471,11446541,11447011,4.71,rest
19649,7,3,3,10,339,11447012,11447350,3.39,active
19650,7,3,0,0,1364,11447351,11448714,13.64,rest
19651,7,3,4,1,376,11448715,11449090,3.76,active
19652,7,3,0,0,404,11449091,11449494,4.04,rest
19653,7,3,4,2,344,11449495,11449838,3.44,active
19654,7,3,0,0,468,11449839,11450306,4.68,rest
19655,7,3,4,3,385,11450307,11450691,3.85,active
19656,7,3,0,0,444,11450692,11451135,4.44,rest
19657,7,3,4,4,414,11451136,11451549,4.14,active
19658,7,3,0,0,430,11451550,11451979,4.3,rest
19659,7,3,4,5,412,11451980,11452391,4.12,active
19660,7,3,0,0,428,11452392,11452819,4.28,rest
19661,7,3,4,6,403,11452820,11453222,4.03,active
19662,7,3,0,0,442,11453223,11453664,4.42,rest
19663,7,3,4,7,389,11453665,11454053,3.89,active
19664,7,3,0,0,470,11454054,11454523,4.7,rest
19665,7,3,4,8,394,11454524,11454917,3.94,active
19666,7,3,0,0,433,11454918,11455350,4.33,rest
19667,7,3,4,9,352,11455351,11455702,3.52,active
19668,7,3,0,0,485,11455703,11456187,4.85,rest
19669,7,3,4,10,422,11456188,11456609,4.22,active
19670,7,3,0,0,1071,11456610,11457680,10.71,rest
19671,7,3,5,1,409,11457681,11458089,4.09,active
19672,7,3,0,0,398,11458090,11458487,3.98,rest
19673,7,3,5,2,427,11458488,11458914,4.27,active
19674,7,3,0,0,409,11458915,11459323,4.09,rest
19675,7,3,5,3,413,11459324,11459736,4.13,active
19676,7,3,0,0,414,11459737,11460150,4.14,rest
19677,7,3,5,4,392,11460151,11460542,3.92,active
19678,7,3,0,0,434,11460543,11460976,4.34,rest
19679,7,3,5,5,388,11460977,11461364,3.88,active
19680,7,3,0,0,450,11461365,11461814,4.5,rest
19681,7,3,5,6,460,11461815,11462274,4.6,active
19682,7,3,0,0,396,11462275,11462670,3.96,rest
19683,7,3,5,7,425,11462671,11463095,4.25,active
19684,7,3,0,0,412,11463096,11463507,4.12,rest
19685,7,3,5,8,411,11463508,11463918,4.11,active
19686,7,3,0,0,401,11463919,11464319,4.01,rest
19687,7,3,5,9,407,11464320,11464726,4.07,active
19688,7,3,0,0,416,11464727,11465142,4.16,rest
19689,7,3,5,10,410,11465143,11465552,4.1,active
19690,7,3,0,0,1095,11465553,11466647,10.95,rest
19691,7,3,6,1,396,11466648,11467043,3.96,active
19692,7,3,0,0,420,11467044,11467463,4.2,rest
19693,7,3,6,2,434,11467464,11467897,4.34,active
19694,7,3,0,0,395,11467898,11468292,3.95,rest
19695,7,3,6,3,412,11468293,11468704,4.12,active
19696,7,3,0,0,396,11468705,11469100,3.96,rest
19697,7,3,6,4,426,11469101,11469526,4.26,active
19698,7,3,0,0,429,11469527,11469955,4.29,rest
19699,7,3,6,5,406,11469956,11470361,4.06,active
19700,7,3,0,0,425,11470362,11470786,4.25,rest
19701,7,3,6,6,412,11470787,11471198,4.12,active
19702,7,3,0,0,432,11471199,11471630,4.32,rest
19703,7,3,6,7,404,11471631,11472034,4.04,active
19704,7,3,0,0,419,11472035,11472453,4.19,rest
19705,7,3,6,8,405,11472454,11472858,4.05,active
19706,7,3,0,0,433,11472859,11473291,4.33,rest
19707,7,3,6,9,397,11473292,11473688,3.97,active
19708,7,3,0,0,454,11473689,11474142,4.54,rest
19709,7,3,6,10,393,11474143,11474535,3.93,active
19710,7,3,0,0,2009,11474536,11476544,20.09,rest
19711,7,3,7,1,371,11476545,11476915,3.71,active
19712,7,3,0,0,456,11476916,11477371,4.56,rest
19713,7,3,7,2,351,11477372,11477722,3.51,active
19714,7,3,0,0,491,11477723,11478213,4.91,rest
19715,7,3,7,3,353,11478214,11478566,3.53,active
19716,7,3,0,0,496,11478567,11479062,4.96,rest
19717,7,3,7,4,350,11479063,11479412,3.5,active
19718,7,3,0,0,465,11479413,11479877,4.65,rest
19719,7,3,7,5,365,11479878,11480242,3.65,active
19720,7,3,0,0,487,11480243,11480729,4.87,rest
19721,7,3,7,6,335,11480730,11481064,3.35,active
19722,7,3,0,0,505,11481065,11481569,5.05,rest
19723,7,3,7,7,330,11481570,11481899,3.3,active
19724,7,3,0,0,514,11481900,11482413,5.14,rest
19725,7,3,7,8,297,11482414,11482710,2.97,active
19726,7,3,0,0,499,11482711,11483209,4.99,rest
19727,7,3,7,9,373,11483210,11483582,3.73,active
19728,7,3,0,0,478,11483583,11484060,4.78,rest
19729,7,3,7,10,329,11484061,11484389,3.29,active
19730,7,3,0,0,1016,11484390,11485405,10.16,rest
19731,7,3,8,1,546,11485406,11485951,5.46,active
19732,7,3,0,0,276,11485952,11486227,2.76,rest
19733,7,3,8,2,395,11486228,11486622,3.95,active
19734,7,3,0,0,451,11486623,11487073,4.51,rest
19735,7,3,8,3,374,11487074,11487447,3.74,active
19736,7,3,0,0,462,11487448,11487909,4.62,rest
19737,7,3,8,4,407,11487910,11488316,4.07,active
19738,7,3,0,0,422,11488317,11488738,4.22,rest
19739,7,3,8,5,392,11488739,11489130,3.92,active
19740,7,3,0,0,440,11489131,11489570,4.4,rest
19741,7,3,8,6,384,11489571,11489954,3.84,active
19742,7,3,0,0,439,11489955,11490393,4.39,rest
19743,7,3,8,7,409,11490394,11490802,4.09,active
19744,7,3,0,0,435,11490803,11491237,4.35,rest
19745,7,3,8,8,396,11491238,11491633,3.96,active
19746,7,3,0,0,443,11491634,11492076,4.43,rest
19747,7,3,8,9,402,11492077,11492478,4.02,active
19748,7,3,0,0,427,11492479,11492905,4.27,rest
19749,7,3,8,10,426,11492906,11493331,4.26,active
19750,7,3,0,0,833,11493332,11494164,8.33,rest
19751,7,3,9,1,293,11494165,11494457,2.93,active
19752,7,3,0,0,514,11494458,11494971,5.14,rest
19753,7,3,9,2,322,11494972,11495293,3.22,active
19754,7,3,0,0,462,11495294,11495755,4.62,rest
19755,7,3,9,3,344,11495756,11496099,3.44,active
19756,7,3,0,0,505,11496100,11496604,5.05,rest
19757,7,3,9,4,322,11496605,11496926,3.22,active
19758,7,3,0,0,516,11496927,11497442,5.16,rest
19759,7,3,9,5,376,11497443,11497818,3.76,active
19760,7,3,0,0,469,11497819,11498287,4.69,rest
19761,7,3,9,6,376,11498288,11498663,3.76,active
19762,7,3,0,0,470,11498664,11499133,4.7,rest
19763,7,3,9,7,379,11499134,11499512,3.79,active
19764,7,3,0,0,443,11499513,11499955,4.43,rest
19765,7,3,9,8,374,11499956,11500329,3.74,active
19766,7,3,0,0,477,11500330,11500806,4.77,rest
19767,7,3,9,9,344,11500807,11501150,3.44,active
19768,7,3,0,0,503,11501151,11501653,5.03,rest
19769,7,3,9,10,320,11501654,11501973,3.2,active
19770,7,3,0,0,4369,11501974,11506342,43.69,rest
19771,7,3,10,1,385,11506343,11506727,3.85,active
19772,7,3,0,0,434,11506728,11507161,4.34,rest
19773,7,3,10,2,381,11507162,11507542,3.81,active
19774,7,3,0,0,455,11507543,11507997,4.55,rest
19775,7,3,10,3,360,11507998,11508357,3.6,active
19776,7,3,0,0,481,11508358,11508838,4.81,rest
19777,7,3,10,4,393,11508839,11509231,3.93,active
19778,7,3,0,0,451,11509232,11509682,4.51,rest
19779,7,3,10,5,357,11509683,11510039,3.57,active
19780,7,3,0,0,485,11510040,11510524,4.85,rest
19781,7,3,10,6,347,11510525,11510871,3.47,active
19782,7,3,0,0,491,11510872,11511362,4.91,rest
19783,7,3,10,7,352,11511363,11511714,3.52,active
19784,7,3,0,0,495,11511715,11512209,4.95,rest
19785,7,3,10,8,331,11512210,11512540,3.31,active
19786,7,3,0,0,483,11512541,11513023,4.83,rest
19787,7,3,10,9,360,11513024,11513383,3.6,active
19788,7,3,0,0,472,11513384,11513855,4.72,rest
19789,7,3,10,10,337,11513856,11514192,3.37,active
19790,7,3,0,0,1251,11514193,11515443,12.51,rest
19791,7,3,11,1,367,11515444,11515810,3.67,active
19792,7,3,0,0,422,11515811,11516232,4.22,rest
19793,7,3,11,2,380,11516233,11516612,3.8,active
19794,7,3,0,0,409,11516613,11517021,4.09,rest
19795,7,3,11,3,430,11517022,11517451,4.3,active
19796,7,3,0,0,440,11517452,11517891,4.4,rest
19797,7,3,11,4,388,11517892,11518279,3.88,active
19798,7,3,0,0,433,11518280,11518712,4.33,rest
19799,7,3,11,5,404,11518713,11519116,4.04,active
19800,7,3,0,0,448,11519117,11519564,4.48,rest
19801,7,3,11,6,436,11519565,11520000,4.36,active
19802,7,3,0,0,370,11520001,11520370,3.7,rest
19803,7,3,11,7,409,11520371,11520779,4.09,active
19804,7,3,0,0,456,11520780,11521235,4.56,rest
19805,7,3,11,8,455,11521236,11521690,4.55,active
19806,7,3,0,0,338,11521691,11522028,3.38,rest
19807,7,3,11,9,447,11522029,11522475,4.47,active
19808,7,3,0,0,415,11522476,11522890,4.15,rest
19809,7,3,11,10,395,11522891,11523285,3.95,active
19810,7,3,0,0,1593,11523286,11524878,15.93,rest
19811,7,3,12,1,351,11524879,11525229,3.51,active
19812,7,3,0,0,460,11525230,11525689,4.6,rest
19813,7,3,12,2,308,11525690,11525997,3.08,active
19814,7,3,0,0,491,11525998,11526488,4.91,rest
19815,7,3,12,3,394,11526489,11526882,3.94,active
19816,7,3,0,0,424,11526883,11527306,4.24,rest
19817,7,3,12,4,452,11527307,11527758,4.52,active
19818,7,3,0,0,408,11527759,11528166,4.08,rest
19819,7,3,12,5,376,11528167,11528542,3.76,active
19820,7,3,0,0,418,11528543,11528960,4.18,rest
19821,7,3,12,6,415,11528961,11529375,4.15,active
19822,7,3,0,0,409,11529376,11529784,4.09,rest
19823,7,3,12,7,463,11529785,11530247,4.63,active
19824,7,3,0,0,394,11530248,11530641,3.94,rest
19825,7,3,12,8,441,11530642,11531082,4.41,active
19826,7,3,0,0,414,11531083,11531496,4.14,rest
19827,7,3,12,9,394,11531497,11531890,3.94,active
19828,7,3,0,0,453,11531891,11532343,4.53,rest
19829,7,3,12,10,393,11532344,11532736,3.93,active
19830,7,3,0,0,1077,11532737,11533813,10.77,rest
19831,7,3,13,1,351,11533814,11534164,3.51,active
19832,7,3,0,0,453,11534165,11534617,4.53,rest
19833,7,3,13,2,357,11534618,11534974,3.57,active
19834,7,3,0,0,477,11534975,11535451,4.77,rest
19835,7,3,13,3,357,11535452,11535808,3.57,active
19836,7,3,0,0,444,11535809,11536252,4.44,rest
19837,7,3,13,4,385,11536253,11536637,3.85,active
19838,7,3,0,0,527,11536638,11537164,5.27,rest
19839,7,3,13,5,345,11537165,11537509,3.45,active
19840,7,3,0,0,490,11537510,11537999,4.9,rest
19841,7,3,13,6,328,11538000,11538327,3.28,active
19842,7,3,0,0,467,11538328,11538794,4.67,rest
19843,7,3,13,7,388,11538795,11539182,3.88,active
19844,7,3,0,0,474,11539183,11539656,4.74,rest
19845,7,3,13,8,358,11539657,11540014,3.58,active
19846,7,3,0,0,416,11540015,11540430,4.16,rest
19847,7,3,13,9,424,11540431,11540854,4.24,active
19848,7,3,0,0,471,11540855,11541325,4.71,rest
19849,7,3,13,10,342,11541326,11541667,3.42,active
19850,7,3,0,0,1545,11541668,11543212,15.45,rest
19851,7,3,14,1,452,11543213,11543664,4.52,active
19852,7,3,0,0,371,11543665,11544035,3.71,rest
19853,7,3,14,2,419,11544036,11544454,4.19,active
19854,7,3,0,0,430,11544455,11544884,4.3,rest
19855,7,3,14,3,409,11544885,11545293,4.09,active
19856,7,3,0,0,412,11545294,11545705,4.12,rest
19857,7,3,14,4,457,11545706,11546162,4.57,active
19858,7,3,0,0,359,11546163,11546521,3.59,rest
19859,7,3,14,5,425,11546522,11546946,4.25,active
19860,7,3,0,0,428,11546947,11547374,4.28,rest
19861,7,3,14,6,424,11547375,11547798,4.24,active
19862,7,3,0,0,455,11547799,11548253,4.55,rest
19863,7,3,14,7,389,11548254,11548642,3.89,active
19864,7,3,0,0,418,11548643,11549060,4.18,rest
19865,7,3,14,8,416,11549061,11549476,4.16,active
19866,7,3,0,0,425,11549477,11549901,4.25,rest
19867,7,3,14,9,358,11549902,11550259,3.58,active
19868,7,3,0,0,493,11550260,11550752,4.93,rest
19869,7,3,14,10,371,11550753,11551123,3.71,active
19870,7,3,0,0,1049,11551124,11552172,10.49,rest
19871,7,3,15,1,433,11552173,11552605,4.33,active
19872,7,3,0,0,376,11552606,11552981,3.76,rest
19873,7,3,15,2,475,11552982,11553456,4.75,active
19874,7,3,0,0,390,11553457,11553846,3.9,rest
19875,7,3,15,3,542,11553847,11554388,5.42,active
19876,7,3,0,0,249,11554389,11554637,2.49,rest
19877,7,3,15,4,486,11554638,11555123,4.86,active
19878,7,3,0,0,370,11555124,11555493,3.7,rest
19879,7,3,15,5,444,11555494,11555937,4.44,active
19880,7,3,0,0,362,11555938,11556299,3.62,rest
19881,7,3,15,6,490,11556300,11556789,4.9,active
19882,7,3,0,0,355,11556790,11557144,3.55,rest
19883,7,3,15,7,443,11557145,11557587,4.43,active
19884,7,3,0,0,386,11557588,11557973,3.86,rest
19885,7,3,15,8,470,11557974,11558443,4.7,active
19886,7,3,0,0,375,11558444,11558818,3.75,rest
19887,7,3,15,9,533,11558819,11559351,5.33,active
19888,7,3,0,0,326,11559352,11559677,3.26,rest
19889,7,3,15,10,416,11559678,11560093,4.16,active
19890,7,3,0,0,833,11560094,11560926,8.33,rest
19891,7,3,16,1,449,11560927,11561375,4.49,active
19892,7,3,0,0,388,11561376,11561763,3.88,rest
19893,7,3,16,2,365,11561764,11562128,3.65,active
19894,7,3,0,0,498,11562129,11562626,4.98,rest
19895,7,3,16,3,362,11562627,11562988,3.62,active
19896,7,3,0,0,464,11562989,11563452,4.64,rest
19897,7,3,16,4,380,11563453,11563832,3.8,active
19898,7,3,0,0,440,11563833,11564272,4.4,rest
19899,7,3,16,5,411,11564273,11564683,4.11,active
19900,7,3,0,0,417,11564684,11565100,4.17,rest
19901,7,3,16,6,401,11565101,11565501,4.01,active
19902,7,3,0,0,431,11565502,11565932,4.31,rest
19903,7,3,16,7,383,11565933,11566315,3.83,active
19904,7,3,0,0,444,11566316,11566759,4.44,rest
19905,7,3,16,8,397,11566760,11567156,3.97,active
19906,7,3,0,0,434,11567157,11567590,4.34,rest
19907,7,3,16,9,389,11567591,11567979,3.89,active
19908,7,3,0,0,470,11567980,11568449,4.7,rest
19909,7,3,16,10,417,11568450,11568866,4.17,active
19910,7,3,0,0,1406,11568867,11570272,14.06,rest
19911,7,3,17,1,426,11570273,11570698,4.26,active
19912,7,3,0,0,397,11570699,11571095,3.97,rest
19913,7,3,17,2,389,11571096,11571484,3.89,active
19914,7,3,0,0,443,11571485,11571927,4.43,rest
19915,7,3,17,3,426,11571928,11572353,4.26,active
19916,7,3,0,0,396,11572354,11572749,3.96,rest
19917,7,3,17,4,438,11572750,11573187,4.38,active
19918,7,3,0,0,428,11573188,11573615,4.28,rest
19919,7,3,17,5,393,11573616,11574008,3.93,active
19920,7,3,0,0,421,11574009,11574429,4.21,rest
19921,7,3,17,6,433,11574430,11574862,4.33,active
19922,7,3,0,0,415,11574863,11575277,4.15,rest
19923,7,3,17,7,439,11575278,11575716,4.39,active
19924,7,3,0,0,388,11575717,11576104,3.88,rest
19925,7,3,17,8,423,11576105,11576527,4.23,active
19926,7,3,0,0,411,11576528,11576938,4.11,rest
19927,7,3,17,9,419,11576939,11577357,4.19,active
19928,7,3,0,0,401,11577358,11577758,4.01,rest
19929,7,3,17,10,444,11577759,11578202,4.44,active
19930,7,3,0,0,1719,11578203,11579921,17.19,rest
19931,7,3,18,1,398,11579922,11580319,3.98,active
19932,7,3,0,0,376,11580320,11580695,3.76,rest
19933,7,3,18,2,419,11580696,11581114,4.19,active
19934,7,3,0,0,433,11581115,11581547,4.33,rest
19935,7,3,18,3,420,11581548,11581967,4.2,active
19936,7,3,0,0,444,11581968,11582411,4.44,rest
19937,7,3,18,4,364,11582412,11582775,3.64,active
19938,7,3,0,0,461,11582776,11583236,4.61,rest
19939,7,3,18,5,453,11583237,11583689,4.53,active
19940,7,3,0,0,367,11583690,11584056,3.67,rest
19941,7,3,18,6,449,11584057,11584505,4.49,active
19942,7,3,0,0,413,11584506,11584918,4.13,rest
19943,7,3,18,7,378,11584919,11585296,3.78,active
19944,7,3,0,0,439,11585297,11585735,4.39,rest
19945,7,3,18,8,427,11585736,11586162,4.27,active
19946,7,3,0,0,395,11586163,11586557,3.95,rest
19947,7,3,18,9,433,11586558,11586990,4.33,active
19948,7,3,0,0,403,11586991,11587393,4.03,rest
19949,7,3,18,10,436,11587394,11587829,4.36,active
19950,7,3,0,0,1060,11587830,11588889,10.6,rest
19951,7,3,19,1,435,11588890,11589324,4.35,active
19952,7,3,0,0,375,11589325,11589699,3.75,rest
19953,7,3,19,2,401,11589700,11590100,4.01,active
19954,7,3,0,0,452,11590101,11590552,4.52,rest
19955,7,3,19,3,453,11590553,11591005,4.53,active
19956,7,3,0,0,380,11591006,11591385,3.8,rest
19957,7,3,19,4,415,11591386,11591800,4.15,active
19958,7,3,0,0,421,11591801,11592221,4.21,rest
19959,7,3,19,5,401,11592222,11592622,4.01,active
19960,7,3,0,0,448,11592623,11593070,4.48,rest
19961,7,3,19,6,406,11593071,11593476,4.06,active
19962,7,3,0,0,435,11593477,11593911,4.35,rest
19963,7,3,19,7,379,11593912,11594290,3.79,active
19964,7,3,0,0,483,11594291,11594773,4.83,rest
19965,7,3,19,8,387,11594774,11595160,3.87,active
19966,7,3,0,0,408,11595161,11595568,4.08,rest
19967,7,3,19,9,396,11595569,11595964,3.96,active
19968,7,3,0,0,444,11595965,11596408,4.44,rest
19969,7,3,19,10,429,11596409,11596837,4.29,active
19970,7,3,0,0,1620,11596838,11598457,16.2,rest
19971,7,3,20,1,376,11598458,11598833,3.76,active
19972,7,3,0,0,425,11598834,11599258,4.25,rest
19973,7,3,20,2,438,11599259,11599696,4.38,active
19974,7,3,0,0,440,11599697,11600136,4.4,rest
19975,7,3,20,3,408,11600137,11600544,4.08,active
19976,7,3,0,0,420,11600545,11600964,4.2,rest
19977,7,3,20,4,394,11600965,11601358,3.94,active
19978,7,3,0,0,427,11601359,11601785,4.27,rest
19979,7,3,20,5,421,11601786,11602206,4.21,active
19980,7,3,0,0,437,11602207,11602643,4.37,rest
19981,7,3,20,6,400,11602644,11603043,4.0,active
19982,7,3,0,0,388,11603044,11603431,3.88,rest
19983,7,3,20,7,433,11603432,11603864,4.33,active
19984,7,3,0,0,375,11603865,11604239,3.75,rest
19985,7,3,20,8,481,11604240,11604720,4.81,active
19986,7,3,0,0,368,11604721,11605088,3.68,rest
19987,7,3,20,9,424,11605089,11605512,4.24,active
19988,7,3,0,0,407,11605513,11605919,4.07,rest
19989,7,3,20,10,428,11605920,11606347,4.28,active
19990,7,3,0,0,3041,11606348,11609388,30.41,rest
19991,7,3,21,1,434,11609389,11609822,4.34,active
19992,7,3,0,0,249,11609823,11610071,2.49,rest
19993,7,3,21,2,294,11610072,11610365,2.94,active
19994,7,3,0,0,692,11610366,11611057,6.92,rest
19995,7,3,21,3,441,11611058,11611498,4.41,active
19996,7,3,0,0,434,11611499,11611932,4.34,rest
19997,7,3,21,4,266,11611933,11612198,2.66,active
19998,7,3,0,0,530,11612199,11612728,5.3,rest
19999,7,3,21,5,451,11612729,11613179,4.51,active
20000,7,3,0,0,241,11613180,11613420,2.41,rest
20001,7,3,21,6,417,11613421,11613837,4.17,active
20002,7,3,0,0,538,11613838,11614375,5.38,rest
20003,7,3,21,7,358,11614376,11614733,3.58,active
20004,7,3,0,0,494,11614734,11615227,4.94,rest
20005,7,3,21,8,317,11615228,11615544,3.17,active
20006,7,3,0,0,529,11615545,11616073,5.29,rest
20007,7,3,21,9,390,11616074,11616463,3.9,active
20008,7,3,0,0,427,11616464,11616890,4.27,rest
20009,7,3,21,10,374,11616891,11617264,3.74,active
20010,7,3,0,0,4571,11617265,11621835,45.71,rest
20011,7,3,22,1,207,11621836,11622042,2.07,active
20012,7,3,0,0,429,11622043,11622471,4.29,rest
20013,7,3,22,2,391,11622472,11622862,3.91,active
20014,7,3,0,0,465,11622863,11623327,4.65,rest
20015,7,3,22,3,387,11623328,11623714,3.87,active
20016,7,3,0,0,476,11623715,11624190,4.76,rest
20017,7,3,22,4,295,11624191,11624485,2.95,active
20018,7,3,0,0,523,11624486,11625008,5.23,rest
20019,7,3,22,5,455,11625009,11625463,4.55,active
20020,7,3,0,0,384,11625464,11625847,3.84,rest
20021,7,3,22,6,424,11625848,11626271,4.24,active
20022,7,3,0,0,402,11626272,11626673,4.02,rest
20023,7,3,22,7,402,11626674,11627075,4.02,active
20024,7,3,0,0,439,11627076,11627514,4.39,rest
20025,7,3,22,8,392,11627515,11627906,3.92,active
20026,7,3,0,0,444,11627907,11628350,4.44,rest
20027,7,3,22,9,417,11628351,11628767,4.17,active
20028,7,3,0,0,404,11628768,11629171,4.04,rest
20029,7,3,22,10,384,11629172,11629555,3.84,active
20030,7,3,0,0,4737,11629556,11634292,47.37,rest
20031,7,3,23,1,487,11634293,11634779,4.87,active
20032,7,3,0,0,284,11634780,11635063,2.84,rest
20033,7,3,23,2,482,11635064,11635545,4.82,active
20034,7,3,0,0,411,11635546,11635956,4.11,rest
20035,7,3,23,3,463,11635957,11636419,4.63,active
20036,7,3,0,0,333,11636420,11636752,3.33,rest
20037,7,3,23,4,314,11636753,11637066,3.14,active
20038,7,3,0,0,523,11637067,11637589,5.23,rest
20039,7,3,23,5,412,11637590,11638001,4.12,active
20040,7,3,0,0,379,11638002,11638380,3.79,rest
20041,7,3,23,6,496,11638381,11638876,4.96,active
20042,7,3,0,0,360,11638877,11639236,3.6,rest
20043,7,3,23,7,527,11639237,11639763,5.27,active
20044,7,3,0,0,304,11639764,11640067,3.04,rest
20045,7,3,23,8,541,11640068,11640608,5.41,active
20046,7,3,0,0,338,11640609,11640946,3.38,rest
20047,7,3,23,9,488,11640947,11641434,4.88,active
20048,7,3,0,0,340,11641435,11641774,3.4,rest
20049,7,3,23,10,503,11641775,11642277,5.03,active
20050,7,3,0,0,248,11642278,11642525,2.48,rest
20051,8,2,0,0,372,11743380,11743751,3.72,rest
20052,8,2,1,1,409,11743752,11744160,4.09,active
20053,8,2,0,0,421,11744161,11744581,4.21,rest
20054,8,2,1,2,348,11744582,11744929,3.48,active
20055,8,2,0,0,489,11744930,11745418,4.89,rest
20056,8,2,1,3,345,11745419,11745763,3.45,active
20057,8,2,0,0,499,11745764,11746262,4.99,rest
20058,8,2,1,4,314,11746263,11746576,3.14,active
20059,8,2,0,0,522,11746577,11747098,5.22,rest
20060,8,2,1,5,367,11747099,11747465,3.67,active
20061,8,2,0,0,452,11747466,11747917,4.52,rest
20062,8,2,1,6,376,11747918,11748293,3.76,active
20063,8,2,0,0,465,11748294,11748758,4.65,rest
20064,8,2,1,7,348,11748759,11749106,3.48,active
20065,8,2,0,0,491,11749107,11749597,4.91,rest
20066,8,2,1,8,398,11749598,11749995,3.98,active
20067,8,2,0,0,472,11749996,11750467,4.72,rest
20068,8,2,1,9,274,11750468,11750741,2.74,active
20069,8,2,0,0,529,11750742,11751270,5.29,rest
20070,8,2,1,10,318,11751271,11751588,3.18,active
20071,8,2,0,0,570,11751589,11752158,5.7,rest
20072,8,2,2,1,313,11752159,11752471,3.13,active
20073,8,2,0,0,468,11752472,11752939,4.68,rest
20074,8,2,2,2,398,11752940,11753337,3.98,active
20075,8,2,0,0,468,11753338,11753805,4.68,rest
20076,8,2,2,3,331,11753806,11754136,3.31,active
20077,8,2,0,0,506,11754137,11754642,5.06,rest
20078,8,2,2,4,353,11754643,11754995,3.53,active
20079,8,2,0,0,462,11754996,11755457,4.62,rest
20080,8,2,2,5,401,11755458,11755858,4.01,active
20081,8,2,0,0,459,11755859,11756317,4.59,rest
20082,8,2,2,6,305,11756318,11756622,3.05,active
20083,8,2,0,0,505,11756623,11757127,5.05,rest
20084,8,2,2,7,316,11757128,11757443,3.16,active
20085,8,2,0,0,531,11757444,11757974,5.31,rest
20086,8,2,2,8,322,11757975,11758296,3.22,active
20087,8,2,0,0,503,11758297,11758799,5.03,rest
20088,8,2,2,9,342,11758800,11759141,3.42,active
20089,8,2,0,0,492,11759142,11759633,4.92,rest
20090,8,2,2,10,355,11759634,11759988,3.55,active
20091,8,2,0,0,529,11759989,11760517,5.29,rest
20092,8,2,3,1,302,11760518,11760819,3.02,active
20093,8,2,0,0,529,11760820,11761348,5.29,rest
20094,8,2,3,2,251,11761349,11761599,2.51,active
20095,8,2,0,0,572,11761600,11762171,5.72,rest
20096,8,2,3,3,356,11762172,11762527,3.56,active
20097,8,2,0,0,486,11762528,11763013,4.86,rest
20098,8,2,3,4,373,11763014,11763386,3.73,active
20099,8,2,0,0,473,11763387,11763859,4.73,rest
20100,8,2,3,5,340,11763860,11764199,3.4,active
20101,8,2,0,0,492,11764200,11764691,4.92,rest
20102,8,2,3,6,365,11764692,11765056,3.65,active
20103,8,2,0,0,457,11765057,11765513,4.57,rest
20104,8,2,3,7,423,11765514,11765936,4.23,active
20105,8,2,0,0,434,11765937,11766370,4.34,rest
20106,8,2,3,8,316,11766371,11766686,3.16,active
20107,8,2,0,0,516,11766687,11767202,5.16,rest
20108,8,2,3,9,271,11767203,11767473,2.71,active
20109,8,2,0,0,544,11767474,11768017,5.44,rest
20110,8,2,3,10,412,11768018,11768429,4.12,active
20111,8,2,0,0,558,11768430,11768987,5.58,rest
20112,8,2,4,1,245,11768988,11769232,2.45,active
20113,8,2,0,0,489,11769233,11769721,4.89,rest
20114,8,2,4,2,383,11769722,11770104,3.83,active
20115,8,2,0,0,475,11770105,11770579,4.75,rest
20116,8,2,4,3,374,11770580,11770953,3.74,active
20117,8,2,0,0,468,11770954,11771421,4.68,rest
20118,8,2,4,4,351,11771422,11771772,3.51,active
20119,8,2,0,0,463,11771773,11772235,4.63,rest
20120,8,2,4,5,415,11772236,11772650,4.15,active
20121,8,2,0,0,449,11772651,11773099,4.49,rest
20122,8,2,4,6,374,11773100,11773473,3.74,active
20123,8,2,0,0,446,11773474,11773919,4.46,rest
20124,8,2,4,7,385,11773920,11774304,3.85,active
20125,8,2,0,0,463,11774305,11774767,4.63,rest
20126,8,2,4,8,365,11774768,11775132,3.65,active
20127,8,2,0,0,475,11775133,11775607,4.75,rest
20128,8,2,4,9,370,11775608,11775977,3.7,active
20129,8,2,0,0,457,11775978,11776434,4.57,rest
20130,8,2,4,10,407,11776435,11776841,4.07,active
20131,8,2,0,0,478,11776842,11777319,4.78,rest
20132,8,2,5,1,353,11777320,11777672,3.53,active
20133,8,2,0,0,466,11777673,11778138,4.66,rest
20134,8,2,5,2,292,11778139,11778430,2.92,active
20135,8,2,0,0,588,11778431,11779018,5.88,rest
20136,8,2,5,3,255,11779019,11779273,2.55,active
20137,8,2,0,0,528,11779274,11779801,5.28,rest
20138,8,2,5,4,321,11779802,11780122,3.21,active
20139,8,2,0,0,523,11780123,11780645,5.23,rest
20140,8,2,5,5,326,11780646,11780971,3.26,active
20141,8,2,0,0,508,11780972,11781479,5.08,rest
20142,8,2,5,6,340,11781480,11781819,3.4,active
20143,8,2,0,0,500,11781820,11782319,5.0,rest
20144,8,2,5,7,286,11782320,11782605,2.86,active
20145,8,2,0,0,529,11782606,11783134,5.29,rest
20146,8,2,5,8,287,11783135,11783421,2.87,active
20147,8,2,0,0,572,11783422,11783993,5.72,rest
20148,8,2,5,9,291,11783994,11784284,2.91,active
20149,8,2,0,0,553,11784285,11784837,5.53,rest
20150,8,2,5,10,250,11784838,11785087,2.5,active
20151,8,2,0,0,602,11785088,11785689,6.02,rest
20152,8,2,6,1,348,11785690,11786037,3.48,active
20153,8,2,0,0,484,11786038,11786521,4.84,rest
20154,8,2,6,2,352,11786522,11786873,3.52,active
20155,8,2,0,0,470,11786874,11787343,4.7,rest
20156,8,2,6,3,323,11787344,11787666,3.23,active
20157,8,2,0,0,491,11787667,11788157,4.91,rest
20158,8,2,6,4,387,11788158,11788544,3.87,active
20159,8,2,0,0,481,11788545,11789025,4.81,rest
20160,8,2,6,5,349,11789026,11789374,3.49,active
20161,8,2,0,0,504,11789375,11789878,5.04,rest
20162,8,2,6,6,281,11789879,11790159,2.81,active
20163,8,2,0,0,509,11790160,11790668,5.09,rest
20164,8,2,6,7,389,11790669,11791057,3.89,active
20165,8,2,0,0,472,11791058,11791529,4.72,rest
20166,8,2,6,8,321,11791530,11791850,3.21,active
20167,8,2,0,0,556,11791851,11792406,5.56,rest
20168,8,2,6,9,246,11792407,11792652,2.46,active
20169,8,2,0,0,625,11792653,11793277,6.25,rest
20170,8,2,6,10,240,11793278,11793517,2.4,active
20171,8,2,0,0,587,11793518,11794104,5.87,rest
20172,8,2,7,1,266,11794105,11794370,2.66,active
20173,8,2,0,0,513,11794371,11794883,5.13,rest
20174,8,2,7,2,405,11794884,11795288,4.05,active
20175,8,2,0,0,453,11795289,11795741,4.53,rest
20176,8,2,7,3,378,11795742,11796119,3.78,active
20177,8,2,0,0,436,11796120,11796555,4.36,rest
20178,8,2,7,4,463,11796556,11797018,4.63,active
20179,8,2,0,0,399,11797019,11797417,3.99,rest
20180,8,2,7,5,403,11797418,11797820,4.03,active
20181,8,2,0,0,391,11797821,11798211,3.91,rest
20182,8,2,7,6,458,11798212,11798669,4.58,active
20183,8,2,0,0,381,11798670,11799050,3.81,rest
20184,8,2,7,7,369,11799051,11799419,3.69,active
20185,8,2,0,0,522,11799420,11799941,5.22,rest
20186,8,2,7,8,338,11799942,11800279,3.38,active
20187,8,2,0,0,461,11800280,11800740,4.61,rest
20188,8,2,7,9,410,11800741,11801150,4.1,active
20189,8,2,0,0,426,11801151,11801576,4.26,rest
20190,8,2,7,10,375,11801577,11801951,3.75,active
20191,8,2,0,0,510,11801952,11802461,5.1,rest
20192,8,2,8,1,363,11802462,11802824,3.63,active
20193,8,2,0,0,447,11802825,11803271,4.47,rest
20194,8,2,8,2,393,11803272,11803664,3.93,active
20195,8,2,0,0,449,11803665,11804113,4.49,rest
20196,8,2,8,3,334,11804114,11804447,3.34,active
20197,8,2,0,0,542,11804448,11804989,5.42,rest
20198,8,2,8,4,328,11804990,11805317,3.28,active
20199,8,2,0,0,510,11805318,11805827,5.1,rest
20200,8,2,8,5,376,11805828,11806203,3.76,active
20201,8,2,0,0,416,11806204,11806619,4.16,rest
20202,8,2,8,6,265,11806620,11806884,2.65,active
20203,8,2,0,0,612,11806885,11807496,6.12,rest
20204,8,2,8,7,290,11807497,11807786,2.9,active
20205,8,2,0,0,512,11807787,11808298,5.12,rest
20206,8,2,8,8,404,11808299,11808702,4.04,active
20207,8,2,0,0,443,11808703,11809145,4.43,rest
20208,8,2,8,9,399,11809146,11809544,3.99,active
20209,8,2,0,0,447,11809545,11809991,4.47,rest
20210,8,2,8,10,368,11809992,11810359,3.68,active
20211,8,2,0,0,479,11810360,11810838,4.79,rest
20212,8,2,9,1,392,11810839,11811230,3.92,active
20213,8,2,0,0,438,11811231,11811668,4.38,rest
20214,8,2,9,2,336,11811669,11812004,3.36,active
20215,8,2,0,0,501,11812005,11812505,5.01,rest
20216,8,2,9,3,386,11812506,11812891,3.86,active
20217,8,2,0,0,453,11812892,11813344,4.53,rest
20218,8,2,9,4,421,11813345,11813765,4.21,active
20219,8,2,0,0,438,11813766,11814203,4.38,rest
20220,8,2,9,5,370,11814204,11814573,3.7,active
20221,8,2,0,0,411,11814574,11814984,4.11,rest
20222,8,2,9,6,427,11814985,11815411,4.27,active
20223,8,2,0,0,433,11815412,11815844,4.33,rest
20224,8,2,9,7,413,11815845,11816257,4.13,active
20225,8,2,0,0,419,11816258,11816676,4.19,rest
20226,8,2,9,8,423,11816677,11817099,4.23,active
20227,8,2,0,0,387,11817100,11817486,3.87,rest
20228,8,2,9,9,474,11817487,11817960,4.74,active
20229,8,2,0,0,393,11817961,11818353,3.93,rest
20230,8,2,9,10,374,11818354,11818727,3.74,active
20231,8,2,0,0,487,11818728,11819214,4.87,rest
20232,8,2,10,1,274,11819215,11819488,2.74,active
20233,8,2,0,0,551,11819489,11820039,5.51,rest
20234,8,2,10,2,341,11820040,11820380,3.41,active
20235,8,2,0,0,486,11820381,11820866,4.86,rest
20236,8,2,10,3,354,11820867,11821220,3.54,active
20237,8,2,0,0,465,11821221,11821685,4.65,rest
20238,8,2,10,4,301,11821686,11821986,3.01,active
20239,8,2,0,0,556,11821987,11822542,5.56,rest
20240,8,2,10,5,262,11822543,11822804,2.62,active
20241,8,2,0,0,576,11822805,11823380,5.76,rest
20242,8,2,10,6,332,11823381,11823712,3.32,active
20243,8,2,0,0,505,11823713,11824217,5.05,rest
20244,8,2,10,7,238,11824218,11824455,2.38,active
20245,8,2,0,0,594,11824456,11825049,5.94,rest
20246,8,2,10,8,358,11825050,11825407,3.58,active
20247,8,2,0,0,476,11825408,11825883,4.76,rest
20248,8,2,10,9,326,11825884,11826209,3.26,active
20249,8,2,0,0,491,11826210,11826700,4.91,rest
20250,8,2,10,10,350,11826701,11827050,3.5,active
20251,8,2,0,0,518,11827051,11827568,5.18,rest
20252,8,2,11,1,354,11827569,11827922,3.54,active
20253,8,2,0,0,467,11827923,11828389,4.67,rest
20254,8,2,11,2,373,11828390,11828762,3.73,active
20255,8,2,0,0,524,11828763,11829286,5.24,rest
20256,8,2,11,3,342,11829287,11829628,3.42,active
20257,8,2,0,0,433,11829629,11830061,4.33,rest
20258,8,2,11,4,435,11830062,11830496,4.35,active
20259,8,2,0,0,409,11830497,11830905,4.09,rest
20260,8,2,11,5,354,11830906,11831259,3.54,active
20261,8,2,0,0,474,11831260,11831733,4.74,rest
20262,8,2,11,6,331,11831734,11832064,3.31,active
20263,8,2,0,0,521,11832065,11832585,5.21,rest
20264,8,2,11,7,344,11832586,11832929,3.44,active
20265,8,2,0,0,466,11832930,11833395,4.66,rest
20266,8,2,11,8,312,11833396,11833707,3.12,active
20267,8,2,0,0,520,11833708,11834227,5.2,rest
20268,8,2,11,9,357,11834228,11834584,3.57,active
20269,8,2,0,0,480,11834585,11835064,4.8,rest
20270,8,2,11,10,317,11835065,11835381,3.17,active
20271,8,2,0,0,547,11835382,11835928,5.47,rest
20272,8,2,12,1,302,11835929,11836230,3.02,active
20273,8,2,0,0,515,11836231,11836745,5.15,rest
20274,8,2,12,2,318,11836746,11837063,3.18,active
20275,8,2,0,0,532,11837064,11837595,5.32,rest
20276,8,2,12,3,271,11837596,11837866,2.71,active
20277,8,2,0,0,564,11837867,11838430,5.64,rest
20278,8,2,12,4,322,11838431,11838752,3.22,active
20279,8,2,0,0,517,11838753,11839269,5.17,rest
20280,8,2,12,5,362,11839270,11839631,3.62,active
20281,8,2,0,0,459,11839632,11840090,4.59,rest
20282,8,2,12,6,351,11840091,11840441,3.51,active
20283,8,2,0,0,493,11840442,11840934,4.93,rest
20284,8,2,12,7,312,11840935,11841246,3.12,active
20285,8,2,0,0,496,11841247,11841742,4.96,rest
20286,8,2,12,8,340,11841743,11842082,3.4,active
20287,8,2,0,0,529,11842083,11842611,5.29,rest
20288,8,2,12,9,359,11842612,11842970,3.59,active
20289,8,2,0,0,460,11842971,11843430,4.6,rest
20290,8,2,12,10,339,11843431,11843769,3.39,active
20291,8,2,0,0,552,11843770,11844321,5.52,rest
20292,8,2,13,1,334,11844322,11844655,3.34,active
20293,8,2,0,0,557,11844656,11845212,5.57,rest
20294,8,2,13,2,258,11845213,11845470,2.58,active
20295,8,2,0,0,510,11845471,11845980,5.1,rest
20296,8,2,13,3,306,11845981,11846286,3.06,active
20297,8,2,0,0,530,11846287,11846816,5.3,rest
20298,8,2,13,4,288,11846817,11847104,2.88,active
20299,8,2,0,0,557,11847105,11847661,5.57,rest
20300,8,2,13,5,296,11847662,11847957,2.96,active
20301,8,2,0,0,519,11847958,11848476,5.19,rest
20302,8,2,13,6,334,11848477,11848810,3.34,active
20303,8,2,0,0,523,11848811,11849333,5.23,rest
20304,8,2,13,7,325,11849334,11849658,3.25,active
20305,8,2,0,0,507,11849659,11850165,5.07,rest
20306,8,2,13,8,330,11850166,11850495,3.3,active
20307,8,2,0,0,495,11850496,11850990,4.95,rest
20308,8,2,13,9,318,11850991,11851308,3.18,active
20309,8,2,0,0,540,11851309,11851848,5.4,rest
20310,8,2,13,10,256,11851849,11852104,2.56,active
20311,8,2,0,0,602,11852105,11852706,6.02,rest
20312,8,2,14,1,241,11852707,11852947,2.41,active
20313,8,2,0,0,565,11852948,11853512,5.65,rest
20314,8,2,14,2,283,11853513,11853795,2.83,active
20315,8,2,0,0,563,11853796,11854358,5.63,rest
20316,8,2,14,3,309,11854359,11854667,3.09,active
20317,8,2,0,0,535,11854668,11855202,5.35,rest
20318,8,2,14,4,273,11855203,11855475,2.73,active
20319,8,2,0,0,566,11855476,11856041,5.66,rest
20320,8,2,14,5,343,11856042,11856384,3.43,active
20321,8,2,0,0,478,11856385,11856862,4.78,rest
20322,8,2,14,6,339,11856863,11857201,3.39,active
20323,8,2,0,0,511,11857202,11857712,5.11,rest
20324,8,2,14,7,259,11857713,11857971,2.59,active
20325,8,2,0,0,578,11857972,11858549,5.78,rest
20326,8,2,14,8,316,11858550,11858865,3.16,active
20327,8,2,0,0,526,11858866,11859391,5.26,rest
20328,8,2,14,9,335,11859392,11859726,3.35,active
20329,8,2,0,0,522,11859727,11860248,5.22,rest
20330,8,2,14,10,249,11860249,11860497,2.49,active
20331,8,2,0,0,592,11860498,11861089,5.92,rest
20332,8,2,15,1,310,11861090,11861399,3.1,active
20333,8,2,0,0,526,11861400,11861925,5.26,rest
20334,8,2,15,2,291,11861926,11862216,2.91,active
20335,8,2,0,0,559,11862217,11862775,5.59,rest
20336,8,2,15,3,273,11862776,11863048,2.73,active
20337,8,2,0,0,515,11863049,11863563,5.15,rest
20338,8,2,15,4,347,11863564,11863910,3.47,active
20339,8,2,0,0,504,11863911,11864414,5.04,rest
20340,8,2,15,5,341,11864415,11864755,3.41,active
20341,8,2,0,0,526,11864756,11865281,5.26,rest
20342,8,2,15,6,240,11865282,11865521,2.4,active
20343,8,2,0,0,598,11865522,11866119,5.98,rest
20344,8,2,15,7,275,11866120,11866394,2.75,active
20345,8,2,0,0,553,11866395,11866947,5.53,rest
20346,8,2,15,8,323,11866948,11867270,3.23,active
20347,8,2,0,0,508,11867271,11867778,5.08,rest
20348,8,2,15,9,255,11867779,11868033,2.55,active
20349,8,2,0,0,569,11868034,11868602,5.69,rest
20350,8,2,15,10,330,11868603,11868932,3.3,active
20351,8,2,0,0,573,11868933,11869505,5.73,rest
20352,8,2,16,1,318,11869506,11869823,3.18,active
20353,8,2,0,0,521,11869824,11870344,5.21,rest
20354,8,2,16,2,262,11870345,11870606,2.62,active
20355,8,2,0,0,556,11870607,11871162,5.56,rest
20356,8,2,16,3,350,11871163,11871512,3.5,active
20357,8,2,0,0,438,11871513,11871950,4.38,rest
20358,8,2,16,4,475,11871951,11872425,4.75,active
20359,8,2,0,0,427,11872426,11872852,4.27,rest
20360,8,2,16,5,315,11872853,11873167,3.15,active
20361,8,2,0,0,512,11873168,11873679,5.12,rest
20362,8,2,16,6,264,11873680,11873943,2.64,active
20363,8,2,0,0,645,11873944,11874588,6.45,rest
20364,8,2,16,7,194,11874589,11874782,1.94,active
20365,8,2,0,0,528,11874783,11875310,5.28,rest
20366,8,2,16,8,307,11875311,11875617,3.07,active
20367,8,2,0,0,516,11875618,11876133,5.16,rest
20368,8,2,16,9,425,11876134,11876558,4.25,active
20369,8,2,0,0,423,11876559,11876981,4.23,rest
20370,8,2,16,10,285,11876982,11877266,2.85,active
20371,8,2,0,0,568,11877267,11877834,5.68,rest
20372,8,2,17,1,262,11877835,11878096,2.62,active
20373,8,2,0,0,584,11878097,11878680,5.84,rest
20374,8,2,17,2,243,11878681,11878923,2.43,active
20375,8,2,0,0,584,11878924,11879507,5.84,rest
20376,8,2,17,3,240,11879508,11879747,2.4,active
20377,8,2,0,0,608,11879748,11880355,6.08,rest
20378,8,2,17,4,253,11880356,11880608,2.53,active
20379,8,2,0,0,583,11880609,11881191,5.83,rest
20380,8,2,17,5,245,11881192,11881436,2.45,active
20381,8,2,0,0,596,11881437,11882032,5.96,rest
20382,8,2,17,6,240,11882033,11882272,2.4,active
20383,8,2,0,0,589,11882273,11882861,5.89,rest
20384,8,2,17,7,248,11882862,11883109,2.48,active
20385,8,2,0,0,588,11883110,11883697,5.88,rest
20386,8,2,17,8,241,11883698,11883938,2.41,active
20387,8,2,0,0,572,11883939,11884510,5.72,rest
20388,8,2,17,9,272,11884511,11884782,2.72,active
20389,8,2,0,0,599,11884783,11885381,5.99,rest
20390,8,2,17,10,293,11885382,11885674,2.93,active
20391,8,2,0,0,478,11885675,11886152,4.78,rest
20392,8,3,0,0,418,11886153,11886570,4.18,rest
20393,8,3,1,1,293,11886571,11886863,2.93,active
20394,8,3,0,0,524,11886864,11887387,5.24,rest
20395,8,3,1,2,333,11887388,11887720,3.33,active
20396,8,3,0,0,517,11887721,11888237,5.17,rest
20397,8,3,1,3,333,11888238,11888570,3.33,active
20398,8,3,0,0,501,11888571,11889071,5.01,rest
20399,8,3,1,4,386,11889072,11889457,3.86,active
20400,8,3,0,0,439,11889458,11889896,4.39,rest
20401,8,3,1,5,301,11889897,11890197,3.01,active
20402,8,3,0,0,549,11890198,11890746,5.49,rest
20403,8,3,1,6,377,11890747,11891123,3.77,active
20404,8,3,0,0,440,11891124,11891563,4.4,rest
20405,8,3,1,7,339,11891564,11891902,3.39,active
20406,8,3,0,0,478,11891903,11892380,4.78,rest
20407,8,3,1,8,380,11892381,11892760,3.8,active
20408,8,3,0,0,422,11892761,11893182,4.22,rest
20409,8,3,1,9,381,11893183,11893563,3.81,active
20410,8,3,0,0,469,11893564,11894032,4.69,rest
20411,8,3,1,10,413,11894033,11894445,4.13,active
20412,8,3,0,0,1238,11894446,11895683,12.38,rest
20413,8,3,2,1,377,11895684,11896060,3.77,active
20414,8,3,0,0,438,11896061,11896498,4.38,rest
20415,8,3,2,2,421,11896499,11896919,4.21,active
20416,8,3,0,0,541,11896920,11897460,5.41,rest
20417,8,3,2,3,199,11897461,11897659,1.99,active
20418,8,3,0,0,537,11897660,11898196,5.37,rest
20419,8,3,2,4,362,11898197,11898558,3.62,active
20420,8,3,0,0,412,11898559,11898970,4.12,rest
20421,8,3,2,5,461,11898971,11899431,4.61,active
20422,8,3,0,0,533,11899432,11899964,5.33,rest
20423,8,3,2,6,232,11899965,11900196,2.32,active
20424,8,3,0,0,546,11900197,11900742,5.46,rest
20425,8,3,2,7,372,11900743,11901114,3.72,active
20426,8,3,0,0,463,11901115,11901577,4.63,rest
20427,8,3,2,8,351,11901578,11901928,3.51,active
20428,8,3,0,0,442,11901929,11902370,4.42,rest
20429,8,3,2,9,419,11902371,11902789,4.19,active
20430,8,3,0,0,449,11902790,11903238,4.49,rest
20431,8,3,2,10,405,11903239,11903643,4.05,active
20432,8,3,0,0,476,11903644,11904119,4.76,rest
20433,8,3,3,1,441,11904120,11904560,4.41,active
20434,8,3,0,0,448,11904561,11905008,4.48,rest
20435,8,3,3,2,359,11905009,11905367,3.59,active
20436,8,3,0,0,453,11905368,11905820,4.53,rest
20437,8,3,3,3,417,11905821,11906237,4.17,active
20438,8,3,0,0,447,11906238,11906684,4.47,rest
20439,8,3,3,4,431,11906685,11907115,4.31,active
20440,8,3,0,0,401,11907116,11907516,4.01,rest
20441,8,3,3,5,388,11907517,11907904,3.88,active
20442,8,3,0,0,455,11907905,11908359,4.55,rest
20443,8,3,3,6,372,11908360,11908731,3.72,active
20444,8,3,0,0,451,11908732,11909182,4.51,rest
20445,8,3,3,7,372,11909183,11909554,3.72,active
20446,8,3,0,0,452,11909555,11910006,4.52,rest
20447,8,3,3,8,399,11910007,11910405,3.99,active
20448,8,3,0,0,454,11910406,11910859,4.54,rest
20449,8,3,3,9,385,11910860,11911244,3.85,active
20450,8,3,0,0,464,11911245,11911708,4.64,rest
20451,8,3,3,10,373,11911709,11912081,3.73,active
20452,8,3,0,0,926,11912082,11913007,9.26,rest
20453,8,3,4,1,331,11913008,11913338,3.31,active
20454,8,3,0,0,496,11913339,11913834,4.96,rest
20455,8,3,4,2,291,11913835,11914125,2.91,active
20456,8,3,0,0,533,11914126,11914658,5.33,rest
20457,8,3,4,3,430,11914659,11915088,4.3,active
20458,8,3,0,0,420,11915089,11915508,4.2,rest
20459,8,3,4,4,450,11915509,11915958,4.5,active
20460,8,3,0,0,381,11915959,11916339,3.81,rest
20461,8,3,4,5,450,11916340,11916789,4.5,active
20462,8,3,0,0,382,11916790,11917171,3.82,rest
20463,8,3,4,6,383,11917172,11917554,3.83,active
20464,8,3,0,0,452,11917555,11918006,4.52,rest
20465,8,3,4,7,436,11918007,11918442,4.36,active
20466,8,3,0,0,392,11918443,11918834,3.92,rest
20467,8,3,4,8,306,11918835,11919140,3.06,active
20468,8,3,0,0,525,11919141,11919665,5.25,rest
20469,8,3,4,9,459,11919666,11920124,4.59,active
20470,8,3,0,0,414,11920125,11920538,4.14,rest
20471,8,3,4,10,315,11920539,11920853,3.15,active
20472,8,3,0,0,1504,11920854,11922357,15.04,rest
20473,8,3,5,1,347,11922358,11922704,3.47,active
20474,8,3,0,0,488,11922705,11923192,4.88,rest
20475,8,3,5,2,316,11923193,11923508,3.16,active
20476,8,3,0,0,492,11923509,11924000,4.92,rest
20477,8,3,5,3,383,11924001,11924383,3.83,active
20478,8,3,0,0,504,11924384,11924887,5.04,rest
20479,8,3,5,4,366,11924888,11925253,3.66,active
20480,8,3,0,0,375,11925254,11925628,3.75,rest
20481,8,3,5,5,461,11925629,11926089,4.61,active
20482,8,3,0,0,423,11926090,11926512,4.23,rest
20483,8,3,5,6,432,11926513,11926944,4.32,active
20484,8,3,0,0,401,11926945,11927345,4.01,rest
20485,8,3,5,7,407,11927346,11927752,4.07,active
20486,8,3,0,0,385,11927753,11928137,3.85,rest
20487,8,3,5,8,429,11928138,11928566,4.29,active
20488,8,3,0,0,426,11928567,11928992,4.26,rest
20489,8,3,5,9,452,11928993,11929444,4.52,active
20490,8,3,0,0,411,11929445,11929855,4.11,rest
20491,8,3,5,10,420,11929856,11930275,4.2,active
20492,8,3,0,0,913,11930276,11931188,9.13,rest
20493,8,3,6,1,476,11931189,11931664,4.76,active
20494,8,3,0,0,431,11931665,11932095,4.31,rest
20495,8,3,6,2,280,11932096,11932375,2.8,active
20496,8,3,0,0,495,11932376,11932870,4.95,rest
20497,8,3,6,3,316,11932871,11933186,3.16,active
20498,8,3,0,0,510,11933187,11933696,5.1,rest
20499,8,3,6,4,486,11933697,11934182,4.86,active
20500,8,3,0,0,386,11934183,11934568,3.86,rest
20501,8,3,6,5,293,11934569,11934861,2.93,active
20502,8,3,0,0,503,11934862,11935364,5.03,rest
20503,8,3,6,6,389,11935365,11935753,3.89,active
20504,8,3,0,0,455,11935754,11936208,4.55,rest
20505,8,3,6,7,433,11936209,11936641,4.33,active
20506,8,3,0,0,381,11936642,11937022,3.81,rest
20507,8,3,6,8,456,11937023,11937478,4.56,active
20508,8,3,0,0,385,11937479,11937863,3.85,rest
20509,8,3,6,9,445,11937864,11938308,4.45,active
20510,8,3,0,0,402,11938309,11938710,4.02,rest
20511,8,3,6,10,362,11938711,11939072,3.62,active
20512,8,3,0,0,862,11939073,11939934,8.62,rest
20513,8,3,7,1,357,11939935,11940291,3.57,active
20514,8,3,0,0,449,11940292,11940740,4.49,rest
20515,8,3,7,2,413,11940741,11941153,4.13,active
20516,8,3,0,0,418,11941154,11941571,4.18,rest
20517,8,3,7,3,411,11941572,11941982,4.11,active
20518,8,3,0,0,444,11941983,11942426,4.44,rest
20519,8,3,7,4,333,11942427,11942759,3.33,active
20520,8,3,0,0,494,11942760,11943253,4.94,rest
20521,8,3,7,5,398,11943254,11943651,3.98,active
20522,8,3,0,0,477,11943652,11944128,4.77,rest
20523,8,3,7,6,312,11944129,11944440,3.12,active
20524,8,3,0,0,497,11944441,11944937,4.97,rest
20525,8,3,7,7,378,11944938,11945315,3.78,active
20526,8,3,0,0,459,11945316,11945774,4.59,rest
20527,8,3,7,8,381,11945775,11946155,3.81,active
20528,8,3,0,0,459,11946156,11946614,4.59,rest
20529,8,3,7,9,413,11946615,11947027,4.13,active
20530,8,3,0,0,450,11947028,11947477,4.5,rest
20531,8,3,7,10,270,11947478,11947747,2.7,active
20532,8,3,0,0,820,11947748,11948567,8.2,rest
20533,8,3,8,1,424,11948568,11948991,4.24,active
20534,8,3,0,0,411,11948992,11949402,4.11,rest
20535,8,3,8,2,353,11949403,11949755,3.53,active
20536,8,3,0,0,471,11949756,11950226,4.71,rest
20537,8,3,8,3,419,11950227,11950645,4.19,active
20538,8,3,0,0,438,11950646,11951083,4.38,rest
20539,8,3,8,4,420,11951084,11951503,4.2,active
20540,8,3,0,0,409,11951504,11951912,4.09,rest
20541,8,3,8,5,416,11951913,11952328,4.16,active
20542,8,3,0,0,417,11952329,11952745,4.17,rest
20543,8,3,8,6,415,11952746,11953160,4.15,active
20544,8,3,0,0,444,11953161,11953604,4.44,rest
20545,8,3,8,7,446,11953605,11954050,4.46,active
20546,8,3,0,0,378,11954051,11954428,3.78,rest
20547,8,3,8,8,420,11954429,11954848,4.2,active
20548,8,3,0,0,418,11954849,11955266,4.18,rest
20549,8,3,8,9,401,11955267,11955667,4.01,active
20550,8,3,0,0,447,11955668,11956114,4.47,rest
20551,8,3,8,10,392,11956115,11956506,3.92,active
20552,8,3,0,0,538,11956507,11957044,5.38,rest
20553,8,3,9,1,303,11957045,11957347,3.03,active
20554,8,3,0,0,558,11957348,11957905,5.58,rest
20555,8,3,9,2,275,11957906,11958180,2.75,active
20556,8,3,0,0,501,11958181,11958681,5.01,rest
20557,8,3,9,3,391,11958682,11959072,3.91,active
20558,8,3,0,0,427,11959073,11959499,4.27,rest
20559,8,3,9,4,410,11959500,11959909,4.1,active
20560,8,3,0,0,438,11959910,11960347,4.38,rest
20561,8,3,9,5,368,11960348,11960715,3.68,active
20562,8,3,0,0,464,11960716,11961179,4.64,rest
20563,8,3,9,6,379,11961180,11961558,3.79,active
20564,8,3,0,0,447,11961559,11962005,4.47,rest
20565,8,3,9,7,429,11962006,11962434,4.29,active
20566,8,3,0,0,413,11962435,11962847,4.13,rest
20567,8,3,9,8,466,11962848,11963313,4.66,active
20568,8,3,0,0,374,11963314,11963687,3.74,rest
20569,8,3,9,9,389,11963688,11964076,3.89,active
20570,8,3,0,0,452,11964077,11964528,4.52,rest
20571,8,3,9,10,353,11964529,11964881,3.53,active
20572,8,3,0,0,1035,11964882,11965916,10.35,rest
20573,8,3,10,1,352,11965917,11966268,3.52,active
20574,8,3,0,0,442,11966269,11966710,4.42,rest
20575,8,3,10,2,457,11966711,11967167,4.57,active
20576,8,3,0,0,369,11967168,11967536,3.69,rest
20577,8,3,10,3,367,11967537,11967903,3.67,active
20578,8,3,0,0,510,11967904,11968413,5.1,rest
20579,8,3,10,4,398,11968414,11968811,3.98,active
20580,8,3,0,0,421,11968812,11969232,4.21,rest
20581,8,3,10,5,387,11969233,11969619,3.87,active
20582,8,3,0,0,437,11969620,11970056,4.37,rest
20583,8,3,10,6,338,11970057,11970394,3.38,active
20584,8,3,0,0,547,11970395,11970941,5.47,rest
20585,8,3,10,7,392,11970942,11971333,3.92,active
20586,8,3,0,0,406,11971334,11971739,4.06,rest
20587,8,3,10,8,308,11971740,11972047,3.08,active
20588,8,3,0,0,512,11972048,11972559,5.12,rest
20589,8,3,10,9,425,11972560,11972984,4.25,active
20590,8,3,0,0,415,11972985,11973399,4.15,rest
20591,8,3,10,10,462,11973400,11973861,4.62,active
20592,8,3,0,0,924,11973862,11974785,9.24,rest
20593,8,3,11,1,352,11974786,11975137,3.52,active
20594,8,3,0,0,445,11975138,11975582,4.45,rest
20595,8,3,11,2,369,11975583,11975951,3.69,active
20596,8,3,0,0,471,11975952,11976422,4.71,rest
20597,8,3,11,3,362,11976423,11976784,3.62,active
20598,8,3,0,0,484,11976785,11977268,4.84,rest
20599,8,3,11,4,363,11977269,11977631,3.63,active
20600,8,3,0,0,473,11977632,11978104,4.73,rest
20601,8,3,11,5,460,11978105,11978564,4.6,active
20602,8,3,0,0,373,11978565,11978937,3.73,rest
20603,8,3,11,6,380,11978938,11979317,3.8,active
20604,8,3,0,0,471,11979318,11979788,4.71,rest
20605,8,3,11,7,339,11979789,11980127,3.39,active
20606,8,3,0,0,482,11980128,11980609,4.82,rest
20607,8,3,11,8,353,11980610,11980962,3.53,active
20608,8,3,0,0,505,11980963,11981467,5.05,rest
20609,8,3,11,9,368,11981468,11981835,3.68,active
20610,8,3,0,0,449,11981836,11982284,4.49,rest
20611,8,3,11,10,362,11982285,11982646,3.62,active
20612,8,3,0,0,600,11982647,11983246,6.0,rest
20613,8,3,12,1,312,11983247,11983558,3.12,active
20614,8,3,0,0,456,11983559,11984014,4.56,rest
20615,8,3,12,2,468,11984015,11984482,4.68,active
20616,8,3,0,0,372,11984483,11984854,3.72,rest
20617,8,3,12,3,420,11984855,11985274,4.2,active
20618,8,3,0,0,412,11985275,11985686,4.12,rest
20619,8,3,12,4,431,11985687,11986117,4.31,active
20620,8,3,0,0,398,11986118,11986515,3.98,rest
20621,8,3,12,5,477,11986516,11986992,4.77,active
20622,8,3,0,0,335,11986993,11987327,3.35,rest
20623,8,3,12,6,418,11987328,11987745,4.18,active
20624,8,3,0,0,504,11987746,11988249,5.04,rest
20625,8,3,12,7,434,11988250,11988683,4.34,active
20626,8,3,0,0,360,11988684,11989043,3.6,rest
20627,8,3,12,8,411,11989044,11989454,4.11,active
20628,8,3,0,0,457,11989455,11989911,4.57,rest
20629,8,3,12,9,418,11989912,11990329,4.18,active
20630,8,3,0,0,376,11990330,11990705,3.76,rest
20631,8,3,12,10,431,11990706,11991136,4.31,active
20632,8,3,0,0,816,11991137,11991952,8.16,rest
20633,8,3,13,1,470,11991953,11992422,4.7,active
20634,8,3,0,0,242,11992423,11992664,2.42,rest
20635,8,3,13,2,412,11992665,11993076,4.12,active
20636,8,3,0,0,444,11993077,11993520,4.44,rest
20637,8,3,13,3,435,11993521,11993955,4.35,active
20638,8,3,0,0,390,11993956,11994345,3.9,rest
20639,8,3,13,4,366,11994346,11994711,3.66,active
20640,8,3,0,0,488,11994712,11995199,4.88,rest
20641,8,3,13,5,334,11995200,11995533,3.34,active
20642,8,3,0,0,481,11995534,11996014,4.81,rest
20643,8,3,13,6,419,11996015,11996433,4.19,active
20644,8,3,0,0,433,11996434,11996866,4.33,rest
20645,8,3,13,7,366,11996867,11997232,3.66,active
20646,8,3,0,0,501,11997233,11997733,5.01,rest
20647,8,3,13,8,404,11997734,11998137,4.04,active
20648,8,3,0,0,402,11998138,11998539,4.02,rest
20649,8,3,13,9,360,11998540,11998899,3.6,active
20650,8,3,0,0,525,11998900,11999424,5.25,rest
20651,8,3,13,10,339,11999425,11999763,3.39,active
20652,8,3,0,0,1124,11999764,12000887,11.24,rest
20653,8,3,14,1,421,12000888,12001308,4.21,active
20654,8,3,0,0,425,12001309,12001733,4.25,rest
20655,8,3,14,2,425,12001734,12002158,4.25,active
20656,8,3,0,0,395,12002159,12002553,3.95,rest
20657,8,3,14,3,467,12002554,12003020,4.67,active
20658,8,3,0,0,401,12003021,12003421,4.01,rest
20659,8,3,14,4,369,12003422,12003790,3.69,active
20660,8,3,0,0,434,12003791,12004224,4.34,rest
20661,8,3,14,5,513,12004225,12004737,5.13,active
20662,8,3,0,0,331,12004738,12005068,3.31,rest
20663,8,3,14,6,419,12005069,12005487,4.19,active
20664,8,3,0,0,429,12005488,12005916,4.29,rest
20665,8,3,14,7,464,12005917,12006380,4.64,active
20666,8,3,0,0,386,12006381,12006766,3.86,rest
20667,8,3,14,8,337,12006767,12007103,3.37,active
20668,8,3,0,0,498,12007104,12007601,4.98,rest
20669,8,3,14,9,330,12007602,12007931,3.3,active
20670,8,3,0,0,530,12007932,12008461,5.3,rest
20671,8,3,14,10,450,12008462,12008911,4.5,active
20672,8,3,0,0,908,12008912,12009819,9.08,rest
20673,8,3,15,1,406,12009820,12010225,4.06,active
20674,8,3,0,0,372,12010226,12010597,3.72,rest
20675,8,3,15,2,381,12010598,12010978,3.81,active
20676,8,3,0,0,446,12010979,12011424,4.46,rest
20677,8,3,15,3,455,12011425,12011879,4.55,active
20678,8,3,0,0,378,12011880,12012257,3.78,rest
20679,8,3,15,4,374,12012258,12012631,3.74,active
20680,8,3,0,0,461,12012632,12013092,4.61,rest
20681,8,3,15,5,504,12013093,12013596,5.04,active
20682,8,3,0,0,324,12013597,12013920,3.24,rest
20683,8,3,15,6,390,12013921,12014310,3.9,active
20684,8,3,0,0,457,12014311,12014767,4.57,rest
20685,8,3,15,7,488,12014768,12015255,4.88,active
20686,8,3,0,0,314,12015256,12015569,3.14,rest
20687,8,3,15,8,417,12015570,12015986,4.17,active
20688,8,3,0,0,413,12015987,12016399,4.13,rest
20689,8,3,15,9,454,12016400,12016853,4.54,active
20690,8,3,0,0,383,12016854,12017236,3.83,rest
20691,8,3,15,10,519,12017237,12017755,5.19,active
20692,8,3,0,0,809,12017756,12018564,8.09,rest
20693,8,3,16,1,348,12018565,12018912,3.48,active
20694,8,3,0,0,476,12018913,12019388,4.76,rest
20695,8,3,16,2,302,12019389,12019690,3.02,active
20696,8,3,0,0,519,12019691,12020209,5.19,rest
20697,8,3,16,3,313,12020210,12020522,3.13,active
20698,8,3,0,0,493,12020523,12021015,4.93,rest
20699,8,3,16,4,481,12021016,12021496,4.81,active
20700,8,3,0,0,381,12021497,12021877,3.81,rest
20701,8,3,16,5,404,12021878,12022281,4.04,active
20702,8,3,0,0,413,12022282,12022694,4.13,rest
20703,8,3,16,6,356,12022695,12023050,3.56,active
20704,8,3,0,0,508,12023051,12023558,5.08,rest
20705,8,3,16,7,380,12023559,12023938,3.8,active
20706,8,3,0,0,463,12023939,12024401,4.63,rest
20707,8,3,16,8,325,12024402,12024726,3.25,active
20708,8,3,0,0,496,12024727,12025222,4.96,rest
20709,8,3,16,9,425,12025223,12025647,4.25,active
20710,8,3,0,0,407,12025648,12026054,4.07,rest
20711,8,3,16,10,395,12026055,12026449,3.95,active
20712,8,3,0,0,856,12026450,12027305,8.56,rest
20713,8,3,17,1,319,12027306,12027624,3.19,active
20714,8,3,0,0,470,12027625,12028094,4.7,rest
20715,8,3,17,2,538,12028095,12028632,5.38,active
20716,8,3,0,0,308,12028633,12028940,3.08,rest
20717,8,3,17,3,433,12028941,12029373,4.33,active
20718,8,3,0,0,431,12029374,12029804,4.31,rest
20719,8,3,17,4,436,12029805,12030240,4.36,active
20720,8,3,0,0,363,12030241,12030603,3.63,rest
20721,8,3,17,5,417,12030604,12031020,4.17,active
20722,8,3,0,0,437,12031021,12031457,4.37,rest
20723,8,3,17,6,532,12031458,12031989,5.32,active
20724,8,3,0,0,314,12031990,12032303,3.14,rest
20725,8,3,17,7,465,12032304,12032768,4.65,active
20726,8,3,0,0,357,12032769,12033125,3.57,rest
20727,8,3,17,8,414,12033126,12033539,4.14,active
20728,8,3,0,0,716,12033540,12034255,7.16,rest
20729,8,3,17,9,287,12034256,12034542,2.87,active
20730,8,3,0,0,332,12034543,12034874,3.32,rest
20731,8,3,17,10,505,12034875,12035379,5.05,active
20732,8,3,0,0,862,12035380,12036241,8.62,rest
20733,8,3,18,1,402,12036242,12036643,4.02,active
20734,8,3,0,0,389,12036644,12037032,3.89,rest
20735,8,3,18,2,448,12037033,12037480,4.48,active
20736,8,3,0,0,376,12037481,12037856,3.76,rest
20737,8,3,18,3,471,12037857,12038327,4.71,active
20738,8,3,0,0,378,12038328,12038705,3.78,rest
20739,8,3,18,4,467,12038706,12039172,4.67,active
20740,8,3,0,0,365,12039173,12039537,3.65,rest
20741,8,3,18,5,471,12039538,12040008,4.71,active
20742,8,3,0,0,363,12040009,12040371,3.63,rest
20743,8,3,18,6,453,12040372,12040824,4.53,active
20744,8,3,0,0,390,12040825,12041214,3.9,rest
20745,8,3,18,7,444,12041215,12041658,4.44,active
20746,8,3,0,0,408,12041659,12042066,4.08,rest
20747,8,3,18,8,453,12042067,12042519,4.53,active
20748,8,3,0,0,371,12042520,12042890,3.71,rest
20749,8,3,18,9,435,12042891,12043325,4.35,active
20750,8,3,0,0,415,12043326,12043740,4.15,rest
20751,8,3,18,10,453,12043741,12044193,4.53,active
20752,8,3,0,0,889,12044194,12045082,8.89,rest
20753,8,3,19,1,354,12045083,12045436,3.54,active
20754,8,3,0,0,457,12045437,12045893,4.57,rest
20755,8,3,19,2,553,12045894,12046446,5.53,active
20756,8,3,0,0,269,12046447,12046715,2.69,rest
20757,8,3,19,3,395,12046716,12047110,3.95,active
20758,8,3,0,0,446,12047111,12047556,4.46,rest
20759,8,3,19,4,402,12047557,12047958,4.02,active
20760,8,3,0,0,471,12047959,12048429,4.71,rest
20761,8,3,19,5,532,12048430,12048961,5.32,active
20762,8,3,0,0,242,12048962,12049203,2.42,rest
20763,8,3,19,6,412,12049204,12049615,4.12,active
20764,8,3,0,0,447,12049616,12050062,4.47,rest
20765,8,3,19,7,400,12050063,12050462,4.0,active
20766,8,3,0,0,454,12050463,12050916,4.54,rest
20767,8,3,19,8,407,12050917,12051323,4.07,active
20768,8,3,0,0,431,12051324,12051754,4.31,rest
20769,8,3,19,9,374,12051755,12052128,3.74,active
20770,8,3,0,0,453,12052129,12052581,4.53,rest
20771,8,3,19,10,407,12052582,12052988,4.07,active
20772,8,3,0,0,1098,12052989,12054086,10.98,rest
20773,8,3,20,1,407,12054087,12054493,4.07,active
20774,8,3,0,0,415,12054494,12054908,4.15,rest
20775,8,3,20,2,393,12054909,12055301,3.93,active
20776,8,3,0,0,439,12055302,12055740,4.39,rest
20777,8,3,20,3,372,12055741,12056112,3.72,active
20778,8,3,0,0,447,12056113,12056559,4.47,rest
20779,8,3,20,4,412,12056560,12056971,4.12,active
20780,8,3,0,0,418,12056972,12057389,4.18,rest
20781,8,3,20,5,436,12057390,12057825,4.36,active
20782,8,3,0,0,390,12057826,12058215,3.9,rest
20783,8,3,20,6,404,12058216,12058619,4.04,active
20784,8,3,0,0,434,12058620,12059053,4.34,rest
20785,8,3,20,7,398,12059054,12059451,3.98,active
20786,8,3,0,0,452,12059452,12059903,4.52,rest
20787,8,3,20,8,457,12059904,12060360,4.57,active
20788,8,3,0,0,369,12060361,12060729,3.69,rest
20789,8,3,20,9,363,12060730,12061092,3.63,active
20790,8,3,0,0,481,12061093,12061573,4.81,rest
20791,8,3,20,10,387,12061574,12061960,3.87,active
20792,8,3,0,0,1921,12061961,12063881,19.21,rest
20793,8,3,21,1,261,12063882,12064142,2.61,active
20794,8,3,0,0,445,12064143,12064587,4.45,rest
20795,8,3,21,2,485,12064588,12065072,4.85,active
20796,8,3,0,0,423,12065073,12065495,4.23,rest
20797,8,3,21,3,304,12065496,12065799,3.04,active
20798,8,3,0,0,555,12065800,12066354,5.55,rest
20799,8,3,21,4,312,12066355,12066666,3.12,active
20800,8,3,0,0,416,12066667,12067082,4.16,rest
20801,8,3,21,5,407,12067083,12067489,4.07,active
20802,8,3,0,0,429,12067490,12067918,4.29,rest
20803,8,3,21,6,453,12067919,12068371,4.53,active
20804,8,3,0,0,411,12068372,12068782,4.11,rest
20805,8,3,21,7,388,12068783,12069170,3.88,active
20806,8,3,0,0,450,12069171,12069620,4.5,rest
20807,8,3,21,8,512,12069621,12070132,5.12,active
20808,8,3,0,0,378,12070133,12070510,3.78,rest
20809,8,3,21,9,301,12070511,12070811,3.01,active
20810,8,3,0,0,472,12070812,12071283,4.72,rest
20811,8,3,21,10,463,12071284,12071746,4.63,active
20812,8,3,0,0,2613,12071747,12074359,26.13,rest
20813,8,3,22,1,314,12074360,12074673,3.14,active
20814,8,3,0,0,477,12074674,12075150,4.77,rest
20815,8,3,22,2,441,12075151,12075591,4.41,active
20816,8,3,0,0,423,12075592,12076014,4.23,rest
20817,8,3,22,3,346,12076015,12076360,3.46,active
20818,8,3,0,0,496,12076361,12076856,4.96,rest
20819,8,3,22,4,413,12076857,12077269,4.13,active
20820,8,3,0,0,386,12077270,12077655,3.86,rest
20821,8,3,22,5,444,12077656,12078099,4.44,active
20822,8,3,0,0,374,12078100,12078473,3.74,rest
20823,8,3,22,6,458,12078474,12078931,4.58,active
20824,8,3,0,0,398,12078932,12079329,3.98,rest
20825,8,3,22,7,508,12079330,12079837,5.08,active
20826,8,3,0,0,328,12079838,12080165,3.28,rest
20827,8,3,22,8,405,12080166,12080570,4.05,active
20828,8,3,0,0,442,12080571,12081012,4.42,rest
20829,8,3,22,9,408,12081013,12081420,4.08,active
20830,8,3,0,0,390,12081421,12081810,3.9,rest
20831,8,3,22,10,387,12081811,12082197,3.87,active
20832,8,3,0,0,1709,12082198,12083906,17.09,rest
20833,8,3,23,1,473,12083907,12084379,4.73,active
20834,8,3,0,0,396,12084380,12084775,3.96,rest
20835,8,3,23,2,504,12084776,12085279,5.04,active
20836,8,3,0,0,363,12085280,12085642,3.63,rest
20837,8,3,23,3,401,12085643,12086043,4.01,active
20838,8,3,0,0,399,12086044,12086442,3.99,rest
20839,8,3,23,4,481,12086443,12086923,4.81,active
20840,8,3,0,0,320,12086924,12087243,3.2,rest
20841,8,3,23,5,528,12087244,12087771,5.28,active
20842,8,3,0,0,356,12087772,12088127,3.56,rest
20843,8,3,23,6,510,12088128,12088637,5.1,active
20844,8,3,0,0,318,12088638,12088955,3.18,rest
20845,8,3,23,7,520,12088956,12089475,5.2,active
20846,8,3,0,0,301,12089476,12089776,3.01,rest
20847,8,3,23,8,516,12089777,12090292,5.16,active
20848,8,3,0,0,338,12090293,12090630,3.38,rest
20849,8,3,23,9,479,12090631,12091109,4.79,active
20850,8,3,0,0,358,12091110,12091467,3.58,rest
20851,8,3,23,10,516,12091468,12091983,5.16,active
20852,8,3,0,0,272,12091984,12092255,2.72,rest
20853,9,2,0,0,407,12193181,12193587,4.07,rest
20854,9,2,1,1,491,12193588,12194078,4.91,active
20855,9,2,0,0,319,12194079,12194397,3.19,rest
20856,9,2,1,2,553,12194398,12194950,5.53,active
20857,9,2,0,0,281,12194951,12195231,2.81,rest
20858,9,2,1,3,397,12195232,12195628,3.97,active
20859,9,2,0,0,434,12195629,12196062,4.34,rest
20860,9,2,1,4,329,12196063,12196391,3.29,active
20861,9,2,0,0,509,12196392,12196900,5.09,rest
20862,9,2,1,5,421,12196901,12197321,4.21,active
20863,9,2,0,0,428,12197322,12197749,4.28,rest
20864,9,2,1,6,549,12197750,12198298,5.49,active
20865,9,2,0,0,285,12198299,12198583,2.85,rest
20866,9,2,1,7,310,12198584,12198893,3.1,active
20867,9,2,0,0,532,12198894,12199425,5.32,rest
20868,9,2,1,8,413,12199426,12199838,4.13,active
20869,9,2,0,0,459,12199839,12200297,4.59,rest
20870,9,2,1,9,420,12200298,12200717,4.2,active
20871,9,2,0,0,360,12200718,12201077,3.6,rest
20872,9,2,1,10,383,12201078,12201460,3.83,active
20873,9,2,0,0,539,12201461,12201999,5.39,rest
20874,9,2,2,1,466,12202000,12202465,4.66,active
20875,9,2,0,0,315,12202466,12202780,3.15,rest
20876,9,2,2,2,569,12202781,12203349,5.69,active
20877,9,2,0,0,260,12203350,12203609,2.6,rest
20878,9,2,2,3,530,12203610,12204139,5.3,active
20879,9,2,0,0,300,12204140,12204439,3.0,rest
20880,9,2,2,4,522,12204440,12204961,5.22,active
20881,9,2,0,0,363,12204962,12205324,3.63,rest
20882,9,2,2,5,457,12205325,12205781,4.57,active
20883,9,2,0,0,363,12205782,12206144,3.63,rest
20884,9,2,2,6,526,12206145,12206670,5.26,active
20885,9,2,0,0,277,12206671,12206947,2.77,rest
20886,9,2,2,7,422,12206948,12207369,4.22,active
20887,9,2,0,0,416,12207370,12207785,4.16,rest
20888,9,2,2,8,429,12207786,12208214,4.29,active
20889,9,2,0,0,437,12208215,12208651,4.37,rest
20890,9,2,2,9,409,12208652,12209060,4.09,active
20891,9,2,0,0,396,12209061,12209456,3.96,rest
20892,9,2,2,10,438,12209457,12209894,4.38,active
20893,9,2,0,0,477,12209895,12210371,4.77,rest
20894,9,2,3,1,348,12210372,12210719,3.48,active
20895,9,2,0,0,464,12210720,12211183,4.64,rest
20896,9,2,3,2,407,12211184,12211590,4.07,active
20897,9,2,0,0,419,12211591,12212009,4.19,rest
20898,9,2,3,3,415,12212010,12212424,4.15,active
20899,9,2,0,0,433,12212425,12212857,4.33,rest
20900,9,2,3,4,404,12212858,12213261,4.04,active
20901,9,2,0,0,440,12213262,12213701,4.4,rest
20902,9,2,3,5,288,12213702,12213989,2.88,active
20903,9,2,0,0,512,12213990,12214501,5.12,rest
20904,9,2,3,6,465,12214502,12214966,4.65,active
20905,9,2,0,0,398,12214967,12215364,3.98,rest
20906,9,2,3,7,391,12215365,12215755,3.91,active
20907,9,2,0,0,440,12215756,12216195,4.4,rest
20908,9,2,3,8,425,12216196,12216620,4.25,active
20909,9,2,0,0,390,12216621,12217010,3.9,rest
20910,9,2,3,9,390,12217011,12217400,3.9,active
20911,9,2,0,0,475,12217401,12217875,4.75,rest
20912,9,2,3,10,402,12217876,12218277,4.02,active
20913,9,2,0,0,491,12218278,12218768,4.91,rest
20914,9,2,4,1,371,12218769,12219139,3.71,active
20915,9,2,0,0,446,12219140,12219585,4.46,rest
20916,9,2,4,2,395,12219586,12219980,3.95,active
20917,9,2,0,0,428,12219981,12220408,4.28,rest
20918,9,2,4,3,354,12220409,12220762,3.54,active
20919,9,2,0,0,497,12220763,12221259,4.97,rest
20920,9,2,4,4,340,12221260,12221599,3.4,active
20921,9,2,0,0,525,12221600,12222124,5.25,rest
20922,9,2,4,5,323,12222125,12222447,3.23,active
20923,9,2,0,0,488,12222448,12222935,4.88,rest
20924,9,2,4,6,303,12222936,12223238,3.03,active
20925,9,2,0,0,525,12223239,12223763,5.25,rest
20926,9,2,4,7,363,12223764,12224126,3.63,active
20927,9,2,0,0,468,12224127,12224594,4.68,rest
20928,9,2,4,8,353,12224595,12224947,3.53,active
20929,9,2,0,0,498,12224948,12225445,4.98,rest
20930,9,2,4,9,367,12225446,12225812,3.67,active
20931,9,2,0,0,471,12225813,12226283,4.71,rest
20932,9,2,4,10,389,12226284,12226672,3.89,active
20933,9,2,0,0,524,12226673,12227196,5.24,rest
20934,9,2,5,1,282,12227197,12227478,2.82,active
20935,9,2,0,0,510,12227479,12227988,5.1,rest
20936,9,2,5,2,411,12227989,12228399,4.11,active
20937,9,2,0,0,436,12228400,12228835,4.36,rest
20938,9,2,5,3,466,12228836,12229301,4.66,active
20939,9,2,0,0,345,12229302,12229646,3.45,rest
20940,9,2,5,4,381,12229647,12230027,3.81,active
20941,9,2,0,0,460,12230028,12230487,4.6,rest
20942,9,2,5,5,327,12230488,12230814,3.27,active
20943,9,2,0,0,532,12230815,12231346,5.32,rest
20944,9,2,5,6,367,12231347,12231713,3.67,active
20945,9,2,0,0,418,12231714,12232131,4.18,rest
20946,9,2,5,7,425,12232132,12232556,4.25,active
20947,9,2,0,0,473,12232557,12233029,4.73,rest
20948,9,2,5,8,314,12233030,12233343,3.14,active
20949,9,2,0,0,481,12233344,12233824,4.81,rest
20950,9,2,5,9,382,12233825,12234206,3.82,active
20951,9,2,0,0,460,12234207,12234666,4.6,rest
20952,9,2,5,10,324,12234667,12234990,3.24,active
20953,9,2,0,0,566,12234991,12235556,5.66,rest
20954,9,2,6,1,379,12235557,12235935,3.79,active
20955,9,2,0,0,447,12235936,12236382,4.47,rest
20956,9,2,6,2,389,12236383,12236771,3.89,active
20957,9,2,0,0,431,12236772,12237202,4.31,rest
20958,9,2,6,3,385,12237203,12237587,3.85,active
20959,9,2,0,0,495,12237588,12238082,4.95,rest
20960,9,2,6,4,352,12238083,12238434,3.52,active
20961,9,2,0,0,497,12238435,12238931,4.97,rest
20962,9,2,6,5,263,12238932,12239194,2.63,active
20963,9,2,0,0,511,12239195,12239705,5.11,rest
20964,9,2,6,6,401,12239706,12240106,4.01,active
20965,9,2,0,0,461,12240107,12240567,4.61,rest
20966,9,2,6,7,352,12240568,12240919,3.52,active
20967,9,2,0,0,477,12240920,12241396,4.77,rest
20968,9,2,6,8,378,12241397,12241774,3.78,active
20969,9,2,0,0,433,12241775,12242207,4.33,rest
20970,9,2,6,9,375,12242208,12242582,3.75,active
20971,9,2,0,0,489,12242583,12243071,4.89,rest
20972,9,2,6,10,416,12243072,12243487,4.16,active
20973,9,2,0,0,495,12243488,12243982,4.95,rest
20974,9,2,7,1,355,12243983,12244337,3.55,active
20975,9,2,0,0,520,12244338,12244857,5.2,rest
20976,9,2,7,2,289,12244858,12245146,2.89,active
20977,9,2,0,0,567,12245147,12245713,5.67,rest
20978,9,2,7,3,185,12245714,12245898,1.85,active
20979,9,2,0,0,555,12245899,12246453,5.55,rest
20980,9,2,7,4,314,12246454,12246767,3.14,active
20981,9,2,0,0,627,12246768,12247394,6.27,rest
20982,9,2,7,5,240,12247395,12247634,2.4,active
20983,9,2,0,0,577,12247635,12248211,5.77,rest
20984,9,2,7,6,193,12248212,12248404,1.93,active
20985,9,2,0,0,602,12248405,12249006,6.02,rest
20986,9,2,7,7,286,12249007,12249292,2.86,active
20987,9,2,0,0,500,12249293,12249792,5.0,rest
20988,9,2,7,8,548,12249793,12250340,5.48,active
20989,9,2,0,0,371,12250341,12250711,3.71,rest
20990,9,2,7,9,198,12250712,12250909,1.98,active
20991,9,2,0,0,544,12250910,12251453,5.44,rest
20992,9,2,7,10,349,12251454,12251802,3.49,active
20993,9,2,0,0,549,12251803,12252351,5.49,rest
20994,9,2,8,1,305,12252352,12252656,3.05,active
20995,9,2,0,0,550,12252657,12253206,5.5,rest
20996,9,2,8,2,274,12253207,12253480,2.74,active
20997,9,2,0,0,506,12253481,12253986,5.06,rest
20998,9,2,8,3,302,12253987,12254288,3.02,active
20999,9,2,0,0,536,12254289,12254824,5.36,rest
21000,9,2,8,4,360,12254825,12255184,3.6,active
21001,9,2,0,0,486,12255185,12255670,4.86,rest
21002,9,2,8,5,411,12255671,12256081,4.11,active
21003,9,2,0,0,415,12256082,12256496,4.15,rest
21004,9,2,8,6,351,12256497,12256847,3.51,active
21005,9,2,0,0,493,12256848,12257340,4.93,rest
21006,9,2,8,7,319,12257341,12257659,3.19,active
21007,9,2,0,0,479,12257660,12258138,4.79,rest
21008,9,2,8,8,440,12258139,12258578,4.4,active
21009,9,2,0,0,413,12258579,12258991,4.13,rest
21010,9,2,8,9,434,12258992,12259425,4.34,active
21011,9,2,0,0,413,12259426,12259838,4.13,rest
21012,9,2,8,10,524,12259839,12260362,5.24,active
21013,9,2,0,0,574,12260363,12260936,5.74,rest
21014,9,2,9,1,253,12260937,12261189,2.53,active
21015,9,2,0,0,390,12261190,12261579,3.9,rest
21016,9,2,9,2,343,12261580,12261922,3.43,active
21017,9,2,0,0,452,12261923,12262374,4.52,rest
21018,9,2,9,3,446,12262375,12262820,4.46,active
21019,9,2,0,0,432,12262821,12263252,4.32,rest
21020,9,2,9,4,317,12263253,12263569,3.17,active
21021,9,2,0,0,497,12263570,12264066,4.97,rest
21022,9,2,9,5,397,12264067,12264463,3.97,active
21023,9,2,0,0,452,12264464,12264915,4.52,rest
21024,9,2,9,6,370,12264916,12265285,3.7,active
21025,9,2,0,0,464,12265286,12265749,4.64,rest
21026,9,2,9,7,350,12265750,12266099,3.5,active
21027,9,2,0,0,559,12266100,12266658,5.59,rest
21028,9,2,9,8,304,12266659,12266962,3.04,active
21029,9,2,0,0,479,12266963,12267441,4.79,rest
21030,9,2,9,9,382,12267442,12267823,3.82,active
21031,9,2,0,0,441,12267824,12268264,4.41,rest
21032,9,2,9,10,402,12268265,12268666,4.02,active
21033,9,2,0,0,436,12268667,12269102,4.36,rest
21034,9,2,10,1,424,12269103,12269526,4.24,active
21035,9,2,0,0,388,12269527,12269914,3.88,rest
21036,9,2,10,2,421,12269915,12270335,4.21,active
21037,9,2,0,0,437,12270336,12270772,4.37,rest
21038,9,2,10,3,368,12270773,12271140,3.68,active
21039,9,2,0,0,458,12271141,12271598,4.58,rest
21040,9,2,10,4,399,12271599,12271997,3.99,active
21041,9,2,0,0,432,12271998,12272429,4.32,rest
21042,9,2,10,5,403,12272430,12272832,4.03,active
21043,9,2,0,0,441,12272833,12273273,4.41,rest
21044,9,2,10,6,401,12273274,12273674,4.01,active
21045,9,2,0,0,436,12273675,12274110,4.36,rest
21046,9,2,10,7,318,12274111,12274428,3.18,active
21047,9,2,0,0,535,12274429,12274963,5.35,rest
21048,9,2,10,8,359,12274964,12275322,3.59,active
21049,9,2,0,0,458,12275323,12275780,4.58,rest
21050,9,2,10,9,399,12275781,12276179,3.99,active
21051,9,2,0,0,444,12276180,12276623,4.44,rest
21052,9,2,10,10,328,12276624,12276951,3.28,active
21053,9,2,0,0,520,12276952,12277471,5.2,rest
21054,9,2,11,1,424,12277472,12277895,4.24,active
21055,9,2,0,0,413,12277896,12278308,4.13,rest
21056,9,2,11,2,321,12278309,12278629,3.21,active
21057,9,2,0,0,499,12278630,12279128,4.99,rest
21058,9,2,11,3,371,12279129,12279499,3.71,active
21059,9,2,0,0,466,12279500,12279965,4.66,rest
21060,9,2,11,4,357,12279966,12280322,3.57,active
21061,9,2,0,0,474,12280323,12280796,4.74,rest
21062,9,2,11,5,388,12280797,12281184,3.88,active
21063,9,2,0,0,444,12281185,12281628,4.44,rest
21064,9,2,11,6,389,12281629,12282017,3.89,active
21065,9,2,0,0,429,12282018,12282446,4.29,rest
21066,9,2,11,7,388,12282447,12282834,3.88,active
21067,9,2,0,0,448,12282835,12283282,4.48,rest
21068,9,2,11,8,407,12283283,12283689,4.07,active
21069,9,2,0,0,439,12283690,12284128,4.39,rest
21070,9,2,11,9,380,12284129,12284508,3.8,active
21071,9,2,0,0,444,12284509,12284952,4.44,rest
21072,9,2,11,10,447,12284953,12285399,4.47,active
21073,9,2,0,0,420,12285400,12285819,4.2,rest
21074,9,2,12,1,263,12285820,12286082,2.63,active
21075,9,2,0,0,559,12286083,12286641,5.59,rest
21076,9,2,12,2,345,12286642,12286986,3.45,active
21077,9,2,0,0,492,12286987,12287478,4.92,rest
21078,9,2,12,3,430,12287479,12287908,4.3,active
21079,9,2,0,0,405,12287909,12288313,4.05,rest
21080,9,2,12,4,403,12288314,12288716,4.03,active
21081,9,2,0,0,449,12288717,12289165,4.49,rest
21082,9,2,12,5,354,12289166,12289519,3.54,active
21083,9,2,0,0,477,12289520,12289996,4.77,rest
21084,9,2,12,6,318,12289997,12290314,3.18,active
21085,9,2,0,0,525,12290315,12290839,5.25,rest
21086,9,2,12,7,347,12290840,12291186,3.47,active
21087,9,2,0,0,500,12291187,12291686,5.0,rest
21088,9,2,12,8,315,12291687,12292001,3.15,active
21089,9,2,0,0,508,12292002,12292509,5.08,rest
21090,9,2,12,9,359,12292510,12292868,3.59,active
21091,9,2,0,0,473,12292869,12293341,4.73,rest
21092,9,2,12,10,393,12293342,12293734,3.93,active
21093,9,2,0,0,481,12293735,12294215,4.81,rest
21094,9,2,13,1,414,12294216,12294629,4.14,active
21095,9,2,0,0,389,12294630,12295018,3.89,rest
21096,9,2,13,2,419,12295019,12295437,4.19,active
21097,9,2,0,0,431,12295438,12295868,4.31,rest
21098,9,2,13,3,388,12295869,12296256,3.88,active
21099,9,2,0,0,432,12296257,12296688,4.32,rest
21100,9,2,13,4,382,12296689,12297070,3.82,active
21101,9,2,0,0,458,12297071,12297528,4.58,rest
21102,9,2,13,5,438,12297529,12297966,4.38,active
21103,9,2,0,0,411,12297967,12298377,4.11,rest
21104,9,2,13,6,418,12298378,12298795,4.18,active
21105,9,2,0,0,415,12298796,12299210,4.15,rest
21106,9,2,13,7,417,12299211,12299627,4.17,active
21107,9,2,0,0,429,12299628,12300056,4.29,rest
21108,9,2,13,8,345,12300057,12300401,3.45,active
21109,9,2,0,0,474,12300402,12300875,4.74,rest
21110,9,2,13,9,390,12300876,12301265,3.9,active
21111,9,2,0,0,473,12301266,12301738,4.73,rest
21112,9,2,13,10,348,12301739,12302086,3.48,active
21113,9,2,0,0,489,12302087,12302575,4.89,rest
21114,9,2,14,1,293,12302576,12302868,2.93,active
21115,9,2,0,0,593,12302869,12303461,5.93,rest
21116,9,2,14,2,227,12303462,12303688,2.27,active
21117,9,2,0,0,558,12303689,12304246,5.58,rest
21118,9,2,14,3,296,12304247,12304542,2.96,active
21119,9,2,0,0,548,12304543,12305090,5.48,rest
21120,9,2,14,4,306,12305091,12305396,3.06,active
21121,9,2,0,0,538,12305397,12305934,5.38,rest
21122,9,2,14,5,287,12305935,12306221,2.87,active
21123,9,2,0,0,546,12306222,12306767,5.46,rest
21124,9,2,14,6,251,12306768,12307018,2.51,active
21125,9,2,0,0,639,12307019,12307657,6.39,rest
21126,9,2,14,7,227,12307658,12307884,2.27,active
21127,9,2,0,0,572,12307885,12308456,5.72,rest
21128,9,2,14,8,308,12308457,12308764,3.08,active
21129,9,2,0,0,526,12308765,12309290,5.26,rest
21130,9,2,14,9,289,12309291,12309579,2.89,active
21131,9,2,0,0,561,12309580,12310140,5.61,rest
21132,9,2,14,10,353,12310141,12310493,3.53,active
21133,9,2,0,0,553,12310494,12311046,5.53,rest
21134,9,2,15,1,397,12311047,12311443,3.97,active
21135,9,2,0,0,382,12311444,12311825,3.82,rest
21136,9,2,15,2,418,12311826,12312243,4.18,active
21137,9,2,0,0,409,12312244,12312652,4.09,rest
21138,9,2,15,3,376,12312653,12313028,3.76,active
21139,9,2,0,0,522,12313029,12313550,5.22,rest
21140,9,2,15,4,315,12313551,12313865,3.15,active
21141,9,2,0,0,508,12313866,12314373,5.08,rest
21142,9,2,15,5,322,12314374,12314695,3.22,active
21143,9,2,0,0,470,12314696,12315165,4.7,rest
21144,9,2,15,6,382,12315166,12315547,3.82,active
21145,9,2,0,0,451,12315548,12315998,4.51,rest
21146,9,2,15,7,365,12315999,12316363,3.65,active
21147,9,2,0,0,472,12316364,12316835,4.72,rest
21148,9,2,15,8,378,12316836,12317213,3.78,active
21149,9,2,0,0,476,12317214,12317689,4.76,rest
21150,9,2,15,9,349,12317690,12318038,3.49,active
21151,9,2,0,0,481,12318039,12318519,4.81,rest
21152,9,2,15,10,375,12318520,12318894,3.75,active
21153,9,2,0,0,507,12318895,12319401,5.07,rest
21154,9,2,16,1,435,12319402,12319836,4.35,active
21155,9,2,0,0,375,12319837,12320211,3.75,rest
21156,9,2,16,2,411,12320212,12320622,4.11,active
21157,9,2,0,0,440,12320623,12321062,4.4,rest
21158,9,2,16,3,418,12321063,12321480,4.18,active
21159,9,2,0,0,390,12321481,12321870,3.9,rest
21160,9,2,16,4,423,12321871,12322293,4.23,active
21161,9,2,0,0,401,12322294,12322694,4.01,rest
21162,9,2,16,5,386,12322695,12323080,3.86,active
21163,9,2,0,0,455,12323081,12323535,4.55,rest
21164,9,2,16,6,376,12323536,12323911,3.76,active
21165,9,2,0,0,459,12323912,12324370,4.59,rest
21166,9,2,16,7,409,12324371,12324779,4.09,active
21167,9,2,0,0,501,12324780,12325280,5.01,rest
21168,9,2,16,8,297,12325281,12325577,2.97,active
21169,9,2,0,0,531,12325578,12326108,5.31,rest
21170,9,2,16,9,314,12326109,12326422,3.14,active
21171,9,2,0,0,503,12326423,12326925,5.03,rest
21172,9,2,16,10,308,12326926,12327233,3.08,active
21173,9,2,0,0,507,12327234,12327740,5.07,rest
21174,9,2,17,1,412,12327741,12328152,4.12,active
21175,9,2,0,0,454,12328153,12328606,4.54,rest
21176,9,2,17,2,238,12328607,12328844,2.38,active
21177,9,2,0,0,609,12328845,12329453,6.09,rest
21178,9,2,17,3,231,12329454,12329684,2.31,active
21179,9,2,0,0,555,12329685,12330239,5.55,rest
21180,9,2,17,4,380,12330240,12330619,3.8,active
21181,9,2,0,0,468,12330620,12331087,4.68,rest
21182,9,2,17,5,257,12331088,12331344,2.57,active
21183,9,2,0,0,571,12331345,12331915,5.71,rest
21184,9,2,17,6,252,12331916,12332167,2.52,active
21185,9,2,0,0,619,12332168,12332786,6.19,rest
21186,9,2,17,7,233,12332787,12333019,2.33,active
21187,9,2,0,0,588,12333020,12333607,5.88,rest
21188,9,2,17,8,295,12333608,12333902,2.95,active
21189,9,2,0,0,546,12333903,12334448,5.46,rest
21190,9,2,17,9,226,12334449,12334674,2.26,active
21191,9,2,0,0,631,12334675,12335305,6.31,rest
21192,9,2,17,10,219,12335306,12335524,2.19,active
21193,9,2,0,0,543,12335525,12336067,5.43,rest
21194,9,3,0,0,425,12336068,12336492,4.25,rest
21195,9,3,1,1,275,12336493,12336767,2.75,active
21196,9,3,0,0,522,12336768,12337289,5.22,rest
21197,9,3,1,2,304,12337290,12337593,3.04,active
21198,9,3,0,0,503,12337594,12338096,5.03,rest
21199,9,3,1,3,300,12338097,12338396,3.0,active
21200,9,3,0,0,559,12338397,12338955,5.59,rest
21201,9,3,1,4,294,12338956,12339249,2.94,active
21202,9,3,0,0,550,12339250,12339799,5.5,rest
21203,9,3,1,5,264,12339800,12340063,2.64,active
21204,9,3,0,0,557,12340064,12340620,5.57,rest
21205,9,3,1,6,273,12340621,12340893,2.73,active
21206,9,3,0,0,574,12340894,12341467,5.74,rest
21207,9,3,1,7,288,12341468,12341755,2.88,active
21208,9,3,0,0,547,12341756,12342302,5.47,rest
21209,9,3,1,8,281,12342303,12342583,2.81,active
21210,9,3,0,0,547,12342584,12343130,5.47,rest
21211,9,3,1,9,288,12343131,12343418,2.88,active
21212,9,3,0,0,581,12343419,12343999,5.81,rest
21213,9,3,1,10,287,12344000,12344286,2.87,active
21214,9,3,0,0,1266,12344287,12345552,12.66,rest
21215,9,3,2,1,327,12345553,12345879,3.27,active
21216,9,3,0,0,476,12345880,12346355,4.76,rest
21217,9,3,2,2,340,12346356,12346695,3.4,active
21218,9,3,0,0,541,12346696,12347236,5.41,rest
21219,9,3,2,3,305,12347237,12347541,3.05,active
21220,9,3,0,0,480,12347542,12348021,4.8,rest
21221,9,3,2,4,365,12348022,12348386,3.65,active
21222,9,3,0,0,471,12348387,12348857,4.71,rest
21223,9,3,2,5,405,12348858,12349262,4.05,active
21224,9,3,0,0,442,12349263,12349704,4.42,rest
21225,9,3,2,6,361,12349705,12350065,3.61,active
21226,9,3,0,0,588,12350066,12350653,5.88,rest
21227,9,3,2,7,239,12350654,12350892,2.39,active
21228,9,3,0,0,464,12350893,12351356,4.64,rest
21229,9,3,2,8,375,12351357,12351731,3.75,active
21230,9,3,0,0,566,12351732,12352297,5.66,rest
21231,9,3,2,9,258,12352298,12352555,2.58,active
21232,9,3,0,0,464,12352556,12353019,4.64,rest
21233,9,3,2,10,389,12353020,12353408,3.89,active
21234,9,3,0,0,836,12353409,12354244,8.36,rest
21235,9,3,3,1,309,12354245,12354553,3.09,active
21236,9,3,0,0,479,12354554,12355032,4.79,rest
21237,9,3,3,2,380,12355033,12355412,3.8,active
21238,9,3,0,0,464,12355413,12355876,4.64,rest
21239,9,3,3,3,349,12355877,12356225,3.49,active
21240,9,3,0,0,470,12356226,12356695,4.7,rest
21241,9,3,3,4,338,12356696,12357033,3.38,active
21242,9,3,0,0,520,12357034,12357553,5.2,rest
21243,9,3,3,5,295,12357554,12357848,2.95,active
21244,9,3,0,0,497,12357849,12358345,4.97,rest
21245,9,3,3,6,568,12358346,12358913,5.68,active
21246,9,3,0,0,241,12358914,12359154,2.41,rest
21247,9,3,3,7,554,12359155,12359708,5.54,active
21248,9,3,0,0,279,12359709,12359987,2.79,rest
21249,9,3,3,8,499,12359988,12360486,4.99,active
21250,9,3,0,0,333,12360487,12360819,3.33,rest
21251,9,3,3,9,552,12360820,12361371,5.52,active
21252,9,3,0,0,310,12361372,12361681,3.1,rest
21253,9,3,3,10,516,12361682,12362197,5.16,active
21254,9,3,0,0,5011,12362198,12367208,50.11,rest
21255,9,3,4,1,375,12367209,12367583,3.75,active
21256,9,3,0,0,425,12367584,12368008,4.25,rest
21257,9,3,4,2,440,12368009,12368448,4.4,active
21258,9,3,0,0,404,12368449,12368852,4.04,rest
21259,9,3,4,3,361,12368853,12369213,3.61,active
21260,9,3,0,0,512,12369214,12369725,5.12,rest
21261,9,3,4,4,342,12369726,12370067,3.42,active
21262,9,3,0,0,463,12370068,12370530,4.63,rest
21263,9,3,4,5,400,12370531,12370930,4.0,active
21264,9,3,0,0,435,12370931,12371365,4.35,rest
21265,9,3,4,6,264,12371366,12371629,2.64,active
21266,9,3,0,0,572,12371630,12372201,5.72,rest
21267,9,3,4,7,353,12372202,12372554,3.53,active
21268,9,3,0,0,475,12372555,12373029,4.75,rest
21269,9,3,4,8,386,12373030,12373415,3.86,active
21270,9,3,0,0,471,12373416,12373886,4.71,rest
21271,9,3,4,9,397,12373887,12374283,3.97,active
21272,9,3,0,0,445,12374284,12374728,4.45,rest
21273,9,3,4,10,278,12374729,12375006,2.78,active
21274,9,3,0,0,2355,12375007,12377361,23.55,rest
21275,9,3,5,1,377,12377362,12377738,3.77,active
21276,9,3,0,0,456,12377739,12378194,4.56,rest
21277,9,3,5,2,361,12378195,12378555,3.61,active
21278,9,3,0,0,488,12378556,12379043,4.88,rest
21279,9,3,5,3,415,12379044,12379458,4.15,active
21280,9,3,0,0,407,12379459,12379865,4.07,rest
21281,9,3,5,4,376,12379866,12380241,3.76,active
21282,9,3,0,0,447,12380242,12380688,4.47,rest
21283,9,3,5,5,350,12380689,12381038,3.5,active
21284,9,3,0,0,501,12381039,12381539,5.01,rest
21285,9,3,5,6,374,12381540,12381913,3.74,active
21286,9,3,0,0,432,12381914,12382345,4.32,rest
21287,9,3,5,7,392,12382346,12382737,3.92,active
21288,9,3,0,0,463,12382738,12383200,4.63,rest
21289,9,3,5,8,360,12383201,12383560,3.6,active
21290,9,3,0,0,455,12383561,12384015,4.55,rest
21291,9,3,5,9,366,12384016,12384381,3.66,active
21292,9,3,0,0,501,12384382,12384882,5.01,rest
21293,9,3,5,10,329,12384883,12385211,3.29,active
21294,9,3,0,0,1609,12385212,12386820,16.09,rest
21295,9,3,6,1,416,12386821,12387236,4.16,active
21296,9,3,0,0,369,12387237,12387605,3.69,rest
21297,9,3,6,2,385,12387606,12387990,3.85,active
21298,9,3,0,0,459,12387991,12388449,4.59,rest
21299,9,3,6,3,359,12388450,12388808,3.59,active
21300,9,3,0,0,489,12388809,12389297,4.89,rest
21301,9,3,6,4,433,12389298,12389730,4.33,active
21302,9,3,0,0,406,12389731,12390136,4.06,rest
21303,9,3,6,5,345,12390137,12390481,3.45,active
21304,9,3,0,0,477,12390482,12390958,4.77,rest
21305,9,3,6,6,292,12390959,12391250,2.92,active
21306,9,3,0,0,555,12391251,12391805,5.55,rest
21307,9,3,6,7,358,12391806,12392163,3.58,active
21308,9,3,0,0,467,12392164,12392630,4.67,rest
21309,9,3,6,8,386,12392631,12393016,3.86,active
21310,9,3,0,0,446,12393017,12393462,4.46,rest
21311,9,3,6,9,373,12393463,12393835,3.73,active
21312,9,3,0,0,444,12393836,12394279,4.44,rest
21313,9,3,6,10,349,12394280,12394628,3.49,active
21314,9,3,0,0,1680,12394629,12396308,16.8,rest
21315,9,3,7,1,369,12396309,12396677,3.69,active
21316,9,3,0,0,479,12396678,12397156,4.79,rest
21317,9,3,7,2,374,12397157,12397530,3.74,active
21318,9,3,0,0,444,12397531,12397974,4.44,rest
21319,9,3,7,3,332,12397975,12398306,3.32,active
21320,9,3,0,0,528,12398307,12398834,5.28,rest
21321,9,3,7,4,277,12398835,12399111,2.77,active
21322,9,3,0,0,512,12399112,12399623,5.12,rest
21323,9,3,7,5,403,12399624,12400026,4.03,active
21324,9,3,0,0,491,12400027,12400517,4.91,rest
21325,9,3,7,6,265,12400518,12400782,2.65,active
21326,9,3,0,0,527,12400783,12401309,5.27,rest
21327,9,3,7,7,370,12401310,12401679,3.7,active
21328,9,3,0,0,485,12401680,12402164,4.85,rest
21329,9,3,7,8,314,12402165,12402478,3.14,active
21330,9,3,0,0,530,12402479,12403008,5.3,rest
21331,9,3,7,9,349,12403009,12403357,3.49,active
21332,9,3,0,0,453,12403358,12403810,4.53,rest
21333,9,3,7,10,349,12403811,12404159,3.49,active
21334,9,3,0,0,1260,12404160,12405419,12.6,rest
21335,9,3,8,1,336,12405420,12405755,3.36,active
21336,9,3,0,0,480,12405756,12406235,4.8,rest
21337,9,3,8,2,434,12406236,12406669,4.34,active
21338,9,3,0,0,407,12406670,12407076,4.07,rest
21339,9,3,8,3,370,12407077,12407446,3.7,active
21340,9,3,0,0,469,12407447,12407915,4.69,rest
21341,9,3,8,4,367,12407916,12408282,3.67,active
21342,9,3,0,0,505,12408283,12408787,5.05,rest
21343,9,3,8,5,362,12408788,12409149,3.62,active
21344,9,3,0,0,450,12409150,12409599,4.5,rest
21345,9,3,8,6,387,12409600,12409986,3.87,active
21346,9,3,0,0,463,12409987,12410449,4.63,rest
21347,9,3,8,7,348,12410450,12410797,3.48,active
21348,9,3,0,0,456,12410798,12411253,4.56,rest
21349,9,3,8,8,379,12411254,12411632,3.79,active
21350,9,3,0,0,472,12411633,12412104,4.72,rest
21351,9,3,8,9,386,12412105,12412490,3.86,active
21352,9,3,0,0,451,12412491,12412941,4.51,rest
21353,9,3,8,10,381,12412942,12413322,3.81,active
21354,9,3,0,0,681,12413323,12414003,6.81,rest
21355,9,3,9,1,355,12414004,12414358,3.55,active
21356,9,3,0,0,480,12414359,12414838,4.8,rest
21357,9,3,9,2,311,12414839,12415149,3.11,active
21358,9,3,0,0,537,12415150,12415686,5.37,rest
21359,9,3,9,3,308,12415687,12415994,3.08,active
21360,9,3,0,0,522,12415995,12416516,5.22,rest
21361,9,3,9,4,312,12416517,12416828,3.12,active
21362,9,3,0,0,553,12416829,12417381,5.53,rest
21363,9,3,9,5,321,12417382,12417702,3.21,active
21364,9,3,0,0,485,12417703,12418187,4.85,rest
21365,9,3,9,6,408,12418188,12418595,4.08,active
21366,9,3,0,0,437,12418596,12419032,4.37,rest
21367,9,3,9,7,300,12419033,12419332,3.0,active
21368,9,3,0,0,539,12419333,12419871,5.39,rest
21369,9,3,9,8,353,12419872,12420224,3.53,active
21370,9,3,0,0,516,12420225,12420740,5.16,rest
21371,9,3,9,9,273,12420741,12421013,2.73,active
21372,9,3,0,0,545,12421014,12421558,5.45,rest
21373,9,3,9,10,304,12421559,12421862,3.04,active
21374,9,3,0,0,2059,12421863,12423921,20.59,rest
21375,9,3,10,1,380,12423922,12424301,3.8,active
21376,9,3,0,0,447,12424302,12424748,4.47,rest
21377,9,3,10,2,371,12424749,12425119,3.71,active
21378,9,3,0,0,457,12425120,12425576,4.57,rest
21379,9,3,10,3,349,12425577,12425925,3.49,active
21380,9,3,0,0,511,12425926,12426436,5.11,rest
21381,9,3,10,4,402,12426437,12426838,4.02,active
21382,9,3,0,0,472,12426839,12427310,4.72,rest
21383,9,3,10,5,320,12427311,12427630,3.2,active
21384,9,3,0,0,442,12427631,12428072,4.42,rest
21385,9,3,10,6,459,12428073,12428531,4.59,active
21386,9,3,0,0,454,12428532,12428985,4.54,rest
21387,9,3,10,7,362,12428986,12429347,3.62,active
21388,9,3,0,0,484,12429348,12429831,4.84,rest
21389,9,3,10,8,315,12429832,12430146,3.15,active
21390,9,3,0,0,442,12430147,12430588,4.42,rest
21391,9,3,10,9,318,12430589,12430906,3.18,active
21392,9,3,0,0,549,12430907,12431455,5.49,rest
21393,9,3,10,10,377,12431456,12431832,3.77,active
21394,9,3,0,0,626,12431833,12432458,6.26,rest
21395,9,3,11,1,352,12432459,12432810,3.52,active
21396,9,3,0,0,466,12432811,12433276,4.66,rest
21397,9,3,11,2,369,12433277,12433645,3.69,active
21398,9,3,0,0,465,12433646,12434110,4.65,rest
21399,9,3,11,3,366,12434111,12434476,3.66,active
21400,9,3,0,0,513,12434477,12434989,5.13,rest
21401,9,3,11,4,409,12434990,12435398,4.09,active
21402,9,3,0,0,419,12435399,12435817,4.19,rest
21403,9,3,11,5,362,12435818,12436179,3.62,active
21404,9,3,0,0,423,12436180,12436602,4.23,rest
21405,9,3,11,6,399,12436603,12437001,3.99,active
21406,9,3,0,0,484,12437002,12437485,4.84,rest
21407,9,3,11,7,417,12437486,12437902,4.17,active
21408,9,3,0,0,439,12437903,12438341,4.39,rest
21409,9,3,11,8,354,12438342,12438695,3.54,active
21410,9,3,0,0,514,12438696,12439209,5.14,rest
21411,9,3,11,9,418,12439210,12439627,4.18,active
21412,9,3,0,0,416,12439628,12440043,4.16,rest
21413,9,3,11,10,446,12440044,12440489,4.46,active
21414,9,3,0,0,1469,12440490,12441958,14.69,rest
21415,9,3,12,1,309,12441959,12442267,3.09,active
21416,9,3,0,0,502,12442268,12442769,5.02,rest
21417,9,3,12,2,362,12442770,12443131,3.62,active
21418,9,3,0,0,473,12443132,12443604,4.73,rest
21419,9,3,12,3,248,12443605,12443852,2.48,active
21420,9,3,0,0,566,12443853,12444418,5.66,rest
21421,9,3,12,4,319,12444419,12444737,3.19,active
21422,9,3,0,0,545,12444738,12445282,5.45,rest
21423,9,3,12,5,369,12445283,12445651,3.69,active
21424,9,3,0,0,461,12445652,12446112,4.61,rest
21425,9,3,12,6,282,12446113,12446394,2.82,active
21426,9,3,0,0,552,12446395,12446946,5.52,rest
21427,9,3,12,7,313,12446947,12447259,3.13,active
21428,9,3,0,0,531,12447260,12447790,5.31,rest
21429,9,3,12,8,305,12447791,12448095,3.05,active
21430,9,3,0,0,514,12448096,12448609,5.14,rest
21431,9,3,12,9,329,12448610,12448938,3.29,active
21432,9,3,0,0,502,12448939,12449440,5.02,rest
21433,9,3,12,10,325,12449441,12449765,3.25,active
21434,9,3,0,0,2133,12449766,12451898,21.33,rest
21435,9,3,13,1,269,12451899,12452167,2.69,active
21436,9,3,0,0,497,12452168,12452664,4.97,rest
21437,9,3,13,2,324,12452665,12452988,3.24,active
21438,9,3,0,0,483,12452989,12453471,4.83,rest
21439,9,3,13,3,347,12453472,12453818,3.47,active
21440,9,3,0,0,507,12453819,12454325,5.07,rest
21441,9,3,13,4,376,12454326,12454701,3.76,active
21442,9,3,0,0,419,12454702,12455120,4.19,rest
21443,9,3,13,5,346,12455121,12455466,3.46,active
21444,9,3,0,0,480,12455467,12455946,4.8,rest
21445,9,3,13,6,329,12455947,12456275,3.29,active
21446,9,3,0,0,537,12456276,12456812,5.37,rest
21447,9,3,13,7,416,12456813,12457228,4.16,active
21448,9,3,0,0,446,12457229,12457674,4.46,rest
21449,9,3,13,8,374,12457675,12458048,3.74,active
21450,9,3,0,0,472,12458049,12458520,4.72,rest
21451,9,3,13,9,359,12458521,12458879,3.59,active
21452,9,3,0,0,469,12458880,12459348,4.69,rest
21453,9,3,13,10,358,12459349,12459706,3.58,active
21454,9,3,0,0,1174,12459707,12460880,11.74,rest
21455,9,3,14,1,379,12460881,12461259,3.79,active
21456,9,3,0,0,439,12461260,12461698,4.39,rest
21457,9,3,14,2,392,12461699,12462090,3.92,active
21458,9,3,0,0,475,12462091,12462565,4.75,rest
21459,9,3,14,3,327,12462566,12462892,3.27,active
21460,9,3,0,0,451,12462893,12463343,4.51,rest
21461,9,3,14,4,429,12463344,12463772,4.29,active
21462,9,3,0,0,444,12463773,12464216,4.44,rest
21463,9,3,14,5,348,12464217,12464564,3.48,active
21464,9,3,0,0,533,12464565,12465097,5.33,rest
21465,9,3,14,6,324,12465098,12465421,3.24,active
21466,9,3,0,0,484,12465422,12465905,4.84,rest
21467,9,3,14,7,351,12465906,12466256,3.51,active
21468,9,3,0,0,496,12466257,12466752,4.96,rest
21469,9,3,14,8,359,12466753,12467111,3.59,active
21470,9,3,0,0,490,12467112,12467601,4.9,rest
21471,9,3,14,9,375,12467602,12467976,3.75,active
21472,9,3,0,0,474,12467977,12468450,4.74,rest
21473,9,3,14,10,307,12468451,12468757,3.07,active
21474,9,3,0,0,958,12468758,12469715,9.58,rest
21475,9,3,15,1,374,12469716,12470089,3.74,active
21476,9,3,0,0,470,12470090,12470559,4.7,rest
21477,9,3,15,2,357,12470560,12470916,3.57,active
21478,9,3,0,0,419,12470917,12471335,4.19,rest
21479,9,3,15,3,415,12471336,12471750,4.15,active
21480,9,3,0,0,429,12471751,12472179,4.29,rest
21481,9,3,15,4,418,12472180,12472597,4.18,active
21482,9,3,0,0,395,12472598,12472992,3.95,rest
21483,9,3,15,5,452,12472993,12473444,4.52,active
21484,9,3,0,0,414,12473445,12473858,4.14,rest
21485,9,3,15,6,350,12473859,12474208,3.5,active
21486,9,3,0,0,501,12474209,12474709,5.01,rest
21487,9,3,15,7,274,12474710,12474983,2.74,active
21488,9,3,0,0,525,12474984,12475508,5.25,rest
21489,9,3,15,8,388,12475509,12475896,3.88,active
21490,9,3,0,0,486,12475897,12476382,4.86,rest
21491,9,3,15,9,258,12476383,12476640,2.58,active
21492,9,3,0,0,575,12476641,12477215,5.75,rest
21493,9,3,15,10,341,12477216,12477556,3.41,active
21494,9,3,0,0,1939,12477557,12479495,19.39,rest
21495,9,3,16,1,327,12479496,12479822,3.27,active
21496,9,3,0,0,488,12479823,12480310,4.88,rest
21497,9,3,16,2,338,12480311,12480648,3.38,active
21498,9,3,0,0,475,12480649,12481123,4.75,rest
21499,9,3,16,3,470,12481124,12481593,4.7,active
21500,9,3,0,0,360,12481594,12481953,3.6,rest
21501,9,3,16,4,326,12481954,12482279,3.26,active
21502,9,3,0,0,488,12482280,12482767,4.88,rest
21503,9,3,16,5,373,12482768,12483140,3.73,active
21504,9,3,0,0,492,12483141,12483632,4.92,rest
21505,9,3,16,6,389,12483633,12484021,3.89,active
21506,9,3,0,0,436,12484022,12484457,4.36,rest
21507,9,3,16,7,402,12484458,12484859,4.02,active
21508,9,3,0,0,448,12484860,12485307,4.48,rest
21509,9,3,16,8,395,12485308,12485702,3.95,active
21510,9,3,0,0,427,12485703,12486129,4.27,rest
21511,9,3,16,9,359,12486130,12486488,3.59,active
21512,9,3,0,0,479,12486489,12486967,4.79,rest
21513,9,3,16,10,376,12486968,12487343,3.76,active
21514,9,3,0,0,930,12487344,12488273,9.3,rest
21515,9,3,17,1,386,12488274,12488659,3.86,active
21516,9,3,0,0,439,12488660,12489098,4.39,rest
21517,9,3,17,2,407,12489099,12489505,4.07,active
21518,9,3,0,0,434,12489506,12489939,4.34,rest
21519,9,3,17,3,411,12489940,12490350,4.11,active
21520,9,3,0,0,421,12490351,12490771,4.21,rest
21521,9,3,17,4,399,12490772,12491170,3.99,active
21522,9,3,0,0,423,12491171,12491593,4.23,rest
21523,9,3,17,5,514,12491594,12492107,5.14,active
21524,9,3,0,0,311,12492108,12492418,3.11,rest
21525,9,3,17,6,425,12492419,12492843,4.25,active
21526,9,3,0,0,452,12492844,12493295,4.52,rest
21527,9,3,17,7,391,12493296,12493686,3.91,active
21528,9,3,0,0,430,12493687,12494116,4.3,rest
21529,9,3,17,8,408,12494117,12494524,4.08,active
21530,9,3,0,0,458,12494525,12494982,4.58,rest
21531,9,3,17,9,342,12494983,12495324,3.42,active
21532,9,3,0,0,491,12495325,12495815,4.91,rest
21533,9,3,17,10,337,12495816,12496152,3.37,active
21534,9,3,0,0,1150,12496153,12497302,11.5,rest
21535,9,3,18,1,370,12497303,12497672,3.7,active
21536,9,3,0,0,451,12497673,12498123,4.51,rest
21537,9,3,18,2,340,12498124,12498463,3.4,active
21538,9,3,0,0,516,12498464,12498979,5.16,rest
21539,9,3,18,3,371,12498980,12499350,3.71,active
21540,9,3,0,0,448,12499351,12499798,4.48,rest
21541,9,3,18,4,344,12499799,12500142,3.44,active
21542,9,3,0,0,505,12500143,12500647,5.05,rest
21543,9,3,18,5,257,12500648,12500904,2.57,active
21544,9,3,0,0,557,12500905,12501461,5.57,rest
21545,9,3,18,6,337,12501462,12501798,3.37,active
21546,9,3,0,0,520,12501799,12502318,5.2,rest
21547,9,3,18,7,325,12502319,12502643,3.25,active
21548,9,3,0,0,506,12502644,12503149,5.06,rest
21549,9,3,18,8,383,12503150,12503532,3.83,active
21550,9,3,0,0,453,12503533,12503985,4.53,rest
21551,9,3,18,9,365,12503986,12504350,3.65,active
21552,9,3,0,0,478,12504351,12504828,4.78,rest
21553,9,3,18,10,353,12504829,12505181,3.53,active
21554,9,3,0,0,1013,12505182,12506194,10.13,rest
21555,9,3,19,1,337,12506195,12506531,3.37,active
21556,9,3,0,0,469,12506532,12507000,4.69,rest
21557,9,3,19,2,371,12507001,12507371,3.71,active
21558,9,3,0,0,472,12507372,12507843,4.72,rest
21559,9,3,19,3,310,12507844,12508153,3.1,active
21560,9,3,0,0,507,12508154,12508660,5.07,rest
21561,9,3,19,4,351,12508661,12509011,3.51,active
21562,9,3,0,0,481,12509012,12509492,4.81,rest
21563,9,3,19,5,383,12509493,12509875,3.83,active
21564,9,3,0,0,450,12509876,12510325,4.5,rest
21565,9,3,19,6,369,12510326,12510694,3.69,active
21566,9,3,0,0,458,12510695,12511152,4.58,rest
21567,9,3,19,7,401,12511153,12511553,4.01,active
21568,9,3,0,0,457,12511554,12512010,4.57,rest
21569,9,3,19,8,370,12512011,12512380,3.7,active
21570,9,3,0,0,452,12512381,12512832,4.52,rest
21571,9,3,19,9,366,12512833,12513198,3.66,active
21572,9,3,0,0,485,12513199,12513683,4.85,rest
21573,9,3,19,10,423,12513684,12514106,4.23,active
21574,9,3,0,0,1148,12514107,12515254,11.48,rest
21575,9,3,20,1,408,12515255,12515662,4.08,active
21576,9,3,0,0,403,12515663,12516065,4.03,rest
21577,9,3,20,2,447,12516066,12516512,4.47,active
21578,9,3,0,0,367,12516513,12516879,3.67,rest
21579,9,3,20,3,481,12516880,12517360,4.81,active
21580,9,3,0,0,365,12517361,12517725,3.65,rest
21581,9,3,20,4,396,12517726,12518121,3.96,active
21582,9,3,0,0,465,12518122,12518586,4.65,rest
21583,9,3,20,5,379,12518587,12518965,3.79,active
21584,9,3,0,0,449,12518966,12519414,4.49,rest
21585,9,3,20,6,371,12519415,12519785,3.71,active
21586,9,3,0,0,466,12519786,12520251,4.66,rest
21587,9,3,20,7,337,12520252,12520588,3.37,active
21588,9,3,0,0,475,12520589,12521063,4.75,rest
21589,9,3,20,8,413,12521064,12521476,4.13,active
21590,9,3,0,0,415,12521477,12521891,4.15,rest
21591,9,3,20,9,461,12521892,12522352,4.61,active
21592,9,3,0,0,392,12522353,12522744,3.92,rest
21593,9,3,20,10,370,12522745,12523114,3.7,active
21594,9,3,0,0,1840,12523115,12524954,18.4,rest
21595,9,3,21,1,368,12524955,12525322,3.68,active
21596,9,3,0,0,442,12525323,12525764,4.42,rest
21597,9,3,21,2,434,12525765,12526198,4.34,active
21598,9,3,0,0,400,12526199,12526598,4.0,rest
21599,9,3,21,3,359,12526599,12526957,3.59,active
21600,9,3,0,0,534,12526958,12527491,5.34,rest
21601,9,3,21,4,383,12527492,12527874,3.83,active
21602,9,3,0,0,367,12527875,12528241,3.67,rest
21603,9,3,21,5,441,12528242,12528682,4.41,active
21604,9,3,0,0,366,12528683,12529048,3.66,rest
21605,9,3,21,6,470,12529049,12529518,4.7,active
21606,9,3,0,0,418,12529519,12529936,4.18,rest
21607,9,3,21,7,449,12529937,12530385,4.49,active
21608,9,3,0,0,363,12530386,12530748,3.63,rest
21609,9,3,21,8,504,12530749,12531252,5.04,active
21610,9,3,0,0,383,12531253,12531635,3.83,rest
21611,9,3,21,9,339,12531636,12531974,3.39,active
21612,9,3,0,0,488,12531975,12532462,4.88,rest
21613,9,3,21,10,402,12532463,12532864,4.02,active
21614,9,3,0,0,2117,12532865,12534981,21.17,rest
21615,9,3,22,1,475,12534982,12535456,4.75,active
21616,9,3,0,0,380,12535457,12535836,3.8,rest
21617,9,3,22,2,392,12535837,12536228,3.92,active
21618,9,3,0,0,464,12536229,12536692,4.64,rest
21619,9,3,22,3,401,12536693,12537093,4.01,active
21620,9,3,0,0,440,12537094,12537533,4.4,rest
21621,9,3,22,4,296,12537534,12537829,2.96,active
21622,9,3,0,0,517,12537830,12538346,5.17,rest
21623,9,3,22,5,293,12538347,12538639,2.93,active
21624,9,3,0,0,512,12538640,12539151,5.12,rest
21625,9,3,22,6,306,12539152,12539457,3.06,active
21626,9,3,0,0,532,12539458,12539989,5.32,rest
21627,9,3,22,7,357,12539990,12540346,3.57,active
21628,9,3,0,0,524,12540347,12540870,5.24,rest
21629,9,3,22,8,365,12540871,12541235,3.65,active
21630,9,3,0,0,434,12541236,12541669,4.34,rest
21631,9,3,22,9,311,12541670,12541980,3.11,active
21632,9,3,0,0,503,12541981,12542483,5.03,rest
21633,9,3,22,10,404,12542484,12542887,4.04,active
21634,9,3,0,0,2413,12542888,12545300,24.13,rest
21635,9,3,23,1,467,12545301,12545767,4.67,active
21636,9,3,0,0,345,12545768,12546112,3.45,rest
21637,9,3,23,2,444,12546113,12546556,4.44,active
21638,9,3,0,0,450,12546557,12547006,4.5,rest
21639,9,3,23,3,394,12547007,12547400,3.94,active
21640,9,3,0,0,421,12547401,12547821,4.21,rest
21641,9,3,23,4,344,12547822,12548165,3.44,active
21642,9,3,0,0,471,12548166,12548636,4.71,rest
21643,9,3,23,5,424,12548637,12549060,4.24,active
21644,9,3,0,0,404,12549061,12549464,4.04,rest
21645,9,3,23,6,435,12549465,12549899,4.35,active
21646,9,3,0,0,388,12549900,12550287,3.88,rest
21647,9,3,23,7,415,12550288,12550702,4.15,active
21648,9,3,0,0,430,12550703,12551132,4.3,rest
21649,9,3,23,8,484,12551133,12551616,4.84,active
21650,9,3,0,0,373,12551617,12551989,3.73,rest
21651,9,3,23,9,472,12551990,12552461,4.72,active
21652,9,3,0,0,352,12552462,12552813,3.52,rest
21653,9,3,23,10,395,12552814,12553208,3.95,active
21654,9,3,0,0,402,12553209,12553610,4.02,rest
