run_id,subject,exercise,restimulus,rerepetition,n_samples,first_source_row,last_source_row,duration_seconds,segment_type,peak_abs_amplitude
2848,13,3,0,0,2769,1680666,1683434,27.69,rest,4.668
2828,13,3,0,0,1215,1671518,1672732,12.15,rest,4.6655
1484,11,3,0,0,984,857983,858966,9.84,rest,4.6655
6798,18,3,0,0,1489,3980618,3982106,14.89,rest,4.6655
1077,11,2,0,0,309,673795,674103,3.09,rest,4.6631
19214,6,3,0,0,354,11158836,11159189,3.54,rest,4.6631
2788,13,3,0,0,3106,1651664,1654769,31.06,rest,4.6631
7940,19,3,0,0,1247,4606114,4607360,12.47,rest,4.6631
5494,16,3,0,0,1515,3183974,3185488,15.15,rest,4.6606
19210,6,3,0,0,288,11157164,11157451,2.88,rest,4.6606
8786,1,3,0,0,307,5105356,5105662,3.07,rest,4.6582
10406,21,3,0,0,6743,6051031,6057773,67.43,rest,4.6558
8792,1,3,0,0,377,5107765,5108141,3.77,rest,4.6558
8782,1,3,0,0,2304,5101687,5103990,23.04,rest,4.6558
6376,17,3,0,0,5154,3691539,3696692,51.54,rest,4.6509
13594,25,3,0,0,5591,7915649,7921239,55.91,rest,4.646
14398,26,3,0,0,296,8385106,8385401,2.96,rest,4.6387
12812,24,3,0,0,5077,7457130,7462206,50.77,rest,4.6387
12792,24,3,0,0,4875,7444402,7449276,48.75,rest,4.6362
2928,13,3,0,0,1530,1719033,1720562,15.3,rest,4.6094
2768,13,3,0,0,1548,1642281,1643828,15.48,rest,4.5825
8762,1,3,0,0,2519,5091258,5093776,25.19,rest,4.5776
20032,7,3,0,0,284,11634780,11635063,2.84,rest,4.5313
18406,5,3,0,0,3515,10702291,10705805,35.15,rest,4.5215
15230,27,3,0,0,344,8866639,8866982,3.44,rest,4.4482
7219,19,2,0,0,343,4284329,4284671,3.43,rest,4.4165
7960,19,3,0,0,5041,4615322,4620362,50.41,rest,4.3042
8694,1,3,0,0,485,5058336,5058820,4.85,rest,4.231
4752,15,3,0,0,6009,2746721,2752729,60.09,rest,4.1943
21274,9,3,0,0,2355,12375007,12377361,23.55,rest,4.1113
8650,1,3,0,0,585,5036408,5036992,5.85,rest,4.0796
13574,25,3,0,0,6653,7901066,7907718,66.53,rest,4.0747
2908,13,3,0,0,2871,1708452,1711322,28.71,rest,4.0601
803,11,2,0,0,434,558827,559260,4.34,rest,4.0527
19212,6,3,0,0,410,11157997,11158406,4.1,rest,4.0527
5402,16,3,0,0,303,3141892,3142194,3.03,rest,4.0527
19220,6,3,0,0,329,11161337,11161665,3.29,rest,3.9795
21614,9,3,0,0,2117,12532865,12534981,21.17,rest,3.9771
15200,27,3,0,0,599,8850975,8851573,5.99,rest,3.9575
8702,1,3,0,0,2052,5061734,5063785,20.52,rest,3.9111
2808,13,3,0,0,1079,1662657,1663735,10.79,rest,3.9087
8800,1,3,0,0,443,5111053,5111495,4.43,rest,3.9087
8622,1,3,0,0,5292,5019089,5024380,52.92,rest,3.8843
8802,1,3,0,0,1585,5111912,5113496,15.85,rest,3.8794
8784,1,3,0,0,288,5104520,5104807,2.88,rest,3.8501
21634,9,3,0,0,2413,12542888,12545300,24.13,rest,3.8354
1584,11,3,0,0,3666,917987,921652,36.66,rest,3.7842
3108,13,3,0,0,524,1799310,1799833,5.24,rest,3.7817
3140,13,3,0,0,327,1813551,1813877,3.27,rest,3.7427
7980,19,3,0,0,3049,4628303,4631351,30.49,rest,3.6963
5554,16,3,0,0,3912,3211244,3215155,39.12,rest,3.6768
8708,1,3,0,0,518,5065789,5066306,5.18,rest,3.6743
15226,27,3,0,0,352,8865037,8865388,3.52,rest,3.667
2784,13,3,0,0,622,1649895,1650516,6.22,rest,3.54
7760,19,3,0,0,616,4520416,4521031,6.16,rest,3.5254
12492,24,3,0,0,857,7300715,7301571,8.57,rest,3.5205
2366,12,3,0,0,5162,1366730,1371891,51.62,rest,3.5059
2786,13,3,0,0,581,1650781,1651361,5.81,rest,3.4912
6336,17,3,0,0,1132,3667653,3668784,11.32,rest,3.4351
12474,24,3,0,0,412,7293256,7293667,4.12,rest,3.3838
7184,18,3,0,0,461,4164979,4165439,4.61,rest,3.374
16020,2,3,0,0,3063,9331496,9334558,30.63,rest,3.3545
21654,9,3,0,0,402,12553209,12553610,4.02,rest,3.3301
20038,7,3,0,0,523,11637067,11637589,5.23,rest,3.3203
10266,21,3,0,0,2264,5975824,5978087,22.64,rest,3.269
14826,27,3,0,0,777,8670614,8671390,7.77,rest,3.2446
18158,5,3,0,0,314,10588726,10589039,3.14,rest,3.2422
17667,5,2,0,0,501,10376511,10377011,5.01,rest,3.2275
5214,16,3,0,0,1227,3058460,3059686,12.27,rest,3.2251
8654,1,3,0,0,288,5038325,5038612,2.88,rest,3.2178
20010,7,3,0,0,4571,11617265,11621835,45.71,rest,3.208
2878,13,3,0,0,640,1695783,1696422,6.4,rest,3.186
7229,19,2,0,0,329,4288624,4288952,3.29,rest,3.1665
7900,19,3,0,0,1340,4587678,4589017,13.4,rest,3.1665
7198,18,3,0,0,4025,4170757,4174781,40.25,rest,3.1543
19228,6,3,0,0,1308,11164591,11165898,13.08,rest,3.1543
18382,5,3,0,0,392,10689682,10690073,3.92,rest,3.1445
8794,1,3,0,0,332,5108630,5108961,3.32,rest,3.1421
15236,27,3,0,0,478,8869068,8869545,4.78,rest,3.1396
3136,13,3,0,0,372,1811857,1812228,3.72,rest,3.1348
2782,13,3,0,0,521,1649134,1649654,5.21,rest,3.1323
3118,13,3,0,0,442,1803510,1803951,4.42,rest,3.103
8718,1,3,0,0,458,5070019,5070476,4.58,rest,3.0835
8662,1,3,0,0,2728,5041516,5044243,27.28,rest,3.0786
7820,19,3,0,0,1050,4549981,4551030,10.5,rest,3.0615
2930,13,3,0,0,460,1720799,1721258,4.6,rest,3.0591
20030,7,3,0,0,4737,11629556,11634292,47.37,rest,3.0566
2888,13,3,0,0,636,1700078,1700713,6.36,rest,3.0396
8788,1,3,0,0,399,5106085,5106483,3.99,rest,3.0322
6533,18,2,0,0,432,3867650,3868081,4.32,rest,3.0176
4792,15,3,0,0,5205,2773127,2778331,52.05,rest,3.0005
9564,20,3,0,0,6670,5549717,5556386,66.7,rest,2.9858
21314,9,3,0,0,1680,12394629,12396308,16.8,rest,2.981
8790,1,3,0,0,391,5106919,5107309,3.91,rest,2.9712
1079,11,2,0,0,523,674453,674975,5.23,rest,2.9663
5594,16,3,0,0,2038,3233260,3235297,20.38,rest,2.9395
7182,18,3,0,0,554,4164147,4164700,5.54,rest,2.937
16006,2,3,0,0,515,9325692,9326206,5.15,rest,2.9321
8664,1,3,0,0,439,5044632,5045070,4.39,rest,2.915
8770,1,3,0,0,399,5096664,5097062,3.99,rest,2.9077
18469,6,2,0,0,541,10834192,10834732,5.41,rest,2.9077
8744,1,3,0,0,356,5083763,5084118,3.56,rest,2.8931
19192,6,3,0,0,367,11149356,11149722,3.67,rest,2.8833
6356,17,3,0,0,6849,3676755,3683603,68.49,rest,2.8467
8710,1,3,0,0,393,5066676,5067068,3.93,rest,2.8467
2776,13,3,0,0,559,1646602,1647160,5.59,rest,2.8418
8704,1,3,0,0,438,5064135,5064572,4.38,rest,2.8369
15160,27,3,0,0,324,8821202,8821525,3.24,rest,2.8125
1564,11,3,0,0,6022,903939,909960,60.22,rest,2.8003
2796,13,3,0,0,481,1657608,1658088,4.81,rest,2.7612
18066,5,3,0,0,1198,10547449,10548646,11.98,rest,2.7588
11048,22,3,0,0,1964,6442116,6444079,19.64,rest,2.7417
171,10,2,0,0,318,172220,172537,3.18,rest,2.7271
8776,1,3,0,0,416,5099154,5099569,4.16,rest,2.7002
7640,19,3,0,0,2676,4464378,4467053,26.76,rest,2.6611
18485,6,2,0,0,596,10840896,10841491,5.96,rest,2.6587
805,11,2,0,0,532,559557,560088,5.32,rest,2.6489
14402,26,3,0,0,561,8386471,8387031,5.61,rest,2.6465
15978,2,3,0,0,490,9308825,9309314,4.9,rest,2.644
811,11,2,0,0,251,562270,562520,2.51,rest,2.6367
19232,6,3,0,0,407,11167085,11167491,4.07,rest,2.6294
11810,23,3,0,0,2793,6889152,6891944,27.93,rest,2.6099
13354,25,3,0,0,1699,7798764,7800462,16.99,rest,2.6074
18585,6,2,0,0,405,10882972,10883376,4.05,rest,2.6025
7098,18,3,0,0,1062,4117564,4118625,10.62,rest,2.5928
6396,17,3,0,0,4558,3704603,3709160,45.58,rest,2.5854
2748,13,3,0,0,425,1634009,1634433,4.25,rest,2.583
18569,6,2,0,0,476,10876299,10876774,4.76,rest,2.583
10146,21,3,0,0,1494,5920412,5921905,14.94,rest,2.5708
12774,24,3,0,0,380,7436918,7437297,3.8,rest,2.5684
18493,6,2,0,0,476,10844323,10844798,4.76,rest,2.5684
4019,15,2,0,0,395,2413374,2413768,3.95,rest,2.5415
6256,17,3,0,0,1435,3629244,3630678,14.35,rest,2.5391
15228,27,3,0,0,419,8865720,8866138,4.19,rest,2.5293
7680,19,3,0,0,927,4484150,4485076,9.27,rest,2.5293
2762,13,3,0,0,405,1639776,1640180,4.05,rest,2.5244
11990,23,3,0,0,4922,6976378,6981299,49.22,rest,2.5171
16014,2,3,0,0,550,9329012,9329561,5.5,rest,2.5073
2964,13,3,0,0,534,1735121,1735654,5.34,rest,2.4976
10386,21,3,0,0,5096,6038076,6043171,50.96,rest,2.4976
4772,15,3,0,0,4532,2760648,2765179,45.32,rest,2.4902
2862,13,3,0,0,424,1688781,1689204,4.24,rest,2.4829
1392,11,3,0,0,398,816649,817046,3.98,rest,2.4805
764,10,3,0,0,357,439795,440151,3.57,rest,2.4805
18449,6,2,0,0,320,10825952,10826271,3.2,rest,2.4756
12754,24,3,0,0,401,7422725,7423125,4.01,rest,2.4756
16016,2,3,0,0,436,9329827,9330262,4.36,rest,2.4731
12430,24,3,0,0,495,7272708,7273202,4.95,rest,2.4585
2152,12,3,0,0,423,1266427,1266849,4.23,rest,2.4585
8774,1,3,0,0,457,5098286,5098742,4.57,rest,2.4561
8722,1,3,0,0,2085,5071721,5073805,20.85,rest,2.4561
4376,15,3,0,0,629,2566939,2567567,6.29,rest,2.4365
1568,11,3,0,0,539,911115,911653,5.39,rest,2.4341
11068,22,3,0,0,1629,6451960,6453588,16.29,rest,2.4316
2876,13,3,0,0,596,1694932,1695527,5.96,rest,2.4316
6467,18,2,0,0,546,3839731,3840276,5.46,rest,2.4292
10368,21,3,0,0,381,6030603,6030983,3.81,rest,2.4292
1530,11,3,0,0,435,879252,879686,4.35,rest,2.4243
16000,2,3,0,0,3808,9319772,9323579,38.08,rest,2.4219
20820,8,3,0,0,386,12077270,12077655,3.86,rest,2.4219
7860,19,3,0,0,1949,4568172,4570120,19.49,rest,2.417
2798,13,3,0,0,570,1658273,1658842,5.7,rest,2.4072
1400,11,3,0,0,586,819803,820388,5.86,rest,2.4072
809,11,2,0,0,466,561293,561758,4.66,rest,2.4072
4786,15,3,0,0,428,2770543,2770970,4.28,rest,2.4023
18669,6,2,0,0,417,10918183,10918599,4.17,rest,2.395
3164,13,3,0,0,594,1824822,1825415,5.94,rest,2.3901
15220,27,3,0,0,371,8862431,8862801,3.71,rest,2.3853
8716,1,3,0,0,405,5069206,5069610,4.05,rest,2.3853
19216,6,3,0,0,391,11159566,11159956,3.91,rest,2.3755
8686,1,3,0,0,411,5055045,5055455,4.11,rest,2.373
807,11,2,0,0,497,560341,560837,4.97,rest,2.3706
13274,25,3,0,0,2281,7761095,7763375,22.81,rest,2.3682
8768,1,3,0,0,369,5095816,5096184,3.69,rest,2.3682
2348,12,3,0,0,353,1359354,1359706,3.53,rest,2.3608
21374,9,3,0,0,2059,12421863,12423921,20.59,rest,2.356
2980,13,3,0,0,585,1741901,1742485,5.85,rest,2.356
7178,18,3,0,0,3634,4159194,4162827,36.34,rest,2.3511
5424,16,3,0,0,563,3151690,3152252,5.63,rest,2.3486
7106,18,3,0,0,353,4121471,4121823,3.53,rest,2.334
2962,13,3,0,0,542,1734378,1734919,5.42,rest,2.334
2717,13,2,0,0,534,1621024,1621557,5.34,rest,2.334
19100,6,3,0,0,503,11107368,11107870,5.03,rest,2.3315
19990,7,3,0,0,3041,11606348,11609388,30.41,rest,2.3218
18834,6,3,0,0,419,10990615,10991033,4.19,rest,2.3169
10948,22,3,0,0,2221,6396948,6399168,22.21,rest,2.312
17588,4,3,0,0,246,10239550,10239795,2.46,rest,2.3096
12010,23,3,0,0,3458,6989249,6992706,34.58,rest,2.3022
823,11,2,0,0,394,567263,567656,3.94,rest,2.2974
8798,1,3,0,0,364,5110305,5110668,3.64,rest,2.2974
19194,6,3,0,0,442,11150104,11150545,4.42,rest,2.2949
2659,13,2,0,0,604,1596670,1597273,6.04,rest,2.2949
8016,19,3,0,0,294,4648395,4648688,2.94,rest,2.29
1570,11,3,0,0,455,911974,912428,4.55,rest,2.2827
20879,9,2,0,0,300,12204140,12204439,3.0,rest,2.2754
20040,7,3,0,0,379,11638002,11638380,3.79,rest,2.2681
12275,24,2,0,0,489,7205621,7206109,4.89,rest,2.2559
7880,19,3,0,0,1535,4578123,4579657,15.35,rest,2.251
13194,25,3,0,0,1868,7724295,7726162,18.68,rest,2.2485
18571,6,2,0,0,420,10877088,10877507,4.2,rest,2.2485
8746,1,3,0,0,460,5084603,5085062,4.6,rest,2.2437
19702,7,3,0,0,432,11471199,11471630,4.32,rest,2.2363
1148,11,3,0,0,447,703328,703774,4.47,rest,2.2363
4472,15,3,0,0,1844,2612139,2613982,18.44,rest,2.2339
18346,5,3,0,0,1042,10673688,10674729,10.42,rest,2.2339
4532,15,3,0,0,2466,2639083,2641548,24.66,rest,2.2314
18695,6,2,0,0,491,10929110,10929600,4.91,rest,2.229
19998,7,3,0,0,530,11612199,11612728,5.3,rest,2.2241
12008,23,3,0,0,369,6988424,6988792,3.69,rest,2.2192
7584,19,3,0,0,393,4438337,4438729,3.93,rest,2.2168
13614,25,3,0,0,2803,7929208,7932010,28.03,rest,2.2168
19124,6,3,0,0,432,11117674,11118105,4.32,rest,2.2144
18567,6,2,0,0,586,10875344,10875929,5.86,rest,2.2119
7160,18,3,0,0,408,4151783,4152190,4.08,rest,2.2119
19008,6,3,0,0,1074,11067338,11068411,10.74,rest,2.2095
1532,11,3,0,0,461,880057,880517,4.61,rest,2.207
4372,15,3,0,0,3531,2562309,2565839,35.31,rest,2.207
12237,24,2,0,0,415,7189649,7190063,4.15,rest,2.207
7982,19,3,0,0,416,4631767,4632182,4.16,rest,2.2046
19970,7,3,0,0,1620,11596838,11598457,16.2,rest,2.1973
19694,7,3,0,0,395,11467898,11468292,3.95,rest,2.1948
1488,11,3,0,0,572,860108,860679,5.72,rest,2.1924
8712,1,3,0,0,430,5067527,5067956,4.3,rest,2.1899
1544,11,3,0,0,10937,885111,896047,109.37,rest,2.1826
762,10,3,0,0,3925,435426,439350,39.25,rest,2.1826
9606,20,3,0,0,305,5583974,5584278,3.05,rest,2.1826
15038,27,3,0,0,2114,8764383,8766496,21.14,rest,2.1753
3162,13,3,0,0,565,1824019,1824583,5.65,rest,2.1729
4464,15,3,0,0,624,2608717,2609340,6.24,rest,2.1704
15222,27,3,0,0,382,8863269,8863650,3.82,rest,2.1631
11890,23,3,0,0,1193,6926838,6928030,11.93,rest,2.1582
8778,1,3,0,0,324,5100098,5100421,3.24,rest,2.1582
2334,12,3,0,0,416,1347838,1348253,4.16,rest,2.1558
12416,24,3,0,0,481,7266925,7267405,4.81,rest,2.1533
16822,3,3,0,0,3435,9798914,9802348,34.35,rest,2.1533
14240,26,3,0,0,533,8305201,8305733,5.33,rest,2.1509
3475,14,2,0,0,494,2059169,2059662,4.94,rest,2.146
19248,6,3,0,0,3289,11173894,11177182,32.89,rest,2.1411
8542,1,3,0,0,1707,4981421,4983127,17.07,rest,2.1387
3233,14,2,0,0,548,1957599,1958146,5.48,rest,2.1362
4790,15,3,0,0,717,2772087,2772803,7.17,rest,2.1362
12207,24,2,0,0,525,7176947,7177471,5.25,rest,2.1362
17727,5,2,0,0,408,10401688,10402095,4.08,rest,2.1362
3098,13,3,0,0,574,1794960,1795533,5.74,rest,2.1338
11752,23,3,0,0,331,6862668,6862998,3.31,rest,2.1289
17745,5,2,0,0,512,10409326,10409837,5.12,rest,2.1265
8472,1,3,0,0,389,4947441,4947829,3.89,rest,2.124
3231,14,2,0,0,479,1956811,1957289,4.79,rest,2.1216
2880,13,3,0,0,558,1696622,1697179,5.58,rest,2.1045
8688,1,3,0,0,460,5055837,5056296,4.6,rest,2.1021
1602,11,3,0,0,370,928741,929110,3.7,rest,2.0947
6136,17,3,0,0,3489,3572431,3575919,34.89,rest,2.0923
3620,14,3,0,0,416,2122311,2122726,4.16,rest,2.0874
18286,5,3,0,0,987,10646033,10647019,9.87,rest,2.085
20042,7,3,0,0,360,11638877,11639236,3.6,rest,2.0825
1402,11,3,0,0,481,820694,821174,4.81,rest,2.0776
2509,13,2,0,0,511,1533895,1534405,5.11,rest,2.0776
2850,13,3,0,0,467,1683767,1684233,4.67,rest,2.0776
2896,13,3,0,0,614,1703356,1703969,6.14,rest,2.0654
3168,13,3,0,0,2534,1826519,1829052,25.34,rest,2.0654
766,10,3,0,0,354,440682,441035,3.54,rest,2.0654
12428,24,3,0,0,491,7271779,7272269,4.91,rest,2.063
3513,14,2,0,0,510,2075153,2075662,5.1,rest,2.0532
7154,18,3,0,0,392,4142448,4142839,3.92,rest,2.0532
19930,7,3,0,0,1719,11578203,11579921,17.19,rest,2.0532
11168,22,3,0,0,4200,6498932,6503131,42.0,rest,2.0508
17731,5,2,0,0,321,10403499,10403819,3.21,rest,2.0435
14376,26,3,0,0,5266,8366268,8371533,52.66,rest,2.0386
4466,15,3,0,0,533,2609550,2610082,5.33,rest,2.0313
12452,24,3,0,0,1182,7282456,7283637,11.82,rest,2.0288
8720,1,3,0,0,442,5070883,5071324,4.42,rest,2.0288
15198,27,3,0,0,5698,8845092,8850789,56.98,rest,2.0288
18475,6,2,0,0,535,10836709,10837243,5.35,rest,2.0215
7283,19,2,0,0,508,4311103,4311610,5.08,rest,2.0215
15224,27,3,0,0,352,8864201,8864552,3.52,rest,2.019
3614,14,3,0,0,478,2119740,2120217,4.78,rest,2.019
1966,12,3,0,0,2808,1181670,1184477,28.08,rest,2.019
1144,11,3,0,0,422,701771,702192,4.22,rest,2.0166
1448,11,3,0,0,398,842493,842890,3.98,rest,2.0142
7840,19,3,0,0,1058,4559100,4560157,10.58,rest,2.0142
11285,23,2,0,0,509,6658952,6659460,5.09,rest,2.0117
1526,11,3,0,0,412,877599,878010,4.12,rest,2.0093
9109,20,2,0,0,646,5344219,5344864,6.46,rest,2.0068
6056,17,3,0,0,1863,3535480,3537342,18.63,rest,2.0068
2092,12,3,0,0,474,1239847,1240320,4.74,rest,2.0044
7740,19,3,0,0,1253,4511144,4512396,12.53,rest,2.0044
4388,15,3,0,0,550,2572076,2572625,5.5,rest,2.0044
16018,2,3,0,0,539,9330666,9331204,5.39,rest,2.002
4784,15,3,0,0,523,2769685,2770207,5.23,rest,1.9995
12006,23,3,0,0,392,6987531,6987922,3.92,rest,1.9946
8766,1,3,0,0,280,5095067,5095346,2.8,rest,1.9922
2649,13,2,0,0,539,1592496,1593034,5.39,rest,1.9922
2655,13,2,0,0,596,1594998,1595593,5.96,rest,1.9922
2735,13,2,0,0,597,1628476,1629072,5.97,rest,1.9922
8772,1,3,0,0,361,5097511,5097871,3.61,rest,1.9873
18447,6,2,0,0,379,10825097,10825475,3.79,rest,1.9873
6216,17,3,0,0,1246,3610842,3612087,12.46,rest,1.9751
2515,13,2,0,0,570,1536344,1536913,5.7,rest,1.9702
1146,11,3,0,0,517,702501,703017,5.17,rest,1.9678
3990,14,3,0,0,3526,2296692,2300217,35.26,rest,1.9678
21434,9,3,0,0,2133,12449766,12451898,21.33,rest,1.9629
13879,26,2,0,0,529,8145062,8145590,5.29,rest,1.9604
21514,9,3,0,0,930,12487344,12488273,9.3,rest,1.958
18519,6,2,0,0,469,10855230,10855698,4.69,rest,1.958
4736,15,3,0,0,444,2739982,2740425,4.44,rest,1.9556
2513,13,2,0,0,577,1535514,1536090,5.77,rest,1.9507
3114,13,3,0,0,411,1801881,1802291,4.11,rest,1.9507
1404,11,3,0,0,1267,821585,822851,12.67,rest,1.9458
368,10,3,0,0,540,255689,256228,5.4,rest,1.9434
17584,4,3,0,0,2936,10235387,10238322,29.36,rest,1.9434
3138,13,3,0,0,378,1812661,1813038,3.78,rest,1.9434
17961,5,2,0,0,386,10499768,10500153,3.86,rest,1.9409
2719,13,2,0,0,520,1621833,1622352,5.2,rest,1.9385
21214,9,3,0,0,1266,12344287,12345552,12.66,rest,1.936
15505,2,2,0,0,582,9082242,9082823,5.82,rest,1.9336
7297,19,2,0,0,472,4316994,4317465,4.72,rest,1.9312
6786,18,3,0,0,529,3975600,3976128,5.29,rest,1.9263
18517,6,2,0,0,386,10854439,10854824,3.86,rest,1.9238
18531,6,2,0,0,568,10860291,10860858,5.68,rest,1.9238
11710,23,3,0,0,519,6843061,6843579,5.19,rest,1.9214
2703,13,2,0,0,851,1615107,1615957,8.51,rest,1.9214
20018,7,3,0,0,523,11624486,11625008,5.23,rest,1.9214
18543,6,2,0,0,573,10865284,10865856,5.73,rest,1.9189
2511,13,2,0,0,573,1534692,1535264,5.73,rest,1.9092
2713,13,2,0,0,633,1619315,1619947,6.33,rest,1.9043
4578,15,3,0,0,524,2663375,2663898,5.24,rest,1.9019
18573,6,2,0,0,495,10877912,10878406,4.95,rest,1.9019
7720,19,3,0,0,1810,4501558,4503367,18.1,rest,1.8994
380,10,3,0,0,609,260699,261307,6.09,rest,1.8994
2661,13,2,0,0,583,1597536,1598118,5.83,rest,1.897
2184,12,3,0,0,431,1280055,1280485,4.31,rest,1.8945
16927,4,2,0,0,475,9946609,9947083,4.75,rest,1.8945
13534,25,3,0,0,1190,7882048,7883237,11.9,rest,1.8945
18856,6,3,0,0,526,11000380,11000905,5.26,rest,1.8921
2737,13,2,0,0,473,1629431,1629903,4.73,rest,1.8921
18697,6,2,0,0,500,10929994,10930493,5.0,rest,1.8872
16012,2,3,0,0,485,9328179,9328663,4.85,rest,1.8872
4612,15,3,0,0,2268,2677932,2680199,22.68,rest,1.8872
2332,12,3,0,0,363,1347056,1347418,3.63,rest,1.8799
2709,13,2,0,0,513,1617693,1618205,5.13,rest,1.8774
3116,13,3,0,0,451,1802665,1803115,4.51,rest,1.8774
8000,19,3,0,0,2776,4639262,4642037,27.76,rest,1.8774
18000,5,3,0,0,526,10515854,10516379,5.26,rest,1.875
20046,7,3,0,0,338,11640609,11640946,3.38,rest,1.8726
1538,11,3,0,0,434,882536,882969,4.34,rest,1.8701
3094,13,3,0,0,903,1793211,1794113,9.03,rest,1.8677
4652,15,3,0,0,1281,2698292,2699572,12.81,rest,1.8652
18390,5,3,0,0,401,10695659,10696059,4.01,rest,1.8628
14260,26,3,0,0,463,8314603,8315065,4.63,rest,1.8628
12698,24,3,0,0,356,7396715,7397070,3.56,rest,1.8604
3070,13,3,0,0,324,1782915,1783238,3.24,rest,1.8579
18184,5,3,0,0,490,10600698,10601187,4.9,rest,1.8555
18266,5,3,0,0,1018,10637243,10638260,10.18,rest,1.8506
2697,13,2,0,0,557,1612632,1613188,5.57,rest,1.8506
17606,4,3,0,0,382,10248508,10248889,3.82,rest,1.8481
18426,5,3,0,0,2102,10713683,10715784,21.02,rest,1.8481
7630,19,3,0,0,499,4460042,4460540,4.99,rest,1.8433
1394,11,3,0,0,437,817380,817816,4.37,rest,1.8359
4760,15,3,0,0,523,2755571,2756093,5.23,rest,1.8335
18521,6,2,0,0,503,10856075,10856577,5.03,rest,1.8262
2946,13,3,0,0,541,1727424,1727964,5.41,rest,1.8262
2601,13,2,0,0,454,1572548,1573001,4.54,rest,1.8237
18380,5,3,0,0,332,10688910,10689241,3.32,rest,1.8237
9566,20,3,0,0,379,5556846,5557224,3.79,rest,1.8237
19128,6,3,0,0,1530,11119374,11120903,15.3,rest,1.8213
16642,3,3,0,0,2211,9708138,9710348,22.11,rest,1.8188
2715,13,2,0,0,488,1620234,1620721,4.88,rest,1.8188
18463,6,2,0,0,403,10831785,10832187,4.03,rest,1.8188
14416,26,3,0,0,3286,8392480,8395765,32.86,rest,1.8164
18497,6,2,0,0,516,10845983,10846498,5.16,rest,1.814
2559,13,2,0,0,582,1554793,1555374,5.82,rest,1.8115
17717,5,2,0,0,313,10397606,10397918,3.13,rest,1.8091
15503,2,2,0,0,568,9081409,9081976,5.68,rest,1.8042
1528,11,3,0,0,426,878410,878835,4.26,rest,1.8042
4706,15,3,0,0,531,2723708,2724238,5.31,rest,1.8018
17761,5,2,0,0,563,10415825,10416387,5.63,rest,1.7993
13612,25,3,0,0,466,7928286,7928751,4.66,rest,1.7993
20034,7,3,0,0,411,11635546,11635956,4.11,rest,1.7969
12311,24,2,0,0,630,7220737,7221366,6.3,rest,1.7969
6589,18,2,0,0,448,3891230,3891677,4.48,rest,1.7944
21574,9,3,0,0,1148,12514107,12515254,11.48,rest,1.7944
19700,7,3,0,0,425,11470362,11470786,4.25,rest,1.792
20048,7,3,0,0,340,11641435,11641774,3.4,rest,1.792
17697,5,2,0,0,491,10389042,10389532,4.91,rest,1.7896
2362,12,3,0,0,529,1365043,1365571,5.29,rest,1.7896
7090,18,3,0,0,742,4113922,4114663,7.42,rest,1.7896
18547,6,2,0,0,650,10866894,10867543,6.5,rest,1.7871
2721,13,2,0,0,588,1622637,1623224,5.88,rest,1.7871
13647,26,2,0,0,321,8047153,8047473,3.21,rest,1.7871
1536,11,3,0,0,431,881728,882158,4.31,rest,1.7871
1462,11,3,0,0,466,848236,848701,4.66,rest,1.7822
17751,5,2,0,0,517,10411680,10412196,5.17,rest,1.7822
2904,13,3,0,0,543,1706798,1707340,5.43,rest,1.7822
6906,18,3,0,0,323,4031044,4031366,3.23,rest,1.7822
8714,1,3,0,0,420,5068386,5068805,4.2,rest,1.7773
15912,2,3,0,0,560,9274499,9275058,5.6,rest,1.7749
13675,26,2,0,0,576,8058824,8059399,5.76,rest,1.77
12522,24,3,0,0,404,7314704,7315107,4.04,rest,1.7676
17729,5,2,0,0,328,10402619,10402946,3.28,rest,1.7676
3556,14,3,0,0,455,2093099,2093553,4.55,rest,1.7651
1578,11,3,0,0,438,915360,915797,4.38,rest,1.7627
17683,5,2,0,0,325,10383376,10383700,3.25,rest,1.7554
772,10,3,0,0,389,443132,443520,3.89,rest,1.7554
3431,14,2,0,0,499,2040674,2041172,4.99,rest,1.7529
15178,27,3,0,0,8551,8828583,8837133,85.51,rest,1.7529
18465,6,2,0,0,316,10832676,10832991,3.16,rest,1.7505
2585,13,2,0,0,547,1565736,1566282,5.47,rest,1.748
6076,17,3,0,0,1192,3545199,3546390,11.92,rest,1.7456
17398,4,3,0,0,416,10153376,10153791,4.16,rest,1.7456
4654,15,3,0,0,496,2699875,2700370,4.96,rest,1.7456
16010,2,3,0,0,614,9327347,9327960,6.14,rest,1.7456
4392,15,3,0,0,2022,2573664,2575685,20.22,rest,1.7432
2657,13,2,0,0,552,1595897,1596448,5.52,rest,1.7407
9622,20,3,0,0,347,5590594,5590940,3.47,rest,1.7407
7483,19,2,0,0,521,4394982,4395502,5.21,rest,1.7407
4600,15,3,0,0,521,2672837,2673357,5.21,rest,1.7407
7485,19,2,0,0,542,4395777,4396318,5.42,rest,1.7383
17719,5,2,0,0,419,10398334,10398752,4.19,rest,1.7383
3612,14,3,0,0,436,2118960,2119395,4.36,rest,1.7383
13659,26,2,0,0,499,8052043,8052541,4.99,rest,1.7383
3562,14,3,0,0,478,2095587,2096064,4.78,rest,1.7358
19180,6,3,0,0,429,11142825,11143253,4.29,rest,1.7358
2413,13,2,0,0,609,1493577,1494185,6.09,rest,1.7358
21175,9,2,0,0,454,12328153,12328606,4.54,rest,1.7334
6016,17,3,0,0,1903,3516298,3518200,19.03,rest,1.7334
3170,13,3,0,0,472,1829361,1829832,4.72,rest,1.731
16008,2,3,0,0,565,9326479,9327043,5.65,rest,1.731
3401,14,2,0,0,520,2028151,2028670,5.2,rest,1.731
1486,11,3,0,0,362,859443,859804,3.62,rest,1.7285
4155,15,2,0,0,575,2470708,2471282,5.75,rest,1.7285
4127,15,2,0,0,543,2458870,2459412,5.43,rest,1.7285
382,10,3,0,0,709,261625,262333,7.09,rest,1.7285
13657,26,2,0,0,477,8051239,8051715,4.77,rest,1.7285
1424,11,3,0,0,1491,830710,832200,14.91,rest,1.7261
6082,17,3,0,0,492,3548411,3548902,4.92,rest,1.7261
18491,6,2,0,0,531,10843440,10843970,5.31,rest,1.7261
4121,15,2,0,0,500,2456388,2456887,5.0,rest,1.7236
3144,13,3,0,0,420,1815141,1815560,4.2,rest,1.7236
2814,13,3,0,0,587,1665626,1666212,5.87,rest,1.7236
13665,26,2,0,0,491,8054612,8055102,4.91,rest,1.7212
17181,4,2,0,0,563,10053082,10053644,5.63,rest,1.7188
3622,14,3,0,0,477,2123073,2123549,4.77,rest,1.7188
3517,14,2,0,0,440,2076880,2077319,4.4,rest,1.7188
7499,19,2,0,0,575,4401732,4402306,5.75,rest,1.7188
5612,16,3,0,0,328,3242515,3242842,3.28,rest,1.7188
9530,20,3,0,0,486,5534322,5534807,4.86,rest,1.7188
4352,15,3,0,0,489,2553971,2554459,4.89,rest,1.7188
17402,4,3,0,0,388,10155072,10155459,3.88,rest,1.7163
4704,15,3,0,0,568,2722874,2723441,5.68,rest,1.7163
19710,7,3,0,0,2009,11474536,11476544,20.09,rest,1.7114
2186,12,3,0,0,1254,1280773,1282026,12.54,rest,1.7114
21202,9,3,0,0,550,12339250,12339799,5.5,rest,1.709
18164,5,3,0,0,306,10591236,10591541,3.06,rest,1.7065
4762,15,3,0,0,569,2756354,2756922,5.69,rest,1.7065
3158,13,3,0,0,606,1822284,1822889,6.06,rest,1.7065
17290,4,3,0,0,348,10103889,10104236,3.48,rest,1.7065
3604,14,3,0,0,443,2114773,2115215,4.43,rest,1.7065
19561,7,2,0,0,418,11408998,11409415,4.18,rest,1.7041
19130,6,3,0,0,274,11121278,11121551,2.74,rest,1.6992
3930,14,3,0,0,1243,2265036,2266278,12.43,rest,1.6992
3732,14,3,0,0,459,2175893,2176351,4.59,rest,1.6992
6866,18,3,0,0,395,4013655,4014049,3.95,rest,1.6992
13967,26,2,0,0,469,8182313,8182781,4.69,rest,1.6968
7285,19,2,0,0,336,4312081,4312416,3.36,rest,1.6968
3511,14,2,0,0,249,2074526,2074774,2.49,rest,1.6968
3574,14,3,0,0,389,2101991,2102379,3.89,rest,1.6943
18481,6,2,0,0,555,10839213,10839767,5.55,rest,1.6943
16442,3,3,0,0,2862,9615164,9618025,28.62,rest,1.6943
2852,13,3,0,0,525,1684490,1685014,5.25,rest,1.6943
4622,15,3,0,0,445,2683940,2684384,4.45,rest,1.6895
18028,5,3,0,0,326,10529268,10529593,3.26,rest,1.687
14932,27,3,0,0,510,8718120,8718629,5.1,rest,1.687
7319,19,2,0,0,572,4326178,4326749,5.72,rest,1.6846
1580,11,3,0,0,563,916083,916645,5.63,rest,1.6846
19708,7,3,0,0,454,11473689,11474142,4.54,rest,1.6821
17785,5,2,0,0,379,10426007,10426385,3.79,rest,1.6821
2729,13,2,0,0,546,1626009,1626554,5.46,rest,1.6797
4430,15,3,0,0,441,2592549,2592989,4.41,rest,1.6797
13695,26,2,0,0,603,8067295,8067897,6.03,rest,1.6797
18471,6,2,0,0,457,10835074,10835530,4.57,rest,1.6797
4770,15,3,0,0,523,2759816,2760338,5.23,rest,1.6724
11638,23,3,0,0,475,6809911,6810385,4.75,rest,1.6724
4135,15,2,0,0,454,2462309,2462762,4.54,rest,1.6724
7291,19,2,0,0,411,4314547,4314957,4.11,rest,1.6699
18601,6,2,0,0,324,10889767,10890090,3.24,rest,1.6699
2587,13,2,0,0,695,1566548,1567242,6.95,rest,1.6675
11658,23,3,0,0,395,6819086,6819480,3.95,rest,1.6675
3618,14,3,0,0,417,2121495,2121911,4.17,rest,1.665
17781,5,2,0,0,523,10424293,10424815,5.23,rest,1.6626
1218,11,3,0,0,495,735487,735981,4.95,rest,1.6626
6904,18,3,0,0,475,4030120,4030594,4.75,rest,1.6626
21494,9,3,0,0,1939,12477557,12479495,19.39,rest,1.6626
19030,6,3,0,0,292,11077493,11077784,2.92,rest,1.6602
8684,1,3,0,0,499,5054131,5054629,4.99,rest,1.6602
19994,7,3,0,0,692,11610366,11611057,6.92,rest,1.6602
18581,6,2,0,0,487,10881278,10881764,4.87,rest,1.6602
15970,2,3,0,0,352,9305460,9305811,3.52,rest,1.6602
3980,14,3,0,0,430,2292460,2292889,4.3,rest,1.6602
20006,7,3,0,0,529,11615545,11616073,5.29,rest,1.6577
21460,9,3,0,0,451,12462893,12463343,4.51,rest,1.6553
17689,5,2,0,0,493,10385694,10386186,4.93,rest,1.6553
21294,9,3,0,0,1609,12385212,12386820,16.09,rest,1.6528
19888,7,3,0,0,326,11559352,11559677,3.26,rest,1.6528
17626,4,3,0,0,462,10258698,10259159,4.62,rest,1.6528
14753,27,2,0,0,478,8637673,8638150,4.78,rest,1.6528
3235,14,2,0,0,298,1958683,1958980,2.98,rest,1.6528
7078,18,3,0,0,1030,4108657,4109686,10.3,rest,1.6528
18583,6,2,0,0,403,10882134,10882536,4.03,rest,1.6528
2673,13,2,0,0,510,1602574,1603083,5.1,rest,1.6504
4672,15,3,0,0,1539,2707518,2709056,15.39,rest,1.6504
12586,24,3,0,0,490,7344263,7344752,4.9,rest,1.6479
17988,5,3,0,0,440,10511018,10511457,4.4,rest,1.6479
1095,11,2,0,0,599,681175,681773,5.99,rest,1.6479
3966,14,3,0,0,405,2284035,2284439,4.05,rest,1.6455
2727,13,2,0,0,503,1625230,1625732,5.03,rest,1.6431
3950,14,3,0,0,3621,2274199,2277819,36.21,rest,1.6431
2741,13,2,0,0,442,1631159,1631600,4.42,rest,1.6406
17586,4,3,0,0,425,10238713,10239137,4.25,rest,1.6382
18230,5,3,0,0,344,10621698,10622041,3.44,rest,1.6382
5356,16,3,0,0,430,3122123,3122552,4.3,rest,1.6333
15511,2,2,0,0,559,9084763,9085321,5.59,rest,1.6333
7620,19,3,0,0,1026,4455282,4456307,10.26,rest,1.6309
14396,26,3,0,0,5051,8379540,8384590,50.51,rest,1.6309
16634,3,3,0,0,456,9704807,9705262,4.56,rest,1.6309
19972,7,3,0,0,425,11598834,11599258,4.25,rest,1.6309
21198,9,3,0,0,503,12337594,12338096,5.03,rest,1.6309
16682,3,3,0,0,1174,9727585,9728758,11.74,rest,1.6284
4574,15,3,0,0,310,2661914,2662223,3.1,rest,1.6284
14386,26,3,0,0,531,8375278,8375808,5.31,rest,1.626
15814,2,3,0,0,586,9227877,9228462,5.86,rest,1.6235
19208,6,3,0,0,804,11156008,11156811,8.04,rest,1.6235
12241,24,2,0,0,403,7191343,7191745,4.03,rest,1.6235
6954,18,3,0,0,447,4052015,4052461,4.47,rest,1.6211
6625,18,2,0,0,497,3906300,3906796,4.97,rest,1.6211
17763,5,2,0,0,605,10416666,10417270,6.05,rest,1.6211
2653,13,2,0,0,432,1594254,1594685,4.32,rest,1.6211
17264,4,3,0,0,1459,10091000,10092458,14.59,rest,1.6187
17685,5,2,0,0,572,10383952,10384523,5.72,rest,1.6187
13689,26,2,0,0,492,8064729,8065220,4.92,rest,1.6162
3924,14,3,0,0,250,2262517,2262766,2.5,rest,1.6162
3160,13,3,0,0,531,1823168,1823698,5.31,rest,1.6162
18689,6,2,0,0,394,10926598,10926991,3.94,rest,1.6162
21196,9,3,0,0,522,12336768,12337289,5.22,rest,1.6162
18703,6,2,0,0,543,10932328,10932870,5.43,rest,1.6138
1390,11,3,0,0,583,815636,816218,5.83,rest,1.6138
12520,24,3,0,0,442,7313833,7314274,4.42,rest,1.6113
18990,6,3,0,0,601,11059800,11060400,6.01,rest,1.6113
14040,26,3,0,0,533,8215290,8215822,5.33,rest,1.6113
4119,15,2,0,0,531,2455491,2456021,5.31,rest,1.6113
18008,5,3,0,0,432,10520601,10521032,4.32,rest,1.6113
7784,19,3,0,0,473,4533963,4534435,4.73,rest,1.6113
11918,23,3,0,0,490,6940009,6940498,4.9,rest,1.6064
17663,5,2,0,0,491,10374799,10375289,4.91,rest,1.6064
19188,6,3,0,0,1938,11146164,11148101,19.38,rest,1.6064
17374,4,3,0,0,488,10141645,10142132,4.88,rest,1.604
13685,26,2,0,0,480,8063086,8063565,4.8,rest,1.604
2944,13,3,0,0,540,1726642,1727181,5.4,rest,1.6016
14782,27,3,0,0,438,8649758,8650195,4.38,rest,1.5991
20050,7,3,0,0,248,11642278,11642525,2.48,rest,1.5942
17713,5,2,0,0,305,10395953,10396257,3.05,rest,1.5942
14428,26,3,0,0,425,8400382,8400806,4.25,rest,1.5942
7369,19,2,0,0,517,4347259,4347775,5.17,rest,1.5918
13576,25,3,0,0,506,7908067,7908572,5.06,rest,1.5894
1336,11,3,0,0,518,789825,790342,5.18,rest,1.5894
3810,14,3,0,0,1210,2210678,2211887,12.1,rest,1.5894
7415,19,2,0,0,458,4366504,4366961,4.58,rest,1.5869
1326,11,3,0,0,580,785656,786235,5.8,rest,1.5869
16907,4,2,0,0,441,9938278,9938718,4.41,rest,1.5845
21007,9,2,0,0,479,12257660,12258138,4.79,rest,1.582
2425,13,2,0,0,505,1498625,1499129,5.05,rest,1.5771
19178,6,3,0,0,373,11142062,11142434,3.73,rest,1.5747
16774,3,3,0,0,407,9771752,9772158,4.07,rest,1.5747
18551,6,2,0,0,445,10868664,10869108,4.45,rest,1.5747
4456,15,3,0,0,470,2605417,2605886,4.7,rest,1.5747
6824,18,3,0,0,482,3993251,3993732,4.82,rest,1.5747
11572,23,3,0,0,439,6779760,6780198,4.39,rest,1.5723
14952,27,3,0,0,259,8727430,8727688,2.59,rest,1.5698
8907,20,2,0,0,550,5258804,5259353,5.5,rest,1.5698
4406,15,3,0,0,480,2580975,2581454,4.8,rest,1.5698
3200,13,3,0,0,571,1843100,1843670,5.71,rest,1.5698
18453,6,2,0,0,294,10827700,10827993,2.94,rest,1.5674
2894,13,3,0,0,507,1702588,1703094,5.07,rest,1.5674
3245,14,2,0,0,514,1962616,1963129,5.14,rest,1.5674
13667,26,2,0,0,508,8055430,8055937,5.08,rest,1.5674
18575,6,2,0,0,430,10878754,10879183,4.3,rest,1.5649
6469,18,2,0,0,439,3840604,3841042,4.39,rest,1.5649
21005,9,2,0,0,493,12256848,12257340,4.93,rest,1.5649
17292,4,3,0,0,390,10104678,10105067,3.9,rest,1.5649
7519,19,2,0,0,509,4410167,4410675,5.09,rest,1.5625
17994,5,3,0,0,479,10513398,10513876,4.79,rest,1.5625
8464,1,3,0,0,307,4944135,4944441,3.07,rest,1.5601
11678,23,3,0,0,466,6828954,6829419,4.66,rest,1.5601
1552,11,3,0,0,533,898861,899393,5.33,rest,1.5601
17428,4,3,0,0,419,10166284,10166702,4.19,rest,1.5601
4386,15,3,0,0,509,2571245,2571753,5.09,rest,1.5601
15196,27,3,0,0,427,8844155,8844581,4.27,rest,1.5601
2882,13,3,0,0,430,1697562,1697991,4.3,rest,1.5601
7521,19,2,0,0,358,4411108,4411465,3.58,rest,1.5576
17598,4,3,0,0,462,10243583,10244044,4.62,rest,1.5576
14653,27,2,0,0,423,8595696,8596118,4.23,rest,1.5576
16472,3,3,0,0,742,9631097,9631838,7.42,rest,1.5576
13673,26,2,0,0,536,8057961,8058496,5.36,rest,1.5552
17400,4,3,0,0,341,10154305,10154645,3.41,rest,1.5527
11596,23,3,0,0,365,6790947,6791311,3.65,rest,1.5527
18523,6,2,0,0,520,10856874,10857393,5.2,rest,1.5503
17177,4,2,0,0,615,10051351,10051965,6.15,rest,1.5503
9572,20,3,0,0,433,5559197,5559629,4.33,rest,1.5503
18529,6,2,0,0,520,10859479,10859998,5.2,rest,1.5503
12016,23,3,0,0,400,6994803,6995202,4.0,rest,1.5479
4360,15,3,0,0,427,2557266,2557692,4.27,rest,1.5479
12742,24,3,0,0,470,7416793,7417262,4.7,rest,1.5479
13693,26,2,0,0,548,8066390,8066937,5.48,rest,1.5479
18779,6,2,0,0,503,10964208,10964710,5.03,rest,1.5479
20000,7,3,0,0,241,11613180,11613420,2.41,rest,1.5454
1154,11,3,0,0,432,705841,706272,4.32,rest,1.5454
16806,3,3,0,0,313,9792380,9792692,3.13,rest,1.5454
18386,5,3,0,0,2913,10691466,10694378,29.13,rest,1.543
8812,1,3,0,0,308,5117304,5117611,3.08,rest,1.543
13637,26,2,0,0,578,8042735,8043312,5.78,rest,1.543
4548,15,3,0,0,469,2647797,2648265,4.69,rest,1.5405
7503,19,2,0,0,494,4403385,4403878,4.94,rest,1.5405
12235,24,2,0,0,445,7188787,7189231,4.45,rest,1.5381
3100,13,3,0,0,552,1795791,1796342,5.52,rest,1.5356
2711,13,2,0,0,481,1618576,1619056,4.81,rest,1.5332
2794,13,3,0,0,419,1656776,1657194,4.19,rest,1.5332
18788,6,3,0,0,446,10968054,10968499,4.46,rest,1.5332
4428,15,3,0,0,443,2591704,2592146,4.43,rest,1.5332
13982,26,3,0,0,584,8188474,8189057,5.84,rest,1.5332
11610,23,3,0,0,1143,6796743,6797885,11.43,rest,1.5308
12776,24,3,0,0,408,7437733,7438140,4.08,rest,1.5308
4368,15,3,0,0,427,2560605,2561031,4.27,rest,1.5308
1348,11,3,0,0,555,794865,795419,5.55,rest,1.5283
4105,15,2,0,0,559,2449539,2450097,5.59,rest,1.5259
19704,7,3,0,0,419,11472035,11472453,4.19,rest,1.5259
6665,18,2,0,0,552,3923112,3923663,5.52,rest,1.5259
21177,9,2,0,0,609,12328845,12329453,6.09,rest,1.5234
2441,13,2,0,0,565,1505313,1505877,5.65,rest,1.5234
18473,6,2,0,0,518,10835843,10836360,5.18,rest,1.5234
4568,15,3,0,0,483,2656309,2656791,4.83,rest,1.5234
4710,15,3,0,0,512,2725448,2725959,5.12,rest,1.5234
18828,6,3,0,0,1157,10987511,10988667,11.57,rest,1.5234
17973,5,2,0,0,410,10504731,10505140,4.1,rest,1.5234
2950,13,3,0,0,534,1729282,1729815,5.34,rest,1.521
4560,15,3,0,0,407,2652999,2653405,4.07,rest,1.521
16572,3,3,0,0,532,9677534,9678065,5.32,rest,1.5186
1220,11,3,0,0,516,736326,736841,5.16,rest,1.5161
2675,13,2,0,0,532,1603408,1603939,5.32,rest,1.5161
6878,18,3,0,0,988,4018628,4019615,9.88,rest,1.5137
6731,18,2,0,0,338,3951023,3951360,3.38,rest,1.5137
5488,16,3,0,0,678,3181250,3181927,6.78,rest,1.5112
18699,6,2,0,0,335,10930888,10931222,3.35,rest,1.5112
14755,27,2,0,0,529,8638479,8639007,5.29,rest,1.5112
18495,6,2,0,0,459,10845193,10845651,4.59,rest,1.5088
21179,9,2,0,0,555,12329685,12330239,5.55,rest,1.5088
17673,5,2,0,0,349,10379191,10379539,3.49,rest,1.5088
4664,15,3,0,0,554,2704013,2704566,5.54,rest,1.5088
12030,23,3,0,0,300,7000693,7000992,3.0,rest,1.5063
4109,15,2,0,0,500,2451220,2451719,5.0,rest,1.5063
4404,15,3,0,0,505,2580111,2580615,5.05,rest,1.5039
7114,18,3,0,0,359,4124811,4125169,3.59,rest,1.5015
3914,14,3,0,0,245,2258332,2258576,2.45,rest,1.5015
7012,18,3,0,0,359,4077510,4077868,3.59,rest,1.5015
520,10,3,0,0,548,323053,323600,5.48,rest,1.499
7317,19,2,0,0,575,4325369,4325943,5.75,rest,1.499
10252,21,3,0,0,500,5969841,5970340,5.0,rest,1.499
12239,24,2,0,0,472,7190436,7190907,4.72,rest,1.4966
11808,23,3,0,0,405,6888449,6888853,4.05,rest,1.4966
917,11,2,0,0,552,606607,607158,5.52,rest,1.4966
11952,23,3,0,0,378,6955794,6956171,3.78,rest,1.4966
4518,15,3,0,0,409,2633223,2633631,4.09,rest,1.4966
18479,6,2,0,0,506,10838418,10838923,5.06,rest,1.4966
12516,24,3,0,0,503,7312086,7312588,5.03,rest,1.4966
7545,19,2,0,0,527,4420991,4421517,5.27,rest,1.4941
18142,5,3,0,0,433,10581360,10581792,4.33,rest,1.4941
17765,5,2,0,0,601,10417542,10418142,6.01,rest,1.4917
4702,15,3,0,0,314,2722290,2722603,3.14,rest,1.4893
7299,19,2,0,0,516,4317843,4318358,5.16,rest,1.4868
4374,15,3,0,0,386,2566266,2566651,3.86,rest,1.4868
372,10,3,0,0,433,257395,257827,4.33,rest,1.4868
16502,3,3,0,0,1348,9644791,9646138,13.48,rest,1.4868
2475,13,2,0,0,507,1519600,1520106,5.07,rest,1.4844
2731,13,2,0,0,600,1626795,1627394,6.0,rest,1.4844
18330,5,3,0,0,440,10666878,10667317,4.4,rest,1.4844
6036,17,3,0,0,1477,3526103,3527579,14.77,rest,1.4844
7305,19,2,0,0,474,4320390,4320863,4.74,rest,1.4844
2609,13,2,0,0,591,1575851,1576441,5.91,rest,1.4844
7118,18,3,0,0,847,4126500,4127346,8.47,rest,1.4844
4422,15,3,0,0,432,2589195,2589626,4.32,rest,1.4844
16909,4,2,0,0,460,9938995,9939454,4.6,rest,1.4844
3850,14,3,0,0,1218,2228949,2230166,12.18,rest,1.4819
3578,14,3,0,0,394,2103694,2104087,3.94,rest,1.4819
4293,15,2,0,0,475,2529078,2529552,4.75,rest,1.4819
17797,5,2,0,0,244,10431149,10431392,2.44,rest,1.4819
11287,23,2,0,0,495,6659804,6660298,4.95,rest,1.4795
18030,5,3,0,0,485,10529974,10530458,4.85,rest,1.4795
17957,5,2,0,0,375,10498101,10498475,3.75,rest,1.4795
13757,26,2,0,0,523,8093567,8094089,5.23,rest,1.4795
14802,27,3,0,0,384,8659173,8659556,3.84,rest,1.4795
18922,6,3,0,0,465,11029543,11030007,4.65,rest,1.4771
3104,13,3,0,0,545,1797468,1798012,5.45,rest,1.4771
4424,15,3,0,0,408,2590063,2590470,4.08,rest,1.4771
6667,18,2,0,0,499,3923981,3924479,4.99,rest,1.4771
165,10,2,0,0,475,169536,170010,4.75,rest,1.4746
17687,5,2,0,0,483,10384884,10385366,4.83,rest,1.4722
7355,19,2,0,0,281,4341555,4341835,2.81,rest,1.4697
17647,5,2,0,0,456,10368119,10368574,4.56,rest,1.4697
4426,15,3,0,0,427,2590878,2591304,4.27,rest,1.4697
19992,7,3,0,0,249,11609823,11610071,2.49,rest,1.4673
3090,13,3,0,0,455,1791680,1792134,4.55,rest,1.4673
7806,19,3,0,0,485,4544064,4544548,4.85,rest,1.4673
2770,13,3,0,0,557,1644091,1644647,5.57,rest,1.4648
11644,23,3,0,0,458,6812465,6812922,4.58,rest,1.4648
13669,26,2,0,0,531,8056250,8056780,5.31,rest,1.4648
17604,4,3,0,0,1891,10246198,10248088,18.91,rest,1.4648
3102,13,3,0,0,558,1796637,1797194,5.58,rest,1.4648
11712,23,3,0,0,480,6843878,6844357,4.8,rest,1.4648
3584,14,3,0,0,494,2106127,2106620,4.94,rest,1.4624
11307,23,2,0,0,494,6668297,6668790,4.94,rest,1.46
2094,12,3,0,0,460,1240680,1241139,4.6,rest,1.46
18667,6,2,0,0,412,10917351,10917762,4.12,rest,1.46
17841,5,2,0,0,408,10449489,10449896,4.08,rest,1.46
7988,19,3,0,0,487,4634289,4634775,4.87,rest,1.4575
7808,19,3,0,0,496,4544917,4545412,4.96,rest,1.4551
3249,14,2,0,0,543,1964301,1964843,5.43,rest,1.4551
13687,26,2,0,0,547,8063870,8064416,5.47,rest,1.4551
10256,21,3,0,0,500,5971391,5971890,5.0,rest,1.4551
1350,11,3,0,0,501,795731,796231,5.01,rest,1.4526
17659,5,2,0,0,313,10373250,10373562,3.13,rest,1.4526
12243,24,2,0,0,500,7192122,7192621,5.0,rest,1.4526
7295,19,2,0,0,480,4316148,4316627,4.8,rest,1.4502
17566,4,3,0,0,247,10228002,10228248,2.47,rest,1.4502
4364,15,3,0,0,491,2558912,2559402,4.91,rest,1.4502
4546,15,3,0,0,480,2646947,2647426,4.8,rest,1.4502
2427,13,2,0,0,577,1499440,1500016,5.77,rest,1.4478
5458,16,3,0,0,249,3168306,3168554,2.49,rest,1.4453
19557,7,2,0,0,401,11407355,11407755,4.01,rest,1.4453
17953,5,2,0,0,442,10496359,10496800,4.42,rest,1.4453
19190,6,3,0,0,478,11148537,11149014,4.78,rest,1.4453
20961,9,2,0,0,497,12238435,12238931,4.97,rest,1.4453
3142,13,3,0,0,351,1814348,1814698,3.51,rest,1.4429
2960,13,3,0,0,548,1733449,1733996,5.48,rest,1.4429
3485,14,2,0,0,557,2063342,2063898,5.57,rest,1.4429
3134,13,3,0,0,342,1811034,1811375,3.42,rest,1.4429
6585,18,2,0,0,563,3889489,3890051,5.63,rest,1.4404
2872,13,3,0,0,458,1693377,1693834,4.58,rest,1.438
4764,15,3,0,0,537,2757246,2757782,5.37,rest,1.4355
11900,23,3,0,0,716,6931749,6932464,7.16,rest,1.4355
3237,14,2,0,0,361,1959403,1959763,3.61,rest,1.4355
13969,26,2,0,0,467,8183158,8183624,4.67,rest,1.4355
12197,24,2,0,0,547,7172740,7173286,5.47,rest,1.4331
3046,13,3,0,0,243,1772071,1772313,2.43,rest,1.4331
4486,15,3,0,0,515,2619302,2619816,5.15,rest,1.4331
3936,14,3,0,0,451,2268296,2268746,4.51,rest,1.4331
14679,27,2,0,0,458,8606619,8607076,4.58,rest,1.4307
17370,4,3,0,0,379,10140105,10140483,3.79,rest,1.4307
8724,1,3,0,0,415,5074152,5074566,4.15,rest,1.4307
12343,24,2,0,0,451,7234302,7234752,4.51,rest,1.4307
1384,11,3,0,0,2592,811142,813733,25.92,rest,1.4307
18705,6,2,0,0,425,10933373,10933797,4.25,rest,1.4307
11684,23,3,0,0,454,6831499,6831952,4.54,rest,1.4282
3487,14,2,0,0,585,2064167,2064751,5.85,rest,1.4282
18589,6,2,0,0,243,10884823,10885065,2.43,rest,1.4282
4734,15,3,0,0,419,2739142,2739560,4.19,rest,1.4258
5546,16,3,0,0,482,3207846,3208327,4.82,rest,1.4258
3239,14,2,0,0,578,1960065,1960642,5.78,rest,1.4233
4107,15,2,0,0,523,2450379,2450901,5.23,rest,1.4233
3267,14,2,0,0,550,1971880,1972429,5.5,rest,1.4209
21185,9,2,0,0,619,12332168,12332786,6.19,rest,1.4209
18038,5,3,0,0,438,10533312,10533749,4.38,rest,1.4209
4400,15,3,0,0,502,2578429,2578930,5.02,rest,1.4185
7281,19,2,0,0,525,4310291,4310815,5.25,rest,1.4185
7610,19,3,0,0,397,4450978,4451374,3.97,rest,1.4185
6966,18,3,0,0,318,4057659,4057976,3.18,rest,1.4185
4366,15,3,0,0,482,2559770,2560251,4.82,rest,1.4185
21191,9,2,0,0,631,12334675,12335305,6.31,rest,1.4185
1352,11,3,0,0,560,796518,797077,5.6,rest,1.4185
15184,27,3,0,0,519,8839126,8839644,5.19,rest,1.416
11706,23,3,0,0,331,6841514,6841844,3.31,rest,1.416
17871,5,2,0,0,411,10462006,10462416,4.11,rest,1.4136
21594,9,3,0,0,1840,12523115,12524954,18.4,rest,1.4136
6316,17,3,0,0,1380,3658194,3659573,13.8,rest,1.4136
12386,24,3,0,0,477,7252369,7252845,4.77,rest,1.4136
17875,5,2,0,0,309,10463770,10464078,3.09,rest,1.4136
7798,19,3,0,0,470,4539896,4540365,4.7,rest,1.4111
17899,5,2,0,0,517,10473561,10474077,5.17,rest,1.4111
7259,19,2,0,0,348,4301217,4301564,3.48,rest,1.4111
15700,2,3,0,0,2087,9171249,9173335,20.87,rest,1.4087
2429,13,2,0,0,514,1500310,1500823,5.14,rest,1.4087
11594,23,3,0,0,520,6789991,6790510,5.2,rest,1.4087
14868,27,3,0,0,387,8689918,8690304,3.87,rest,1.4063
19275,7,2,0,0,415,11288884,11289298,4.15,rest,1.4063
18410,5,3,0,0,419,10707099,10707517,4.19,rest,1.4063
5368,16,3,0,0,572,3127054,3127625,5.72,rest,1.4038
13697,26,2,0,0,544,8068145,8068688,5.44,rest,1.4038
17705,5,2,0,0,541,10392404,10392944,5.41,rest,1.4038
4398,15,3,0,0,494,2577594,2578087,4.94,rest,1.4038
10966,22,3,0,0,519,6406121,6406639,5.19,rest,1.4038
17274,4,3,0,0,401,10096171,10096571,4.01,rest,1.4038
7186,18,3,0,0,408,4165812,4166219,4.08,rest,1.4038
4370,15,3,0,0,483,2561459,2561941,4.83,rest,1.4038
16568,3,3,0,0,448,9675957,9676404,4.48,rest,1.4038
17749,5,2,0,0,533,10410848,10411380,5.33,rest,1.4014
12028,23,3,0,0,319,6999871,7000189,3.19,rest,1.4014
7323,19,2,0,0,542,4327942,4328483,5.42,rest,1.3989
1340,11,3,0,0,531,791522,792052,5.31,rest,1.3989
4325,15,2,0,0,494,2542528,2543021,4.94,rest,1.3989
1332,11,3,0,0,470,788204,788673,4.7,rest,1.3989
11716,23,3,0,0,434,6845674,6846107,4.34,rest,1.3989
6593,18,2,0,0,440,3892976,3893415,4.4,rest,1.3989
12281,24,2,0,0,494,7208170,7208663,4.94,rest,1.3989
13651,26,2,0,0,489,8048685,8049173,4.89,rest,1.3989
5542,16,3,0,0,436,3206185,3206620,4.36,rest,1.3965
2665,13,2,0,0,615,1599183,1599797,6.15,rest,1.3965
7218,18,3,0,0,248,4182782,4183029,2.48,rest,1.3965
17831,5,2,0,0,497,10445198,10445694,4.97,rest,1.3965
1330,11,3,0,0,505,787339,787843,5.05,rest,1.394
19650,7,3,0,0,1364,11447351,11448714,13.64,rest,1.394
2651,13,2,0,0,644,1593281,1593924,6.44,rest,1.394
4632,15,3,0,0,1996,2688230,2690225,19.96,rest,1.394
3744,14,3,0,0,418,2180920,2181337,4.18,rest,1.394
19074,6,3,0,0,534,11096328,11096861,5.34,rest,1.394
9170,20,3,0,0,496,5370040,5370535,4.96,rest,1.3916
12139,24,2,0,0,527,7148208,7148734,5.27,rest,1.3916
3580,14,3,0,0,395,2104542,2104936,3.95,rest,1.3916
20028,7,3,0,0,404,11628768,11629171,4.04,rest,1.3916
21316,9,3,0,0,479,12396678,12397156,4.79,rest,1.3892
6677,18,2,0,0,589,3928135,3928723,5.89,rest,1.3892
4758,15,3,0,0,466,2754774,2755239,4.66,rest,1.3892
374,10,3,0,0,369,258290,258658,3.69,rest,1.3867
18627,6,2,0,0,592,10900592,10901183,5.92,rest,1.3867
13618,25,3,0,0,279,7933384,7933662,2.79,rest,1.3867
4684,15,3,0,0,435,2713674,2714108,4.35,rest,1.3867
4163,15,2,0,0,366,2474285,2474650,3.66,rest,1.3867
18489,6,2,0,0,503,10842623,10843125,5.03,rest,1.3843
12199,24,2,0,0,509,7173622,7174130,5.09,rest,1.3843
18561,6,2,0,0,536,10872835,10873370,5.36,rest,1.3843
9490,20,3,0,0,552,5516111,5516662,5.52,rest,1.3818
14487,27,2,0,0,426,8525998,8526423,4.26,rest,1.3794
17837,5,2,0,0,425,10447807,10448231,4.25,rest,1.3794
20883,9,2,0,0,363,12205782,12206144,3.63,rest,1.3794
4582,15,3,0,0,502,2665105,2665606,5.02,rest,1.3794
3357,14,2,0,0,571,2009663,2010233,5.71,rest,1.3794
8682,1,3,0,0,1571,5052205,5053775,15.71,rest,1.377
3918,14,3,0,0,413,2259886,2260298,4.13,rest,1.377
18012,5,3,0,0,499,10522323,10522821,4.99,rest,1.3745
12816,24,3,0,0,330,7463562,7463891,3.3,rest,1.3745
7387,19,2,0,0,344,4354978,4355321,3.44,rest,1.3745
4596,15,3,0,0,465,2671205,2671669,4.65,rest,1.3745
14794,27,3,0,0,503,8654710,8655212,5.03,rest,1.3721
14778,27,3,0,0,420,8648132,8648551,4.2,rest,1.3721
8706,1,3,0,0,418,5064996,5065413,4.18,rest,1.3721
11988,23,3,0,0,418,6975558,6975975,4.18,rest,1.3721
14280,26,3,0,0,577,8323352,8323928,5.77,rest,1.3721
768,10,3,0,0,326,441453,441778,3.26,rest,1.3721
2364,12,3,0,0,499,1365897,1366395,4.99,rest,1.3696
366,10,3,0,0,583,254876,255458,5.83,rest,1.3696
4638,15,3,0,0,362,2692405,2692766,3.62,rest,1.3696
7158,18,3,0,0,7231,4144131,4151361,72.31,rest,1.3672
11910,23,3,0,0,1356,6935933,6937288,13.56,rest,1.3647
3110,13,3,0,0,351,1800283,1800633,3.51,rest,1.3647
13681,26,2,0,0,498,8061365,8061862,4.98,rest,1.3647
14832,27,3,0,0,432,8673168,8673599,4.32,rest,1.3647
7800,19,3,0,0,1353,4540744,4542096,13.53,rest,1.3647
4718,15,3,0,0,449,2731167,2731615,4.49,rest,1.3647
2739,13,2,0,0,592,1630136,1630727,5.92,rest,1.3623
7180,18,3,0,0,515,4163203,4163717,5.15,rest,1.3623
17759,5,2,0,0,560,10414997,10415556,5.6,rest,1.3623
18527,6,2,0,0,484,10858554,10859037,4.84,rest,1.3623
7968,19,3,0,0,513,4623217,4623729,5.13,rest,1.3623
6898,18,3,0,0,654,4027440,4028093,6.54,rest,1.3623
17695,5,2,0,0,506,10388184,10388689,5.06,rest,1.3623
2138,12,3,0,0,441,1260052,1260492,4.41,rest,1.3599
167,10,2,0,0,454,170376,170829,4.54,rest,1.3599
1604,11,3,0,0,295,929587,929881,2.95,rest,1.3599
855,11,2,0,0,307,580743,581049,3.07,rest,1.3599
5506,16,3,0,0,467,3189891,3190357,4.67,rest,1.3574
10956,22,3,0,0,528,6401900,6402427,5.28,rest,1.3574
20004,7,3,0,0,494,11614734,11615227,4.94,rest,1.3574
2451,13,2,0,0,473,1509560,1510032,4.73,rest,1.3574
4692,15,3,0,0,1262,2717160,2718421,12.62,rest,1.355
4159,15,2,0,0,621,2472345,2472965,6.21,rest,1.355
4754,15,3,0,0,476,2753067,2753542,4.76,rest,1.355
17919,5,2,0,0,646,10481915,10482560,6.46,rest,1.3525
1504,11,3,0,0,1111,866906,868016,11.11,rest,1.3525
13691,26,2,0,0,561,8065553,8066113,5.61,rest,1.3525
2747,13,2,0,0,537,1633472,1634008,5.37,rest,1.3525
4570,15,3,0,0,518,2657126,2657643,5.18,rest,1.3525
12514,24,3,0,0,478,7311292,7311769,4.78,rest,1.3501
12530,24,3,0,0,409,7318106,7318514,4.09,rest,1.3501
20828,8,3,0,0,442,12080571,12081012,4.42,rest,1.3501
18790,6,3,0,0,498,10968797,10969294,4.98,rest,1.3501
17755,5,2,0,0,565,10413343,10413907,5.65,rest,1.3501
11600,23,3,0,0,458,6792543,6793000,4.58,rest,1.3501
18467,6,2,0,0,356,10833573,10833928,3.56,rest,1.3501
7142,18,3,0,0,372,4137461,4137832,3.72,rest,1.3501
4538,15,3,0,0,408,2643599,2644006,4.08,rest,1.3477
7716,19,3,0,0,417,4499887,4500303,4.17,rest,1.3477
17747,5,2,0,0,513,10410048,10410560,5.13,rest,1.3477
6862,18,3,0,0,314,4012063,4012376,3.14,rest,1.3477
11960,23,3,0,0,369,6959073,6959441,3.69,rest,1.3477
6368,17,3,0,0,436,3688186,3688621,4.36,rest,1.3477
17979,5,2,0,0,588,10507061,10507648,5.88,rest,1.3477
1398,11,3,0,0,516,819014,819529,5.16,rest,1.3452
2695,13,2,0,0,514,1611782,1612295,5.14,rest,1.3452
2286,12,3,0,0,1033,1325634,1326666,10.33,rest,1.3428
17725,5,2,0,0,542,10400774,10401315,5.42,rest,1.3428
17887,5,2,0,0,532,10468616,10469147,5.32,rest,1.3403
14880,27,3,0,0,296,8695629,8695924,2.96,rest,1.3403
15612,2,3,0,0,518,9128572,9129089,5.18,rest,1.3403
18637,6,2,0,0,357,10904851,10905207,3.57,rest,1.3403
14394,26,3,0,0,479,8378621,8379099,4.79,rest,1.3403
16802,3,3,0,0,4451,9786632,9791082,44.51,rest,1.3403
17795,5,2,0,0,241,10430316,10430556,2.41,rest,1.3379
12794,24,3,0,0,352,7449741,7450092,3.52,rest,1.3379
3570,14,3,0,0,1763,2099038,2100800,17.63,rest,1.3379
17839,5,2,0,0,497,10448530,10449026,4.97,rest,1.3379
13978,26,3,0,0,575,8186808,8187382,5.75,rest,1.3354
4458,15,3,0,0,578,2606197,2606774,5.78,rest,1.3354
6870,18,3,0,0,371,4015356,4015726,3.71,rest,1.3354
14749,27,2,0,0,507,8635978,8636484,5.07,rest,1.3354
14086,26,3,0,0,567,8236100,8236666,5.67,rest,1.3354
19206,6,3,0,0,364,11155218,11155581,3.64,rest,1.3354
4686,15,3,0,0,295,2714637,2714931,2.95,rest,1.3354
17657,5,2,0,0,244,10372481,10372724,2.44,rest,1.333
18775,6,2,0,0,473,10962562,10963034,4.73,rest,1.333
17711,5,2,0,0,595,10394975,10395569,5.95,rest,1.333
3383,14,2,0,0,424,2020681,2021104,4.24,rest,1.333
18477,6,2,0,0,508,10837520,10838027,5.08,rest,1.3306
18306,5,3,0,0,1524,10654916,10656439,15.24,rest,1.3306
1063,11,2,0,0,395,667912,668306,3.95,rest,1.3306
3564,14,3,0,0,442,2096500,2096941,4.42,rest,1.3281
7000,18,3,0,0,373,4072591,4072963,3.73,rest,1.3281
11704,23,3,0,0,830,6840440,6841269,8.3,rest,1.3281
19094,6,3,0,0,376,11104984,11105359,3.76,rest,1.3281
8814,1,3,0,0,444,5118067,5118510,4.44,rest,1.3257
2733,13,2,0,0,561,1627656,1628216,5.61,rest,1.3257
19712,7,3,0,0,456,11476916,11477371,4.56,rest,1.3257
4468,15,3,0,0,516,2610418,2610933,5.16,rest,1.3257
4506,15,3,0,0,523,2627853,2628375,5.23,rest,1.3257
1444,11,3,0,0,1183,840011,841193,11.83,rest,1.3257
4390,15,3,0,0,524,2572953,2573476,5.24,rest,1.3232
20044,7,3,0,0,304,11639764,11640067,3.04,rest,1.3232
3399,14,2,0,0,493,2027353,2027845,4.93,rest,1.3232
8780,1,3,0,0,246,5100985,5101230,2.46,rest,1.3232
4708,15,3,0,0,381,2724714,2725094,3.81,rest,1.3232
2150,12,3,0,0,479,1265541,1266019,4.79,rest,1.3232
19096,6,3,0,0,470,11105740,11106209,4.7,rest,1.3232
3229,14,2,0,0,448,1956009,1956456,4.48,rest,1.3232
7303,19,2,0,0,419,4319602,4320020,4.19,rest,1.3208
18533,6,2,0,0,473,10861075,10861547,4.73,rest,1.3208
14820,27,3,0,0,447,8668244,8668690,4.47,rest,1.3208
9542,20,3,0,0,479,5539391,5539869,4.79,rest,1.3208
20963,9,2,0,0,511,12239195,12239705,5.11,rest,1.3208
3640,14,3,0,0,464,2131338,2131801,4.64,rest,1.3184
2521,13,2,0,0,502,1538948,1539449,5.02,rest,1.3184
2625,13,2,0,0,426,1582581,1583006,4.26,rest,1.3184
18304,5,3,0,0,369,10654111,10654479,3.69,rest,1.3184
6890,18,3,0,0,833,4024076,4024908,8.33,rest,1.3184
19501,7,2,0,0,626,11383631,11384256,6.26,rest,1.3184
14661,27,2,0,0,521,8598938,8599458,5.21,rest,1.3159
4558,15,3,0,0,533,2652064,2652596,5.33,rest,1.3159
9121,20,2,0,0,637,5349317,5349953,6.37,rest,1.3159
4354,15,3,0,0,479,2554727,2555205,4.79,rest,1.3159
2407,13,2,0,0,412,1491212,1491623,4.12,rest,1.3159
14741,27,2,0,0,426,8632728,8633153,4.26,rest,1.3159
17773,5,2,0,0,401,10420961,10421361,4.01,rest,1.3159
17157,4,2,0,0,404,10043145,10043548,4.04,rest,1.3159
18166,5,3,0,0,1750,10591949,10593698,17.5,rest,1.3135
18553,6,2,0,0,474,10869478,10869951,4.74,rest,1.3135
17739,5,2,0,0,494,10406689,10407182,4.94,rest,1.3135
17396,4,3,0,0,328,10152598,10152925,3.28,rest,1.3135
13677,26,2,0,0,518,8059665,8060182,5.18,rest,1.3135
15812,2,3,0,0,481,9227137,9227617,4.81,rest,1.3135
2663,13,2,0,0,639,1598322,1598960,6.39,rest,1.3135
17669,5,2,0,0,461,10377386,10377846,4.61,rest,1.311
2918,13,3,0,0,491,1714924,1715414,4.91,rest,1.311
5588,16,3,0,0,459,3230711,3231169,4.59,rest,1.311
4394,15,3,0,0,495,2575918,2576412,4.95,rest,1.311
18058,5,3,0,0,547,10544122,10544668,5.47,rest,1.311
14675,27,2,0,0,395,8604901,8605295,3.95,rest,1.311
18455,6,2,0,0,408,10828438,10828845,4.08,rest,1.3086
2725,13,2,0,0,518,1624372,1624889,5.18,rest,1.3086
6583,18,2,0,0,515,3888682,3889196,5.15,rest,1.3086
4576,15,3,0,0,542,2662544,2663085,5.42,rest,1.3086
12418,24,3,0,0,552,7267598,7268149,5.52,rest,1.3086
2774,13,3,0,0,459,1645832,1646290,4.59,rest,1.3062
16462,3,3,0,0,1722,9625901,9627622,17.22,rest,1.3062
21644,9,3,0,0,404,12549061,12549464,4.04,rest,1.3037
14876,27,3,0,0,436,8693293,8693728,4.36,rest,1.3037
4181,15,2,0,0,476,2481757,2482232,4.76,rest,1.3037
4362,15,3,0,0,533,2558033,2558565,5.33,rest,1.3037
3594,14,3,0,0,429,2110596,2111024,4.29,rest,1.3037
13639,26,2,0,0,538,8043556,8044093,5.38,rest,1.3013
1556,11,3,0,0,487,900565,901051,4.87,rest,1.3013
13590,25,3,0,0,457,7913944,7914400,4.57,rest,1.3013
2898,13,3,0,0,582,1704184,1704765,5.82,rest,1.2988
7395,19,2,0,0,504,4358156,4358659,5.04,rest,1.2988
18984,6,3,0,0,456,11057252,11057707,4.56,rest,1.2988
4544,15,3,0,0,446,2646134,2646579,4.46,rest,1.2988
1222,11,3,0,0,478,737181,737658,4.78,rest,1.2988
15914,2,3,0,0,551,9275377,9275927,5.51,rest,1.2964
17699,5,2,0,0,471,10389901,10390371,4.71,rest,1.2964
19706,7,3,0,0,433,11472859,11473291,4.33,rest,1.2964
21236,9,3,0,0,479,12354554,12355032,4.79,rest,1.2964
2421,13,2,0,0,520,1496969,1497488,5.2,rest,1.2939
7108,18,3,0,0,518,4122162,4122679,5.18,rest,1.2939
11996,23,3,0,0,351,6983409,6983759,3.51,rest,1.2939
7762,19,3,0,0,508,4521305,4521812,5.08,rest,1.2939
4572,15,3,0,0,3465,2658001,2661465,34.65,rest,1.2939
4396,15,3,0,0,464,2576789,2577252,4.64,rest,1.2939
2437,13,2,0,0,579,1503601,1504179,5.79,rest,1.2915
4788,15,3,0,0,463,2771349,2771811,4.63,rest,1.2915
5482,16,3,0,0,406,3178988,3179393,4.06,rest,1.2915
12024,23,3,0,0,337,6998178,6998514,3.37,rest,1.2915
7383,19,2,0,0,595,4353067,4353661,5.95,rest,1.2915
14042,26,3,0,0,527,8216119,8216645,5.27,rest,1.2891
1851,12,2,0,0,399,1133795,1134193,3.99,rest,1.2891
17655,5,2,0,0,245,10371645,10371889,2.45,rest,1.2866
5608,16,3,0,0,473,3240658,3241130,4.73,rest,1.2866
20036,7,3,0,0,333,11636420,11636752,3.33,rest,1.2866
2934,13,3,0,0,533,1722434,1722966,5.33,rest,1.2866
7221,19,2,0,0,514,4285092,4285605,5.14,rest,1.2866
15475,2,2,0,0,534,9069715,9070248,5.34,rest,1.2866
446,10,3,0,0,511,291115,291625,5.11,rest,1.2866
20008,7,3,0,0,427,11616464,11616890,4.27,rest,1.2842
8963,20,2,0,0,584,5282550,5283133,5.84,rest,1.2842
12355,24,2,0,0,390,7239429,7239818,3.9,rest,1.2842
6721,18,2,0,0,519,3946746,3947264,5.19,rest,1.2842
4624,15,3,0,0,437,2684774,2685210,4.37,rest,1.2817
5584,16,3,0,0,449,3229037,3229485,4.49,rest,1.2817
1566,11,3,0,0,524,910302,910825,5.24,rest,1.2817
12830,24,3,0,0,321,7469385,7469705,3.21,rest,1.2817
17917,5,2,0,0,615,10481079,10481693,6.15,rest,1.2817
8885,20,2,0,0,579,5249460,5250038,5.79,rest,1.2793
14743,27,2,0,0,497,8633472,8633968,4.97,rest,1.2793
11994,23,3,0,0,414,6982545,6982958,4.14,rest,1.2793
21075,9,2,0,0,559,12286083,12286641,5.59,rest,1.2793
11598,23,3,0,0,452,6791719,6792170,4.52,rest,1.2769
6828,18,3,0,0,543,3994904,3995446,5.43,rest,1.2769
11966,23,3,0,0,476,6961538,6962013,4.76,rest,1.2769
15790,2,3,0,0,446,9214172,9214617,4.46,rest,1.2769
3202,13,3,0,0,446,1843940,1844385,4.46,rest,1.2744
2631,13,2,0,0,692,1584905,1585596,6.92,rest,1.2744
15944,2,3,0,0,547,9289915,9290461,5.47,rest,1.2744
3634,14,3,0,0,403,2128906,2129308,4.03,rest,1.2744
4221,15,2,0,0,471,2498590,2499060,4.71,rest,1.2744
13661,26,2,0,0,512,8052892,8053403,5.12,rest,1.272
13655,26,2,0,0,535,8050431,8050965,5.35,rest,1.272
11612,23,3,0,0,352,6798312,6798663,3.52,rest,1.272
3566,14,3,0,0,395,2097355,2097749,3.95,rest,1.272
4588,15,3,0,0,500,2667666,2668165,5.0,rest,1.272
20002,7,3,0,0,538,11613838,11614375,5.38,rest,1.272
4002,14,3,0,0,295,2304880,2305174,2.95,rest,1.272
4658,15,3,0,0,437,2701580,2702016,4.37,rest,1.2695
11860,23,3,0,0,391,6913754,6914144,3.91,rest,1.2671
5484,16,3,0,0,619,3179609,3180227,6.19,rest,1.2671
20792,8,3,0,0,1921,12061961,12063881,19.21,rest,1.2671
7547,19,2,0,0,512,4421834,4422345,5.12,rest,1.2671
3606,14,3,0,0,424,2115591,2116014,4.24,rest,1.2671
18509,6,2,0,0,452,10851082,10851533,4.52,rest,1.2671
7662,19,3,0,0,459,4476514,4476972,4.59,rest,1.2671
14745,27,2,0,0,459,8634360,8634818,4.59,rest,1.2646
742,10,3,0,0,4837,422713,427549,48.37,rest,1.2646
14436,26,3,0,0,411,8403740,8404150,4.11,rest,1.2646
4678,15,3,0,0,503,2711048,2711550,5.03,rest,1.2646
15170,27,3,0,0,393,8825267,8825659,3.93,rest,1.2646
15577,2,2,0,0,436,9112541,9112976,4.36,rest,1.2622
3592,14,3,0,0,485,2109741,2110225,4.85,rest,1.2622
3956,14,3,0,0,471,2279850,2280320,4.71,rest,1.2598
18501,6,2,0,0,550,10847617,10848166,5.5,rest,1.2598
17769,5,2,0,0,354,10419395,10419748,3.54,rest,1.2598
17691,5,2,0,0,499,10386531,10387029,4.99,rest,1.2598
17701,5,2,0,0,427,10390797,10391223,4.27,rest,1.2573
4586,15,3,0,0,472,2666823,2667294,4.72,rest,1.2573
17737,5,2,0,0,486,10405790,10406275,4.86,rest,1.2573
4432,15,3,0,0,1414,2593411,2594824,14.14,rest,1.2573
6840,18,3,0,0,502,4000581,4001082,5.02,rest,1.2573
14603,27,2,0,0,470,8574784,8575253,4.7,rest,1.2573
18180,5,3,0,0,497,10599042,10599538,4.97,rest,1.2573
18683,6,2,0,0,433,10924065,10924497,4.33,rest,1.2549
11928,23,3,0,0,540,6944170,6944709,5.4,rest,1.2549
3638,14,3,0,0,381,2130520,2130900,3.81,rest,1.2549
18487,6,2,0,0,625,10841750,10842374,6.25,rest,1.2549
11578,23,3,0,0,532,6782236,6782767,5.32,rest,1.2549
9069,20,2,0,0,458,5327409,5327866,4.58,rest,1.2549
5586,16,3,0,0,513,3229853,3230365,5.13,rest,1.2524
9352,20,3,0,0,502,5454062,5454563,5.02,rest,1.2524
15976,2,3,0,0,651,9307989,9308639,6.51,rest,1.2524
4484,15,3,0,0,506,2618451,2618956,5.06,rest,1.2524
1031,11,2,0,0,436,654391,654826,4.36,rest,1.2524
7311,19,2,0,0,540,4322869,4323408,5.4,rest,1.2524
19114,6,3,0,0,429,11113455,11113883,4.29,rest,1.2524
4358,15,3,0,0,494,2556388,2556881,4.94,rest,1.2524
11188,22,3,0,0,3522,6511079,6514600,35.22,rest,1.25
5216,16,3,0,0,488,3060010,3060497,4.88,rest,1.25
17955,5,2,0,0,287,10497292,10497578,2.87,rest,1.25
1396,11,3,0,0,492,818221,818712,4.92,rest,1.25
13679,26,2,0,0,498,8060510,8061007,4.98,rest,1.2476
7413,19,2,0,0,341,4365809,4366149,3.41,rest,1.2476
18655,6,2,0,0,491,10912302,10912792,4.91,rest,1.2476
2402,12,3,0,0,431,1388211,1388641,4.31,rest,1.2476
4712,15,3,0,0,2689,2726422,2729110,26.89,rest,1.2476
15162,27,3,0,0,393,8821914,8822306,3.93,rest,1.2476
6894,18,3,0,0,546,4025765,4026310,5.46,rest,1.2476
15096,27,3,0,0,478,8791663,8792140,4.78,rest,1.2476
18639,6,2,0,0,354,10905690,10906043,3.54,rest,1.2476
3132,13,3,0,0,353,1810229,1810581,3.53,rest,1.2476
16812,3,3,0,0,390,9794790,9795179,3.9,rest,1.2476
3106,13,3,0,0,488,1798347,1798834,4.88,rest,1.2476
15297,2,2,0,0,536,8995149,8995684,5.36,rest,1.2476
1994,12,3,0,0,591,1195712,1196302,5.91,rest,1.2476
3632,14,3,0,0,438,2128023,2128460,4.38,rest,1.2476
19958,7,3,0,0,421,11591801,11592221,4.21,rest,1.2451
4201,15,2,0,0,533,2490142,2490674,5.33,rest,1.2451
10788,22,3,0,0,2554,6320220,6322773,25.54,rest,1.2451
7176,18,3,0,0,340,4158455,4158794,3.4,rest,1.2451
6162,17,3,0,0,475,3586622,3587096,4.75,rest,1.2427
17721,5,2,0,0,314,10399292,10399605,3.14,rest,1.2427
6790,18,3,0,0,428,3977285,3977712,4.28,rest,1.2427
3558,14,3,0,0,458,2093940,2094397,4.58,rest,1.2402
1452,11,3,0,0,596,843998,844593,5.96,rest,1.2402
4093,15,2,0,0,531,2444498,2445028,5.31,rest,1.2402
3904,14,3,0,0,402,2253498,2253899,4.02,rest,1.2402
17803,5,2,0,0,277,10433625,10433901,2.77,rest,1.2402
16496,3,3,0,0,552,9642075,9642626,5.52,rest,1.2402
17789,5,2,0,0,306,10427752,10428057,3.06,rest,1.2402
21171,9,2,0,0,503,12326423,12326925,5.03,rest,1.2402
17986,5,3,0,0,462,10510092,10510553,4.62,rest,1.2402
859,11,2,0,0,442,582319,582760,4.42,rest,1.2402
1182,11,3,0,0,401,719023,719423,4.01,rest,1.2378
364,10,3,0,0,477,254138,254614,4.77,rest,1.2378
18378,5,3,0,0,436,10688050,10688485,4.36,rest,1.2378
17693,5,2,0,0,407,10387444,10387850,4.07,rest,1.2378
11768,23,3,0,0,378,6869319,6869696,3.78,rest,1.2378
17743,5,2,0,0,449,10408390,10408838,4.49,rest,1.2354
19068,6,3,0,0,861,11093760,11094620,8.61,rest,1.2354
4598,15,3,0,0,427,2672041,2672467,4.27,rest,1.2354
4542,15,3,0,0,416,2645326,2645741,4.16,rest,1.2354
4642,15,3,0,0,382,2694039,2694420,3.82,rest,1.2354
11297,23,2,0,0,542,6664048,6664589,5.42,rest,1.2354
14655,27,2,0,0,473,8596481,8596953,4.73,rest,1.2354
3568,14,3,0,0,402,2098183,2098584,4.02,rest,1.2354
18854,6,3,0,0,495,10999559,11000053,4.95,rest,1.2329
11892,23,3,0,0,309,6928432,6928740,3.09,rest,1.2329
14822,27,3,0,0,403,8669077,8669479,4.03,rest,1.2329
2406,12,3,0,0,367,1389897,1390263,3.67,rest,1.2329
15990,2,3,0,0,454,9315480,9315933,4.54,rest,1.2329
3259,14,2,0,0,420,1968634,1969053,4.2,rest,1.2329
14689,27,2,0,0,422,8610788,8611209,4.22,rest,1.2329
17681,5,2,0,0,575,10382332,10382906,5.75,rest,1.2305
11982,23,3,0,0,460,6973036,6973495,4.6,rest,1.2305
20881,9,2,0,0,363,12204962,12205324,3.63,rest,1.2305
7421,19,2,0,0,272,4369211,4369482,2.72,rest,1.2305
17651,5,2,0,0,248,10369970,10370217,2.48,rest,1.2305
14747,27,2,0,0,459,8635189,8635647,4.59,rest,1.2305
12538,24,3,0,0,536,7322161,7322696,5.36,rest,1.2305
11646,23,3,0,0,411,6813355,6813765,4.11,rest,1.228
4117,15,2,0,0,493,2454693,2455185,4.93,rest,1.228
4608,15,3,0,0,803,2676200,2677002,8.03,rest,1.228
1893,12,2,0,0,521,1151232,1151752,5.21,rest,1.228
11788,23,3,0,0,307,6878607,6878913,3.07,rest,1.228
12392,24,3,0,0,2101,7254779,7256879,21.01,rest,1.2256
11341,23,2,0,0,573,6682584,6683156,5.73,rest,1.2256
11980,23,3,0,0,482,6972197,6972678,4.82,rest,1.2256
4323,15,2,0,0,533,2541699,2542231,5.33,rest,1.2256
15962,2,3,0,0,364,9302107,9302470,3.64,rest,1.2256
1065,11,2,0,0,529,668569,669097,5.29,rest,1.2256
4520,15,3,0,0,573,2633923,2634495,5.73,rest,1.2256
6723,18,2,0,0,400,3947667,3948066,4.0,rest,1.2256
5556,16,3,0,0,564,3215448,3216011,5.64,rest,1.2256
6681,18,2,0,0,595,3929806,3930400,5.95,rest,1.2256
12692,24,3,0,0,1919,7392856,7394774,19.19,rest,1.2231
9544,20,3,0,0,1699,5540165,5541863,16.99,rest,1.2231
13641,26,2,0,0,483,8044463,8044945,4.83,rest,1.2231
18499,6,2,0,0,343,10846987,10847329,3.43,rest,1.2207
18192,5,3,0,0,358,10605129,10605486,3.58,rest,1.2207
18451,6,2,0,0,274,10826863,10827136,2.74,rest,1.2207
7014,18,3,0,0,541,4078272,4078812,5.41,rest,1.2207
18515,6,2,0,0,527,10853541,10854067,5.27,rest,1.2207
1027,11,2,0,0,448,652733,653180,4.48,rest,1.2207
3628,14,3,0,0,434,2125654,2126087,4.34,rest,1.2207
17677,5,2,0,0,474,10380821,10381294,4.74,rest,1.2183
8382,1,3,0,0,2432,4902614,4905045,24.32,rest,1.2183
1158,11,3,0,0,362,707573,707934,3.62,rest,1.2183
8141,1,2,0,0,594,4801547,4802140,5.94,rest,1.2183
14773,27,2,0,0,454,8646090,8646543,4.54,rest,1.2158
10248,21,3,0,0,402,5968125,5968526,4.02,rest,1.2158
18733,6,2,0,0,310,10945191,10945500,3.1,rest,1.2158
5266,16,3,0,0,501,3082634,3083134,5.01,rest,1.2158
4083,15,2,0,0,502,2440256,2440757,5.02,rest,1.2158
4452,15,3,0,0,1551,2602751,2604301,15.51,rest,1.2158
2641,13,2,0,0,607,1589137,1589743,6.07,rest,1.2158
6417,18,2,0,0,430,3818820,3819249,4.3,rest,1.2158
15208,27,3,0,0,526,8854354,8854879,5.26,rest,1.2158
17703,5,2,0,0,476,10391550,10392025,4.76,rest,1.2158
2435,13,2,0,0,551,1502757,1503307,5.51,rest,1.2134
14657,27,2,0,0,527,8597292,8597818,5.27,rest,1.2134
11622,23,3,0,0,488,6802351,6802838,4.88,rest,1.2134
17753,5,2,0,0,441,10412631,10413071,4.41,rest,1.2134
11491,23,2,0,0,448,6745750,6746197,4.48,rest,1.2134
4067,15,2,0,0,483,2433515,2433997,4.83,rest,1.2134
1490,11,3,0,0,486,860950,861435,4.86,rest,1.2134
12195,24,2,0,0,475,7171998,7172472,4.75,rest,1.2134
15509,2,2,0,0,542,9083963,9084504,5.42,rest,1.2109
9075,20,2,0,0,496,5329931,5330426,4.96,rest,1.2109
17793,5,2,0,0,462,10429259,10429720,4.62,rest,1.2109
8020,19,3,0,0,415,4649904,4650318,4.15,rest,1.2109
4382,15,3,0,0,509,2569574,2570082,5.09,rest,1.2109
9172,20,3,0,0,484,5370874,5371357,4.84,rest,1.2085
13635,26,2,0,0,416,8042015,8042430,4.16,rest,1.2085
11718,23,3,0,0,396,6846516,6846911,3.96,rest,1.2085
19110,6,3,0,0,301,11111958,11112258,3.01,rest,1.2061
2932,13,3,0,0,489,1721617,1722105,4.89,rest,1.2061
17630,4,3,0,0,327,10260323,10260649,3.27,rest,1.2061
17757,5,2,0,0,595,10414121,10414715,5.95,rest,1.2061
17990,5,3,0,0,492,10511739,10512230,4.92,rest,1.2061
14420,26,3,0,0,405,8397048,8397452,4.05,rest,1.2061
2336,12,3,0,0,374,1348717,1349090,3.74,rest,1.2036
12582,24,3,0,0,462,7342617,7343078,4.62,rest,1.2036
1496,11,3,0,0,437,863537,863973,4.37,rest,1.2036
4436,15,3,0,0,547,2595966,2596512,5.47,rest,1.2036
1047,11,2,0,0,507,661166,661672,5.07,rest,1.2036
4656,15,3,0,0,404,2700787,2701190,4.04,rest,1.2012
10270,21,3,0,0,449,5979269,5979717,4.49,rest,1.2012
18178,5,3,0,0,549,10598188,10598736,5.49,rest,1.2012
17783,5,2,0,0,425,10425095,10425519,4.25,rest,1.2012
7325,19,2,0,0,495,4328781,4329275,4.95,rest,1.2012
17799,5,2,0,0,245,10431987,10432231,2.45,rest,1.2012
3552,14,3,0,0,432,2091480,2091911,4.32,rest,1.2012
3204,13,3,0,0,483,1844723,1845205,4.83,rest,1.2012
4534,15,3,0,0,429,2641943,2642371,4.29,rest,1.2012
17791,5,2,0,0,244,10428639,10428882,2.44,rest,1.1987
4592,15,3,0,0,747,2669314,2670060,7.47,rest,1.1987
6296,17,3,0,0,1524,3648744,3650267,15.24,rest,1.1987
21284,9,3,0,0,501,12381039,12381539,5.01,rest,1.1987
15830,2,3,0,0,508,9235336,9235843,5.08,rest,1.1987
9111,20,2,0,0,588,5345119,5345706,5.88,rest,1.1963
14894,27,3,0,0,490,8701260,8701749,4.9,rest,1.1963
1150,11,3,0,0,421,704204,704624,4.21,rest,1.1963
17777,5,2,0,0,386,10422625,10423010,3.86,rest,1.1963
12004,23,3,0,0,371,6986740,6987110,3.71,rest,1.1963
19417,7,2,0,0,432,11348581,11349012,4.32,rest,1.1938
12478,24,3,0,0,379,7294865,7295243,3.79,rest,1.1938
18657,6,2,0,0,425,10913199,10913623,4.25,rest,1.1938
18394,5,3,0,0,475,10697227,10697701,4.75,rest,1.1938
5480,16,3,0,0,472,3178098,3178569,4.72,rest,1.1938
14282,26,3,0,0,506,8324283,8324788,5.06,rest,1.1938
1328,11,3,0,0,553,786490,787042,5.53,rest,1.1914
7477,19,2,0,0,524,4392432,4392955,5.24,rest,1.1914
1520,11,3,0,0,469,874188,874656,4.69,rest,1.1914
17947,5,2,0,0,408,10493893,10494300,4.08,rest,1.1914
2523,13,2,0,0,553,1539731,1540283,5.53,rest,1.1914
4299,15,2,0,0,516,2531568,2532083,5.16,rest,1.1914
2354,12,3,0,0,486,1361726,1362211,4.86,rest,1.1914
11978,23,3,0,0,446,6971316,6971761,4.46,rest,1.1914
1262,11,3,0,0,451,755205,755655,4.51,rest,1.189
17813,5,2,0,0,456,10437655,10438110,4.56,rest,1.189
15194,27,3,0,0,344,8843380,8843723,3.44,rest,1.189
13645,26,2,0,0,381,8046195,8046575,3.81,rest,1.189
12000,23,3,0,0,396,6985065,6985460,3.96,rest,1.189
2411,13,2,0,0,492,1492731,1493222,4.92,rest,1.189
18446,5,3,0,0,300,10723714,10724013,3.0,rest,1.189
18868,6,3,0,0,644,11005591,11006234,6.44,rest,1.1865
18685,6,2,0,0,487,10924789,10925275,4.87,rest,1.1865
4676,15,3,0,0,412,2710293,2710704,4.12,rest,1.1865
6597,18,2,0,0,517,3894579,3895095,5.17,rest,1.1865
348,10,3,0,0,525,246062,246586,5.25,rest,1.1865
14284,26,3,0,0,500,8325066,8325565,5.0,rest,1.1841
12664,24,3,0,0,419,7379877,7380295,4.19,rest,1.1841
7287,19,2,0,0,494,4312777,4313270,4.94,rest,1.1816
11884,23,3,0,0,591,6924160,6924750,5.91,rest,1.1816
8865,20,2,0,0,573,5240961,5241533,5.73,rest,1.1816
2417,13,2,0,0,454,1495295,1495748,4.54,rest,1.1816
7646,19,3,0,0,524,4469028,4469551,5.24,rest,1.1816
18006,5,3,0,0,2067,10518328,10520394,20.67,rest,1.1816
3395,14,2,0,0,406,2025714,2026119,4.06,rest,1.1816
939,11,2,0,0,371,615945,616315,3.71,rest,1.1816
11874,23,3,0,0,520,6920012,6920531,5.2,rest,1.1792
18060,5,3,0,0,610,10544944,10545553,6.1,rest,1.1792
6860,18,3,0,0,241,4011300,4011540,2.41,rest,1.1792
4945,16,2,0,0,524,2943127,2943650,5.24,rest,1.1792
11309,23,2,0,0,586,6669105,6669690,5.86,rest,1.1792
18022,5,3,0,0,371,10526606,10526976,3.71,rest,1.1792
16564,3,3,0,0,374,9674292,9674665,3.74,rest,1.1768
17895,5,2,0,0,533,10471972,10472504,5.33,rest,1.1768
2388,12,3,0,0,376,1382399,1382774,3.76,rest,1.1768
12398,24,3,0,0,618,7258886,7259503,6.18,rest,1.1768
15122,27,3,0,0,552,8803785,8804336,5.52,rest,1.1768
15138,27,3,0,0,1089,8810490,8811578,10.89,rest,1.1768
19674,7,3,0,0,409,11458915,11459323,4.09,rest,1.1768
14962,27,3,0,0,417,8732062,8732478,4.17,rest,1.1743
12802,24,3,0,0,455,7452941,7453395,4.55,rest,1.1743
3730,14,3,0,0,1158,2174380,2175537,11.58,rest,1.1743
10258,21,3,0,0,446,5972288,5972733,4.46,rest,1.1743
16808,3,3,0,0,534,9793127,9793660,5.34,rest,1.1743
19495,7,2,0,0,375,11381375,11381749,3.75,rest,1.1743
1534,11,3,0,0,429,880894,881322,4.29,rest,1.1743
11672,23,3,0,0,444,6826426,6826869,4.44,rest,1.1743
17771,5,2,0,0,447,10420131,10420577,4.47,rest,1.1719
11463,23,2,0,0,569,6733869,6734437,5.69,rest,1.1719
6651,18,2,0,0,567,3917140,3917706,5.67,rest,1.1719
16782,3,3,0,0,3633,9775157,9778789,36.33,rest,1.1719
4267,15,2,0,0,622,2517992,2518613,6.22,rest,1.1719
2499,13,2,0,0,597,1529626,1530222,5.97,rest,1.1719
17173,4,2,0,0,589,10049677,10050265,5.89,rest,1.1719
1334,11,3,0,0,521,789005,789525,5.21,rest,1.1694
4151,15,2,0,0,456,2469124,2469579,4.56,rest,1.1694
3269,14,2,0,0,599,1972724,1973322,5.99,rest,1.1694
6896,18,3,0,0,384,4026749,4027132,3.84,rest,1.1694
12412,24,3,0,0,721,7264928,7265648,7.21,rest,1.1694
12800,24,3,0,0,536,7452089,7452624,5.36,rest,1.1694
19774,7,3,0,0,455,11507543,11507997,4.55,rest,1.1694
16484,3,3,0,0,454,9637167,9637620,4.54,rest,1.1694
10268,21,3,0,0,436,5978438,5978873,4.36,rest,1.167
13755,26,2,0,0,624,8092666,8093289,6.24,rest,1.167
15974,2,3,0,0,323,9307139,9307461,3.23,rest,1.167
2302,12,3,0,0,403,1332927,1333329,4.03,rest,1.167
7437,19,2,0,0,367,4375770,4376136,3.67,rest,1.167
18607,6,2,0,0,504,10892127,10892630,5.04,rest,1.167
10278,21,3,0,0,492,5982579,5983070,4.92,rest,1.167
3958,14,3,0,0,299,2280780,2281078,2.99,rest,1.1646
18032,5,3,0,0,534,10530788,10531321,5.34,rest,1.1646
9073,20,2,0,0,447,5329149,5329595,4.47,rest,1.1646
4410,15,3,0,0,502,2582638,2583139,5.02,rest,1.1646
4384,15,3,0,0,545,2570385,2570929,5.45,rest,1.1646
14434,26,3,0,0,344,8402991,8403334,3.44,rest,1.1646
19551,7,2,0,0,375,11404879,11405253,3.75,rest,1.1646
378,10,3,0,0,472,259861,260332,4.72,rest,1.1646
5536,16,3,0,0,282,3203835,3204116,2.82,rest,1.1646
21165,9,2,0,0,459,12323912,12324370,4.59,rest,1.1621
4800,15,3,0,0,443,2781279,2781721,4.43,rest,1.1621
4209,15,2,0,0,515,2493524,2494038,5.15,rest,1.1621
6639,18,2,0,0,484,3912155,3912638,4.84,rest,1.1621
13699,26,2,0,0,626,8068915,8069540,6.26,rest,1.1621
18080,5,3,0,0,418,10554002,10554419,4.18,rest,1.1621
7403,19,2,0,0,483,4361516,4361998,4.83,rest,1.1621
17733,5,2,0,0,548,10404124,10404671,5.48,rest,1.1621
17971,5,2,0,0,441,10503860,10504300,4.41,rest,1.1621
16925,4,2,0,0,315,9945940,9946254,3.15,rest,1.1621
1152,11,3,0,0,530,704965,705494,5.3,rest,1.1621
19996,7,3,0,0,434,11611499,11611932,4.34,rest,1.1597
20022,7,3,0,0,402,11626272,11626673,4.02,rest,1.1597
19281,7,2,0,0,442,11291349,11291790,4.42,rest,1.1572
12103,24,2,0,0,496,7132993,7133488,4.96,rest,1.1572
7277,19,2,0,0,450,4308628,4309077,4.5,rest,1.1572
14771,27,2,0,0,396,8645250,8645645,3.96,rest,1.1572
18318,5,3,0,0,254,10660985,10661238,2.54,rest,1.1572
17929,5,2,0,0,649,10486148,10486796,6.49,rest,1.1572
17709,5,2,0,0,513,10394203,10394715,5.13,rest,1.1572
15477,2,2,0,0,562,9070536,9071097,5.62,rest,1.1548
18717,6,2,0,0,391,10938320,10938710,3.91,rest,1.1548
16004,2,3,0,0,558,9324840,9325397,5.58,rest,1.1548
17843,5,2,0,0,478,10450225,10450702,4.78,rest,1.1548
18046,5,3,0,0,3102,10536634,10539735,31.02,rest,1.1548
14406,26,3,0,0,529,8388235,8388763,5.29,rest,1.1523
18673,6,2,0,0,368,10919908,10920275,3.68,rest,1.1523
19684,7,3,0,0,412,11463096,11463507,4.12,rest,1.1523
1972,12,3,0,0,408,1186461,1186868,4.08,rest,1.1523
927,11,2,0,0,544,610780,611323,5.44,rest,1.1523
15567,2,2,0,0,428,9108365,9108792,4.28,rest,1.1523
11962,23,3,0,0,453,6959932,6960384,4.53,rest,1.1523
4640,15,3,0,0,417,2693212,2693628,4.17,rest,1.1523
21534,9,3,0,0,1150,12496153,12497302,11.5,rest,1.1523
17981,5,2,0,0,403,10508090,10508492,4.03,rest,1.1499
19942,7,3,0,0,413,11584506,11584918,4.13,rest,1.1499
2266,12,3,0,0,884,1316685,1317568,8.84,rest,1.1499
4494,15,3,0,0,449,2622859,2623307,4.49,rest,1.1499
2314,12,3,0,0,518,1338422,1338939,5.18,rest,1.1499
21456,9,3,0,0,439,12461260,12461698,4.39,rest,1.1499
14044,26,3,0,0,568,8216957,8217524,5.68,rest,1.1499
12822,24,3,0,0,420,7466026,7466445,4.2,rest,1.1475
4602,15,3,0,0,523,2673690,2674212,5.23,rest,1.1475
17649,5,2,0,0,244,10369133,10369376,2.44,rest,1.1475
11776,23,3,0,0,411,6873391,6873801,4.11,rest,1.1475
3096,13,3,0,0,306,1794379,1794684,3.06,rest,1.1475
4732,15,3,0,0,1691,2737100,2738790,16.91,rest,1.1475
4474,15,3,0,0,411,2614341,2614751,4.11,rest,1.1475
9166,20,3,0,0,482,5368354,5368835,4.82,rest,1.1475
4380,15,3,0,0,650,2568734,2569383,6.5,rest,1.145
13945,26,2,0,0,454,8173057,8173510,4.54,rest,1.145
4275,15,2,0,0,426,2521491,2521916,4.26,rest,1.145
1214,11,3,0,0,488,733821,734308,4.88,rest,1.145
11694,23,3,0,0,334,6836431,6836764,3.34,rest,1.145
11954,23,3,0,0,375,6956557,6956931,3.75,rest,1.145
3554,14,3,0,0,461,2092285,2092745,4.61,rest,1.145
4271,15,2,0,0,605,2519629,2520233,6.05,rest,1.145
1450,11,3,0,0,550,843155,843704,5.5,rest,1.1426
2423,13,2,0,0,577,1497746,1498322,5.77,rest,1.1426
18503,6,2,0,0,552,10848447,10848998,5.52,rest,1.1426
10246,21,3,0,0,1399,5966348,5967746,13.99,rest,1.1426
8839,20,2,0,0,517,5230004,5230520,5.17,rest,1.1426
4614,15,3,0,0,412,2680580,2680991,4.12,rest,1.1426
4716,15,3,0,0,502,2730276,2730777,5.02,rest,1.1426
12806,24,3,0,0,517,7454604,7455120,5.17,rest,1.1426
3572,14,3,0,0,420,2101123,2101542,4.2,rest,1.1426
17965,5,2,0,0,501,10501248,10501748,5.01,rest,1.1426
14080,26,3,0,0,507,8233644,8234150,5.07,rest,1.1426
11730,23,3,0,0,1702,6851521,6853222,17.02,rest,1.1401
3120,13,3,0,0,511,1804286,1804796,5.11,rest,1.1401
18461,6,2,0,0,271,10831057,10831327,2.71,rest,1.1401
13939,26,2,0,0,432,8170538,8170969,4.32,rest,1.1377
15188,27,3,0,0,526,8840791,8841316,5.26,rest,1.1377
11774,23,3,0,0,507,6872526,6873032,5.07,rest,1.1377
19088,6,3,0,0,647,11102404,11103050,6.47,rest,1.1377
2016,12,3,0,0,423,1205868,1206290,4.23,rest,1.1353
17679,5,2,0,0,426,10381633,10382058,4.26,rest,1.1353
10250,21,3,0,0,327,5969073,5969399,3.27,rest,1.1353
19980,7,3,0,0,437,11602207,11602643,4.37,rest,1.1353
8917,20,2,0,0,519,5263083,5263601,5.19,rest,1.1353
8652,1,3,0,0,648,5037413,5038060,6.48,rest,1.1353
18457,6,2,0,0,277,10829380,10829656,2.77,rest,1.1353
10260,21,3,0,0,520,5973057,5973576,5.2,rest,1.1353
15533,2,2,0,0,558,9093980,9094537,5.58,rest,1.1353
17885,5,2,0,0,343,10467963,10468305,3.43,rest,1.1353
14378,26,3,0,0,393,8371978,8372370,3.93,rest,1.1353
18579,6,2,0,0,399,10880458,10880856,3.99,rest,1.1328
20877,9,2,0,0,260,12203350,12203609,2.6,rest,1.1328
15648,2,3,0,0,574,9145981,9146554,5.74,rest,1.1328
17715,5,2,0,0,262,10396786,10397047,2.62,rest,1.1328
3291,14,2,0,0,542,1981974,1982515,5.42,rest,1.1328
17671,5,2,0,0,482,10378259,10378740,4.82,rest,1.1328
15834,2,3,0,0,490,9237004,9237493,4.9,rest,1.1304
17943,5,2,0,0,537,10492026,10492562,5.37,rest,1.1304
891,11,2,0,0,448,595692,596139,4.48,rest,1.1304
4035,15,2,0,0,502,2420007,2420508,5.02,rest,1.1304
11393,23,2,0,0,354,6704685,6705038,3.54,rest,1.1304
5592,16,3,0,0,410,3232413,3232822,4.1,rest,1.1304
17179,4,2,0,0,600,10052239,10052838,6.0,rest,1.1279
17171,4,2,0,0,355,10049067,10049421,3.55,rest,1.1279
7423,19,2,0,0,429,4369902,4370330,4.29,rest,1.1279
15124,27,3,0,0,409,8804766,8805174,4.09,rest,1.1279
18408,5,3,0,0,451,10706248,10706698,4.51,rest,1.1279
18988,6,3,0,0,659,11058956,11059614,6.59,rest,1.1279
9536,20,3,0,0,482,5536838,5537319,4.82,rest,1.1279
14422,26,3,0,0,401,8397880,8398280,4.01,rest,1.1279
4049,15,2,0,0,527,2425885,2426411,5.27,rest,1.1255
4746,15,3,0,0,477,2744159,2744635,4.77,rest,1.1255
18140,5,3,0,0,284,10580648,10580931,2.84,rest,1.1255
18112,5,3,0,0,407,10568594,10569000,4.07,rest,1.1255
18328,5,3,0,0,340,10666163,10666502,3.4,rest,1.1255
9272,20,3,0,0,340,5416144,5416483,3.4,rest,1.1255
2046,12,3,0,0,1193,1219128,1220320,11.93,rest,1.123
3934,14,3,0,0,331,2267535,2267865,3.31,rest,1.123
14800,27,3,0,0,502,8658243,8658744,5.02,rest,1.123
4295,15,2,0,0,517,2529882,2530398,5.17,rest,1.123
11780,23,3,0,0,397,6875210,6875606,3.97,rest,1.123
17927,5,2,0,0,538,10485418,10485955,5.38,rest,1.123
6826,18,3,0,0,456,3994141,3994596,4.56,rest,1.123
3241,14,2,0,0,375,1961058,1961432,3.75,rest,1.123
12123,24,2,0,0,571,7141412,7141982,5.71,rest,1.123
5228,16,3,0,0,561,3065022,3065582,5.61,rest,1.123
11570,23,3,0,0,443,6779016,6779458,4.43,rest,1.123
7467,19,2,0,0,400,4388388,4388787,4.0,rest,1.123
15120,27,3,0,0,446,8803045,8803490,4.46,rest,1.123
11756,23,3,0,0,550,6864149,6864698,5.5,rest,1.1206
11088,22,3,0,0,1191,6461375,6462565,11.91,rest,1.1206
18376,5,3,0,0,388,10687269,10687656,3.88,rest,1.1206
17590,4,3,0,0,340,10240291,10240630,3.4,rest,1.1206
17897,5,2,0,0,600,10472752,10473351,6.0,rest,1.1206
9534,20,3,0,0,485,5535994,5536478,4.85,rest,1.1206
20832,8,3,0,0,1709,12082198,12083906,17.09,rest,1.1206
17618,4,3,0,0,400,10253512,10253911,4.0,rest,1.1182
10140,21,3,0,0,558,5917882,5918439,5.58,rest,1.1182
12165,24,2,0,0,638,7159144,7159781,6.38,rest,1.1182
14828,27,3,0,0,324,8671577,8671900,3.24,rest,1.1182
2591,13,2,0,0,591,1568182,1568772,5.91,rest,1.1182
16804,3,3,0,0,381,9791502,9791882,3.81,rest,1.1182
13554,25,3,0,0,1965,7891142,7893106,19.65,rest,1.1182
17869,5,2,0,0,468,10461135,10461602,4.68,rest,1.1182
4321,15,2,0,0,481,2540858,2541338,4.81,rest,1.1182
4203,15,2,0,0,427,2491092,2491518,4.27,rest,1.1157
15998,2,3,0,0,332,9319013,9319344,3.32,rest,1.1157
9099,20,2,0,0,501,5340093,5340593,5.01,rest,1.1157
18182,5,3,0,0,522,10599852,10600373,5.22,rest,1.1157
12361,24,2,0,0,387,7241975,7242361,3.87,rest,1.1157
11108,22,3,0,0,1857,6470418,6472274,18.57,rest,1.1157
3600,14,3,0,0,445,2113089,2113533,4.45,rest,1.1157
18424,5,3,0,0,454,10712865,10713318,4.54,rest,1.1157
5246,16,3,0,0,372,3073479,3073850,3.72,rest,1.1133
14625,27,2,0,0,643,8583876,8584518,6.43,rest,1.1133
2166,12,3,0,0,673,1272365,1273037,6.73,rest,1.1133
885,11,2,0,0,519,593118,593636,5.19,rest,1.1133
3586,14,3,0,0,428,2107028,2107455,4.28,rest,1.1133
15261,2,2,0,0,481,8980145,8980625,4.81,rest,1.1133
17992,5,3,0,0,513,10512524,10513036,5.13,rest,1.1133
9540,20,3,0,0,514,5538496,5539009,5.14,rest,1.1133
15786,2,3,0,0,365,9212551,9212915,3.65,rest,1.1133
19944,7,3,0,0,439,11585297,11585735,4.39,rest,1.1133
13536,25,3,0,0,435,7883589,7884023,4.35,rest,1.1133
5578,16,3,0,0,499,3226535,3227033,4.99,rest,1.1108
18707,6,2,0,0,532,10934073,10934604,5.32,rest,1.1108
2380,12,3,0,0,524,1377085,1377608,5.24,rest,1.1108
8919,20,2,0,0,563,5263871,5264433,5.63,rest,1.1108
4584,15,3,0,0,401,2666046,2666446,4.01,rest,1.1108
3920,14,3,0,0,287,2260820,2261106,2.87,rest,1.1108
10112,21,3,0,0,565,5905195,5905759,5.65,rest,1.1108
4420,15,3,0,0,441,2588358,2588798,4.41,rest,1.1108
11327,23,2,0,0,542,6676677,6677218,5.42,rest,1.1108
11592,23,3,0,0,477,6789191,6789667,4.77,rest,1.1108
4927,16,2,0,0,519,2935516,2936034,5.19,rest,1.1108
12201,24,2,0,0,537,7174443,7174979,5.37,rest,1.1108
14691,27,2,0,0,422,8611750,8612171,4.22,rest,1.1084
5582,16,3,0,0,485,3228232,3228716,4.85,rest,1.1084
4097,15,2,0,0,415,2446244,2446658,4.15,rest,1.1084
7780,19,3,0,0,3858,4528936,4532793,38.58,rest,1.1084
4590,15,3,0,0,458,2668506,2668963,4.58,rest,1.106
3756,14,3,0,0,403,2187308,2187710,4.03,rest,1.106
4508,15,3,0,0,470,2628742,2629211,4.7,rest,1.106
4462,15,3,0,0,411,2608023,2608433,4.11,rest,1.106
1382,11,3,0,0,570,810300,810869,5.7,rest,1.106
17017,4,2,0,0,428,9984434,9984861,4.28,rest,1.106
8897,20,2,0,0,456,5254612,5255067,4.56,rest,1.1035
370,10,3,0,0,448,256576,257023,4.48,rest,1.1035
6719,18,2,0,0,450,3945921,3946370,4.5,rest,1.1035
11660,23,3,0,0,399,6819936,6820334,3.99,rest,1.1035
12402,24,3,0,0,466,7260647,7261112,4.66,rest,1.1035
11417,23,2,0,0,473,6714616,6715088,4.73,rest,1.1035
774,10,3,0,0,378,443958,444335,3.78,rest,1.1035
1639,12,2,0,0,525,1044925,1045449,5.25,rest,1.1035
13278,25,3,0,0,497,7764509,7765005,4.97,rest,1.1011
18238,5,3,0,0,477,10624974,10625450,4.77,rest,1.1011
11720,23,3,0,0,446,6847302,6847747,4.46,rest,1.1011
16474,3,3,0,0,342,9632324,9632665,3.42,rest,1.1011
14308,26,3,0,0,465,8335843,8336307,4.65,rest,1.1011
1998,12,3,0,0,532,1197445,1197976,5.32,rest,1.1011
4813,16,2,0,0,467,2887872,2888338,4.67,rest,1.1011
16656,3,3,0,0,453,9715819,9716271,4.53,rest,1.1011
1594,11,3,0,0,445,925346,925790,4.45,rest,1.1011
9592,20,3,0,0,481,5573213,5573693,4.81,rest,1.0986
19361,7,2,0,0,554,11324917,11325470,5.54,rest,1.0986
5879,17,2,0,0,584,3456850,3457433,5.84,rest,1.0962
6627,18,2,0,0,579,3907097,3907675,5.79,rest,1.0962
6932,18,3,0,0,502,4042096,4042597,5.02,rest,1.0962
19499,7,2,0,0,621,11382801,11383421,6.21,rest,1.0962
8913,20,2,0,0,534,5261369,5261902,5.34,rest,1.0962
1356,11,3,0,0,532,798223,798754,5.32,rest,1.0962
1224,11,3,0,0,1075,738059,739133,10.75,rest,1.0962
11832,23,3,0,0,369,6901475,6901843,3.69,rest,1.0938
5516,16,3,0,0,428,3194776,3195203,4.28,rest,1.0938
15880,2,3,0,0,1441,9259031,9260471,14.41,rest,1.0938
19890,7,3,0,0,833,11560094,11560926,8.33,rest,1.0938
12808,24,3,0,0,517,7455434,7455950,5.17,rest,1.0938
4827,16,2,0,0,453,2893655,2894107,4.53,rest,1.0938
19234,6,3,0,0,407,11167945,11168351,4.07,rest,1.0913
11796,23,3,0,0,610,6883187,6883796,6.1,rest,1.0913
5474,16,3,0,0,1312,3174758,3176069,13.12,rest,1.0913
11028,22,3,0,0,1242,6432983,6434224,12.42,rest,1.0913
3662,14,3,0,0,424,2141419,2141842,4.24,rest,1.0913
2707,13,2,0,0,597,1616819,1617415,5.97,rest,1.0913
1592,11,3,0,0,399,924501,924899,3.99,rest,1.0913
8909,20,2,0,0,563,5259672,5260234,5.63,rest,1.0913
2589,13,2,0,0,571,1567427,1567997,5.71,rest,1.0889
7214,18,3,0,0,344,4181103,4181446,3.44,rest,1.0889
17216,4,3,0,0,546,10069294,10069839,5.46,rest,1.0889
20014,7,3,0,0,465,11622863,11623327,4.65,rest,1.0889
6796,18,3,0,0,331,3979919,3980249,3.31,rest,1.0889
9248,20,3,0,0,435,5405571,5406005,4.35,rest,1.0889
19658,7,3,0,0,430,11451550,11451979,4.3,rest,1.0889
3531,14,2,0,0,514,2082671,2083184,5.14,rest,1.0889
14082,26,3,0,0,524,8234447,8234970,5.24,rest,1.0889
7924,19,3,0,0,482,4599213,4599694,4.82,rest,1.0889
9027,20,2,0,0,440,5309711,5310150,4.4,rest,1.0889
11537,23,2,0,0,450,6765198,6765647,4.5,rest,1.0864
5400,16,3,0,0,523,3140867,3141389,5.23,rest,1.0864
9532,20,3,0,0,461,5535134,5535594,4.61,rest,1.0864
2637,13,2,0,0,641,1587437,1588077,6.41,rest,1.0864
3666,14,3,0,0,379,2143117,2143495,3.79,rest,1.0864
11782,23,3,0,0,453,6875968,6876420,4.53,rest,1.0864
17735,5,2,0,0,599,10404937,10405535,5.99,rest,1.0864
15216,27,3,0,0,516,8857741,8858256,5.16,rest,1.0864
15479,2,2,0,0,538,9071384,9071921,5.38,rest,1.0864
14884,27,3,0,0,450,8697150,8697599,4.5,rest,1.0864
11986,23,3,0,0,561,6974575,6975135,5.61,rest,1.0864
11545,23,2,0,0,430,6768568,6768997,4.3,rest,1.0864
1550,11,3,0,0,477,898009,898485,4.77,rest,1.084
10262,21,3,0,0,286,5974116,5974401,2.86,rest,1.084
4183,15,2,0,0,489,2482595,2483083,4.89,rest,1.084
18326,5,3,0,0,1439,10664334,10665772,14.39,rest,1.084
2607,13,2,0,0,615,1574932,1575546,6.15,rest,1.084
3198,13,3,0,0,516,1842189,1842704,5.16,rest,1.084
11902,23,3,0,0,656,6932654,6933309,6.56,rest,1.084
5438,16,3,0,0,699,3158464,3159162,6.99,rest,1.084
19491,7,2,0,0,405,11379665,11380069,4.05,rest,1.084
14763,27,2,0,0,461,8641840,8642300,4.61,rest,1.084
18483,6,2,0,0,479,10840113,10840591,4.79,rest,1.084
9176,20,3,0,0,481,5372521,5373001,4.81,rest,1.084
21602,9,3,0,0,367,12527875,12528241,3.67,rest,1.084
17959,5,2,0,0,365,10498883,10499247,3.65,rest,1.0815
6956,18,3,0,0,458,4052886,4053343,4.58,rest,1.0815
17849,5,2,0,0,410,10452783,10453192,4.1,rest,1.0815
7417,19,2,0,0,461,4367356,4367816,4.61,rest,1.0815
1342,11,3,0,0,530,792365,792894,5.3,rest,1.0815
11804,23,3,0,0,556,6886559,6887114,5.56,rest,1.0815
18511,6,2,0,0,487,10851868,10852354,4.87,rest,1.0815
18525,6,2,0,0,490,10857752,10858241,4.9,rest,1.0815
7251,19,2,0,0,571,4297583,4298153,5.71,rest,1.0815
8604,1,3,0,0,441,5011528,5011968,4.41,rest,1.0815
11574,23,3,0,0,418,6780680,6781097,4.18,rest,1.0791
4081,15,2,0,0,471,2439464,2439934,4.71,rest,1.0791
16490,3,3,0,0,516,9639634,9640149,5.16,rest,1.0791
7293,19,2,0,0,253,4315510,4315762,2.53,rest,1.0791
13921,26,2,0,0,620,8162770,8163389,6.2,rest,1.0791
4808,15,3,0,0,392,2784676,2785067,3.92,rest,1.0791
11293,23,2,0,0,581,6662366,6662946,5.81,rest,1.0791
3598,14,3,0,0,430,2112310,2112739,4.3,rest,1.0791
3407,14,2,0,0,413,2030768,2031180,4.13,rest,1.0791
15491,2,2,0,0,480,9076493,9076972,4.8,rest,1.0767
18687,6,2,0,0,507,10925624,10926130,5.07,rest,1.0767
13288,25,3,0,0,452,7768760,7769211,4.52,rest,1.0767
17801,5,2,0,0,283,10432807,10433089,2.83,rest,1.0767
11449,23,2,0,0,489,6728084,6728572,4.89,rest,1.0767
11794,23,3,0,0,575,6882370,6882944,5.75,rest,1.0767
8949,20,2,0,0,517,5276645,5277161,5.17,rest,1.0767
11926,23,3,0,0,483,6943404,6943886,4.83,rest,1.0767
19696,7,3,0,0,396,11468705,11469100,3.96,rest,1.0767
18850,6,3,0,0,346,10998028,10998373,3.46,rest,1.0767
1432,11,3,0,0,445,835043,835487,4.45,rest,1.0767
5234,16,3,0,0,1434,3067510,3068943,14.34,rest,1.0742
14400,26,3,0,0,451,8385765,8386215,4.51,rest,1.0742
1671,12,2,0,0,495,1058383,1058877,4.95,rest,1.0742
6655,18,2,0,0,559,3918861,3919419,5.59,rest,1.0742
19519,7,2,0,0,568,11391214,11391781,5.68,rest,1.0742
5115,16,2,0,0,450,3014362,3014811,4.5,rest,1.0742
4329,15,2,0,0,496,2544177,2544672,4.96,rest,1.0742
3590,14,3,0,0,724,2108656,2109379,7.24,rest,1.0742
3670,14,3,0,0,1023,2144733,2145755,10.23,rest,1.0742
3339,14,2,0,0,326,2002361,2002686,3.26,rest,1.0742
17775,5,2,0,0,317,10421858,10422174,3.17,rest,1.0742
1659,12,2,0,0,486,1053353,1053838,4.86,rest,1.0742
3656,14,3,0,0,500,2138901,2139400,5.0,rest,1.0742
11754,23,3,0,0,429,6863347,6863775,4.29,rest,1.0742
13434,25,3,0,0,1585,7835818,7837402,15.85,rest,1.0742
19006,6,3,0,0,506,11066647,11067152,5.06,rest,1.0718
3596,14,3,0,0,433,2111428,2111860,4.33,rest,1.0718
12129,24,2,0,0,601,7143905,7144505,6.01,rest,1.0718
1992,12,3,0,0,500,1194975,1195474,5.0,rest,1.0718
951,11,2,0,0,422,620991,621412,4.22,rest,1.0718
13318,25,3,0,0,448,7783594,7784041,4.48,rest,1.0718
376,10,3,0,0,407,259109,259515,4.07,rest,1.0718
15507,2,2,0,0,491,9083169,9083659,4.91,rest,1.0718
14874,27,3,0,0,503,8692392,8692894,5.03,rest,1.0718
15064,27,3,0,0,374,8777633,8778006,3.74,rest,1.0718
7505,19,2,0,0,486,4404253,4404738,4.86,rest,1.0718
11535,23,2,0,0,443,6764370,6764812,4.43,rest,1.0693
18787,6,2,0,0,362,10967692,10968053,3.62,rest,1.0693
3738,14,3,0,0,490,2178398,2178887,4.9,rest,1.0693
18513,6,2,0,0,502,10852694,10853195,5.02,rest,1.0693
5360,16,3,0,0,426,3123786,3124211,4.26,rest,1.0693
1915,12,2,0,0,550,1160415,1160964,5.5,rest,1.0693
20512,8,3,0,0,862,11939073,11939934,8.62,rest,1.0693
13643,26,2,0,0,520,8045269,8045788,5.2,rest,1.0693
13963,26,2,0,0,501,8180586,8181086,5.01,rest,1.0693
2503,13,2,0,0,594,1531268,1531861,5.94,rest,1.0693
12632,24,3,0,0,2030,7363979,7366008,20.3,rest,1.0669
9067,20,2,0,0,459,5326560,5327018,4.59,rest,1.0669
7208,18,3,0,0,357,4178586,4178942,3.57,rest,1.0669
18056,5,3,0,0,442,10543383,10543824,4.42,rest,1.0669
2579,13,2,0,0,481,1563284,1563764,4.81,rest,1.0669
17949,5,2,0,0,473,10494655,10495127,4.73,rest,1.0669
17602,4,3,0,0,428,10245345,10245772,4.28,rest,1.0669
12002,23,3,0,0,357,6985928,6986284,3.57,rest,1.0645
3870,14,3,0,0,1095,2238039,2239133,10.95,rest,1.0645
7243,19,2,0,0,565,4294238,4294802,5.65,rest,1.0645
7425,19,2,0,0,421,4370744,4371164,4.21,rest,1.0645
18402,5,3,0,0,437,10700607,10701043,4.37,rest,1.0645
11922,23,3,0,0,584,6941658,6942241,5.84,rest,1.0645
14814,27,3,0,0,519,8664129,8664647,5.19,rest,1.0645
15820,2,3,0,0,1265,9230467,9231731,12.65,rest,1.0645
2346,12,3,0,0,6037,1352863,1358899,60.37,rest,1.0645
5346,16,3,0,0,515,3117826,3118340,5.15,rest,1.0645
3740,14,3,0,0,489,2179232,2179720,4.89,rest,1.0645
15948,2,3,0,0,542,9291626,9292167,5.42,rest,1.062
5398,16,3,0,0,422,3140127,3140548,4.22,rest,1.062
5063,16,2,0,0,553,2992413,2992965,5.53,rest,1.062
1372,11,3,0,0,523,806170,806692,5.23,rest,1.062
5464,16,3,0,0,529,3170564,3171092,5.29,rest,1.062
17665,5,2,0,0,437,10375774,10376210,4.37,rest,1.062
2623,13,2,0,0,605,1581659,1582263,6.05,rest,1.062
2723,13,2,0,0,570,1623489,1624058,5.7,rest,1.062
10142,21,3,0,0,536,5918718,5919253,5.36,rest,1.062
21169,9,2,0,0,531,12325578,12326108,5.31,rest,1.062
11443,23,2,0,0,541,6725480,6726020,5.41,rest,1.0596
5244,16,3,0,0,544,3072574,3073117,5.44,rest,1.0596
853,11,2,0,0,441,579749,580189,4.41,rest,1.0596
3982,14,3,0,0,430,2293318,2293747,4.3,rest,1.0596
1454,11,3,0,0,487,844863,845349,4.87,rest,1.0596
7225,19,2,0,0,574,4286690,4287263,5.74,rest,1.0596
12786,24,3,0,0,620,7441815,7442434,6.2,rest,1.0596
18545,6,2,0,0,448,10866196,10866643,4.48,rest,1.0596
1831,12,2,0,0,543,1125246,1125788,5.43,rest,1.0596
15992,2,3,0,0,373,9316391,9316763,3.73,rest,1.0571
7239,19,2,0,0,580,4292593,4293172,5.8,rest,1.0571
5568,16,3,0,0,505,3220516,3221020,5.05,rest,1.0571
7922,19,3,0,0,462,4598389,4598850,4.62,rest,1.0571
11467,23,2,0,0,440,6735666,6736105,4.4,rest,1.0571
20826,8,3,0,0,328,12079838,12080165,3.28,rest,1.0571
6431,18,2,0,0,570,3824528,3825097,5.7,rest,1.0571
9576,20,3,0,0,454,5560980,5561433,4.54,rest,1.0571
14645,27,2,0,0,459,8592329,8592787,4.59,rest,1.0571
18432,5,3,0,0,339,10717870,10718208,3.39,rest,1.0571
4161,15,2,0,0,583,2473197,2473779,5.83,rest,1.0547
1954,12,3,0,0,457,1176730,1177186,4.57,rest,1.0547
11614,23,3,0,0,434,6799019,6799452,4.34,rest,1.0547
11381,23,2,0,0,517,6699413,6699929,5.17,rest,1.0547
1631,12,2,0,0,468,1041623,1042090,4.68,rest,1.0547
19230,6,3,0,0,288,11166390,11166677,2.88,rest,1.0547
11628,23,3,0,0,333,6805028,6805360,3.33,rest,1.0547
1970,12,3,0,0,435,1185649,1186083,4.35,rest,1.0547
10042,21,3,0,0,553,5872411,5872963,5.53,rest,1.0547
7844,19,3,0,0,383,4561449,4561831,3.83,rest,1.0547
15445,2,2,0,0,475,9057236,9057710,4.75,rest,1.0547
9123,20,2,0,0,602,5350212,5350813,6.02,rest,1.0547
16414,3,3,0,0,613,9602026,9602638,6.13,rest,1.0547
3560,14,3,0,0,420,2094803,2095222,4.2,rest,1.0547
11656,23,3,0,0,443,6818246,6818688,4.43,rest,1.0547
16412,3,3,0,0,544,9601223,9601766,5.44,rest,1.0547
9065,20,2,0,0,427,5325759,5326185,4.27,rest,1.0547
17975,5,2,0,0,435,10505538,10505972,4.35,rest,1.0547
11770,23,3,0,0,1379,6870004,6871382,13.79,rest,1.0547
8804,1,3,0,0,298,5113985,5114282,2.98,rest,1.0522
9568,20,3,0,0,316,5557619,5557934,3.16,rest,1.0522
8957,20,2,0,0,508,5279997,5280504,5.08,rest,1.0522
15180,27,3,0,0,475,8837494,8837968,4.75,rest,1.0522
3806,14,3,0,0,376,2209039,2209414,3.76,rest,1.0522
14864,27,3,0,0,445,8688230,8688674,4.45,rest,1.0522
17524,4,3,0,0,1076,10208620,10209695,10.76,rest,1.0522
9394,20,3,0,0,460,5472766,5473225,4.6,rest,1.0522
14830,27,3,0,0,439,8672282,8672720,4.39,rest,1.0522
2242,12,3,0,0,443,1306047,1306489,4.43,rest,1.0522
16570,3,3,0,0,550,9676601,9677150,5.5,rest,1.0498
15531,2,2,0,0,536,9093194,9093729,5.36,rest,1.0498
2597,13,2,0,0,614,1570738,1571351,6.14,rest,1.0498
2360,12,3,0,0,435,1364222,1364656,4.35,rest,1.0498
8889,20,2,0,0,537,5251214,5251750,5.37,rest,1.0498
1406,11,3,0,0,483,823140,823622,4.83,rest,1.0498
11676,23,3,0,0,471,6828050,6828520,4.71,rest,1.0498
2920,13,3,0,0,566,1715712,1716277,5.66,rest,1.0498
2517,13,2,0,0,507,1537273,1537779,5.07,rest,1.0498
7904,19,3,0,0,574,4590092,4590665,5.74,rest,1.0474
17167,4,2,0,0,411,10047333,10047743,4.11,rest,1.0474
15716,2,3,0,0,422,9179558,9179979,4.22,rest,1.0474
12820,24,3,0,0,418,7465145,7465562,4.18,rest,1.0474
5422,16,3,0,0,387,3150934,3151320,3.87,rest,1.0474
13663,26,2,0,0,480,8053756,8054235,4.8,rest,1.0474
11802,23,3,0,0,572,6885761,6886332,5.72,rest,1.0474
12682,24,3,0,0,486,7388677,7389162,4.86,rest,1.0449
4281,15,2,0,0,538,2523907,2524444,5.38,rest,1.0449
10244,21,3,0,0,560,5965485,5966044,5.6,rest,1.0449
19982,7,3,0,0,388,11603044,11603431,3.88,rest,1.0449
9586,20,3,0,0,340,5570817,5571156,3.4,rest,1.0449
3812,14,3,0,0,392,2212301,2212692,3.92,rest,1.0449
3602,14,3,0,0,468,2113923,2114390,4.68,rest,1.0449
12426,24,3,0,0,582,7271012,7271593,5.82,rest,1.0449
15078,27,3,0,0,1065,8783524,8784588,10.65,rest,1.0449
7748,19,3,0,0,491,4515247,4515737,4.91,rest,1.0449
1984,12,3,0,0,528,1191420,1191947,5.28,rest,1.0449
726,10,3,0,0,393,416068,416460,3.93,rest,1.0425
15218,27,3,0,0,3260,8858669,8861928,32.6,rest,1.0425
11696,23,3,0,0,308,6837316,6837623,3.08,rest,1.0425
17723,5,2,0,0,468,10399954,10400421,4.68,rest,1.0425
3315,14,2,0,0,538,1992053,1992590,5.38,rest,1.0425
3752,14,3,0,0,470,2185595,2186064,4.7,rest,1.0425
14214,26,3,0,0,582,8293661,8294242,5.82,rest,1.0425
12183,24,2,0,0,660,7166734,7167393,6.6,rest,1.0425
4510,15,3,0,0,478,2629589,2630066,4.78,rest,1.0425
3780,14,3,0,0,415,2197887,2198301,4.15,rest,1.04
17825,5,2,0,0,417,10442778,10443194,4.17,rest,1.04
12209,24,2,0,0,566,7177778,7178343,5.66,rest,1.04
8911,20,2,0,0,543,5260515,5261057,5.43,rest,1.04
17226,4,3,0,0,478,10074368,10074845,4.78,rest,1.04
15900,2,3,0,0,1786,9268322,9270107,17.86,rest,1.04
7966,19,3,0,0,492,4622336,4622827,4.92,rest,1.04
7146,18,3,0,0,359,4139129,4139487,3.59,rest,1.04
15481,2,2,0,0,480,9072295,9072774,4.8,rest,1.04
4269,15,2,0,0,538,2518832,2519369,5.38,rest,1.04
5298,16,3,0,0,253,3096957,3097209,2.53,rest,1.04
17653,5,2,0,0,243,10370807,10371049,2.43,rest,1.0376
384,10,3,0,0,388,262702,263089,3.88,rest,1.0376
1661,12,2,0,0,588,1054088,1054675,5.88,rest,1.0376
12524,24,3,0,0,480,7315507,7315986,4.8,rest,1.0376
4199,15,2,0,0,496,2489334,2489829,4.96,rest,1.0376
9392,20,3,0,0,462,5471911,5472372,4.62,rest,1.0376
3213,14,2,0,0,454,1949271,1949724,4.54,rest,1.0376
11708,23,3,0,0,510,6842189,6842698,5.1,rest,1.0376
7479,19,2,0,0,434,4393402,4393835,4.34,rest,1.0352
13971,26,2,0,0,488,8183984,8184471,4.88,rest,1.0352
7120,18,3,0,0,241,4127865,4128105,2.41,rest,1.0352
3128,13,3,0,0,1190,1807744,1808933,11.9,rest,1.0352
4580,15,3,0,0,443,2664302,2664744,4.43,rest,1.0352
11806,23,3,0,0,582,6887385,6887966,5.82,rest,1.0352
8566,1,3,0,0,420,4993959,4994378,4.2,rest,1.0352
1071,11,2,0,0,588,671074,671661,5.88,rest,1.0352
19656,7,3,0,0,444,11450692,11451135,4.44,rest,1.0352
7664,19,3,0,0,460,4477368,4477827,4.6,rest,1.0327
8965,20,2,0,0,503,5283419,5283921,5.03,rest,1.0327
14840,27,3,0,0,426,8677484,8677909,4.26,rest,1.0327
11295,23,2,0,0,572,6663182,6663753,5.72,rest,1.0327
3830,14,3,0,0,1043,2219902,2220944,10.43,rest,1.0327
2992,13,3,0,0,532,1747092,1747623,5.32,rest,1.0303
1978,12,3,0,0,416,1189020,1189435,4.16,rest,1.0303
1143,11,2,0,0,461,701310,701770,4.61,rest,1.0303
7233,19,2,0,0,588,4290071,4290658,5.88,rest,1.0303
17977,5,2,0,0,461,10506353,10506813,4.61,rest,1.0303
7020,18,3,0,0,303,4081724,4082026,3.03,rest,1.0303
2390,12,3,0,0,388,1383224,1383611,3.88,rest,1.0303
5478,16,3,0,0,380,3177361,3177740,3.8,rest,1.0303
15972,2,3,0,0,406,9306297,9306702,4.06,rest,1.0303
18332,5,3,0,0,469,10667669,10668137,4.69,rest,1.0303
7972,19,3,0,0,564,4624894,4625457,5.64,rest,1.0303
4666,15,3,0,0,459,2704970,2705428,4.59,rest,1.0303
3219,14,2,0,0,405,1951834,1952238,4.05,rest,1.0303
13707,26,2,0,0,550,8072332,8072881,5.5,rest,1.0278
12263,24,2,0,0,466,7200544,7201009,4.66,rest,1.0278
17767,5,2,0,0,243,10418588,10418830,2.43,rest,1.0278
14649,27,2,0,0,512,8593929,8594440,5.12,rest,1.0278
17636,4,3,0,0,375,10262775,10263149,3.75,rest,1.0278
9416,20,3,0,0,468,5482128,5482595,4.68,rest,1.0278
21254,9,3,0,0,5011,12362198,12367208,50.11,rest,1.0278
4662,15,3,0,0,506,2703233,2703738,5.06,rest,1.0278
746,10,3,0,0,337,428718,429054,3.37,rest,1.0278
15176,27,3,0,0,506,8827662,8828167,5.06,rest,1.0254
12680,24,3,0,0,631,7387760,7388390,6.31,rest,1.0254
2224,12,3,0,0,455,1297901,1298355,4.55,rest,1.0254
5099,16,2,0,0,624,3007505,3008128,6.24,rest,1.0254
19573,7,2,0,0,435,11414065,11414499,4.35,rest,1.0254
2164,12,3,0,0,445,1271433,1271877,4.45,rest,1.0229
18751,6,2,0,0,495,10952507,10953001,4.95,rest,1.0229
9093,20,2,0,0,526,5337533,5338058,5.26,rest,1.0229
3060,13,3,0,0,614,1777883,1778496,6.14,rest,1.0229
1899,12,2,0,0,493,1153797,1154289,4.93,rest,1.0229
18507,6,2,0,0,594,10850131,10850724,5.94,rest,1.0229
5420,16,3,0,0,460,3150054,3150513,4.6,rest,1.0229
5562,16,3,0,0,457,3218030,3218486,4.57,rest,1.0229
14054,26,3,0,0,516,8221231,8221746,5.16,rest,1.0229
11854,23,3,0,0,302,6911203,6911504,3.02,rest,1.0229
15940,2,3,0,0,1437,9287381,9288817,14.37,rest,1.0229
3960,14,3,0,0,349,2281543,2281891,3.49,rest,1.0205
11355,23,2,0,0,529,6688564,6689092,5.29,rest,1.0205
3211,14,2,0,0,466,1948459,1948924,4.66,rest,1.0205
15840,2,3,0,0,1739,9239546,9241284,17.39,rest,1.0205
19363,7,2,0,0,543,11325767,11326309,5.43,rest,1.0205
9959,21,2,0,0,508,5834663,5835170,5.08,rest,1.0205
9097,20,2,0,0,439,5339297,5339735,4.39,rest,1.0205
7672,19,3,0,0,452,4480714,4481165,4.52,rest,1.0205
5454,16,3,0,0,1815,3165154,3166968,18.15,rest,1.0205
1990,12,3,0,0,493,1194156,1194648,4.93,rest,1.0205
3381,14,2,0,0,268,2019986,2020253,2.68,rest,1.0205
5208,16,3,0,0,558,3055915,3056472,5.58,rest,1.0181
13376,25,3,0,0,405,7811009,7811413,4.05,rest,1.0181
8849,20,2,0,0,592,5234212,5234803,5.92,rest,1.0181
1264,11,3,0,0,1147,756021,757167,11.47,rest,1.0181
712,10,3,0,0,447,409354,409800,4.47,rest,1.0181
3648,14,3,0,0,445,2134687,2135131,4.45,rest,1.0181
11608,23,3,0,0,458,6795940,6796397,4.58,rest,1.0156
1304,11,3,0,0,2796,773472,776267,27.96,rest,1.0156
11924,23,3,0,0,570,6942531,6943100,5.7,rest,1.0156
11247,23,2,0,0,551,6642925,6643475,5.51,rest,1.0156
3359,14,2,0,0,532,2010550,2011081,5.32,rest,1.0156
18709,6,2,0,0,654,10934843,10935496,6.54,rest,1.0156
9618,20,3,0,0,361,5588904,5589264,3.61,rest,1.0132
11670,23,3,0,0,1990,6824099,6826088,19.9,rest,1.0132
4055,15,2,0,0,458,2428489,2428946,4.58,rest,1.0132
19910,7,3,0,0,1406,11568867,11570272,14.06,rest,1.0132
9202,20,3,0,0,428,5384662,5385089,4.28,rest,1.0132
11525,23,2,0,0,481,6760123,6760603,4.81,rest,1.0132
6760,18,3,0,0,428,3963056,3963483,4.28,rest,1.0132
18982,6,3,0,0,385,11056453,11056837,3.85,rest,1.0132
10264,21,3,0,0,443,5974860,5975302,4.43,rest,1.0132
14659,27,2,0,0,551,8598092,8598642,5.51,rest,1.0132
3156,13,3,0,0,533,1821459,1821991,5.33,rest,1.0132
9270,20,3,0,0,383,5415281,5415663,3.83,rest,1.0132
14414,26,3,0,0,508,8391655,8392162,5.08,rest,1.0132
19070,6,3,0,0,330,11094953,11095282,3.3,rest,1.0132
7493,19,2,0,0,464,4399233,4399696,4.64,rest,1.0107
13835,26,2,0,0,527,8126558,8127084,5.27,rest,1.0107
9180,20,3,0,0,537,5374204,5374740,5.37,rest,1.0107
4668,15,3,0,0,463,2705789,2706251,4.63,rest,1.0107
4309,15,2,0,0,508,2535810,2536317,5.08,rest,1.0107
2595,13,2,0,0,688,1569846,1570533,6.88,rest,1.0107
3588,14,3,0,0,421,2107858,2108278,4.21,rest,1.0107
18723,6,2,0,0,527,10940757,10941283,5.27,rest,1.0107
12410,24,3,0,0,536,7264002,7264537,5.36,rest,1.0107
1524,11,3,0,0,1255,875932,877186,12.55,rest,1.0107
4277,15,2,0,0,541,2522237,2522777,5.41,rest,1.0107
21474,9,3,0,0,958,12468758,12469715,9.58,rest,1.0107
18459,6,2,0,0,290,10830217,10830506,2.9,rest,1.0107
21167,9,2,0,0,501,12324780,12325280,5.01,rest,1.0107
1641,12,2,0,0,501,1045847,1046347,5.01,rest,1.0107
15980,2,3,0,0,2204,9309657,9311860,22.04,rest,1.0107
19112,6,3,0,0,348,11112727,11113074,3.48,rest,1.0083
15044,27,3,0,0,429,8768526,8768954,4.29,rest,1.0083
15409,2,2,0,0,501,9042196,9042696,5.01,rest,1.0083
14870,27,3,0,0,566,8690658,8691223,5.66,rest,1.0083
21646,9,3,0,0,388,12549900,12550287,3.88,rest,1.0083
14986,27,3,0,0,497,8742234,8742730,4.97,rest,1.0083
346,10,3,0,0,342,245413,245754,3.42,rest,1.0083
3906,14,3,0,0,530,2254330,2254859,5.3,rest,1.0083
20024,7,3,0,0,439,11627076,11627514,4.39,rest,1.0059
4700,15,3,0,0,418,2721326,2721743,4.18,rest,1.0059
3922,14,3,0,0,360,2261623,2261982,3.6,rest,1.0059
18176,5,3,0,0,532,10597363,10597894,5.32,rest,1.0059
11870,23,3,0,0,937,6917884,6918820,9.37,rest,1.0059
169,10,2,0,0,438,171237,171674,4.38,rest,1.0059
8901,20,2,0,0,528,5256220,5256747,5.28,rest,1.0059
4722,15,3,0,0,458,2732818,2733275,4.58,rest,1.0059
17628,4,3,0,0,320,10259515,10259834,3.2,rest,1.0059
9745,21,2,0,0,618,5744174,5744791,6.18,rest,1.0059
11728,23,3,0,0,445,6850666,6851110,4.45,rest,1.0059
11664,23,3,0,0,347,6821660,6822006,3.47,rest,1.0059
2743,13,2,0,0,592,1631801,1632392,5.92,rest,1.0059
11690,23,3,0,0,1160,6833977,6835136,11.6,rest,1.0034
8947,20,2,0,0,451,5275841,5276291,4.51,rest,1.0034
18004,5,3,0,0,464,10517567,10518030,4.64,rest,1.0034
4492,15,3,0,0,464,2622042,2622505,4.64,rest,1.0034
15128,27,3,0,0,486,8806338,8806823,4.86,rest,1.0034
12323,24,2,0,0,579,7225807,7226385,5.79,rest,1.0034
6747,18,2,0,0,533,3957614,3958146,5.33,rest,1.0034
1033,11,2,0,0,443,655223,655665,4.43,rest,1.0034
12233,24,2,0,0,347,7188032,7188378,3.47,rest,1.0034
13578,25,3,0,0,392,7909002,7909393,3.92,rest,1.0034
2050,12,3,0,0,489,1221460,1221948,4.89,rest,1.0034
2356,12,3,0,0,404,1362675,1363078,4.04,rest,1.0034
2392,12,3,0,0,419,1384041,1384459,4.19,rest,1.0034
21572,9,3,0,0,485,12513199,12513683,4.85,rest,1.0034
1324,11,3,0,0,1263,784100,785362,12.63,rest,1.0034
2218,12,3,0,0,468,1295321,1295788,4.68,rest,1.001
12137,24,2,0,0,486,7147372,7147857,4.86,rest,1.001
8018,19,3,0,0,345,4649161,4649505,3.45,rest,1.001
5452,16,3,0,0,308,3164526,3164833,3.08,rest,1.001
14751,27,2,0,0,499,8636820,8637318,4.99,rest,1.001
8899,20,2,0,0,618,5255327,5255944,6.18,rest,1.001
14872,27,3,0,0,389,8691664,8692052,3.89,rest,1.001
11283,23,2,0,0,428,6658189,6658616,4.28,rest,1.001
7269,19,2,0,0,481,4305231,4305711,4.81,rest,1.001
5081,16,2,0,0,583,2999916,3000498,5.83,rest,1.001
5574,16,3,0,0,2266,3223092,3225357,22.66,rest,1.001
16766,3,3,0,0,356,9768482,9768837,3.56,rest,1.001
11576,23,3,0,0,337,6781527,6781863,3.37,rest,1.001
5254,16,3,0,0,1566,3076683,3078248,15.66,rest,1.001
7970,19,3,0,0,388,4624068,4624455,3.88,rest,0.9985
15158,27,3,0,0,1253,8819448,8820700,12.53,rest,0.9985
11533,23,2,0,0,471,6763536,6764006,4.71,rest,0.9985
15744,2,3,0,0,462,9192564,9193025,4.62,rest,0.9985
4075,15,2,0,0,449,2436941,2437389,4.49,rest,0.9985
3962,14,3,0,0,342,2282429,2282770,3.42,rest,0.9985
18701,6,2,0,0,397,10931663,10932059,3.97,rest,0.9985
1212,11,3,0,0,457,733010,733466,4.57,rest,0.9961
5406,16,3,0,0,525,3143338,3143862,5.25,rest,0.9961
15620,2,3,0,0,1183,9131958,9133140,11.83,rest,0.9961
5206,16,3,0,0,560,3055087,3055646,5.6,rest,0.9961
9546,20,3,0,0,424,5542212,5542635,4.24,rest,0.9961
20885,9,2,0,0,277,12206671,12206947,2.77,rest,0.9961
1043,11,2,0,0,632,659372,660003,6.32,rest,0.9961
19473,7,2,0,0,405,11372063,11372467,4.05,rest,0.9961
11984,23,3,0,0,334,6973878,6974211,3.34,rest,0.9961
1364,11,3,0,0,1717,801642,803358,17.17,rest,0.9961
19269,7,2,0,0,511,11286313,11286823,5.11,rest,0.9937
6735,18,2,0,0,449,3952636,3953084,4.49,rest,0.9937
19309,7,2,0,0,469,11303226,11303694,4.69,rest,0.9937
10410,21,3,0,0,383,6059031,6059413,3.83,rest,0.9937
14623,27,2,0,0,605,8583087,8583691,6.05,rest,0.9937
7644,19,3,0,0,347,4468418,4468764,3.47,rest,0.9937
12071,24,2,0,0,621,7119384,7120004,6.21,rest,0.9937
8810,1,3,0,0,407,5116381,5116787,4.07,rest,0.9937
1801,12,2,0,0,480,1112810,1113289,4.8,rest,0.9937
17909,5,2,0,0,655,10477751,10478405,6.55,rest,0.9937
15800,2,3,0,0,4206,9218459,9222664,42.06,rest,0.9937
2044,12,3,0,0,435,1218263,1218697,4.35,rest,0.9937
7750,19,3,0,0,409,4516171,4516579,4.09,rest,0.9937
5372,16,3,0,0,538,3128723,3129260,5.38,rest,0.9937
6348,17,3,0,0,417,3673352,3673768,4.17,rest,0.9937
18428,5,3,0,0,368,10716173,10716540,3.68,rest,0.9937
4177,15,2,0,0,483,2480071,2480553,4.83,rest,0.9912
14824,27,3,0,0,548,8669669,8670216,5.48,rest,0.9912
14775,27,2,0,0,440,8646917,8647356,4.4,rest,0.9912
19331,7,2,0,0,541,11312371,11312911,5.41,rest,0.9912
2350,12,3,0,0,435,1360099,1360533,4.35,rest,0.9912
7990,19,3,0,0,501,4635094,4635594,5.01,rest,0.9912
21298,9,3,0,0,459,12387991,12388449,4.59,rest,0.9912
5590,16,3,0,0,421,3231602,3232022,4.21,rest,0.9888
21053,9,2,0,0,520,12276952,12277471,5.2,rest,0.9888
3529,14,2,0,0,453,2081896,2082348,4.53,rest,0.9888
7231,19,2,0,0,632,4289211,4289842,6.32,rest,0.9888
17620,4,3,0,0,420,10254349,10254768,4.2,rest,0.9888
17594,4,3,0,0,390,10241919,10242308,3.9,rest,0.9888
4610,15,3,0,0,408,2677270,2677677,4.08,rest,0.9888
14862,27,3,0,0,386,8687381,8687766,3.86,rest,0.9888
15405,2,2,0,0,489,9040516,9041004,4.89,rest,0.9888
16911,4,2,0,0,515,9939824,9940338,5.15,rest,0.9888
6557,18,2,0,0,410,3877850,3878259,4.1,rest,0.9863
15515,2,2,0,0,504,9086515,9087018,5.04,rest,0.9863
19287,7,2,0,0,415,11293935,11294349,4.15,rest,0.9863
5558,16,3,0,0,407,3216378,3216784,4.07,rest,0.9863
7216,18,3,0,0,357,4181943,4182299,3.57,rest,0.9863
7393,19,2,0,0,428,4357362,4357789,4.28,rest,0.9863
3289,14,2,0,0,475,1981197,1981671,4.75,rest,0.9863
1380,11,3,0,0,550,809443,809992,5.5,rest,0.9863
9254,20,3,0,0,436,5408116,5408551,4.36,rest,0.9863
7674,19,3,0,0,419,4481576,4481994,4.19,rest,0.9863
9113,20,2,0,0,523,5346012,5346534,5.23,rest,0.9839
4618,15,3,0,0,426,2682268,2682693,4.26,rest,0.9839
21458,9,3,0,0,475,12462091,12462565,4.75,rest,0.9839
10388,21,3,0,0,431,6043562,6043992,4.31,rest,0.9839
14200,26,3,0,0,566,8287749,8288314,5.66,rest,0.9839
17969,5,2,0,0,442,10503029,10503470,4.42,rest,0.9839
3746,14,3,0,0,424,2181796,2182219,4.24,rest,0.9839
2667,13,2,0,0,580,1600027,1600606,5.8,rest,0.9839
14549,27,2,0,0,566,8551971,8552536,5.66,rest,0.9839
9330,20,3,0,0,466,5443073,5443538,4.66,rest,0.9839
18316,5,3,0,0,252,10660150,10660401,2.52,rest,0.9839
17779,5,2,0,0,505,10423467,10423971,5.05,rest,0.9839
6729,18,2,0,0,518,3950047,3950564,5.18,rest,0.9814
11407,23,2,0,0,413,6710485,6710897,4.13,rest,0.9814
9087,20,2,0,0,541,5334998,5335538,5.41,rest,0.9814
19285,7,2,0,0,437,11293097,11293533,4.37,rest,0.9814
4648,15,3,0,0,418,2696541,2696958,4.18,rest,0.9814
11692,23,3,0,0,598,6835497,6836094,5.98,rest,0.9814
18308,5,3,0,0,329,10656809,10657137,3.29,rest,0.9814
10138,21,3,0,0,562,5917046,5917607,5.62,rest,0.9814
12225,24,2,0,0,506,7184497,7185002,5.06,rest,0.9814
7279,19,2,0,0,498,4309441,4309938,4.98,rest,0.9814
4806,15,3,0,0,329,2783886,2784214,3.29,rest,0.979
4414,15,3,0,0,446,2585826,2586271,4.46,rest,0.979
18577,6,2,0,0,468,10879605,10880072,4.68,rest,0.979
1653,12,2,0,0,504,1050779,1051282,5.04,rest,0.979
1470,11,3,0,0,457,852154,852610,4.57,rest,0.979
4179,15,2,0,0,463,2480952,2481414,4.63,rest,0.979
16778,3,3,0,0,323,9773506,9773828,3.23,rest,0.979
11303,23,2,0,0,447,6666611,6667057,4.47,rest,0.979
2168,12,3,0,0,495,1273297,1273791,4.95,rest,0.979
15888,2,3,0,0,469,9263274,9263742,4.69,rest,0.979
3978,14,3,0,0,425,2291627,2292051,4.25,rest,0.979
15996,2,3,0,0,592,9318093,9318684,5.92,rest,0.979
17616,4,3,0,0,403,10252669,10253071,4.03,rest,0.979
4017,15,2,0,0,322,2412580,2412901,3.22,rest,0.979
11375,23,2,0,0,410,6696971,6697380,4.1,rest,0.979
13881,26,2,0,0,548,8145893,8146440,5.48,rest,0.979
2382,12,3,0,0,497,1377938,1378434,4.97,rest,0.979
21642,9,3,0,0,471,12548166,12548636,4.71,rest,0.9766
18434,5,3,0,0,383,10718661,10719043,3.83,rest,0.9766
14936,27,3,0,0,464,8719846,8720309,4.64,rest,0.9766
1968,12,3,0,0,482,1184756,1185237,4.82,rest,0.9766
4460,15,3,0,0,398,2607162,2607559,3.98,rest,0.9766
20818,8,3,0,0,496,12076361,12076856,4.96,rest,0.9766
19690,7,3,0,0,1095,11465553,11466647,10.95,rest,0.9766
12804,24,3,0,0,519,7453757,7454275,5.19,rest,0.9766
6358,17,3,0,0,437,3683881,3684317,4.37,rest,0.9766
2948,13,3,0,0,692,1728353,1729044,6.92,rest,0.9766
305,10,2,0,0,452,228221,228672,4.52,rest,0.9766
20712,8,3,0,0,856,12026450,12027305,8.56,rest,0.9741
17845,5,2,0,0,454,10451120,10451573,4.54,rest,0.9741
9502,20,3,0,0,445,5521281,5521725,4.45,rest,0.9741
4634,15,3,0,0,390,2690711,2691100,3.9,rest,0.9741
3942,14,3,0,0,360,2270863,2271222,3.6,rest,0.9741
19413,7,2,0,0,521,11346818,11347338,5.21,rest,0.9741
2018,12,3,0,0,421,1206734,1207154,4.21,rest,0.9741
8602,1,3,0,0,1302,5009927,5011228,13.02,rest,0.9741
4929,16,2,0,0,520,2936346,2936865,5.2,rest,0.9741
19497,7,2,0,0,610,11381969,11382578,6.1,rest,0.9741
9336,20,3,0,0,416,5445654,5446069,4.16,rest,0.9741
14643,27,2,0,0,448,8591523,8591970,4.48,rest,0.9741
9951,21,2,0,0,499,5831266,5831764,4.99,rest,0.9741
1354,11,3,0,0,546,797385,797930,5.46,rest,0.9741
1456,11,3,0,0,559,845640,846198,5.59,rest,0.9741
11912,23,3,0,0,397,6937638,6938034,3.97,rest,0.9741
16810,3,3,0,0,464,9793950,9794413,4.64,rest,0.9741
17923,5,2,0,0,508,10483694,10484201,5.08,rest,0.9741
19493,7,2,0,0,550,11380305,11380854,5.5,rest,0.9741
11698,23,3,0,0,410,6838072,6838481,4.1,rest,0.9741
6836,18,3,0,0,381,3998366,3998746,3.81,rest,0.9717
9963,21,2,0,0,487,5836356,5836842,4.87,rest,0.9717
1346,11,3,0,0,438,794125,794562,4.38,rest,0.9717
11852,23,3,0,0,370,6910405,6910774,3.7,rest,0.9717
11974,23,3,0,0,435,6969676,6970110,4.35,rest,0.9717
4317,15,2,0,0,396,2539270,2539665,3.96,rest,0.9717
3379,14,2,0,0,300,2019140,2019439,3.0,rest,0.9717
13276,25,3,0,0,324,7763839,7764162,3.24,rest,0.9717
7626,19,3,0,0,499,4458366,4458864,4.99,rest,0.9717
893,11,2,0,0,527,596474,597000,5.27,rest,0.9717
4901,16,2,0,0,551,2924654,2925204,5.51,rest,0.9717
5602,16,3,0,0,457,3238208,3238664,4.57,rest,0.9717
1206,11,3,0,0,454,730543,730996,4.54,rest,0.9717
5560,16,3,0,0,543,3217181,3217723,5.43,rest,0.9717
11453,23,2,0,0,516,6729719,6730234,5.16,rest,0.9717
7461,19,2,0,0,309,4385970,4386278,3.09,rest,0.9717
2214,12,3,0,0,475,1293675,1294149,4.75,rest,0.9717
11389,23,2,0,0,425,6702906,6703330,4.25,rest,0.9692
18792,6,3,0,0,503,10969622,10970124,5.03,rest,0.9692
4263,15,2,0,0,477,2516376,2516852,4.77,rest,0.9692
7764,19,3,0,0,450,4522184,4522633,4.5,rest,0.9692
3968,14,3,0,0,336,2284923,2285258,3.36,rest,0.9692
4556,15,3,0,0,452,2651299,2651750,4.52,rest,0.9692
11682,23,3,0,0,421,6830642,6831062,4.21,rest,0.9692
18100,5,3,0,0,277,10563096,10563372,2.77,rest,0.9692
15616,2,3,0,0,363,9130357,9130719,3.63,rest,0.9692
18002,5,3,0,0,479,10516730,10517208,4.79,rest,0.9692
5446,16,3,0,0,610,3161806,3162415,6.1,rest,0.9692
4025,15,2,0,0,323,2415976,2416298,3.23,rest,0.9692
18641,6,2,0,0,435,10906445,10906879,4.35,rest,0.9692
5490,16,3,0,0,298,3182480,3182777,2.98,rest,0.9692
17811,5,2,0,0,428,10436904,10437331,4.28,rest,0.9692
2298,12,3,0,0,512,1331143,1331654,5.12,rest,0.9692
9117,20,2,0,0,539,5347688,5348226,5.39,rest,0.9668
12317,24,2,0,0,584,7223299,7223882,5.84,rest,0.9668
1374,11,3,0,0,577,806959,807535,5.77,rest,0.9668
13785,26,2,0,0,553,8105361,8105913,5.53,rest,0.9668
5614,16,3,0,0,227,3243282,3243508,2.27,rest,0.9668
5268,16,3,0,0,552,3083444,3083995,5.52,rest,0.9668
2611,13,2,0,0,415,1576685,1577099,4.15,rest,0.9668
4149,15,2,0,0,471,2468255,2468725,4.71,rest,0.9668
17642,4,3,0,0,365,10265286,10265650,3.65,rest,0.9668
18430,5,3,0,0,351,10717034,10717384,3.51,rest,0.9668
1586,11,3,0,0,387,922064,922450,3.87,rest,0.9668
11662,23,3,0,0,429,6820759,6821187,4.29,rest,0.9668
15186,27,3,0,0,410,8840064,8840473,4.1,rest,0.9644
4319,15,2,0,0,472,2540025,2540496,4.72,rest,0.9644
10874,22,3,0,0,531,6364209,6364739,5.31,rest,0.9644
15894,2,3,0,0,545,9265756,9266300,5.45,rest,0.9644
21187,9,2,0,0,588,12333020,12333607,5.88,rest,0.9644
15658,2,3,0,0,548,9150166,9150713,5.48,rest,0.9644
20367,8,2,0,0,516,11875618,11876133,5.16,rest,0.9644
1049,11,2,0,0,428,661957,662384,4.28,rest,0.9644
2627,13,2,0,0,589,1583331,1583919,5.89,rest,0.9644
12205,24,2,0,0,492,7176139,7176630,4.92,rest,0.9644
17903,5,2,0,0,515,10475275,10475789,5.15,rest,0.9644
15513,2,2,0,0,488,9085685,9086172,4.88,rest,0.9644
11680,23,3,0,0,501,6829764,6830264,5.01,rest,0.9644
13649,26,2,0,0,521,8047813,8048333,5.21,rest,0.9644
7804,19,3,0,0,487,4543238,4543724,4.87,rest,0.9644
11732,23,3,0,0,408,6853572,6853979,4.08,rest,0.9644
10242,21,3,0,0,514,5964666,5965179,5.14,rest,0.9619
16522,3,3,0,0,1186,9654090,9655275,11.86,rest,0.9619
17921,5,2,0,0,557,10482778,10483334,5.57,rest,0.9619
2180,12,3,0,0,553,1278280,1278832,5.53,rest,0.9619
17925,5,2,0,0,700,10484429,10485128,7.0,rest,0.9619
4516,15,3,0,0,479,2632314,2632792,4.79,rest,0.9619
19746,7,3,0,0,443,11491634,11492076,4.43,rest,0.9619
3928,14,3,0,0,415,2264072,2264486,4.15,rest,0.9619
18036,5,3,0,0,292,10532596,10532887,2.92,rest,0.9619
5404,16,3,0,0,496,3142475,3142970,4.96,rest,0.9619
4500,15,3,0,0,475,2625381,2625855,4.75,rest,0.9595
10970,22,3,0,0,301,6408113,6408413,3.01,rest,0.9595
1013,11,2,0,0,387,646922,647308,3.87,rest,0.9595
2433,13,2,0,0,487,1501955,1502441,4.87,rest,0.9595
19968,7,3,0,0,444,11595965,11596408,4.44,rest,0.9595
16820,3,3,0,0,349,9798157,9798505,3.49,rest,0.9595
6362,17,3,0,0,531,3685500,3686030,5.31,rest,0.9595
4502,15,3,0,0,284,2626399,2626682,2.84,rest,0.9595
19590,7,3,0,0,423,11421133,11421555,4.23,rest,0.9595
9562,20,3,0,0,496,5548880,5549375,4.96,rest,0.9595
4091,15,2,0,0,532,2443670,2444201,5.32,rest,0.957
4341,15,2,0,0,519,2549276,2549794,5.19,rest,0.957
16482,3,3,0,0,1276,9635470,9636745,12.76,rest,0.957
14790,27,3,0,0,587,8652970,8653556,5.87,rest,0.957
19371,7,2,0,0,553,11329189,11329741,5.53,rest,0.957
14780,27,3,0,0,496,8648892,8649387,4.96,rest,0.957
7852,19,3,0,0,628,4564681,4565308,6.28,rest,0.957
14739,27,2,0,0,337,8631920,8632256,3.37,rest,0.957
6435,18,2,0,0,339,3826382,3826720,3.39,rest,0.957
9949,21,2,0,0,457,5830453,5830909,4.57,rest,0.957
1945,12,2,0,0,475,1172990,1173464,4.75,rest,0.957
5186,16,3,0,0,677,3045413,3046089,6.77,rest,0.957
15411,2,2,0,0,471,9043016,9043486,4.71,rest,0.957
17638,4,3,0,0,322,10263644,10263965,3.22,rest,0.9546
4031,15,2,0,0,385,2418499,2418883,3.85,rest,0.9546
11590,23,3,0,0,1620,6787212,6788831,16.2,rest,0.9546
2501,13,2,0,0,539,1530544,1531082,5.39,rest,0.9546
4408,15,3,0,0,483,2581818,2582300,4.83,rest,0.9546
17741,5,2,0,0,483,10407466,10407948,4.83,rest,0.9546
5252,16,3,0,0,489,3075865,3076353,4.89,rest,0.9546
15710,2,3,0,0,507,9176994,9177500,5.07,rest,0.9546
20652,8,3,0,0,1124,11999764,12000887,11.24,rest,0.9546
19196,6,3,0,0,401,11151080,11151480,4.01,rest,0.9546
12604,24,3,0,0,652,7351927,7352578,6.52,rest,0.9546
19327,7,2,0,0,427,11310727,11311153,4.27,rest,0.9546
17998,5,3,0,0,439,10515080,10515518,4.39,rest,0.9546
6250,17,3,0,0,425,3626780,3627204,4.25,rest,0.9546
14900,27,3,0,0,303,8704739,8705041,3.03,rest,0.9521
5264,16,3,0,0,577,3081800,3082376,5.77,rest,0.9521
18400,5,3,0,0,401,10699819,10700219,4.01,rest,0.9521
21189,9,2,0,0,546,12333903,12334448,5.46,rest,0.9521
11323,23,2,0,0,497,6675087,6675583,4.97,rest,0.9521
4774,15,3,0,0,348,2765614,2765961,3.48,rest,0.9521
17675,5,2,0,0,468,10379923,10380390,4.68,rest,0.9521
6653,18,2,0,0,650,3917914,3918563,6.5,rest,0.9521
9813,21,2,0,0,477,5772993,5773469,4.77,rest,0.9521
15694,2,3,0,0,520,9168705,9169224,5.2,rest,0.9521
5358,16,3,0,0,413,3122974,3123386,4.13,rest,0.9521
843,11,2,0,0,418,575609,576026,4.18,rest,0.9521
19828,7,3,0,0,453,11531891,11532343,4.53,rest,0.9521
13586,25,3,0,0,571,7912241,7912811,5.71,rest,0.9521
12652,24,3,0,0,1217,7373868,7375084,12.17,rest,0.9521
19666,7,3,0,0,433,11454918,11455350,4.33,rest,0.9497
12810,24,3,0,0,505,7456300,7456804,5.05,rest,0.9497
2942,13,3,0,0,515,1725771,1726285,5.15,rest,0.9497
6629,18,2,0,0,478,3908026,3908503,4.78,rest,0.9497
18777,6,2,0,0,389,10963537,10963925,3.89,rest,0.9497
857,11,2,0,0,401,581467,581867,4.01,rest,0.9497
15489,2,2,0,0,418,9075663,9076080,4.18,rest,0.9497
17863,5,2,0,0,554,10458492,10459045,5.54,rest,0.9497
20732,8,3,0,0,862,12035380,12036241,8.62,rest,0.9497
12502,24,3,0,0,568,7305218,7305785,5.68,rest,0.9497
9953,21,2,0,0,477,5832129,5832605,4.77,rest,0.9497
16416,3,3,0,0,552,9603025,9603576,5.52,rest,0.9473
6346,17,3,0,0,486,3672442,3672927,4.86,rest,0.9473
15784,2,3,0,0,522,9211608,9212129,5.22,rest,0.9473
4442,15,3,0,0,470,2598557,2599026,4.7,rest,0.9473
15836,2,3,0,0,636,9237729,9238364,6.36,rest,0.9473
3818,14,3,0,0,467,2214811,2215277,4.67,rest,0.9473
17945,5,2,0,0,632,10492837,10493468,6.32,rest,0.9473
15634,2,3,0,0,500,9138331,9138830,5.0,rest,0.9473
9286,20,3,0,0,511,5422288,5422798,5.11,rest,0.9473
4123,15,2,0,0,489,2457237,2457725,4.89,rest,0.9473
18800,6,3,0,0,500,10973005,10973504,5.0,rest,0.9473
11772,23,3,0,0,434,6871700,6872133,4.34,rest,0.9448
11824,23,3,0,0,371,6897446,6897816,3.71,rest,0.9448
16650,3,3,0,0,464,9713203,9713666,4.64,rest,0.9448
7379,19,2,0,0,572,4351415,4351986,5.72,rest,0.9448
11620,23,3,0,0,491,6801519,6802009,4.91,rest,0.9448
16772,3,3,0,0,402,9770953,9771354,4.02,rest,0.9448
3636,14,3,0,0,471,2129636,2130106,4.71,rest,0.9448
11964,23,3,0,0,419,6960709,6961127,4.19,rest,0.9448
11479,23,2,0,0,440,6740739,6741178,4.4,rest,0.9448
8851,20,2,0,0,571,5235053,5235623,5.71,rest,0.9448
17823,5,2,0,0,345,10441940,10442284,3.45,rest,0.9448
21085,9,2,0,0,525,12290315,12290839,5.25,rest,0.9448
15413,2,2,0,0,450,9043896,9044345,4.5,rest,0.9448
3734,14,3,0,0,422,2176775,2177196,4.22,rest,0.9424
21576,9,3,0,0,403,12515663,12516065,4.03,rest,0.9424
10366,21,3,0,0,7051,6023185,6030235,70.51,rest,0.9424
18986,6,3,0,0,367,11058142,11058508,3.67,rest,0.9424
2062,12,3,0,0,556,1226423,1226978,5.56,rest,0.9424
4219,15,2,0,0,515,2497755,2498269,5.15,rest,0.9424
16532,3,3,0,0,411,9659100,9659510,4.11,rest,0.9424
11812,23,3,0,0,388,6892467,6892854,3.88,rest,0.9424
7974,19,3,0,0,493,4625744,4626236,4.93,rest,0.9424
4279,15,2,0,0,416,2523154,2523569,4.16,rest,0.9424
15806,2,3,0,0,510,9224591,9225100,5.1,rest,0.9399
2431,13,2,0,0,579,1501112,1501690,5.79,rest,0.9399
16542,3,3,0,0,1117,9663143,9664259,11.17,rest,0.9399
19090,6,3,0,0,293,11103391,11103683,2.93,rest,0.9399
11726,23,3,0,0,415,6849872,6850286,4.15,rest,0.9399
7580,19,3,0,0,1460,4435644,4437103,14.6,rest,0.9399
18549,6,2,0,0,513,10867810,10868322,5.13,rest,0.9399
11650,23,3,0,0,1191,6815036,6816226,11.91,rest,0.9399
4197,15,2,0,0,478,2488518,2488995,4.78,rest,0.9399
16219,3,2,0,0,551,9518012,9518562,5.51,rest,0.9399
15966,2,3,0,0,400,9303784,9304183,4.0,rest,0.9399
4482,15,3,0,0,428,2617657,2618084,4.28,rest,0.9375
5466,16,3,0,0,552,3171391,3171942,5.52,rest,0.9375
13476,25,3,0,0,442,7856021,7856462,4.42,rest,0.9375
18388,5,3,0,0,339,10694833,10695171,3.39,rest,0.9375
8891,20,2,0,0,589,5252000,5252588,5.89,rest,0.9375
15455,2,2,0,0,465,9061406,9061870,4.65,rest,0.9375
17600,4,3,0,0,378,10244525,10244902,3.78,rest,0.9375
16798,3,3,0,0,467,9784988,9785454,4.67,rest,0.9375
12762,24,3,0,0,426,7426040,7426465,4.26,rest,0.9375
6200,17,3,0,0,479,3603960,3604438,4.79,rest,0.9375
14838,27,3,0,0,1539,8675561,8677099,15.39,rest,0.9351
15521,2,2,0,0,535,9088984,9089518,5.35,rest,0.9351
17787,5,2,0,0,255,10426967,10427221,2.55,rest,0.9351
6276,17,3,0,0,2220,3638575,3640794,22.2,rest,0.9351
16764,3,3,0,0,363,9767672,9768034,3.63,rest,0.9351
4554,15,3,0,0,411,2650485,2650895,4.11,rest,0.9351
17931,5,2,0,0,425,10487076,10487500,4.25,rest,0.9351
4335,15,2,0,0,547,2546718,2547264,5.47,rest,0.9351
6633,18,2,0,0,468,3909676,3910143,4.68,rest,0.9351
4604,15,3,0,0,522,2674525,2675046,5.22,rest,0.9351
19569,7,2,0,0,414,11412397,11412810,4.14,rest,0.9351
11606,23,3,0,0,427,6795086,6795512,4.27,rest,0.9351
21380,9,3,0,0,511,12425926,12426436,5.11,rest,0.9351
19321,7,2,0,0,504,11308160,11308663,5.04,rest,0.9351
14388,26,3,0,0,397,8376204,8376600,3.97,rest,0.9351
7998,19,3,0,0,445,4638444,4638888,4.45,rest,0.9351
14621,27,2,0,0,669,8582214,8582882,6.69,rest,0.9351
4943,16,2,0,0,475,2942369,2942843,4.75,rest,0.9351
1254,11,3,0,0,445,751864,752308,4.45,rest,0.9351
17644,4,3,0,0,314,10266158,10266471,3.14,rest,0.9351
19387,7,2,0,0,373,11336098,11336470,3.73,rest,0.9351
5426,16,3,0,0,552,3152552,3153103,5.52,rest,0.9351
11886,23,3,0,0,521,6925085,6925605,5.21,rest,0.9351
14046,26,3,0,0,538,8217823,8218360,5.38,rest,0.9351
7964,19,3,0,0,498,4621534,4622031,4.98,rest,0.9326
13703,26,2,0,0,604,8070609,8071212,6.04,rest,0.9326
4079,15,2,0,0,491,2438591,2439081,4.91,rest,0.9326
1663,12,2,0,0,563,1054884,1055446,5.63,rest,0.9326
11976,23,3,0,0,506,6970439,6970944,5.06,rest,0.9326
4782,15,3,0,0,324,2768978,2769301,3.24,rest,0.9326
19411,7,2,0,0,456,11346076,11346531,4.56,rest,0.9326
16492,3,3,0,0,358,9640574,9640931,3.58,rest,0.9326
19202,6,3,0,0,275,11153627,11153901,2.75,rest,0.9326
1103,11,2,0,0,513,684619,685131,5.13,rest,0.9326
1294,11,3,0,0,496,769332,769827,4.96,rest,0.9326
15916,2,3,0,0,444,9276330,9276773,4.44,rest,0.9326
18759,6,2,0,0,522,10955881,10956402,5.22,rest,0.9326
10274,21,3,0,0,430,5980957,5981386,4.3,rest,0.9326
7397,19,2,0,0,524,4358981,4359504,5.24,rest,0.9326
9604,20,3,0,0,5194,5578247,5583440,51.94,rest,0.9326
10880,22,3,0,0,540,6366685,6367224,5.4,rest,0.9326
9608,20,3,0,0,357,5584715,5585071,3.57,rest,0.9326
11229,23,2,0,0,449,6635488,6635936,4.49,rest,0.9302
3499,14,2,0,0,551,2069263,2069813,5.51,rest,0.9302
18050,5,3,0,0,501,10540825,10541325,5.01,rest,0.9302
1598,11,3,0,0,409,927064,927472,4.09,rest,0.9302
5548,16,3,0,0,377,3208741,3209117,3.77,rest,0.9302
8496,1,3,0,0,503,4960281,4960783,5.03,rest,0.9302
19577,7,2,0,0,392,11415770,11416161,3.92,rest,0.9302
11289,23,2,0,0,578,6660649,6661226,5.78,rest,0.9302
13990,26,3,0,0,560,8191813,8192372,5.6,rest,0.9302
5089,16,2,0,0,601,3003307,3003907,6.01,rest,0.9302
11531,23,2,0,0,466,6762671,6763136,4.66,rest,0.9277
9077,20,2,0,0,435,5330822,5331256,4.35,rest,0.9277
5598,16,3,0,0,475,3236503,3236977,4.75,rest,0.9277
19698,7,3,0,0,429,11469527,11469955,4.29,rest,0.9277
1178,11,3,0,0,487,717229,717715,4.87,rest,0.9277
18204,5,3,0,0,391,10610173,10610563,3.91,rest,0.9277
9089,20,2,0,0,548,5335830,5336377,5.48,rest,0.9277
19092,6,3,0,0,384,11104147,11104530,3.84,rest,0.9277
17891,5,2,0,0,538,10470320,10470857,5.38,rest,0.9277
2136,12,3,0,0,509,1259170,1259678,5.09,rest,0.9277
12674,24,3,0,0,378,7385336,7385713,3.78,rest,0.9277
12211,24,2,0,0,472,7178682,7179153,4.72,rest,0.9253
9184,20,3,0,0,1684,5375890,5377573,16.84,rest,0.9253
2493,13,2,0,0,540,1527194,1527733,5.4,rest,0.9253
2633,13,2,0,0,589,1585784,1586372,5.89,rest,0.9253
1292,11,3,0,0,468,768501,768968,4.68,rest,0.9253
7273,19,2,0,0,465,4306940,4307404,4.65,rest,0.9253
7162,18,3,0,0,377,4152609,4152985,3.77,rest,0.9253
14098,26,3,0,0,511,8242235,8242745,5.11,rest,0.9253
11724,23,3,0,0,428,6849018,6849445,4.28,rest,0.9253
3515,14,2,0,0,396,2076079,2076474,3.96,rest,0.9253
4644,15,3,0,0,433,2694877,2695309,4.33,rest,0.9229
4331,15,2,0,0,453,2545114,2545566,4.53,rest,0.9229
1344,11,3,0,0,535,793238,793772,5.35,rest,0.9229
14966,27,3,0,0,461,8733702,8734162,4.61,rest,0.9229
1097,11,2,0,0,426,682099,682524,4.26,rest,0.9229
19640,7,3,0,0,407,11443203,11443609,4.07,rest,0.9229
11916,23,3,0,0,552,6939144,6939695,5.52,rest,0.9229
10222,21,3,0,0,471,5954266,5954736,4.71,rest,0.9229
12720,24,3,0,0,541,7406929,7407469,5.41,rest,0.9229
19341,7,2,0,0,569,11316520,11317088,5.69,rest,0.9229
18761,6,2,0,0,419,10956806,10957224,4.19,rest,0.9229
17707,5,2,0,0,390,10393339,10393728,3.9,rest,0.9229
19742,7,3,0,0,439,11489955,11490393,4.39,rest,0.9229
5204,16,3,0,0,585,3054272,3054856,5.85,rest,0.9229
4167,15,2,0,0,437,2475877,2476313,4.37,rest,0.9229
14709,27,2,0,0,557,8619098,8619654,5.57,rest,0.9229
18034,5,3,0,0,488,10531600,10532087,4.88,rest,0.9204
3341,14,2,0,0,598,2002925,2003522,5.98,rest,0.9204
21089,9,2,0,0,508,12292002,12292509,5.08,rest,0.9204
10276,21,3,0,0,466,5981777,5982242,4.66,rest,0.9204
14226,26,3,0,0,587,8298984,8299570,5.87,rest,0.9204
19395,7,2,0,0,425,11339350,11339774,4.25,rest,0.9204
3265,14,2,0,0,551,1971032,1971582,5.51,rest,0.9204
11830,23,3,0,0,1097,6899878,6900974,10.97,rest,0.9204
6888,18,3,0,0,520,4023260,4023779,5.2,rest,0.9204
7812,19,3,0,0,535,4546552,4547086,5.35,rest,0.9204
8939,20,2,0,0,501,5272371,5272871,5.01,rest,0.9204
17610,4,3,0,0,311,10250262,10250572,3.11,rest,0.918
21508,9,3,0,0,448,12484860,12485307,4.48,rest,0.918
5550,16,3,0,0,475,3209609,3210083,4.75,rest,0.918
1250,11,3,0,0,384,750265,750648,3.84,rest,0.918
4349,15,2,0,0,404,2552752,2553155,4.04,rest,0.918
3630,14,3,0,0,1131,2126485,2127615,11.31,rest,0.918
1248,11,3,0,0,477,749367,749843,4.77,rest,0.918
19224,6,3,0,0,332,11162962,11163293,3.32,rest,0.918
11920,23,3,0,0,589,6940807,6941395,5.89,rest,0.918
19936,7,3,0,0,444,11581968,11582411,4.44,rest,0.918
17807,5,2,0,0,336,10435259,10435594,3.36,rest,0.918
7327,19,2,0,0,433,4329656,4330088,4.33,rest,0.918
5194,16,3,0,0,2028,3048703,3050730,20.28,rest,0.918
15950,2,3,0,0,471,9292544,9293014,4.71,rest,0.918
15465,2,2,0,0,531,9065507,9066037,5.31,rest,0.9155
738,10,3,0,0,485,420996,421480,4.85,rest,0.9155
12037,24,2,0,0,423,7105209,7105631,4.23,rest,0.9155
4881,16,2,0,0,514,2916222,2916735,5.14,rest,0.9155
12588,24,3,0,0,503,7345079,7345581,5.03,rest,0.9155
15190,27,3,0,0,441,8841714,8842154,4.41,rest,0.9155
4283,15,2,0,0,430,2524887,2525316,4.3,rest,0.9155
10234,21,3,0,0,500,5961307,5961806,5.0,rest,0.9155
11624,23,3,0,0,486,6803226,6803711,4.86,rest,0.9155
7668,19,3,0,0,497,4479011,4479507,4.97,rest,0.9155
15539,2,2,0,0,644,9096502,9097145,6.44,rest,0.9155
3243,14,2,0,0,447,1961876,1962322,4.47,rest,0.9155
7385,19,2,0,0,501,4353983,4354483,5.01,rest,0.9155
929,11,2,0,0,434,611647,612080,4.34,rest,0.9131
5570,16,3,0,0,499,3221405,3221903,4.99,rest,0.9131
2024,12,3,0,0,406,1209255,1209660,4.06,rest,0.9131
2260,12,3,0,0,548,1314177,1314724,5.48,rest,0.9131
11604,23,3,0,0,437,6794247,6794683,4.37,rest,0.9131
7698,19,3,0,0,602,4492115,4492716,6.02,rest,0.9131
5472,16,3,0,0,446,3173980,3174425,4.46,rest,0.9131
13280,25,3,0,0,527,7765335,7765861,5.27,rest,0.9131
13965,26,2,0,0,511,8181426,8181936,5.11,rest,0.9131
5137,16,2,0,0,472,3023488,3023959,4.72,rest,0.9131
9159,20,2,0,0,573,5365450,5366022,5.73,rest,0.9131
11858,23,3,0,0,551,6912828,6913378,5.51,rest,0.9131
8967,20,2,0,0,438,5284322,5284759,4.38,rest,0.9131
4714,15,3,0,0,301,2729638,2729938,3.01,rest,0.9106
12067,24,2,0,0,493,7117858,7118350,4.93,rest,0.9106
16963,4,2,0,0,567,9961678,9962244,5.67,rest,0.9106
5352,16,3,0,0,557,3120311,3120867,5.57,rest,0.9106
4023,15,2,0,0,371,2415095,2415465,3.71,rest,0.9106
19076,6,3,0,0,680,11097046,11097725,6.8,rest,0.9106
5061,16,2,0,0,567,2991632,2992198,5.67,rest,0.9106
3976,14,3,0,0,430,2290797,2291226,4.3,rest,0.9106
18106,5,3,0,0,1000,10565535,10566534,10.0,rest,0.9106
3894,14,3,0,0,300,2249384,2249683,3.0,rest,0.9106
4085,15,2,0,0,459,2441150,2441608,4.59,rest,0.9106
18505,6,2,0,0,535,10849301,10849835,5.35,rest,0.9106
1797,12,2,0,0,465,1111155,1111619,4.65,rest,0.9106
19108,6,3,0,0,857,11110785,11111641,8.57,rest,0.9106
9538,20,3,0,0,490,5537665,5538154,4.9,rest,0.9106
7984,19,3,0,0,527,4632560,4633086,5.27,rest,0.9106
9823,21,2,0,0,602,5777063,5777664,6.02,rest,0.9082
8833,20,2,0,0,462,5227514,5227975,4.62,rest,0.9082
9328,20,3,0,0,509,5442228,5442736,5.09,rest,0.9082
19680,7,3,0,0,450,11461365,11461814,4.5,rest,0.9082
13592,25,3,0,0,448,7914788,7915235,4.48,rest,0.9082
8742,1,3,0,0,1549,5081765,5083313,15.49,rest,0.9082
4027,15,2,0,0,346,2416795,2417140,3.46,rest,0.9082
17939,5,2,0,0,409,10490532,10490940,4.09,rest,0.9082
1296,11,3,0,0,431,770201,770631,4.31,rest,0.9082
4253,15,2,0,0,432,2512186,2512617,4.32,rest,0.9082
3858,14,3,0,0,504,2232982,2233485,5.04,rest,0.9082
4778,15,3,0,0,364,2767255,2767618,3.64,rest,0.9082
2647,13,2,0,0,649,1591657,1592305,6.49,rest,0.9082
1316,11,3,0,0,498,780781,781278,4.98,rest,0.9082
1025,11,2,0,0,433,651886,652318,4.33,rest,0.9082
1460,11,3,0,0,464,847365,847828,4.64,rest,0.9082
15660,2,3,0,0,1740,9151108,9152847,17.4,rest,0.9082
11543,23,2,0,0,421,6767702,6768122,4.21,rest,0.9058
18174,5,3,0,0,504,10596551,10597054,5.04,rest,0.9058
13996,26,3,0,0,2242,8194385,8196626,22.42,rest,0.9058
5518,16,3,0,0,493,3195587,3196079,4.93,rest,0.9058
9145,20,2,0,0,506,5359583,5360088,5.06,rest,0.9058
11403,23,2,0,0,384,6708794,6709177,3.84,rest,0.9058
15828,2,3,0,0,398,9234559,9234956,3.98,rest,0.9058
6238,17,3,0,0,393,3621755,3622147,3.93,rest,0.9058
12590,24,3,0,0,493,7345936,7346428,4.93,rest,0.9058
14306,26,3,0,0,447,8334982,8335428,4.47,rest,0.9058
12127,24,2,0,0,482,7143164,7143645,4.82,rest,0.9058
21193,9,2,0,0,543,12335525,12336067,5.43,rest,0.9058
18713,6,2,0,0,455,10936614,10937068,4.55,rest,0.9058
16540,3,3,0,0,440,9662513,9662952,4.4,rest,0.9058
13514,25,3,0,0,1328,7872720,7874047,13.28,rest,0.9058
1362,11,3,0,0,502,800747,801248,5.02,rest,0.9058
1428,11,3,0,0,444,833375,833818,4.44,rest,0.9058
11998,23,3,0,0,339,6984286,6984624,3.39,rest,0.9058
4315,15,2,0,0,467,2538372,2538838,4.67,rest,0.9058
17835,5,2,0,0,527,10446860,10447386,5.27,rest,0.9058
937,11,2,0,0,537,614960,615496,5.37,rest,0.9058
19585,7,2,0,0,399,11419075,11419473,3.99,rest,0.9033
11541,23,2,0,0,514,6766844,6767357,5.14,rest,0.9033
14048,26,3,0,0,560,8218651,8219210,5.6,rest,0.9033
3497,14,2,0,0,517,2068473,2068989,5.17,rest,0.9033
1414,11,3,0,0,568,826428,826995,5.68,rest,0.9033
15982,2,3,0,0,467,9312203,9312669,4.67,rest,0.9033
6230,17,3,0,0,479,3617541,3618019,4.79,rest,0.9033
16847,4,2,0,0,458,9913034,9913491,4.58,rest,0.9033
16494,3,3,0,0,474,9641342,9641815,4.74,rest,0.9033
19596,7,3,0,0,465,11423557,11424021,4.65,rest,0.9033
173,10,2,0,0,472,172871,173342,4.72,rest,0.9033
2677,13,2,0,0,578,1604200,1604777,5.78,rest,0.9033
3206,13,3,0,0,574,1845601,1846174,5.74,rest,0.9033
6669,18,2,0,0,543,3924772,3925314,5.43,rest,0.9009
19479,7,2,0,0,489,11374505,11374993,4.89,rest,0.9009
4470,15,3,0,0,409,2611376,2611784,4.09,rest,0.9009
7245,19,2,0,0,527,4295099,4295625,5.27,rest,0.9009
5290,16,3,0,0,580,3093595,3094174,5.8,rest,0.9009
9442,20,3,0,0,484,5493871,5494354,4.84,rest,0.9009
9037,20,2,0,0,416,5313917,5314332,4.16,rest,0.9009
6386,17,3,0,0,473,3700373,3700845,4.73,rest,0.9009
15563,2,2,0,0,476,9106608,9107083,4.76,rest,0.9009
4682,15,3,0,0,386,2712864,2713249,3.86,rest,0.9009
9308,20,3,0,0,523,5433754,5434276,5.23,rest,0.9009
4095,15,2,0,0,548,2445325,2445872,5.48,rest,0.9009
11379,23,2,0,0,482,6698680,6699161,4.82,rest,0.9009
18236,5,3,0,0,439,10624160,10624598,4.39,rest,0.9009
21600,9,3,0,0,534,12526958,12527491,5.34,rest,0.9009
16658,3,3,0,0,583,9716483,9717065,5.83,rest,0.9009
12602,24,3,0,0,514,7351122,7351635,5.14,rest,0.9009
18104,5,3,0,0,432,10564692,10565123,4.32,rest,0.8984
11399,23,2,0,0,385,6707114,6707498,3.85,rest,0.8984
21224,9,3,0,0,442,12349263,12349704,4.42,rest,0.8984
3491,14,2,0,0,424,2065995,2066418,4.24,rest,0.8984
6236,17,3,0,0,987,3620298,3621284,9.87,rest,0.8984
3397,14,2,0,0,444,2026556,2026999,4.44,rest,0.8984
7144,18,3,0,0,397,4138272,4138668,3.97,rest,0.8984
21228,9,3,0,0,464,12350893,12351356,4.64,rest,0.8984
8145,1,2,0,0,520,4803305,4803824,5.2,rest,0.8984
17951,5,2,0,0,343,10495622,10495964,3.43,rest,0.8984
17067,4,2,0,0,538,10005258,10005795,5.38,rest,0.8984
1590,11,3,0,0,423,923696,924118,4.23,rest,0.8984
4903,16,2,0,0,603,2925415,2926017,6.03,rest,0.8984
18420,5,3,0,0,428,10711243,10711670,4.28,rest,0.8984
19333,7,2,0,0,557,11313190,11313746,5.57,rest,0.896
14683,27,2,0,0,477,8608232,8608708,4.77,rest,0.896
18675,6,2,0,0,405,10920711,10921115,4.05,rest,0.896
15768,2,3,0,0,449,9203537,9203985,4.49,rest,0.896
8921,20,2,0,0,538,5264724,5265261,5.38,rest,0.896
15182,27,3,0,0,394,8838417,8838810,3.94,rest,0.896
4191,15,2,0,0,479,2486027,2486505,4.79,rest,0.8936
13986,26,3,0,0,592,8190153,8190744,5.92,rest,0.8936
12572,24,3,0,0,1313,7337635,7338947,13.13,rest,0.8936
13366,25,3,0,0,485,7805010,7805494,4.85,rest,0.8936
21650,9,3,0,0,373,12551617,12551989,3.73,rest,0.8936
16836,3,3,0,0,412,9807731,9808142,4.12,rest,0.8936
14717,27,2,0,0,620,8622447,8623066,6.2,rest,0.8936
4193,15,2,0,0,472,2486842,2487313,4.72,rest,0.8936
2561,13,2,0,0,468,1555714,1556181,4.68,rest,0.8936
11477,23,2,0,0,374,6739966,6740339,3.74,rest,0.8936
7525,19,2,0,0,429,4412686,4413114,4.29,rest,0.8936
9582,20,3,0,0,366,5563480,5563845,3.66,rest,0.8936
9115,20,2,0,0,514,5346867,5347380,5.14,rest,0.8936
13831,26,2,0,0,493,8124841,8125333,4.93,rest,0.8911
4540,15,3,0,0,412,2644487,2644898,4.12,rest,0.8911
4165,15,2,0,0,343,2475171,2475513,3.43,rest,0.8911
3251,14,2,0,0,478,1965194,1965671,4.78,rest,0.8911
5580,16,3,0,0,361,3227496,3227856,3.61,rest,0.8911
13959,26,2,0,0,559,8178846,8179404,5.59,rest,0.8911
14052,26,3,0,0,531,8220385,8220915,5.31,rest,0.8911
17833,5,2,0,0,376,10446151,10446526,3.76,rest,0.8911
5566,16,3,0,0,513,3219712,3220224,5.13,rest,0.8887
20472,8,3,0,0,1504,11920854,11922357,15.04,rest,0.8887
19750,7,3,0,0,833,11493332,11494164,8.33,rest,0.8887
6531,18,2,0,0,575,3866673,3867247,5.75,rest,0.8887
14212,26,3,0,0,547,8292891,8293437,5.47,rest,0.8887
4143,15,2,0,0,430,2465679,2466108,4.3,rest,0.8887
9310,20,3,0,0,456,5434670,5435125,4.56,rest,0.8887
15321,2,2,0,0,500,9005282,9005781,5.0,rest,0.8887
5909,17,2,0,0,517,3469593,3470109,5.17,rest,0.8887
5444,16,3,0,0,553,3161020,3161572,5.53,rest,0.8887
3932,14,3,0,0,389,2266667,2267055,3.89,rest,0.8887
14629,27,2,0,0,648,8585535,8586182,6.48,rest,0.8887
15792,2,3,0,0,394,9215038,9215431,3.94,rest,0.8887
15918,2,3,0,0,477,9277155,9277631,4.77,rest,0.8887
4690,15,3,0,0,292,2716318,2716609,2.92,rest,0.8887
7433,19,2,0,0,426,4374068,4374493,4.26,rest,0.8887
4780,15,3,0,0,326,2768144,2768469,3.26,rest,0.8887
8895,20,2,0,0,568,5253678,5254245,5.68,rest,0.8887
13362,25,3,0,0,616,7803293,7803908,6.16,rest,0.8887
18719,6,2,0,0,446,10939158,10939603,4.46,rest,0.8887
390,10,3,0,0,464,265093,265556,4.64,rest,0.8887
16205,3,2,0,0,586,9512102,9512687,5.86,rest,0.8887
3804,14,3,0,0,510,2208135,2208644,5.1,rest,0.8862
17879,5,2,0,0,308,10465393,10465700,3.08,rest,0.8862
9496,20,3,0,0,396,5518796,5519191,3.96,rest,0.8862
18440,5,3,0,0,339,10721177,10721515,3.39,rest,0.8862
989,11,2,0,0,412,636875,637286,4.12,rest,0.8862
4213,15,2,0,0,473,2495280,2495752,4.73,rest,0.8862
16480,3,3,0,0,492,9634669,9635160,4.92,rest,0.8862
19517,7,2,0,0,592,11390385,11390976,5.92,rest,0.8862
17827,5,2,0,0,404,10443638,10444041,4.04,rest,0.8862
9029,20,2,0,0,404,5310559,5310962,4.04,rest,0.8862
7381,19,2,0,0,534,4352323,4352856,5.34,rest,0.8862
4057,15,2,0,0,497,2429286,2429782,4.97,rest,0.8862
6364,17,3,0,0,470,3686437,3686906,4.7,rest,0.8862
10040,21,3,0,0,535,5871592,5872126,5.35,rest,0.8862
8843,20,2,0,0,588,5231697,5232284,5.88,rest,0.8862
9163,20,2,0,0,299,5367325,5367623,2.99,rest,0.8862
20672,8,3,0,0,908,12008912,12009819,9.08,rest,0.8862
923,11,2,0,0,543,609119,609661,5.43,rest,0.8838
3409,14,2,0,0,485,2031560,2032044,4.85,rest,0.8838
20020,7,3,0,0,384,11625464,11625847,3.84,rest,0.8838
18822,6,3,0,0,419,10984918,10985336,4.19,rest,0.8838
4536,15,3,0,0,424,2642766,2643189,4.24,rest,0.8838
3820,14,3,0,0,511,2215619,2216129,5.11,rest,0.8838
6685,18,2,0,0,636,3931427,3932062,6.36,rest,0.8838
16849,4,2,0,0,400,9913931,9914330,4.0,rest,0.8838
4412,15,3,0,0,1948,2583531,2585478,19.48,rest,0.8838
2483,13,2,0,0,586,1522951,1523536,5.86,rest,0.8838
3064,13,3,0,0,394,1779717,1780110,3.94,rest,0.8838
11686,23,3,0,0,381,6832340,6832720,3.81,rest,0.8838
6479,18,2,0,0,518,3844833,3845350,5.18,rest,0.8838
9035,20,2,0,0,435,5313060,5313494,4.35,rest,0.8838
4307,15,2,0,0,476,2534976,2535451,4.76,rest,0.8838
8853,20,2,0,0,530,5235901,5236430,5.3,rest,0.8838
5564,16,3,0,0,416,3218878,3219293,4.16,rest,0.8838
12518,24,3,0,0,480,7313032,7313511,4.8,rest,0.8838
8764,1,3,0,0,296,5094256,5094551,2.96,rest,0.8838
15485,2,2,0,0,539,9073930,9074468,5.39,rest,0.8813
10110,21,3,0,0,537,5904358,5904894,5.37,rest,0.8813
7926,19,3,0,0,387,4600104,4600490,3.87,rest,0.8813
6140,17,3,0,0,481,3577130,3577610,4.81,rest,0.8813
8923,20,2,0,0,437,5265697,5266133,4.37,rest,0.8813
19529,7,2,0,0,573,11395440,11396012,5.73,rest,0.8813
9256,20,3,0,0,454,5408929,5409382,4.54,rest,0.8813
10848,22,3,0,0,3737,6349518,6353254,37.37,rest,0.8813
11790,23,3,0,0,1992,6879329,6881320,19.92,rest,0.8813
12018,23,3,0,0,374,6995700,6996073,3.74,rest,0.8813
3419,14,2,0,0,373,2035820,2036192,3.73,rest,0.8813
17372,4,3,0,0,348,10141025,10141372,3.48,rest,0.8813
1057,11,2,0,0,398,665321,665718,3.98,rest,0.8813
2643,13,2,0,0,615,1589977,1590591,6.15,rest,0.8789
4454,15,3,0,0,322,2604756,2605077,3.22,rest,0.8789
13947,26,2,0,0,433,8173913,8174345,4.33,rest,0.8789
10162,21,3,0,0,527,5928124,5928650,5.27,rest,0.8789
13725,26,2,0,0,620,8079919,8080538,6.2,rest,0.8789
7523,19,2,0,0,411,4411872,4412282,4.11,rest,0.8789
16028,2,3,0,0,316,9337532,9337847,3.16,rest,0.8789
8855,20,2,0,0,502,5236796,5237297,5.02,rest,0.8789
7122,18,3,0,0,368,4128587,4128954,3.68,rest,0.8789
18806,6,3,0,0,493,10975467,10975959,4.93,rest,0.8789
9350,20,3,0,0,421,5453260,5453680,4.21,rest,0.8789
1260,11,3,0,0,458,754350,754807,4.58,rest,0.8789
15640,2,3,0,0,2334,9140910,9143243,23.34,rest,0.8789
5272,16,3,0,0,548,3085100,3085647,5.48,rest,0.8789
7235,19,2,0,0,572,4290907,4291478,5.72,rest,0.8789
7782,19,3,0,0,398,4533228,4533625,3.98,rest,0.8789
17805,5,2,0,0,389,10434501,10434889,3.89,rest,0.8789
15168,27,3,0,0,484,8824436,8824919,4.84,rest,0.8789
15281,2,2,0,0,495,8988474,8988968,4.95,rest,0.8789
17426,4,3,0,0,306,10165565,10165870,3.06,rest,0.8765
7862,19,3,0,0,416,4570560,4570975,4.16,rest,0.8765
1113,11,2,0,0,418,688867,689284,4.18,rest,0.8765
3483,14,2,0,0,591,2062481,2063071,5.91,rest,0.8765
9980,21,3,0,0,507,5843380,5843886,5.07,rest,0.8765
3616,14,3,0,0,498,2120554,2121051,4.98,rest,0.8765
3537,14,2,0,0,324,2085366,2085689,3.24,rest,0.8765
4313,15,2,0,0,363,2537634,2537996,3.63,rest,0.8765
5370,16,3,0,0,460,3127975,3128434,4.6,rest,0.8765
19415,7,2,0,0,481,11347725,11348205,4.81,rest,0.8765
2473,13,2,0,0,516,1518806,1519321,5.16,rest,0.8765
16488,3,3,0,0,540,9638788,9639327,5.4,rest,0.8765
13701,26,2,0,0,530,8069834,8070363,5.3,rest,0.8765
16500,3,3,0,0,439,9643806,9644244,4.39,rest,0.8765
15850,2,3,0,0,253,9245113,9245365,2.53,rest,0.8765
15862,2,3,0,0,470,9251526,9251995,4.7,rest,0.8765
9588,20,3,0,0,354,5571587,5571940,3.54,rest,0.8765
21568,9,3,0,0,457,12511554,12512010,4.57,rest,0.8765
1560,11,3,0,0,466,902247,902712,4.66,rest,0.8765
4514,15,3,0,0,422,2631499,2631920,4.22,rest,0.8765
9033,20,2,0,0,408,5312229,5312636,4.08,rest,0.874
8945,20,2,0,0,470,5274971,5275440,4.7,rest,0.874
20810,8,3,0,0,472,12070812,12071283,4.72,rest,0.874
13929,26,2,0,0,488,8166267,8166754,4.88,rest,0.874
21230,9,3,0,0,566,12351732,12352297,5.66,rest,0.874
861,11,2,0,0,407,583125,583531,4.07,rest,0.874
5414,16,3,0,0,1307,3146702,3148008,13.07,rest,0.874
5274,16,3,0,0,1336,3085922,3087257,13.36,rest,0.874
17996,5,3,0,0,463,10514233,10514695,4.63,rest,0.874
9244,20,3,0,0,1236,5403156,5404391,12.36,rest,0.874
12035,24,2,0,0,414,7104403,7104816,4.14,rest,0.874
18090,5,3,0,0,374,10558944,10559317,3.74,rest,0.874
19445,7,2,0,0,578,11360171,11360748,5.78,rest,0.874
18130,5,3,0,0,432,10576322,10576753,4.32,rest,0.874
4137,15,2,0,0,546,2463132,2463677,5.46,rest,0.874
12283,24,2,0,0,350,7209076,7209425,3.5,rest,0.8716
3970,14,3,0,0,2982,2285784,2288765,29.82,rest,0.8716
11702,23,3,0,0,353,6839844,6840196,3.53,rest,0.8716
15359,2,2,0,0,637,9021167,9021803,6.37,rest,0.8716
8903,20,2,0,0,655,5257035,5257689,6.55,rest,0.8716
3624,14,3,0,0,470,2123958,2124427,4.7,rest,0.8716
10254,21,3,0,0,272,5970783,5971054,2.72,rest,0.8716
19692,7,3,0,0,420,11467044,11467463,4.2,rest,0.8716
14697,27,2,0,0,598,8614037,8614634,5.98,rest,0.8716
6591,18,2,0,0,451,3892078,3892528,4.51,rest,0.8716
19830,7,3,0,0,1077,11532737,11533813,10.77,rest,0.8716
10380,21,3,0,0,373,6035564,6035936,3.73,rest,0.8716
18593,6,2,0,0,429,10886317,10886745,4.29,rest,0.8716
19329,7,2,0,0,505,11311585,11312089,5.05,rest,0.8716
9025,20,2,0,0,395,5308903,5309297,3.95,rest,0.8691
17877,5,2,0,0,421,10464485,10464905,4.21,rest,0.8691
11798,23,3,0,0,367,6884159,6884525,3.67,rest,0.8691
19612,7,3,0,0,448,11431444,11431891,4.48,rest,0.8691
3208,13,3,0,0,386,1846495,1846880,3.86,rest,0.8691
21266,9,3,0,0,572,12371630,12372201,5.72,rest,0.8691
7810,19,3,0,0,494,4545743,4546236,4.94,rest,0.8691
19583,7,2,0,0,364,11418323,11418686,3.64,rest,0.8691
1123,11,2,0,0,382,693050,693431,3.82,rest,0.8691
15810,2,3,0,0,473,9226332,9226804,4.73,rest,0.8691
4698,15,3,0,0,432,2720465,2720896,4.32,rest,0.8691
4438,15,3,0,0,463,2596884,2597346,4.63,rest,0.8691
6788,18,3,0,0,367,3976509,3976875,3.67,rest,0.8691
12556,24,3,0,0,526,7330931,7331456,5.26,rest,0.8667
9570,20,3,0,0,455,5558443,5558897,4.55,rest,0.8667
13304,25,3,0,0,372,7777664,7778035,3.72,rest,0.8667
18559,6,2,0,0,482,10872028,10872509,4.82,rest,0.8667
4628,15,3,0,0,402,2686493,2686894,4.02,rest,0.8667
15238,27,3,0,0,354,8869972,8870325,3.54,rest,0.8667
1885,12,2,0,0,603,1147834,1148436,6.03,rest,0.8667
3521,14,2,0,0,441,2078536,2078976,4.41,rest,0.8667
4077,15,2,0,0,442,2437799,2438240,4.42,rest,0.8667
9348,20,3,0,0,440,5452429,5452868,4.4,rest,0.8667
19614,7,3,0,0,454,11432273,11432726,4.54,rest,0.8667
3944,14,3,0,0,384,2271694,2272077,3.84,rest,0.8667
1847,12,2,0,0,544,1131953,1132496,5.44,rest,0.8667
11862,23,3,0,0,416,6914550,6914965,4.16,rest,0.8667
5059,16,2,0,0,562,2990753,2991314,5.62,rest,0.8643
1075,11,2,0,0,336,672951,673286,3.36,rest,0.8643
13500,25,3,0,0,433,7866637,7867069,4.33,rest,0.8643
3297,14,2,0,0,473,1984566,1985038,4.73,rest,0.8643
14038,26,3,0,0,404,8214596,8214999,4.04,rest,0.8643
17967,5,2,0,0,395,10502242,10502636,3.95,rest,0.8643
12333,24,2,0,0,420,7230215,7230634,4.2,rest,0.8643
12476,24,3,0,0,524,7293956,7294479,5.24,rest,0.8643
736,10,3,0,0,455,420196,420650,4.55,rest,0.8643
4616,15,3,0,0,274,2681532,2681805,2.74,rest,0.8643
21183,9,2,0,0,571,12331345,12331915,5.71,rest,0.8643
11930,23,3,0,0,848,6945034,6945881,8.48,rest,0.8643
740,10,3,0,0,349,421966,422314,3.49,rest,0.8643
9996,21,3,0,0,508,5851318,5851825,5.08,rest,0.8643
6196,17,3,0,0,875,3602030,3602904,8.75,rest,0.8643
15802,2,3,0,0,415,9223056,9223470,4.15,rest,0.8643
11257,23,2,0,0,413,6647262,6647674,4.13,rest,0.8643
8955,20,2,0,0,514,5279172,5279685,5.14,rest,0.8643
2096,12,3,0,0,405,1241593,1241997,4.05,rest,0.8643
18808,6,3,0,0,3224,10976362,10979585,32.24,rest,0.8618
6382,17,3,0,0,456,3698725,3699180,4.56,rest,0.8618
7958,19,3,0,0,488,4614445,4614932,4.88,rest,0.8618
3860,14,3,0,0,418,2233815,2234232,4.18,rest,0.8618
9600,20,3,0,0,486,5576533,5577018,4.86,rest,0.8618
7016,18,3,0,0,448,4079189,4079636,4.48,rest,0.8618
2958,13,3,0,0,518,1732667,1733184,5.18,rest,0.8618
17815,5,2,0,0,288,10438699,10438986,2.88,rest,0.8618
3152,13,3,0,0,505,1819854,1820358,5.05,rest,0.8618
612,10,3,0,0,414,364318,364731,4.14,rest,0.8618
12584,24,3,0,0,444,7343463,7343906,4.44,rest,0.8618
16534,3,3,0,0,488,9659789,9660276,4.88,rest,0.8594
9408,20,3,0,0,496,5478754,5479249,4.96,rest,0.8594
12764,24,3,0,0,510,7426858,7427367,5.1,rest,0.8594
13153,25,2,0,0,431,7707251,7707681,4.31,rest,0.8594
19571,7,2,0,0,458,11413160,11413617,4.58,rest,0.8594
9426,20,3,0,0,422,5487174,5487595,4.22,rest,0.8594
4550,15,3,0,0,362,2648717,2649078,3.62,rest,0.8594
7742,19,3,0,0,417,4512775,4513191,4.17,rest,0.8594
3154,13,3,0,0,492,1820689,1821180,4.92,rest,0.8594
8969,20,2,0,0,486,5285108,5285593,4.86,rest,0.8594
2954,13,3,0,0,506,1730967,1731472,5.06,rest,0.8594
13422,25,3,0,0,492,7830723,7831214,4.92,rest,0.8594
11688,23,3,0,0,317,6833250,6833566,3.17,rest,0.8594
18555,6,2,0,0,436,10870394,10870829,4.36,rest,0.8594
17889,5,2,0,0,350,10469614,10469963,3.5,rest,0.8594
5787,17,2,0,0,501,3418136,3418636,5.01,rest,0.8594
6457,18,2,0,0,386,3835605,3835990,3.86,rest,0.8594
14677,27,2,0,0,727,8605573,8606299,7.27,rest,0.8594
21173,9,2,0,0,507,12327234,12327740,5.07,rest,0.8594
14410,26,3,0,0,490,8389942,8390431,4.9,rest,0.8594
4021,15,2,0,0,339,2414274,2414612,3.39,rest,0.8594
1562,11,3,0,0,531,903063,903593,5.31,rest,0.8594
11557,23,2,0,0,395,6773646,6774040,3.95,rest,0.8594
12714,24,3,0,0,447,7404471,7404917,4.47,rest,0.8569
15930,2,3,0,0,414,9283149,9283562,4.14,rest,0.8569
17963,5,2,0,0,333,10500629,10500961,3.33,rest,0.8569
13234,25,3,0,0,1248,7742759,7744006,12.48,rest,0.8569
16207,3,2,0,0,596,9512945,9513540,5.96,rest,0.8569
1111,11,2,0,0,429,688010,688438,4.29,rest,0.8569
19277,7,2,0,0,401,11289748,11290148,4.01,rest,0.8569
20816,8,3,0,0,423,12075592,12076014,4.23,rest,0.8569
5610,16,3,0,0,596,3241433,3242028,5.96,rest,0.8569
580,10,3,0,0,518,350211,350728,5.18,rest,0.8569
17907,5,2,0,0,502,10477064,10477565,5.02,rest,0.8569
2621,13,2,0,0,555,1580733,1581287,5.55,rest,0.8569
19273,7,2,0,0,430,11288031,11288460,4.3,rest,0.8545
17985,5,2,0,0,249,10509843,10510091,2.49,rest,0.8545
13988,26,3,0,0,474,8191055,8191528,4.74,rest,0.8545
11956,23,3,0,0,320,6957445,6957764,3.2,rest,0.8545
12564,24,3,0,0,595,7334302,7334896,5.95,rest,0.8545
11547,23,2,0,0,400,6769394,6769793,4.0,rest,0.8545
4630,15,3,0,0,458,2687293,2687750,4.58,rest,0.8545
4356,15,3,0,0,471,2555568,2556038,4.71,rest,0.8545
12057,24,2,0,0,452,7113683,7114134,4.52,rest,0.8545
21133,9,2,0,0,553,12310494,12311046,5.53,rest,0.8545
20016,7,3,0,0,476,11623715,11624190,4.76,rest,0.8545
2358,12,3,0,0,472,1363421,1363892,4.72,rest,0.8545
11281,23,2,0,0,410,6657374,6657783,4.1,rest,0.8521
15493,2,2,0,0,504,9077273,9077776,5.04,rest,0.8521
17632,4,3,0,0,319,10261158,10261476,3.19,rest,0.8521
251,10,2,0,0,527,205468,205994,5.27,rest,0.8521
21135,9,2,0,0,382,12311444,12311825,3.82,rest,0.8521
8484,1,3,0,0,484,4955281,4955764,4.84,rest,0.8521
19343,7,2,0,0,616,11317341,11317956,6.16,rest,0.8521
7758,19,3,0,0,453,4519492,4519944,4.53,rest,0.8521
7241,19,2,0,0,585,4293441,4294025,5.85,rest,0.8521
15303,2,2,0,0,454,8997757,8998210,4.54,rest,0.8521
8827,20,2,0,0,538,5224915,5225452,5.38,rest,0.8521
5260,16,3,0,0,483,3080151,3080633,4.83,rest,0.8521
5442,16,3,0,0,550,3160129,3160678,5.5,rest,0.8521
9965,21,2,0,0,463,5837199,5837661,4.63,rest,0.8521
11640,23,3,0,0,401,6810820,6811220,4.01,rest,0.8496
12828,24,3,0,0,389,7468476,7468864,3.89,rest,0.8496
9178,20,3,0,0,496,5373376,5373871,4.96,rest,0.8496
15606,2,3,0,0,454,9126099,9126552,4.54,rest,0.8496
5538,16,3,0,0,431,3204502,3204932,4.31,rest,0.8496
21300,9,3,0,0,489,12388809,12389297,4.89,rest,0.8496
11305,23,2,0,0,481,6667480,6667960,4.81,rest,0.8496
19587,7,2,0,0,419,11419916,11420334,4.19,rest,0.8496
17416,4,3,0,0,340,10161178,10161517,3.4,rest,0.8496
10378,21,3,0,0,411,6034667,6035077,4.11,rest,0.8496
229,10,2,0,0,485,196287,196771,4.85,rest,0.8496
13891,26,2,0,0,508,8150138,8150645,5.08,rest,0.8496
4738,15,3,0,0,514,2740762,2741275,5.14,rest,0.8496
13095,25,2,0,0,519,7682641,7683159,5.19,rest,0.8496
13877,26,2,0,0,513,8144242,8144754,5.13,rest,0.8496
7962,19,3,0,0,348,4620755,4621102,3.48,rest,0.8496
7128,18,3,0,0,455,4131004,4131458,4.55,rest,0.8496
5841,17,2,0,0,485,3440876,3441360,4.85,rest,0.8496
4812,15,3,0,0,327,2786354,2786680,3.27,rest,0.8496
6922,18,3,0,0,484,4037959,4038442,4.84,rest,0.8496
19938,7,3,0,0,461,11582776,11583236,4.61,rest,0.8496
4215,15,2,0,0,376,2496190,2496565,3.76,rest,0.8496
14715,27,2,0,0,581,8621581,8622161,5.81,rest,0.8496
456,10,3,0,0,485,295280,295764,4.85,rest,0.8496
11397,23,2,0,0,378,6706277,6706654,3.78,rest,0.8496
9250,20,3,0,0,423,5406405,5406827,4.23,rest,0.8472
4931,16,2,0,0,586,2937157,2937742,5.86,rest,0.8472
4175,15,2,0,0,416,2479327,2479742,4.16,rest,0.8472
10236,21,3,0,0,478,5962179,5962656,4.78,rest,0.8472
13286,25,3,0,0,493,7767881,7768373,4.93,rest,0.8472
18970,6,3,0,0,337,11051469,11051805,3.37,rest,0.8472
4157,15,2,0,0,381,2471735,2472115,3.81,rest,0.8472
15559,2,2,0,0,404,9105001,9105404,4.04,rest,0.8472
7156,18,3,0,0,446,4143264,4143709,4.46,rest,0.8472
11820,23,3,0,0,616,6895583,6896198,6.16,rest,0.8447
2409,13,2,0,0,542,1491952,1492493,5.42,rest,0.8447
15892,2,3,0,0,382,9265035,9265416,3.82,rest,0.8447
6635,18,2,0,0,366,3910611,3910976,3.66,rest,0.8447
16762,3,3,0,0,1471,9765767,9767237,14.71,rest,0.8447
14878,27,3,0,0,1036,8694109,8695144,10.36,rest,0.8447
10132,21,3,0,0,480,5914555,5915034,4.8,rest,0.8447
9877,21,2,0,0,558,5799920,5800477,5.58,rest,0.8447
19515,7,2,0,0,581,11389565,11390145,5.81,rest,0.8447
9400,20,3,0,0,446,5475299,5475744,4.46,rest,0.8447
4333,15,2,0,0,376,2546031,2546406,3.76,rest,0.8447
9252,20,3,0,0,514,5407204,5407717,5.14,rest,0.8447
1558,11,3,0,0,527,901362,901888,5.27,rest,0.8447
9240,20,3,0,0,477,5401511,5401987,4.77,rest,0.8447
10102,21,3,0,0,542,5900465,5901006,5.42,rest,0.8447
6619,18,2,0,0,462,3903848,3904309,4.62,rest,0.8447
9139,20,2,0,0,406,5357103,5357508,4.06,rest,0.8447
17624,4,3,0,0,2351,10255898,10258248,23.51,rest,0.8447
17901,5,2,0,0,545,10474500,10475044,5.45,rest,0.8447
9602,20,3,0,0,483,5577392,5577874,4.83,rest,0.8447
12125,24,2,0,0,584,7142222,7142805,5.84,rest,0.8447
1041,11,2,0,0,430,658578,659007,4.3,rest,0.8423
5572,16,3,0,0,535,3222256,3222790,5.35,rest,0.8423
1366,11,3,0,0,437,803692,804128,4.37,rest,0.8423
1135,11,2,0,0,469,697981,698449,4.69,rest,0.8423
4522,15,3,0,0,504,2634822,2635325,5.04,rest,0.8423
18725,6,2,0,0,359,10941707,10942065,3.59,rest,0.8423
17941,5,2,0,0,610,10491200,10491809,6.1,rest,0.8423
7136,18,3,0,0,422,4134383,4134804,4.22,rest,0.8423
14278,26,3,0,0,498,8322607,8323104,4.98,rest,0.8423
21125,9,2,0,0,639,12307019,12307657,6.39,rest,0.8423
9081,20,2,0,0,406,5332576,5332981,4.06,rest,0.8423
7419,19,2,0,0,495,4368186,4368680,4.95,rest,0.8423
12780,24,3,0,0,418,7439453,7439870,4.18,rest,0.8398
8859,20,2,0,0,458,5238480,5238937,4.58,rest,0.8398
6527,18,2,0,0,580,3864981,3865560,5.8,rest,0.8398
4688,15,3,0,0,284,2715479,2715762,2.84,rest,0.8398
14707,27,2,0,0,542,8618286,8618827,5.42,rest,0.8398
17151,4,2,0,0,404,10040651,10041054,4.04,rest,0.8398
15626,2,3,0,0,464,9135041,9135504,4.64,rest,0.8398
18438,5,3,0,0,438,10720289,10720726,4.38,rest,0.8398
19553,7,2,0,0,433,11405672,11406104,4.33,rest,0.8398
1208,11,3,0,0,482,731334,731815,4.82,rest,0.8398
2699,13,2,0,0,538,1613428,1613965,5.38,rest,0.8398
4526,15,3,0,0,443,2636537,2636979,4.43,rest,0.8398
18956,6,3,0,0,401,11045284,11045684,4.01,rest,0.8398
6439,18,2,0,0,385,3828032,3828416,3.85,rest,0.8398
1548,11,3,0,0,434,897281,897714,4.34,rest,0.8398
13705,26,2,0,0,503,8071536,8072038,5.03,rest,0.8398
7391,19,2,0,0,463,4356519,4356981,4.63,rest,0.8398
15192,27,3,0,0,538,8842466,8843003,5.38,rest,0.8398
8841,20,2,0,0,563,5230798,5231360,5.63,rest,0.8398
21462,9,3,0,0,444,12463773,12464216,4.44,rest,0.8398
41,10,2,0,0,528,117461,117988,5.28,rest,0.8398
1133,11,2,0,0,499,697138,697636,4.99,rest,0.8398
847,11,2,0,0,433,577265,577697,4.33,rest,0.8398
7194,18,3,0,0,414,4169062,4169475,4.14,rest,0.8374
19986,7,3,0,0,368,11604721,11605088,3.68,rest,0.8374
9318,20,3,0,0,524,5437945,5438468,5.24,rest,0.8374
4933,16,2,0,0,668,2938016,2938683,6.68,rest,0.8374
12554,24,3,0,0,532,7330131,7330662,5.32,rest,0.8374
9590,20,3,0,0,529,5572301,5572829,5.29,rest,0.8374
4680,15,3,0,0,290,2712086,2712375,2.9,rest,0.8374
7255,19,2,0,0,451,4299377,4299827,4.51,rest,0.8374
15232,27,3,0,0,448,8867370,8867817,4.48,rest,0.8374
7265,19,2,0,0,434,4303602,4304035,4.34,rest,0.8374
2822,13,3,0,0,470,1669077,1669546,4.7,rest,0.8374
14695,27,2,0,0,563,8613185,8613747,5.63,rest,0.8374
5344,16,3,0,0,520,3116979,3117498,5.2,rest,0.8374
2605,13,2,0,0,467,1574154,1574620,4.67,rest,0.8374
10882,22,3,0,0,524,6367547,6368070,5.24,rest,0.8374
9552,20,3,0,0,406,5544721,5545126,4.06,rest,0.8374
16935,4,2,0,0,335,9950124,9950458,3.35,rest,0.8374
2328,12,3,0,0,309,1345469,1345777,3.09,rest,0.8374
5262,16,3,0,0,499,3081016,3081514,4.99,rest,0.8374
4171,15,2,0,0,382,2477651,2478032,3.82,rest,0.835
1001,11,2,0,0,381,641883,642263,3.81,rest,0.835
8941,20,2,0,0,532,5273194,5273725,5.32,rest,0.835
19974,7,3,0,0,440,11599697,11600136,4.4,rest,0.835
7399,19,2,0,0,500,4359822,4360321,5.0,rest,0.835
19824,7,3,0,0,394,11530248,11530641,3.94,rest,0.835
15994,2,3,0,0,426,9317176,9317601,4.26,rest,0.835
20371,8,2,0,0,568,11877267,11877834,5.68,rest,0.835
17608,4,3,0,0,303,10249442,10249744,3.03,rest,0.835
2812,13,3,0,0,600,1664823,1665422,6.0,rest,0.835
13454,25,3,0,0,1245,7845361,7846605,12.45,rest,0.835
11792,23,3,0,0,424,6881654,6882077,4.24,rest,0.835
8806,1,3,0,0,318,5114813,5115130,3.18,rest,0.835
3864,14,3,0,0,409,2235510,2235918,4.09,rest,0.835
3910,14,3,0,0,1004,2255951,2256954,10.04,rest,0.835
14713,27,2,0,0,576,8620756,8621331,5.76,rest,0.835
9933,21,2,0,0,374,5823775,5824148,3.74,rest,0.835
5270,16,3,0,0,495,3084294,3084788,4.95,rest,0.835
19271,7,2,0,0,428,11287207,11287634,4.28,rest,0.835
19826,7,3,0,0,414,11531083,11531496,4.14,rest,0.835
21163,9,2,0,0,455,12323081,12323535,4.55,rest,0.835
9731,21,2,0,0,511,5738242,5738752,5.11,rest,0.8325
21312,9,3,0,0,444,12393836,12394279,4.44,rest,0.8325
4145,15,2,0,0,457,2466501,2466957,4.57,rest,0.8325
17915,5,2,0,0,622,10480267,10480888,6.22,rest,0.8325
19503,7,2,0,0,469,11384612,11385080,4.69,rest,0.8325
18010,5,3,0,0,437,10521528,10521964,4.37,rest,0.8325
802,10,3,0,0,262,457666,457927,2.62,rest,0.8325
875,11,2,0,0,580,588910,589489,5.8,rest,0.8325
13953,26,2,0,0,404,8176457,8176860,4.04,rest,0.8325
5434,16,3,0,0,1577,3156026,3157602,15.77,rest,0.8325
6350,17,3,0,0,498,3674160,3674657,4.98,rest,0.8325
13787,26,2,0,0,595,8106175,8106769,5.95,rest,0.8325
19676,7,3,0,0,414,11459737,11460150,4.14,rest,0.8301
19814,7,3,0,0,491,11525998,11526488,4.91,rest,0.8301
3449,14,2,0,0,508,2048303,2048810,5.08,rest,0.8301
434,10,3,0,0,498,285075,285572,4.98,rest,0.8301
11740,23,3,0,0,454,6856959,6857412,4.54,rest,0.8301
15407,2,2,0,0,475,9041356,9041830,4.75,rest,0.8301
15920,2,3,0,0,1619,9277966,9279584,16.19,rest,0.8301
3892,14,3,0,0,393,2248460,2248852,3.93,rest,0.8301
18384,5,3,0,0,437,10690540,10690976,4.37,rest,0.8301
2613,13,2,0,0,540,1577488,1578027,5.4,rest,0.8301
10032,21,3,0,0,557,5868193,5868749,5.57,rest,0.8301
20532,8,3,0,0,820,11947748,11948567,8.2,rest,0.8301
4694,15,3,0,0,382,2718827,2719208,3.82,rest,0.8301
19589,7,2,0,0,376,11420757,11421132,3.76,rest,0.8276
19581,7,2,0,0,360,11417417,11417776,3.6,rest,0.8276
15760,2,3,0,0,1371,9199300,9200670,13.71,rest,0.8276
18599,6,2,0,0,533,10888820,10889352,5.33,rest,0.8276
5210,16,3,0,0,463,3056803,3057265,4.63,rest,0.8276
11363,23,2,0,0,490,6691939,6692428,4.9,rest,0.8276
15519,2,2,0,0,528,9088203,9088730,5.28,rest,0.8276
3036,13,3,0,0,457,1767737,1768193,4.57,rest,0.8276
3413,14,2,0,0,389,2033298,2033686,3.89,rest,0.8276
17881,5,2,0,0,243,10466286,10466528,2.43,rest,0.8276
17612,4,3,0,0,334,10251088,10251421,3.34,rest,0.8276
4804,15,3,0,0,452,2783004,2783455,4.52,rest,0.8276
9316,20,3,0,0,523,5437112,5437634,5.23,rest,0.8276
19728,7,3,0,0,478,11483583,11484060,4.78,rest,0.8276
15718,2,3,0,0,522,9180329,9180850,5.22,rest,0.8276
9612,20,3,0,0,484,5586284,5586767,4.84,rest,0.8252
13035,25,2,0,0,438,7657429,7657866,4.38,rest,0.8252
19598,7,3,0,0,440,11424402,11424841,4.4,rest,0.8252
13980,26,3,0,0,582,8187620,8188201,5.82,rest,0.8252
11190,22,3,0,0,432,6514975,6515406,4.32,rest,0.8252
2144,12,3,0,0,488,1262548,1263035,4.88,rest,0.8252
14647,27,2,0,0,417,8593198,8593614,4.17,rest,0.8252
15832,2,3,0,0,471,9236219,9236689,4.71,rest,0.8252
3974,14,3,0,0,417,2289984,2290400,4.17,rest,0.8252
4480,15,3,0,0,289,2616978,2617266,2.89,rest,0.8252
11539,23,2,0,0,489,6765994,6766482,4.89,rest,0.8252
12081,24,2,0,0,510,7123677,7124186,5.1,rest,0.8252
2010,12,3,0,0,489,1203281,1203769,4.89,rest,0.8252
9206,20,3,0,0,501,5386435,5386935,5.01,rest,0.8228
2378,12,3,0,0,468,1376290,1376757,4.68,rest,0.8228
4101,15,2,0,0,563,2447834,2448396,5.63,rest,0.8228
16722,3,3,0,0,2270,9745847,9748116,22.7,rest,0.8228
9516,20,3,0,0,424,5527859,5528282,4.24,rest,0.8228
4696,15,3,0,0,447,2719623,2720069,4.47,rest,0.8228
15968,2,3,0,0,291,9304624,9304914,2.91,rest,0.8228
7754,19,3,0,0,493,4517763,4518255,4.93,rest,0.8228
1376,11,3,0,0,561,807793,808353,5.61,rest,0.8228
321,10,2,0,0,549,234813,235361,5.49,rest,0.8228
12203,24,2,0,0,531,7175278,7175808,5.31,rest,0.8228
13394,25,3,0,0,715,7818542,7819256,7.15,rest,0.8228
17893,5,2,0,0,564,10471132,10471695,5.64,rest,0.8228
8845,20,2,0,0,473,5232575,5233047,4.73,rest,0.8228
12059,24,2,0,0,471,7114426,7114896,4.71,rest,0.8203
15696,2,3,0,0,495,9169541,9170035,4.95,rest,0.8203
19988,7,3,0,0,407,11605513,11605919,4.07,rest,0.8203
3782,14,3,0,0,372,2198736,2199107,3.72,rest,0.8203
7600,19,3,0,0,2199,4445055,4447253,21.99,rest,0.8203
5450,16,3,0,0,264,3163694,3163957,2.64,rest,0.8203
19790,7,3,0,0,1251,11514193,11515443,12.51,rest,0.8203
15600,2,3,0,0,2219,9121971,9124189,22.19,rest,0.8203
7487,19,2,0,0,469,4396697,4397165,4.69,rest,0.8203
7365,19,2,0,0,468,4345573,4346040,4.68,rest,0.8203
11634,23,3,0,0,444,6808305,6808748,4.44,rest,0.8203
9288,20,3,0,0,536,5423129,5423664,5.36,rest,0.8203
8808,1,3,0,0,382,5115558,5115939,3.82,rest,0.8203
18565,6,2,0,0,515,10874512,10875026,5.15,rest,0.8203
7770,19,3,0,0,400,4524793,4525192,4.0,rest,0.8203
17851,5,2,0,0,434,10453664,10454097,4.34,rest,0.8203
4301,15,2,0,0,490,2532421,2532910,4.9,rest,0.8203
7790,19,3,0,0,448,4536585,4537032,4.48,rest,0.8203
2052,12,3,0,0,518,1222251,1222768,5.18,rest,0.8203
10100,21,3,0,0,557,5899617,5900173,5.57,rest,0.8203
9518,20,3,0,0,451,5528678,5529128,4.51,rest,0.8203
5107,16,2,0,0,598,3010860,3011457,5.98,rest,0.8179
11742,23,3,0,0,458,6857742,6858199,4.58,rest,0.8179
6170,17,3,0,0,431,3590047,3590477,4.31,rest,0.8179
18094,5,3,0,0,418,10560556,10560973,4.18,rest,0.8179
15549,2,2,0,0,494,9100763,9101256,4.94,rest,0.8179
8863,20,2,0,0,593,5240140,5240732,5.93,rest,0.8179
11970,23,3,0,0,5137,6963276,6968412,51.37,rest,0.8179
14056,26,3,0,0,1375,8222079,8223453,13.75,rest,0.8179
2326,12,3,0,0,1505,1343487,1344991,15.05,rest,0.8179
430,10,3,0,0,462,283493,283954,4.62,rest,0.8179
17819,5,2,0,0,421,10440249,10440669,4.21,rest,0.8179
4195,15,2,0,0,480,2487669,2488148,4.8,rest,0.8154
730,10,3,0,0,482,417653,418134,4.82,rest,0.8154
15423,2,2,0,0,468,9048035,9048502,4.68,rest,0.8154
9031,20,2,0,0,382,5311419,5311800,3.82,rest,0.8154
17867,5,2,0,0,446,10460292,10460737,4.46,rest,0.8154
15986,2,3,0,0,470,9313845,9314314,4.7,rest,0.8154
14178,26,3,0,0,471,8278451,8278921,4.71,rest,0.8154
9624,20,3,0,0,461,5591324,5591784,4.61,rest,0.8154
4606,15,3,0,0,390,2675486,2675875,3.9,rest,0.8154
12672,24,3,0,0,1759,7383163,7384921,17.59,rest,0.8154
12173,24,2,0,0,570,7162570,7163139,5.7,rest,0.8154
11299,23,2,0,0,461,6664913,6665373,4.61,rest,0.8154
8147,1,2,0,0,598,4804059,4804656,5.98,rest,0.8154
7994,19,3,0,0,513,4636762,4637274,5.13,rest,0.8154
8953,20,2,0,0,480,5278328,5278807,4.8,rest,0.8154
11170,22,3,0,0,497,6503469,6503965,4.97,rest,0.8154
11445,23,2,0,0,444,6726423,6726866,4.44,rest,0.8154
3088,13,3,0,0,931,1790478,1791408,9.31,rest,0.8154
15788,2,3,0,0,497,9213323,9213819,4.97,rest,0.8154
4013,15,2,0,0,359,2410902,2411260,3.59,rest,0.8154
17873,5,2,0,0,480,10462798,10463277,4.8,rest,0.813
13749,26,2,0,0,500,8090201,8090700,5.0,rest,0.813
7223,19,2,0,0,549,4285887,4286435,5.49,rest,0.813
4015,15,2,0,0,370,2411752,2412121,3.7,rest,0.813
7212,18,3,0,0,340,4180273,4180612,3.4,rest,0.813
2396,12,3,0,0,395,1385712,1386106,3.95,rest,0.813
3263,14,2,0,0,494,1970220,1970713,4.94,rest,0.813
15666,2,3,0,0,515,9154809,9155323,5.15,rest,0.813
13568,25,3,0,0,369,7898598,7898966,3.69,rest,0.813
9133,20,2,0,0,448,5354490,5354937,4.48,rest,0.813
17147,4,2,0,0,386,10038988,10039373,3.86,rest,0.813
4839,16,2,0,0,523,2898603,2899125,5.23,rest,0.813
3044,13,3,0,0,323,1771210,1771532,3.23,rest,0.813
20822,8,3,0,0,374,12078100,12078473,3.74,rest,0.813
18086,5,3,0,0,1011,10556620,10557630,10.11,rest,0.813
5982,17,3,0,0,500,3501855,3502354,5.0,rest,0.813
15118,27,3,0,0,1082,8801634,8802715,10.82,rest,0.813
2439,13,2,0,0,618,1504442,1505059,6.18,rest,0.813
17933,5,2,0,0,520,10487912,10488431,5.2,rest,0.8105
6421,18,2,0,0,267,3820572,3820838,2.67,rest,0.8105
15904,2,3,0,0,571,9271164,9271734,5.71,rest,0.8105
13518,25,3,0,0,336,7875276,7875611,3.36,rest,0.8105
16410,3,3,0,0,487,9600308,9600794,4.87,rest,0.8105
4530,15,3,0,0,345,2638327,2638671,3.45,rest,0.8105
2443,13,2,0,0,575,1506180,1506754,5.75,rest,0.8105
6068,17,3,0,0,501,3541906,3542406,5.01,rest,0.8105
19389,7,2,0,0,598,11336732,11337329,5.98,rest,0.8105
15385,2,2,0,0,544,9032085,9032628,5.44,rest,0.8105
4768,15,3,0,0,423,2759049,2759471,4.23,rest,0.8105
14192,26,3,0,0,490,8284315,8284804,4.9,rest,0.8105
2004,12,3,0,0,536,1199947,1200482,5.36,rest,0.8105
9598,20,3,0,0,466,5575690,5576155,4.66,rest,0.8105
6649,18,2,0,0,475,3916414,3916888,4.75,rest,0.8105
9238,20,3,0,0,542,5400587,5401128,5.42,rest,0.8105
19098,6,3,0,0,397,11106628,11107024,3.97,rest,0.8105
19170,6,3,0,0,290,11138801,11139090,2.9,rest,0.8105
4416,15,3,0,0,483,2586642,2587124,4.83,rest,0.8105
16388,3,3,0,0,484,9588624,9589107,4.84,rest,0.8081
11736,23,3,0,0,367,6855343,6855709,3.67,rest,0.8081
15848,2,3,0,0,502,9244119,9244620,5.02,rest,0.8081
319,10,2,0,0,514,234027,234540,5.14,rest,0.8081
3227,14,2,0,0,379,1955195,1955573,3.79,rest,0.8081
6437,18,2,0,0,584,3827094,3827677,5.84,rest,0.8081
4347,15,2,0,0,518,2551796,2552313,5.18,rest,0.8081
7405,19,2,0,0,451,4362347,4362797,4.51,rest,0.8081
7202,18,3,0,0,366,4176028,4176393,3.66,rest,0.8081
6737,18,2,0,0,432,3953511,3953942,4.32,rest,0.8081
19734,7,3,0,0,451,11486623,11487073,4.51,rest,0.8081
15415,2,2,0,0,482,9044713,9045194,4.82,rest,0.8081
12141,24,2,0,0,558,7149011,7149568,5.58,rest,0.8081
14106,26,3,0,0,568,8245564,8246131,5.68,rest,0.8081
798,10,3,0,0,347,455934,456280,3.47,rest,0.8081
14288,26,3,0,0,602,8326670,8327271,6.02,rest,0.8081
19565,7,2,0,0,360,11410738,11411097,3.6,rest,0.8081
16233,3,2,0,0,580,9523794,9524373,5.8,rest,0.8081
1300,11,3,0,0,427,771880,772306,4.27,rest,0.8081
5604,16,3,0,0,366,3239093,3239458,3.66,rest,0.8081
21304,9,3,0,0,477,12390482,12390958,4.77,rest,0.8081
14856,27,3,0,0,441,8684161,8684601,4.41,rest,0.8081
1410,11,3,0,0,441,824836,825276,4.41,rest,0.8057
18294,5,3,0,0,547,10649749,10650295,5.47,rest,0.8057
4552,15,3,0,0,524,2649548,2650071,5.24,rest,0.8057
1907,12,2,0,0,464,1157173,1157636,4.64,rest,0.8057
21596,9,3,0,0,442,12525323,12525764,4.42,rest,0.8057
15417,2,2,0,0,487,9045588,9046074,4.87,rest,0.8057
21580,9,3,0,0,365,12517361,12517725,3.65,rest,0.8057
16281,3,2,0,0,553,9543846,9544398,5.53,rest,0.8057
4476,15,3,0,0,513,2615072,2615584,5.13,rest,0.8057
7604,19,3,0,0,336,4448556,4448891,3.36,rest,0.8057
2988,13,3,0,0,652,1745361,1746012,6.52,rest,0.8057
7249,19,2,0,0,447,4296856,4297302,4.47,rest,0.8057
19439,7,2,0,0,587,11357688,11358274,5.87,rest,0.8057
1202,11,3,0,0,507,727495,728001,5.07,rest,0.8057
12247,24,2,0,0,388,7193877,7194264,3.88,rest,0.8057
5606,16,3,0,0,380,3239913,3240292,3.8,rest,0.8057
5576,16,3,0,0,501,3225702,3226202,5.01,rest,0.8057
3535,14,2,0,0,407,2084475,2084881,4.07,rest,0.8057
13192,25,3,0,0,502,7723553,7724054,5.02,rest,0.8057
14651,27,2,0,0,440,8594850,8595289,4.4,rest,0.8057
10878,22,3,0,0,482,6365900,6366381,4.82,rest,0.8057
10545,22,2,0,0,559,6217862,6218420,5.59,rest,0.8057
3642,14,3,0,0,443,2132190,2132632,4.43,rest,0.8057
21226,9,3,0,0,588,12350066,12350653,5.88,rest,0.8057
19978,7,3,0,0,427,11601359,11601785,4.27,rest,0.8032
19966,7,3,0,0,408,11595161,11595568,4.08,rest,0.8032
11786,23,3,0,0,363,6877765,6878127,3.63,rest,0.8032
17220,4,3,0,0,510,10070973,10071482,5.1,rest,0.8032
19622,7,3,0,0,426,11435635,11436060,4.26,rest,0.8032
11231,23,2,0,0,472,6636229,6636700,4.72,rest,0.8032
14068,26,3,0,0,487,8227951,8228437,4.87,rest,0.8032
2824,13,3,0,0,530,1669865,1670394,5.3,rest,0.8032
12107,24,2,0,0,504,7134683,7135186,5.04,rest,0.8032
3329,14,2,0,0,653,1997913,1998565,6.53,rest,0.8032
7986,19,3,0,0,556,4633360,4633915,5.56,rest,0.8008
6689,18,2,0,0,625,3933185,3933809,6.25,rest,0.8008
6725,18,2,0,0,498,3948400,3948897,4.98,rest,0.8008
12506,24,3,0,0,513,7306966,7307478,5.13,rest,0.8008
18677,6,2,0,0,437,10921482,10921918,4.37,rest,0.8008
400,10,3,0,0,429,269302,269730,4.29,rest,0.8008
10152,21,3,0,0,514,5923872,5924385,5.14,rest,0.8008
6599,18,2,0,0,427,3895522,3895948,4.27,rest,0.8008
1252,11,3,0,0,477,751024,751500,4.77,rest,0.8008
6800,18,3,0,0,399,3982498,3982896,3.99,rest,0.8008
18587,6,2,0,0,287,10883943,10884229,2.87,rest,0.8008
16744,3,3,0,0,466,9758222,9758687,4.66,rest,0.8008
11868,23,3,0,0,464,6917041,6917504,4.64,rest,0.8008
18597,6,2,0,0,486,10887994,10888479,4.86,rest,0.8008
19778,7,3,0,0,451,11509232,11509682,4.51,rest,0.8008
4006,14,3,0,0,336,2306513,2306848,3.36,rest,0.8008
3994,14,3,0,0,424,2301447,2301870,4.24,rest,0.8008
13919,26,2,0,0,610,8161928,8162537,6.1,rest,0.8008
13821,26,2,0,0,494,8120622,8121115,4.94,rest,0.8008
837,11,2,0,0,494,572982,573475,4.94,rest,0.7983
3447,14,2,0,0,423,2047513,2047935,4.23,rest,0.7983
9548,20,3,0,0,487,5542995,5543481,4.87,rest,0.7983
3672,14,3,0,0,438,2146131,2146568,4.38,rest,0.7983
16217,3,2,0,0,654,9517102,9517755,6.54,rest,0.7983
10876,22,3,0,0,479,6365077,6365555,4.79,rest,0.7983
15804,2,3,0,0,387,9223833,9224219,3.87,rest,0.7983
3736,14,3,0,0,397,2177611,2178007,3.97,rest,0.7983
6958,18,3,0,0,1037,4053695,4054731,10.37,rest,0.7983
5242,16,3,0,0,541,3071771,3072311,5.41,rest,0.7983
7227,19,2,0,0,571,4287533,4288103,5.71,rest,0.7983
4289,15,2,0,0,467,2527367,2527833,4.67,rest,0.7983
6916,18,3,0,0,373,4035218,4035590,3.73,rest,0.7983
6024,17,3,0,0,588,3520926,3521513,5.88,rest,0.7983
11652,23,3,0,0,368,6816549,6816916,3.68,rest,0.7983
21544,9,3,0,0,557,12500905,12501461,5.57,rest,0.7983
21564,9,3,0,0,450,12509876,12510325,4.5,rest,0.7983
4594,15,3,0,0,437,2670404,2670840,4.37,rest,0.7983
10376,21,3,0,0,449,6033806,6034254,4.49,rest,0.7983
14304,26,3,0,0,472,8334121,8334592,4.72,rest,0.7983
5053,16,2,0,0,407,2988420,2988826,4.07,rest,0.7983
3682,14,3,0,0,491,2150325,2150815,4.91,rest,0.7983
3056,13,3,0,0,494,1776332,1776825,4.94,rest,0.7983
3834,14,3,0,0,430,2222167,2222596,4.3,rest,0.7959
15818,2,3,0,0,449,9229677,9230125,4.49,rest,0.7959
10284,21,3,0,0,466,5985119,5985584,4.66,rest,0.7959
13833,26,2,0,0,466,8125683,8126148,4.66,rest,0.7959
8837,20,2,0,0,529,5229145,5229673,5.29,rest,0.7959
13414,25,3,0,0,727,7827186,7827912,7.27,rest,0.7959
14360,26,3,0,0,472,8359549,8360020,4.72,rest,0.7959
5190,16,3,0,0,573,3047091,3047663,5.73,rest,0.7959
863,11,2,0,0,480,583925,584404,4.8,rest,0.7959
6180,17,3,0,0,498,3595203,3595700,4.98,rest,0.7959
19397,7,2,0,0,476,11340180,11340655,4.76,rest,0.7959
19628,7,3,0,0,439,11438121,11438559,4.39,rest,0.7959
11337,23,2,0,0,540,6680895,6681434,5.4,rest,0.7959
17478,4,3,0,0,395,10188223,10188617,3.95,rest,0.7959
5248,16,3,0,0,532,3074177,3074708,5.32,rest,0.7935
8961,20,2,0,0,504,5281713,5282216,5.04,rest,0.7935
12772,24,3,0,0,6282,7430265,7436546,62.82,rest,0.7935
12055,24,2,0,0,540,7112746,7113285,5.4,rest,0.7935
18168,5,3,0,0,493,10594008,10594500,4.93,rest,0.7935
18412,5,3,0,0,457,10707888,10708344,4.57,rest,0.7935
5230,16,3,0,0,535,3065848,3066382,5.35,rest,0.7935
7018,18,3,0,0,1199,4080060,4081258,11.99,rest,0.7935
14777,27,2,0,0,462,8647670,8648131,4.62,rest,0.7935
4496,15,3,0,0,480,2623672,2624151,4.8,rest,0.7935
9733,21,2,0,0,492,5739104,5739595,4.92,rest,0.7935
6872,18,3,0,0,387,4016223,4016609,3.87,rest,0.7935
14934,27,3,0,0,467,8719008,8719474,4.67,rest,0.7935
2583,13,2,0,0,475,1564989,1565463,4.75,rest,0.7935
4125,15,2,0,0,540,2458046,2458585,5.4,rest,0.7935
20808,8,3,0,0,378,12070133,12070510,3.78,rest,0.7935
2990,13,3,0,0,560,1746226,1746785,5.6,rest,0.7935
12494,24,3,0,0,539,7301956,7302494,5.39,rest,0.7935
7200,18,3,0,0,331,4175232,4175562,3.31,rest,0.7935
18613,6,2,0,0,466,10894735,10895200,4.66,rest,0.791
15868,2,3,0,0,548,9254058,9254605,5.48,rest,0.791
7650,19,3,0,0,477,4470818,4471294,4.77,rest,0.791
4029,15,2,0,0,322,2417664,2417985,3.22,rest,0.791
9873,21,2,0,0,533,5798247,5798779,5.33,rest,0.791
12712,24,3,0,0,1656,7402485,7404140,16.56,rest,0.791
17149,4,2,0,0,377,10039838,10040214,3.77,rest,0.791
13937,26,2,0,0,403,8169729,8170131,4.03,rest,0.791
9226,20,3,0,0,493,5395582,5396074,4.93,rest,0.791
3576,14,3,0,0,448,2102815,2103262,4.48,rest,0.791
1059,11,2,0,0,363,666209,666571,3.63,rest,0.791
21406,9,3,0,0,484,12437002,12437485,4.84,rest,0.791
2066,12,3,0,0,1330,1228124,1229453,13.3,rest,0.791
14757,27,2,0,0,513,8639278,8639790,5.13,rest,0.791
19740,7,3,0,0,440,11489131,11489570,4.4,rest,0.791
1464,11,3,0,0,1019,849103,850121,10.19,rest,0.791
13907,26,2,0,0,586,8156833,8157418,5.86,rest,0.791
8010,19,3,0,0,433,4645699,4646131,4.33,rest,0.791
11237,23,2,0,0,535,6638717,6639251,5.35,rest,0.791
12267,24,2,0,0,520,7202175,7202694,5.2,rest,0.7886
11636,23,3,0,0,452,6809106,6809557,4.52,rest,0.7886
19602,7,3,0,0,468,11426044,11426511,4.68,rest,0.7886
18170,5,3,0,0,395,10594977,10595371,3.95,rest,0.7886
15265,2,2,0,0,409,8981869,8982277,4.09,rest,0.7886
4626,15,3,0,0,415,2685625,2686039,4.15,rest,0.7886
15523,2,2,0,0,547,9089815,9090361,5.47,rest,0.7886
19912,7,3,0,0,397,11570699,11571095,3.97,rest,0.7886
16002,2,3,0,0,368,9324079,9324446,3.68,rest,0.7886
7435,19,2,0,0,375,4374928,4375302,3.75,rest,0.7886
6587,18,2,0,0,573,3890297,3890869,5.73,rest,0.7886
19399,7,2,0,0,415,11341011,11341425,4.15,rest,0.7886
18930,6,3,0,0,321,11033401,11033721,3.21,rest,0.7886
1865,12,2,0,0,585,1139483,1140067,5.85,rest,0.7886
8820,1,3,0,0,391,5120606,5120996,3.91,rest,0.7886
5354,16,3,0,0,612,3121167,3121778,6.12,rest,0.7886
2056,12,3,0,0,521,1223911,1224431,5.21,rest,0.7886
4345,15,2,0,0,389,2551086,2551474,3.89,rest,0.7886
10044,21,3,0,0,526,5873298,5873823,5.26,rest,0.7886
5974,17,3,0,0,449,3496985,3497433,4.49,rest,0.7886
11932,23,3,0,0,425,6946370,6946794,4.25,rest,0.7886
12606,24,3,0,0,644,7352766,7353409,6.44,rest,0.7886
9594,20,3,0,0,479,5574033,5574511,4.79,rest,0.7886
4311,15,2,0,0,499,2536657,2537155,4.99,rest,0.7861
19447,7,2,0,0,533,11361070,11361602,5.33,rest,0.7861
16402,3,3,0,0,2942,9594551,9597492,29.42,rest,0.7861
1649,12,2,0,0,545,1049046,1049590,5.45,rest,0.7861
9198,20,3,0,0,472,5382952,5383423,4.72,rest,0.7861
5510,16,3,0,0,370,3191689,3192058,3.7,rest,0.7861
788,10,3,0,0,299,451843,452141,2.99,rest,0.7861
5679,17,2,0,0,451,3372231,3372681,4.51,rest,0.7861
4524,15,3,0,0,489,2635679,2636167,4.89,rest,0.7861
9290,20,3,0,0,470,5423969,5424438,4.7,rest,0.7861
8959,20,2,0,0,557,5280852,5281408,5.57,rest,0.7861
4620,15,3,0,0,413,2683157,2683569,4.13,rest,0.7861
17218,4,3,0,0,498,10070130,10070627,4.98,rest,0.7861
17183,4,2,0,0,248,10054168,10054415,2.48,rest,0.7861
1613,12,2,0,0,492,1034085,1034576,4.92,rest,0.7861
12327,24,2,0,0,569,7227536,7228104,5.69,rest,0.7861
7204,18,3,0,0,306,4176939,4177244,3.06,rest,0.7861
2248,12,3,0,0,526,1309207,1309732,5.26,rest,0.7837
9440,20,3,0,0,499,5493014,5493512,4.99,rest,0.7837
17592,4,3,0,0,316,10241219,10241534,3.16,rest,0.7837
21047,9,2,0,0,535,12274429,12274963,5.35,rest,0.7837
18878,6,3,0,0,487,11009816,11010302,4.87,rest,0.7837
18928,6,3,0,0,921,11032053,11032973,9.21,rest,0.7837
9039,20,2,0,0,453,5314718,5315170,4.53,rest,0.7837
12251,24,2,0,0,480,7195538,7196017,4.8,rest,0.7837
3704,14,3,0,0,425,2161403,2161827,4.25,rest,0.7813
9458,20,3,0,0,537,5501306,5501842,5.37,rest,0.7813
3582,14,3,0,0,431,2105338,2105768,4.31,rest,0.7813
871,11,2,0,0,562,587222,587783,5.62,rest,0.7813
1029,11,2,0,0,419,653578,653996,4.19,rest,0.7813
19407,7,2,0,0,360,11344478,11344837,3.6,rest,0.7813
20536,8,3,0,0,471,11949756,11950226,4.71,rest,0.7813
4251,15,2,0,0,566,2511207,2511772,5.66,rest,0.7813
13887,26,2,0,0,530,8148443,8148972,5.3,rest,0.7813
7868,19,3,0,0,431,4573077,4573507,4.31,rest,0.7813
15204,27,3,0,0,454,8852732,8853185,4.54,rest,0.7813
21049,9,2,0,0,458,12275323,12275780,4.58,rest,0.7813
14404,26,3,0,0,555,8387376,8387930,5.55,rest,0.7813
2415,13,2,0,0,524,1494442,1494965,5.24,rest,0.7813
15467,2,2,0,0,448,9066443,9066890,4.48,rest,0.7813
1196,11,3,0,0,485,725015,725499,4.85,rest,0.7813
7443,19,2,0,0,391,4378294,4378684,3.91,rest,0.7813
14018,26,3,0,0,451,8205571,8206021,4.51,rest,0.7813
18124,5,3,0,0,507,10573553,10574059,5.07,rest,0.7813
8887,20,2,0,0,453,5250409,5250861,4.53,rest,0.7813
6443,18,2,0,0,479,3829731,3830209,4.79,rest,0.7788
15764,2,3,0,0,525,9201823,9202347,5.25,rest,0.7788
5065,16,2,0,0,546,2993283,2993828,5.46,rest,0.7788
15383,2,2,0,0,545,9031255,9031799,5.45,rest,0.7788
7116,18,3,0,0,435,4125585,4126019,4.35,rest,0.7788
2244,12,3,0,0,455,1306798,1307252,4.55,rest,0.7788
3527,14,2,0,0,453,2081033,2081485,4.53,rest,0.7788
9218,20,3,0,0,566,5391398,5391963,5.66,rest,0.7788
17853,5,2,0,0,421,10454465,10454885,4.21,rest,0.7788
5382,16,3,0,0,537,3133187,3133723,5.37,rest,0.7788
13284,25,3,0,0,476,7767070,7767545,4.76,rest,0.7788
12265,24,2,0,0,462,7201383,7201844,4.62,rest,0.7788
1422,11,3,0,0,512,829799,830310,5.12,rest,0.7788
2170,12,3,0,0,429,1274228,1274656,4.29,rest,0.7788
12999,25,2,0,0,464,7642248,7642711,4.64,rest,0.7788
13294,25,3,0,0,2514,7771339,7773852,25.14,rest,0.7788
13584,25,3,0,0,542,7911389,7911930,5.42,rest,0.7788
6902,18,3,0,0,376,4029355,4029730,3.76,rest,0.7788
486,10,3,0,0,372,308571,308942,3.72,rest,0.7788
7427,19,2,0,0,403,4371578,4371980,4.03,rest,0.7788
5127,16,2,0,0,518,3019308,3019825,5.18,rest,0.7788
4041,15,2,0,0,406,2422588,2422993,4.06,rest,0.7788
15662,2,3,0,0,486,9153160,9153645,4.86,rest,0.7788
9713,21,2,0,0,588,5730553,5731140,5.88,rest,0.7788
5212,16,3,0,0,529,3057556,3058084,5.29,rest,0.7788
4921,16,2,0,0,482,2933047,2933528,4.82,rest,0.7788
4173,15,2,0,0,454,2478401,2478854,4.54,rest,0.7788
15852,2,3,0,0,511,9245735,9246245,5.11,rest,0.7788
11992,23,3,0,0,351,6981782,6982132,3.51,rest,0.7788
472,10,3,0,0,436,302494,302929,4.36,rest,0.7788
13364,25,3,0,0,497,7804146,7804642,4.97,rest,0.7788
7237,19,2,0,0,577,4291756,4292332,5.77,rest,0.7788
13843,26,2,0,0,517,8129891,8130407,5.17,rest,0.7788
21336,9,3,0,0,480,12405756,12406235,4.8,rest,0.7788
6473,18,2,0,0,428,3842333,3842760,4.28,rest,0.7788
2022,12,3,0,0,501,1208314,1208814,5.01,rest,0.7788
19575,7,2,0,0,395,11414888,11415282,3.95,rest,0.7788
18186,5,3,0,0,1480,10601591,10603070,14.8,rest,0.7788
6683,18,2,0,0,560,3930670,3931229,5.6,rest,0.7764
1925,12,2,0,0,556,1164610,1165165,5.56,rest,0.7764
2194,12,3,0,0,531,1284805,1285335,5.31,rest,0.7764
5200,16,3,0,0,616,3052560,3053175,6.16,rest,0.7764
6641,18,2,0,0,513,3912978,3913490,5.13,rest,0.7764
12357,24,2,0,0,364,7240304,7240667,3.64,rest,0.7764
19279,7,2,0,0,434,11290565,11290998,4.34,rest,0.7764
13372,25,3,0,0,478,7807525,7808002,4.78,rest,0.7764
5540,16,3,0,0,416,3205342,3205757,4.16,rest,0.7764
18248,5,3,0,0,459,10629691,10630149,4.59,rest,0.7764
18629,6,2,0,0,383,10901557,10901939,3.83,rest,0.7764
19744,7,3,0,0,435,11490803,11491237,4.35,rest,0.7764
8823,20,2,0,0,423,5223367,5223789,4.23,rest,0.7764
6571,18,2,0,0,604,3883568,3884171,6.04,rest,0.7764
1322,11,3,0,0,551,783253,783803,5.51,rest,0.7764
7315,19,2,0,0,521,4324547,4325067,5.21,rest,0.7764
2778,13,3,0,0,423,1647471,1647893,4.23,rest,0.7739
9620,20,3,0,0,355,5589746,5590100,3.55,rest,0.7739
19952,7,3,0,0,375,11589325,11589699,3.75,rest,0.7739
3349,14,2,0,0,447,2006416,2006862,4.47,rest,0.7739
488,10,3,0,0,434,309321,309754,4.34,rest,0.7739
19926,7,3,0,0,411,11576528,11576938,4.11,rest,0.7739
6416,17,3,0,0,310,3717187,3717496,3.1,rest,0.7739
7622,19,3,0,0,414,4456767,4457180,4.14,rest,0.7739
13220,25,3,0,0,516,7736827,7737342,5.16,rest,0.7739
9051,20,2,0,0,512,5319778,5320289,5.12,rest,0.7739
4061,15,2,0,0,485,2430984,2431468,4.85,rest,0.7739
19620,7,3,0,0,428,11434813,11435240,4.28,rest,0.7739
4748,15,3,0,0,461,2745015,2745475,4.61,rest,0.7739
5067,16,2,0,0,557,2994105,2994661,5.57,rest,0.7739
15808,2,3,0,0,529,9225440,9225968,5.29,rest,0.7739
12486,24,3,0,0,453,7298172,7298624,4.53,rest,0.7739
11968,23,3,0,0,383,6962452,6962834,3.83,rest,0.7739
11836,23,3,0,0,260,6903157,6903416,2.6,rest,0.7739
19317,7,2,0,0,510,11306494,11307003,5.1,rest,0.7739
5456,16,3,0,0,491,3167292,3167782,4.91,rest,0.7739
17109,4,2,0,0,565,10022854,10023418,5.65,rest,0.7739
2324,12,3,0,0,518,1342626,1343143,5.18,rest,0.7739
9524,20,3,0,0,1040,5531253,5532292,10.4,rest,0.7739
6727,18,2,0,0,536,3949239,3949774,5.36,rest,0.7739
11766,23,3,0,0,305,6868541,6868845,3.05,rest,0.7739
8915,20,2,0,0,528,5262197,5262724,5.28,rest,0.7715
15908,2,3,0,0,473,9272920,9273392,4.73,rest,0.7715
3403,14,2,0,0,425,2029069,2029493,4.25,rest,0.7715
19876,7,3,0,0,249,11554389,11554637,2.49,rest,0.7715
4378,15,3,0,0,481,2567904,2568384,4.81,rest,0.7715
11822,23,3,0,0,369,6896568,6896936,3.69,rest,0.7715
14430,26,3,0,0,442,8401210,8401651,4.42,rest,0.7715
6992,18,3,0,0,451,4068557,4069007,4.51,rest,0.7715
20385,8,2,0,0,588,11883110,11883697,5.88,rest,0.7715
10280,21,3,0,0,473,5983458,5983930,4.73,rest,0.7715
13634,25,3,0,0,365,7940008,7940372,3.65,rest,0.7715
6220,17,3,0,0,460,3613377,3613836,4.6,rest,0.7715
21636,9,3,0,0,345,12545768,12546112,3.45,rest,0.7715
19772,7,3,0,0,434,11506728,11507161,4.34,rest,0.7715
7032,18,3,0,0,388,4086688,4087075,3.88,rest,0.7715
4305,15,2,0,0,539,2534065,2534603,5.39,rest,0.7715
3658,14,3,0,0,369,2139816,2140184,3.69,rest,0.7715
12925,25,2,0,0,533,7610857,7611389,5.33,rest,0.7715
9095,20,2,0,0,448,5338444,5338891,4.48,rest,0.769
9578,20,3,0,0,327,5561837,5562163,3.27,rest,0.769
1939,12,2,0,0,522,1170479,1171000,5.22,rest,0.769
3908,14,3,0,0,284,2255246,2255529,2.84,rest,0.769
7660,19,3,0,0,1134,4475058,4476191,11.34,rest,0.769
18246,5,3,0,0,985,10628345,10629329,9.85,rest,0.769
20800,8,3,0,0,416,12066667,12067082,4.16,rest,0.769
6427,18,2,0,0,541,3822873,3823413,5.41,rest,0.769
19325,7,2,0,0,470,11309893,11310362,4.7,rest,0.769
20794,8,3,0,0,445,12064143,12064587,4.45,rest,0.769
412,10,3,0,0,552,275023,275574,5.52,rest,0.769
11166,22,3,0,0,399,6498089,6498487,3.99,rest,0.769
1200,11,3,0,0,545,726639,727183,5.45,rest,0.769
6822,18,3,0,0,480,3992453,3992932,4.8,rest,0.769
9504,20,3,0,0,1164,5522167,5523330,11.64,rest,0.769
11734,23,3,0,0,339,6854454,6854792,3.39,rest,0.769
4259,15,2,0,0,570,2514614,2515183,5.7,rest,0.769
2296,12,3,0,0,429,1330435,1330863,4.29,rest,0.769
10370,21,3,0,0,439,6031371,6031809,4.39,rest,0.769
6392,17,3,0,0,477,3702892,3703368,4.77,rest,0.7666
1673,12,2,0,0,550,1059159,1059708,5.5,rest,0.7666
19920,7,3,0,0,421,11574009,11574429,4.21,rest,0.7666
11626,23,3,0,0,497,6804076,6804572,4.97,rest,0.7666
9961,21,2,0,0,509,5835503,5836011,5.09,rest,0.7666
5935,17,2,0,0,448,3480656,3481103,4.48,rest,0.7666
7261,19,2,0,0,408,4301956,4302363,4.08,rest,0.7666
16816,3,3,0,0,345,9796482,9796826,3.45,rest,0.7666
10218,21,3,0,0,467,5952569,5953035,4.67,rest,0.7666
4660,15,3,0,0,432,2702454,2702885,4.32,rest,0.7666
11233,23,2,0,0,626,6637039,6637664,6.26,rest,0.7666
17258,4,3,0,0,455,10088462,10088916,4.55,rest,0.7666
20012,7,3,0,0,429,11622043,11622471,4.29,rest,0.7666
4343,15,2,0,0,418,2550216,2550633,4.18,rest,0.7666
21141,9,2,0,0,508,12313866,12314373,5.08,rest,0.7666
5534,16,3,0,0,938,3202384,3203321,9.38,rest,0.7666
14298,26,3,0,0,423,8331643,8332065,4.23,rest,0.7666
10798,22,3,0,0,508,6326433,6326940,5.08,rest,0.7666
9200,20,3,0,0,449,5383795,5384243,4.49,rest,0.7666
4512,15,3,0,0,674,2630483,2631156,6.74,rest,0.7666
7451,19,2,0,0,417,4381640,4382056,4.17,rest,0.7666
9085,20,2,0,0,460,5334206,5334665,4.6,rest,0.7666
13975,26,2,0,0,512,8185614,8186125,5.12,rest,0.7666
9101,20,2,0,0,534,5340906,5341439,5.34,rest,0.7666
15614,2,3,0,0,541,9129383,9129923,5.41,rest,0.7666
2818,13,3,0,0,430,1667420,1667849,4.3,rest,0.7666
18152,5,3,0,0,291,10586169,10586459,2.91,rest,0.7666
2603,13,2,0,0,619,1573296,1573914,6.19,rest,0.7642
11529,23,2,0,0,490,6761824,6762313,4.9,rest,0.7642
20365,8,2,0,0,528,11874783,11875310,5.28,rest,0.7642
4504,15,3,0,0,437,2627089,2627525,4.37,rest,0.7642
15072,27,3,0,0,446,8780857,8781302,4.46,rest,0.7642
19263,7,2,0,0,500,11283740,11284239,5.0,rest,0.7642
21051,9,2,0,0,444,12276180,12276623,4.44,rest,0.7642
1129,11,2,0,0,411,695551,695961,4.11,rest,0.7642
15098,27,3,0,0,1086,8792503,8793588,10.86,rest,0.7642
16800,3,3,0,0,448,9785796,9786243,4.48,rest,0.7642
7475,19,2,0,0,532,4391607,4392138,5.32,rest,0.7642
18605,6,2,0,0,506,10891318,10891823,5.06,rest,0.7642
7409,19,2,0,0,457,4364005,4364461,4.57,rest,0.7642
7331,19,2,0,0,496,4331292,4331787,4.96,rest,0.7617
1687,12,2,0,0,601,1064980,1065580,6.01,rest,0.7617
17212,4,3,0,0,461,10067672,10068132,4.61,rest,0.7617
12814,24,3,0,0,364,7462673,7463036,3.64,rest,0.7617
813,11,2,0,0,550,562971,563520,5.5,rest,0.7617
18711,6,2,0,0,335,10935863,10936197,3.35,rest,0.7617
6673,18,2,0,0,569,3926438,3927006,5.69,rest,0.7617
14084,26,3,0,0,512,8235309,8235820,5.12,rest,0.7617
12752,24,3,0,0,1270,7421063,7422332,12.7,rest,0.7617
11421,23,2,0,0,475,6716292,6716766,4.75,rest,0.7617
6814,18,3,0,0,379,3988314,3988692,3.79,rest,0.7617
20814,8,3,0,0,477,12074674,12075150,4.77,rest,0.7617
4265,15,2,0,0,453,2517230,2517682,4.53,rest,0.7617
15618,2,3,0,0,429,9131110,9131538,4.29,rest,0.7617
15952,2,3,0,0,562,9293296,9293857,5.62,rest,0.7617
20903,9,2,0,0,512,12213990,12214501,5.12,rest,0.7617
9196,20,3,0,0,481,5382101,5382581,4.81,rest,0.7617
79,10,2,0,0,533,133365,133897,5.33,rest,0.7617
1107,11,2,0,0,416,686382,686797,4.16,rest,0.7617
3912,14,3,0,0,243,2257496,2257738,2.43,rest,0.7617
1468,11,3,0,0,323,851453,851775,3.23,rest,0.7617
2966,13,3,0,0,526,1736007,1736532,5.26,rest,0.7593
21598,9,3,0,0,400,12526199,12526598,4.0,rest,0.7593
12684,24,3,0,0,538,7389434,7389971,5.38,rest,0.7593
18968,6,3,0,0,740,11050313,11051052,7.4,rest,0.7593
12688,24,3,0,0,583,7391168,7391750,5.83,rest,0.7593
10180,21,3,0,0,441,5936224,5936664,4.41,rest,0.7593
14238,26,3,0,0,378,8304528,8304905,3.78,rest,0.7593
14918,27,3,0,0,661,8712128,8712788,6.61,rest,0.7593
8193,1,2,0,0,520,4823418,4823937,5.2,rest,0.7593
3301,14,2,0,0,530,1986205,1986734,5.3,rest,0.7593
1053,11,2,0,0,354,663692,664045,3.54,rest,0.7593
11447,23,2,0,0,410,6727325,6727734,4.1,rest,0.7593
6080,17,3,0,0,462,3547590,3548051,4.62,rest,0.7593
15712,2,3,0,0,454,9177880,9178333,4.54,rest,0.7593
12758,24,3,0,0,341,7424423,7424763,3.41,rest,0.7593
16905,4,2,0,0,421,9937434,9937854,4.21,rest,0.7568
2006,12,3,0,0,1311,1200867,1202177,13.11,rest,0.7568
6360,17,3,0,0,505,3684740,3685244,5.05,rest,0.7568
10928,22,3,0,0,867,6388258,6389124,8.67,rest,0.7568
5657,17,2,0,0,547,3362713,3363259,5.47,rest,0.7568
8987,20,2,0,0,431,5292786,5293216,4.31,rest,0.7568
879,11,2,0,0,394,590747,591140,3.94,rest,0.7568
5498,16,3,0,0,369,3186641,3187009,3.69,rest,0.7568
8404,1,3,0,0,453,4914882,4915334,4.53,rest,0.7568
6804,18,3,0,0,408,3984107,3984514,4.08,rest,0.7568
5250,16,3,0,0,503,3075099,3075601,5.03,rest,0.7568
11126,22,3,0,0,568,6479172,6479739,5.68,rest,0.7568
4448,15,3,0,0,459,2601048,2601506,4.59,rest,0.7568
12798,24,3,0,0,421,7451369,7451789,4.21,rest,0.7568
9875,21,2,0,0,502,5799128,5799629,5.02,rest,0.7568
6060,17,3,0,0,532,3538445,3538976,5.32,rest,0.7568
14633,27,2,0,0,570,8587227,8587796,5.7,rest,0.7568
4440,15,3,0,0,465,2597722,2598186,4.65,rest,0.7568
14166,26,3,0,0,532,8272927,8273458,5.32,rest,0.7544
12177,24,2,0,0,585,7164223,7164807,5.85,rest,0.7544
16780,3,3,0,0,391,9774285,9774675,3.91,rest,0.7544
4185,15,2,0,0,481,2483458,2483938,4.81,rest,0.7544
2978,13,3,0,0,483,1741164,1741646,4.83,rest,0.7544
19563,7,2,0,0,427,11409834,11410260,4.27,rest,0.7544
9616,20,3,0,0,290,5588130,5588419,2.9,rest,0.7544
6703,18,2,0,0,487,3939137,3939623,4.87,rest,0.7544
4724,15,3,0,0,532,2733668,2734199,5.32,rest,0.7544
11586,23,3,0,0,454,6785670,6786123,4.54,rest,0.7544
10130,21,3,0,0,542,5913661,5914202,5.42,rest,0.7544
10912,22,3,0,0,450,6381539,6381988,4.5,rest,0.7544
15393,2,2,0,0,543,9035470,9036012,5.43,rest,0.7544
147,10,2,0,0,369,162031,162399,3.69,rest,0.7544
18206,5,3,0,0,1061,10610939,10611999,10.61,rest,0.7544
19784,7,3,0,0,495,11511715,11512209,4.95,rest,0.7544
4247,15,2,0,0,538,2509522,2510059,5.38,rest,0.7544
5432,16,3,0,0,537,3155015,3155551,5.37,rest,0.7544
3052,13,3,0,0,546,1774630,1775175,5.46,rest,0.7544
11335,23,2,0,0,590,6680055,6680644,5.9,rest,0.752
4073,15,2,0,0,411,2436149,2436559,4.11,rest,0.752
17169,4,2,0,0,378,10048193,10048570,3.78,rest,0.752
19848,7,3,0,0,471,11540855,11541325,4.71,rest,0.752
18802,6,3,0,0,466,10973813,10974278,4.66,rest,0.752
11495,23,2,0,0,467,6747457,6747923,4.67,rest,0.752
11361,23,2,0,0,633,6691032,6691664,6.33,rest,0.752
18767,6,2,0,0,592,10959334,10959925,5.92,rest,0.752
11345,23,2,0,0,583,6684291,6684873,5.83,rest,0.752
12498,24,3,0,0,521,7303611,7304131,5.21,rest,0.752
11319,23,2,0,0,475,6673381,6673855,4.75,rest,0.752
14336,26,3,0,0,997,8348241,8349237,9.97,rest,0.752
2890,13,3,0,0,479,1700930,1701408,4.79,rest,0.752
15299,2,2,0,0,544,8996039,8996582,5.44,rest,0.752
16796,3,3,0,0,512,9784069,9784580,5.12,rest,0.752
6882,18,3,0,0,350,4020844,4021193,3.5,rest,0.752
4939,16,2,0,0,637,2940533,2941169,6.37,rest,0.752
19393,7,2,0,0,440,11338511,11338950,4.4,rest,0.752
6447,18,2,0,0,497,3831336,3831832,4.97,rest,0.752
16574,3,3,0,0,429,9678407,9678835,4.29,rest,0.752
5071,16,2,0,0,555,2995765,2996319,5.55,rest,0.752
402,10,3,0,0,1379,270031,271409,13.79,rest,0.752
16584,3,3,0,0,426,9683248,9683673,4.26,rest,0.752
13753,26,2,0,0,608,8091795,8092402,6.08,rest,0.7495
9194,20,3,0,0,506,5381286,5381791,5.06,rest,0.7495
21017,9,2,0,0,452,12261923,12262374,4.52,rest,0.7495
11317,23,2,0,0,588,6672468,6673055,5.88,rest,0.7495
4646,15,3,0,0,343,2695784,2696126,3.43,rest,0.7495
2318,12,3,0,0,362,1340252,1340613,3.62,rest,0.7495
7814,19,3,0,0,418,4547511,4547928,4.18,rest,0.7495
12490,24,3,0,0,382,7299931,7300312,3.82,rest,0.7495
16367,3,2,0,0,528,9579892,9580419,5.28,rest,0.7495
17809,5,2,0,0,400,10436077,10436476,4.0,rest,0.7495
17645,5,2,0,0,439,10367366,10367804,4.39,rest,0.7495
4303,15,2,0,0,536,2533250,2533785,5.36,rest,0.7495
20387,8,2,0,0,572,11883939,11884510,5.72,rest,0.7495
2681,13,2,0,0,537,1605888,1606424,5.37,rest,0.7495
6757,18,2,0,0,394,3961886,3962279,3.94,rest,0.7495
2254,12,3,0,0,538,1311679,1312216,5.38,rest,0.7495
2086,12,3,0,0,509,1237376,1237884,5.09,rest,0.7495
19758,7,3,0,0,516,11496927,11497442,5.16,rest,0.7495
12167,24,2,0,0,467,7160042,7160508,4.67,rest,0.7471
4153,15,2,0,0,555,2469863,2470417,5.55,rest,0.7471
15355,2,2,0,0,491,9019542,9020032,4.91,rest,0.7471
9260,20,3,0,0,453,5410628,5411080,4.53,rest,0.7471
10224,21,3,0,0,504,5955095,5955598,5.04,rest,0.7471
10134,21,3,0,0,550,5915359,5915908,5.5,rest,0.7471
13715,26,2,0,0,672,8075651,8076322,6.72,rest,0.7471
3217,14,2,0,0,511,1950928,1951438,5.11,rest,0.7471
4650,15,3,0,0,375,2697419,2697793,3.75,rest,0.7471
14635,27,2,0,0,635,8588056,8588690,6.35,rest,0.7471
13955,26,2,0,0,482,8177245,8177726,4.82,rest,0.7471
6374,17,3,0,0,544,3690606,3691149,5.44,rest,0.7471
13416,25,3,0,0,521,7828208,7828728,5.21,rest,0.7471
4045,15,2,0,0,417,2424317,2424733,4.17,rest,0.7471
1446,11,3,0,0,428,841626,842053,4.28,rest,0.7471
6423,18,2,0,0,547,3821179,3821725,5.47,rest,0.7471
15858,2,3,0,0,561,9248196,9248756,5.61,rest,0.7471
2615,13,2,0,0,420,1578365,1578784,4.2,rest,0.7471
3754,14,3,0,0,395,2186484,2186878,3.95,rest,0.7471
19670,7,3,0,0,1071,11456610,11457680,10.71,rest,0.7471
1458,11,3,0,0,371,846639,847009,3.71,rest,0.7471
12217,24,2,0,0,464,7181169,7181632,4.64,rest,0.7471
19820,7,3,0,0,418,11528543,11528960,4.18,rest,0.7471
9264,20,3,0,0,957,5412298,5413254,9.57,rest,0.7446
14890,27,3,0,0,348,8699711,8700058,3.48,rest,0.7446
19678,7,3,0,0,434,11460543,11460976,4.34,rest,0.7446
3481,14,2,0,0,514,2061682,2062195,5.14,rest,0.7446
15535,2,2,0,0,509,9094910,9095418,5.09,rest,0.7446
16349,3,2,0,0,495,9572382,9572876,4.95,rest,0.7446
1617,12,2,0,0,415,1035780,1036194,4.15,rest,0.7446
4043,15,2,0,0,295,2423587,2423881,2.95,rest,0.7446
16504,3,3,0,0,448,9646521,9646968,4.48,rest,0.7446
3650,14,3,0,0,1317,2135526,2136842,13.17,rest,0.7446
14090,26,3,0,0,553,8237793,8238345,5.53,rest,0.7446
13747,26,2,0,0,670,8089278,8089947,6.7,rest,0.7446
15594,2,3,0,0,470,9119534,9120003,4.7,rest,0.7446
13893,26,2,0,0,431,8151055,8151485,4.31,rest,0.7446
11301,23,2,0,0,407,6665815,6666221,4.07,rest,0.7446
3335,14,2,0,0,555,2000493,2001047,5.55,rest,0.7446
14268,26,3,0,0,438,8317963,8318400,4.38,rest,0.7446
21073,9,2,0,0,420,12285400,12285819,4.2,rest,0.7446
2250,12,3,0,0,463,1310100,1310562,4.63,rest,0.7446
15642,2,3,0,0,544,9143483,9144026,5.44,rest,0.7446
18200,5,3,0,0,432,10608453,10608884,4.32,rest,0.7446
5055,16,2,0,0,478,2989144,2989621,4.78,rest,0.7446
10629,22,2,0,0,435,6253422,6253856,4.35,rest,0.7446
796,10,3,0,0,336,455086,455421,3.36,rest,0.7446
14836,27,3,0,0,458,8674791,8675248,4.58,rest,0.7446
12678,24,3,0,0,531,7386950,7387480,5.31,rest,0.7446
8267,1,2,0,0,429,4854466,4854894,4.29,rest,0.7422
18154,5,3,0,0,411,10586948,10587358,4.11,rest,0.7422
13711,26,2,0,0,576,8074017,8074592,5.76,rest,0.7422
1913,12,2,0,0,498,1159641,1160138,4.98,rest,0.7422
8610,1,3,0,0,536,5014043,5014578,5.36,rest,0.7422
12131,24,2,0,0,665,7144765,7145429,6.65,rest,0.7422
17817,5,2,0,0,328,10439535,10439862,3.28,rest,0.7422
11818,23,3,0,0,575,6894823,6895397,5.75,rest,0.7422
7846,19,3,0,0,540,4562277,4562816,5.4,rest,0.7422
12022,23,3,0,0,339,6997341,6997679,3.39,rest,0.7422
15263,2,2,0,0,479,8980980,8981458,4.79,rest,0.7422
18649,6,2,0,0,353,10909884,10910236,3.53,rest,0.7422
4528,15,3,0,0,502,2637327,2637828,5.02,rest,0.7422
1480,11,3,0,0,495,856311,856805,4.95,rest,0.7422
1554,11,3,0,0,452,899782,900233,4.52,rest,0.7422
4291,15,2,0,0,440,2528297,2528736,4.4,rest,0.7422
15463,2,2,0,0,519,9064698,9065216,5.19,rest,0.7397
19904,7,3,0,0,444,11566316,11566759,4.44,rest,0.7397
13620,25,3,0,0,427,7934095,7934521,4.27,rest,0.7397
6880,18,3,0,0,312,4020041,4020352,3.12,rest,0.7397
392,10,3,0,0,477,265827,266303,4.77,rest,0.7397
19738,7,3,0,0,422,11488317,11488738,4.22,rest,0.7397
14228,26,3,0,0,587,8299803,8300389,5.87,rest,0.7397
3078,13,3,0,0,743,1786240,1786982,7.43,rest,0.7397
20379,8,2,0,0,583,11880609,11881191,5.83,rest,0.7397
19624,7,3,0,0,423,11436473,11436895,4.23,rest,0.7397
7606,19,3,0,0,483,4449295,4449777,4.83,rest,0.7397
12570,24,3,0,0,588,7336807,7337394,5.88,rest,0.7397
7190,18,3,0,0,380,4167454,4167833,3.8,rest,0.7397
10240,21,3,0,0,460,5963877,5964336,4.6,rest,0.7397
14784,27,3,0,0,513,8650512,8651024,5.13,rest,0.7397
7549,19,2,0,0,482,4422672,4423153,4.82,rest,0.7397
5600,16,3,0,0,403,3237390,3237792,4.03,rest,0.7397
19606,7,3,0,0,444,11427745,11428188,4.44,rest,0.7397
4859,16,2,0,0,558,2906985,2907542,5.58,rest,0.7373
10467,22,2,0,0,563,6184879,6185441,5.63,rest,0.7373
3692,14,3,0,0,417,2156375,2156791,4.17,rest,0.7373
17983,5,2,0,0,322,10509008,10509329,3.22,rest,0.7373
15646,2,3,0,0,438,9145255,9145692,4.38,rest,0.7373
11616,23,3,0,0,486,6799862,6800347,4.86,rest,0.7373
18344,5,3,0,0,584,10672675,10673258,5.84,rest,0.7373
3509,14,2,0,0,539,2073471,2074009,5.39,rest,0.7373
7447,19,2,0,0,387,4379999,4380385,3.87,rest,0.7373
7453,19,2,0,0,471,4382423,4382893,4.71,rest,0.7373
19549,7,2,0,0,581,11403896,11404476,5.81,rest,0.7373
18026,5,3,0,0,696,10528251,10528946,6.96,rest,0.7373
12796,24,3,0,0,495,7450453,7450947,4.95,rest,0.7373
15698,2,3,0,0,391,9170467,9170857,3.91,rest,0.7373
5314,16,3,0,0,1149,3103361,3104509,11.49,rest,0.7373
18924,6,3,0,0,437,11030423,11030859,4.37,rest,0.7373
7126,18,3,0,0,418,4130294,4130711,4.18,rest,0.7373
13709,26,2,0,0,547,8073193,8073739,5.47,rest,0.7373
7786,19,3,0,0,387,4534934,4535320,3.87,rest,0.7373
19301,7,2,0,0,425,11299816,11300240,4.25,rest,0.7373
8861,20,2,0,0,445,5239375,5239819,4.45,rest,0.7373
14276,26,3,0,0,905,8321357,8322261,9.05,rest,0.7373
6344,17,3,0,0,413,3671672,3672084,4.13,rest,0.7349
4636,15,3,0,0,402,2691527,2691928,4.02,rest,0.7349
3261,14,2,0,0,576,1969333,1969908,5.76,rest,0.7349
3720,14,3,0,0,491,2170110,2170600,4.91,rest,0.7349
514,10,3,0,0,601,320569,321169,6.01,rest,0.7349
5276,16,3,0,0,394,3087602,3087995,3.94,rest,0.7349
638,10,3,0,0,351,375875,376225,3.51,rest,0.7349
17622,4,3,0,0,384,10255175,10255558,3.84,rest,0.7349
8847,20,2,0,0,426,5233440,5233865,4.26,rest,0.7349
1657,12,2,0,0,506,1052439,1052944,5.06,rest,0.7349
15734,2,3,0,0,487,9187745,9188231,4.87,rest,0.7349
11914,23,3,0,0,408,6938408,6938815,4.08,rest,0.7349
18693,6,2,0,0,358,10928306,10928663,3.58,rest,0.7349
20389,8,2,0,0,599,11884783,11885381,5.99,rest,0.7349
4446,15,3,0,0,454,2600222,2600675,4.54,rest,0.7349
7948,19,3,0,0,413,4610305,4610717,4.13,rest,0.7349
19786,7,3,0,0,483,11512541,11513023,4.83,rest,0.7349
21648,9,3,0,0,430,12550703,12551132,4.3,rest,0.7349
8835,20,2,0,0,523,5228301,5228823,5.23,rest,0.7349
4564,15,3,0,0,403,2654719,2655121,4.03,rest,0.7324
3608,14,3,0,0,467,2116423,2116889,4.67,rest,0.7324
7602,19,3,0,0,565,4447614,4448178,5.65,rest,0.7324
18749,6,2,0,0,329,10951901,10952229,3.29,rest,0.7324
11559,23,2,0,0,505,6774360,6774864,5.05,rest,0.7324
7912,19,3,0,0,409,4593539,4593947,4.09,rest,0.7324
14026,26,3,0,0,498,8208838,8209335,4.98,rest,0.7324
20628,8,3,0,0,457,11989455,11989911,4.57,rest,0.7324
18310,5,3,0,0,413,10657641,10658053,4.13,rest,0.7324
13368,25,3,0,0,467,7805873,7806339,4.67,rest,0.7324
10394,21,3,0,0,514,6045996,6046509,5.14,rest,0.7324
21426,9,3,0,0,552,12446395,12446946,5.52,rest,0.7324
12462,24,3,0,0,528,7287318,7287845,5.28,rest,0.7324
19730,7,3,0,0,1016,11484390,11485405,10.16,rest,0.7324
13616,25,3,0,0,382,7932433,7932814,3.82,rest,0.7324
6647,18,2,0,0,563,3915463,3916025,5.63,rest,0.7324
19182,6,3,0,0,362,11143744,11144105,3.62,rest,0.7324
9314,20,3,0,0,531,5436273,5436803,5.31,rest,0.7324
21218,9,3,0,0,541,12346696,12347236,5.41,rest,0.7324
19796,7,3,0,0,440,11517452,11517891,4.4,rest,0.7324
16486,3,3,0,0,603,9637937,9638539,6.03,rest,0.7324
21388,9,3,0,0,484,12429348,12429831,4.84,rest,0.7324
10092,21,3,0,0,531,5896231,5896761,5.31,rest,0.7324
3221,14,2,0,0,390,1952683,1953072,3.9,rest,0.7324
14721,27,2,0,0,587,8624166,8624752,5.87,rest,0.73
11972,23,3,0,0,373,6968839,6969211,3.73,rest,0.73
1216,11,3,0,0,513,734635,735147,5.13,rest,0.73
1288,11,3,0,0,459,766842,767300,4.59,rest,0.73
1883,12,2,0,0,577,1146986,1147562,5.77,rest,0.73
12566,24,3,0,0,593,7335139,7335731,5.93,rest,0.73
14010,26,3,0,0,465,8201995,8202459,4.65,rest,0.73
16406,3,3,0,0,480,9598776,9599255,4.8,rest,0.73
21306,9,3,0,0,555,12391251,12391805,5.55,rest,0.73
13847,26,2,0,0,501,8131580,8132080,5.01,rest,0.73
12014,23,3,0,0,292,6994028,6994319,2.92,rest,0.73
2870,13,3,0,0,398,1692620,1693017,3.98,rest,0.73
17911,5,2,0,0,620,10478612,10479231,6.2,rest,0.73
12065,24,2,0,0,566,7116923,7117488,5.66,rest,0.7275
19409,7,2,0,0,574,11345129,11345702,5.74,rest,0.7275
7371,19,2,0,0,494,4348118,4348611,4.94,rest,0.7275
19441,7,2,0,0,540,11358557,11359096,5.4,rest,0.7275
14036,26,3,0,0,1227,8213057,8214283,12.27,rest,0.7275
11263,23,2,0,0,393,6649796,6650188,3.93,rest,0.7275
873,11,2,0,0,475,588174,588648,4.75,rest,0.7275
3802,14,3,0,0,416,2207323,2207738,4.16,rest,0.7275
9512,20,3,0,0,398,5526216,5526613,3.98,rest,0.7275
12249,24,2,0,0,439,7194652,7195090,4.39,rest,0.7275
13889,26,2,0,0,532,8149299,8149830,5.32,rest,0.7275
2892,13,3,0,0,520,1701703,1702222,5.2,rest,0.7275
851,11,2,0,0,430,578914,579343,4.3,rest,0.7275
14202,26,3,0,0,603,8288571,8289173,6.03,rest,0.7275
21378,9,3,0,0,457,12425120,12425576,4.57,rest,0.7275
999,11,2,0,0,452,640994,641445,4.52,rest,0.7275
17913,5,2,0,0,641,10479417,10480057,6.41,rest,0.7275
10170,21,3,0,0,469,5931959,5932427,4.69,rest,0.7275
4261,15,2,0,0,450,2515538,2515987,4.5,rest,0.7275
13984,26,3,0,0,529,8189323,8189851,5.29,rest,0.7275
7796,19,3,0,0,660,4538885,4539544,6.6,rest,0.7275
7210,18,3,0,0,352,4179441,4179792,3.52,rest,0.7275
11497,23,2,0,0,419,6748340,6748758,4.19,rest,0.7251
8933,20,2,0,0,526,5269851,5270376,5.26,rest,0.7251
2619,13,2,0,0,540,1580000,1580539,5.4,rest,0.7251
14216,26,3,0,0,889,8294572,8295460,8.89,rest,0.7251
9107,20,2,0,0,556,5343476,5344031,5.56,rest,0.7251
11255,23,2,0,0,428,6646449,6646876,4.28,rest,0.7251
1629,12,2,0,0,465,1040822,1041286,4.65,rest,0.7251
4802,15,3,0,0,449,2782173,2782621,4.49,rest,0.7251
10741,22,2,0,0,426,6300643,6301068,4.26,rest,0.7251
5380,16,3,0,0,600,3132340,3132939,6.0,rest,0.7251
17905,5,2,0,0,654,10476076,10476729,6.54,rest,0.7251
14641,27,2,0,0,439,8590687,8591125,4.39,rest,0.7251
10104,21,3,0,0,529,5901314,5901842,5.29,rest,0.7251
8937,20,2,0,0,517,5271522,5272038,5.17,rest,0.7251
9182,20,3,0,0,517,5375058,5375574,5.17,rest,0.7251
6252,17,3,0,0,341,3627705,3628045,3.41,rest,0.7251
12329,24,2,0,0,520,7228396,7228915,5.2,rest,0.7251
16221,3,2,0,0,584,9518807,9519390,5.84,rest,0.7251
6184,17,3,0,0,434,3596967,3597400,4.34,rest,0.7251
17640,4,3,0,0,358,10264477,10264834,3.58,rest,0.7251
15762,2,3,0,0,431,9201083,9201513,4.31,rest,0.7251
20233,8,2,0,0,551,11819489,11820039,5.51,rest,0.7251
15630,2,3,0,0,475,9136689,9137163,4.75,rest,0.7251
6595,18,2,0,0,452,3893793,3894244,4.52,rest,0.7251
19788,7,3,0,0,472,11513384,11513855,4.72,rest,0.7251
11618,23,3,0,0,400,6800707,6801106,4.0,rest,0.7251
895,11,2,0,0,533,597310,597842,5.33,rest,0.7251
13145,25,2,0,0,453,7703853,7704305,4.53,rest,0.7251
7375,19,2,0,0,545,4349779,4350323,5.45,rest,0.7251
15794,2,3,0,0,416,9215885,9216300,4.16,rest,0.7227
3796,14,3,0,0,371,2204822,2205192,3.71,rest,0.7227
5504,16,3,0,0,456,3189084,3189539,4.56,rest,0.7227
13841,26,2,0,0,492,8129050,8129541,4.92,rest,0.7227
19756,7,3,0,0,505,11496100,11496604,5.05,rest,0.7227
7734,19,3,0,0,514,4508868,4509381,5.14,rest,0.7227
7174,18,3,0,0,500,4157534,4158033,5.0,rest,0.7227
12690,24,3,0,0,478,7392051,7392528,4.78,rest,0.7227
3770,14,3,0,0,957,2193201,2194157,9.57,rest,0.7227
1434,11,3,0,0,496,835822,836317,4.96,rest,0.7227
4776,15,3,0,0,341,2766431,2766771,3.41,rest,0.7227
12560,24,3,0,0,637,7332605,7333241,6.37,rest,0.7227
17883,5,2,0,0,353,10467121,10467473,3.53,rest,0.7227
4351,15,2,0,0,472,2553499,2553970,4.72,rest,0.7227
18366,5,3,0,0,1024,10682484,10683507,10.24,rest,0.7227
5258,16,3,0,0,514,3079309,3079822,5.14,rest,0.7227
9879,21,2,0,0,500,5800797,5801296,5.0,rest,0.7227
16498,3,3,0,0,544,9642921,9643464,5.44,rest,0.7227
9119,20,2,0,0,558,5348518,5349075,5.58,rest,0.7227
13115,25,2,0,0,519,7691082,7691600,5.19,rest,0.7227
6733,18,2,0,0,496,3951754,3952249,4.96,rest,0.7227
5117,16,2,0,0,496,3015167,3015662,4.96,rest,0.7227
6645,18,2,0,0,530,3914670,3915199,5.3,rest,0.7227
6663,18,2,0,0,523,3922261,3922783,5.23,rest,0.7227
4133,15,2,0,0,435,2461452,2461886,4.35,rest,0.7227
18894,6,3,0,0,424,11016918,11017341,4.24,rest,0.7227
14060,26,3,0,0,477,8224615,8225091,4.77,rest,0.7227
15289,2,2,0,0,509,8991831,8992339,5.09,rest,0.7227
15872,2,3,0,0,444,9255761,9256204,4.44,rest,0.7202
3209,14,2,0,0,380,1947666,1948045,3.8,rest,0.7202
11315,23,2,0,0,530,6671642,6672171,5.3,rest,0.7202
19078,6,3,0,0,369,11098214,11098582,3.69,rest,0.7202
19038,6,3,0,0,607,11080615,11081221,6.07,rest,0.7202
5929,17,2,0,0,419,3478136,3478554,4.19,rest,0.7202
6370,17,3,0,0,474,3688988,3689461,4.74,rest,0.7202
3988,14,3,0,0,372,2295879,2296250,3.72,rest,0.7202
18830,6,3,0,0,280,10989124,10989403,2.8,rest,0.7202
3050,13,3,0,0,443,1773896,1774338,4.43,rest,0.7202
7596,19,3,0,0,458,4443340,4443797,4.58,rest,0.7202
6946,18,3,0,0,366,4048682,4049047,3.66,rest,0.7202
3343,14,2,0,0,397,2004010,2004406,3.97,rest,0.7202
11347,23,2,0,0,581,6685075,6685655,5.81,rest,0.7202
12702,24,3,0,0,508,7398228,7398735,5.08,rest,0.7202
13829,26,2,0,0,531,8123962,8124492,5.31,rest,0.7202
3996,14,3,0,0,338,2302352,2302689,3.38,rest,0.7202
8825,20,2,0,0,501,5224100,5224600,5.01,rest,0.7202
11251,23,2,0,0,335,6644868,6645202,3.35,rest,0.7202
9596,20,3,0,0,512,5574835,5575346,5.12,rest,0.7202
6675,18,2,0,0,541,3927312,3927852,5.41,rest,0.7202
11838,23,3,0,0,536,6903910,6904445,5.36,rest,0.7202
5123,16,2,0,0,528,3017651,3018178,5.28,rest,0.7178
15934,2,3,0,0,389,9284880,9285268,3.89,rest,0.7178
21444,9,3,0,0,480,12455467,12455946,4.8,rest,0.7178
8796,1,3,0,0,349,5109454,5109802,3.49,rest,0.7178
7710,19,3,0,0,406,4497379,4497784,4.06,rest,0.7178
11409,23,2,0,0,388,6711357,6711744,3.88,rest,0.7178
1298,11,3,0,0,445,771021,771465,4.45,rest,0.7178
13961,26,2,0,0,548,8179699,8180246,5.48,rest,0.7178
12650,24,3,0,0,570,7372979,7373548,5.7,rest,0.7178
9047,20,2,0,0,454,5318103,5318556,4.54,rest,0.7178
5338,16,3,0,0,524,3114503,3115026,5.24,rest,0.7178
6354,17,3,0,0,468,3675859,3676326,4.68,rest,0.7178
14176,26,3,0,0,1001,8277145,8278145,10.01,rest,0.7178
17661,5,2,0,0,258,10374156,10374413,2.58,rest,0.7178
5917,17,2,0,0,451,3473108,3473558,4.51,rest,0.7178
15255,2,2,0,0,415,8977707,8978121,4.15,rest,0.7178
11435,23,2,0,0,431,6722202,6722632,4.31,rest,0.7178
1917,12,2,0,0,466,1161316,1161781,4.66,rest,0.7178
8277,1,2,0,0,553,4858609,4859161,5.53,rest,0.7178
5256,16,3,0,0,464,3078554,3079017,4.64,rest,0.7178
15906,2,3,0,0,432,9272147,9272578,4.32,rest,0.7178
5871,17,2,0,0,568,3453478,3454045,5.68,rest,0.7153
11758,23,3,0,0,469,6865019,6865487,4.69,rest,0.7153
985,11,2,0,0,503,635185,635687,5.03,rest,0.7153
18603,6,2,0,0,520,10890471,10890990,5.2,rest,0.7153
14617,27,2,0,0,570,8580637,8581206,5.7,rest,0.7153
987,11,2,0,0,466,635979,636444,4.66,rest,0.7153
6218,17,3,0,0,364,3612612,3612975,3.64,rest,0.7153
13600,25,3,0,0,476,7923236,7923711,4.76,rest,0.7153
17214,4,3,0,0,456,10068553,10069008,4.56,rest,0.7153
20887,9,2,0,0,416,12207370,12207785,4.16,rest,0.7153
12193,24,2,0,0,408,7171193,7171600,4.08,rest,0.7153
4327,15,2,0,0,440,2543427,2543866,4.4,rest,0.7153
21512,9,3,0,0,479,12486489,12486967,4.79,rest,0.7129
1312,11,3,0,0,577,779059,779635,5.77,rest,0.7129
12111,24,2,0,0,613,7136415,7137027,6.13,rest,0.7129
4899,16,2,0,0,535,2923803,2924337,5.35,rest,0.7129
12666,24,3,0,0,550,7380546,7381095,5.5,rest,0.7129
11744,23,3,0,0,396,6858637,6859032,3.96,rest,0.7129
10066,21,3,0,0,1148,5883527,5884674,11.48,rest,0.7129
12179,24,2,0,0,651,7165030,7165680,6.51,rest,0.7129
19924,7,3,0,0,388,11575717,11576104,3.88,rest,0.7129
1677,12,2,0,0,481,1060865,1061345,4.81,rest,0.7129
2479,13,2,0,0,462,1521341,1521802,4.62,rest,0.7129
7696,19,3,0,0,391,4491461,4491851,3.91,rest,0.7129
18940,6,3,0,0,417,11038359,11038775,4.17,rest,0.7129
558,10,3,0,0,490,340425,340914,4.9,rest,0.7129
3479,14,2,0,0,523,2060833,2061355,5.23,rest,0.7129
6449,18,2,0,0,459,3832203,3832661,4.59,rest,0.7104
17855,5,2,0,0,452,10455342,10455793,4.52,rest,0.7104
5037,16,2,0,0,582,2981524,2982105,5.82,rest,0.7104
11150,22,3,0,0,263,6491504,6491766,2.63,rest,0.7104
13496,25,3,0,0,406,7864982,7865387,4.06,rest,0.7104
953,11,2,0,0,386,621783,622168,3.86,rest,0.7104
18972,6,3,0,0,407,11052228,11052634,4.07,rest,0.7104
4744,15,3,0,0,418,2743384,2743801,4.18,rest,0.7104
12291,24,2,0,0,448,7212411,7212858,4.48,rest,0.7104
5188,16,3,0,0,531,3046287,3046817,5.31,rest,0.7104
13632,25,3,0,0,395,7939169,7939563,3.95,rest,0.7104
15672,2,3,0,0,529,9157305,9157833,5.29,rest,0.7104
18862,6,3,0,0,498,11002915,11003412,4.98,rest,0.7104
14208,26,3,0,0,581,8291151,8291731,5.81,rest,0.7104
12784,24,3,0,0,539,7441057,7441595,5.39,rest,0.7104
10735,22,2,0,0,431,6298149,6298579,4.31,rest,0.7104
19315,7,2,0,0,420,11305713,11306132,4.2,rest,0.7104
18942,6,3,0,0,438,11039175,11039612,4.38,rest,0.7104
1127,11,2,0,0,400,694697,695096,4.0,rest,0.7104
903,11,2,0,0,613,600625,601237,6.13,rest,0.7104
10034,21,3,0,0,559,5869029,5869587,5.59,rest,0.7104
10086,21,3,0,0,1631,5892664,5894294,16.31,rest,0.7104
7978,19,3,0,0,333,4627498,4627830,3.33,rest,0.7104
3792,14,3,0,0,532,2203109,2203640,5.32,rest,0.7104
5240,16,3,0,0,543,3070899,3071441,5.43,rest,0.7104
14631,27,2,0,0,676,8586367,8587042,6.76,rest,0.7104
6487,18,2,0,0,545,3848178,3848722,5.45,rest,0.7104
12616,24,3,0,0,499,7357188,7357686,4.99,rest,0.7104
16215,3,2,0,0,553,9516335,9516887,5.53,rest,0.7104
10144,21,3,0,0,511,5919617,5920127,5.11,rest,0.7104
9105,20,2,0,0,514,5342620,5343133,5.14,rest,0.7104
6613,18,2,0,0,473,3901309,3901781,4.73,rest,0.7104
15090,27,3,0,0,405,8789162,8789566,4.05,rest,0.7104
10164,21,3,0,0,482,5929012,5929493,4.82,rest,0.7104
11816,23,3,0,0,470,6894085,6894554,4.7,rest,0.7104
16077,3,2,0,0,567,9458475,9459041,5.67,rest,0.7104
7666,19,3,0,0,500,4478177,4478676,5.0,rest,0.7104
21362,9,3,0,0,553,12416829,12417381,5.53,rest,0.7104
5524,16,3,0,0,421,3198153,3198573,4.21,rest,0.7104
15365,2,2,0,0,459,9023768,9024226,4.59,rest,0.7104
12031,24,2,0,0,501,7102691,7103191,5.01,rest,0.708
18980,6,3,0,0,420,11055555,11055974,4.2,rest,0.708
1170,11,3,0,0,422,713937,714358,4.22,rest,0.708
1855,12,2,0,0,499,1135366,1135864,4.99,rest,0.708
5988,17,3,0,0,564,3504413,3504976,5.64,rest,0.708
1679,12,2,0,0,507,1061690,1062196,5.07,rest,0.708
6485,18,2,0,0,445,3847439,3847883,4.45,rest,0.708
9324,20,3,0,0,577,5440551,5441127,5.77,rest,0.708
14816,27,3,0,0,581,8664909,8665489,5.81,rest,0.708
19489,7,2,0,0,426,11378767,11379192,4.26,rest,0.708
14992,27,3,0,0,245,8744985,8745229,2.45,rest,0.708
21536,9,3,0,0,451,12497673,12498123,4.51,rest,0.708
7361,19,2,0,0,396,4344014,4344409,3.96,rest,0.708
7471,19,2,0,0,547,4389929,4390475,5.47,rest,0.708
5310,16,3,0,0,363,3101868,3102230,3.63,rest,0.708
5306,16,3,0,0,565,3100101,3100665,5.65,rest,0.708
15295,2,2,0,0,482,8994371,8994852,4.82,rest,0.708
6014,17,3,0,0,558,3515416,3515973,5.58,rest,0.708
7313,19,2,0,0,477,4323747,4324223,4.77,rest,0.708
6621,18,2,0,0,512,3904662,3905173,5.12,rest,0.708
10150,21,3,0,0,447,5923107,5923553,4.47,rest,0.708
17865,5,2,0,0,471,10459359,10459829,4.71,rest,0.708
17202,4,3,0,0,432,10061890,10062321,4.32,rest,0.708
5783,17,2,0,0,484,3416480,3416963,4.84,rest,0.708
8857,20,2,0,0,451,5237661,5238111,4.51,rest,0.708
10964,22,3,0,0,460,6405342,6405801,4.6,rest,0.708
10354,21,3,0,0,446,6018107,6018552,4.46,rest,0.708
18679,6,2,0,0,455,10922370,10922824,4.55,rest,0.708
17829,5,2,0,0,381,10444487,10444867,3.81,rest,0.7056
11778,23,3,0,0,388,6874330,6874717,3.88,rest,0.7056
10408,21,3,0,0,351,6058254,6058604,3.51,rest,0.7056
19319,7,2,0,0,505,11307305,11307809,5.05,rest,0.7056
5284,16,3,0,0,450,3090919,3091368,4.5,rest,0.7056
12724,24,3,0,0,503,7408671,7409173,5.03,rest,0.7056
15644,2,3,0,0,530,9144330,9144859,5.3,rest,0.7056
744,10,3,0,0,431,427846,428276,4.31,rest,0.7056
454,10,3,0,0,458,294551,295008,4.58,rest,0.7056
6390,17,3,0,0,432,3702053,3702484,4.32,rest,0.7056
1310,11,3,0,0,562,778229,778790,5.62,rest,0.7056
12835,25,2,0,0,528,7572800,7573327,5.28,rest,0.7056
4478,15,3,0,0,471,2615954,2616424,4.71,rest,0.7056
2679,13,2,0,0,517,1605065,1605581,5.17,rest,0.7056
9214,20,3,0,0,508,5389751,5390258,5.08,rest,0.7056
2764,13,3,0,0,500,1640589,1641088,5.0,rest,0.7056
3331,14,2,0,0,518,1998852,1999369,5.18,rest,0.7056
9492,20,3,0,0,493,5516999,5517491,4.93,rest,0.7056
15249,2,2,0,0,374,8975210,8975583,3.74,rest,0.7056
8676,1,3,0,0,483,5049675,5050157,4.83,rest,0.7056
21127,9,2,0,0,572,12307885,12308456,5.72,rest,0.7056
9739,21,2,0,0,525,5741612,5742136,5.25,rest,0.7056
15632,2,3,0,0,489,9137539,9138027,4.89,rest,0.7056
21296,9,3,0,0,369,12387237,12387605,3.69,rest,0.7056
15369,2,2,0,0,482,9025431,9025912,4.82,rest,0.7031
18374,5,3,0,0,338,10686449,10686786,3.38,rest,0.7031
10739,22,2,0,0,469,6299778,6300246,4.69,rest,0.7031
15898,2,3,0,0,549,9267393,9267941,5.49,rest,0.7031
11241,23,2,0,0,520,6640433,6640952,5.2,rest,0.7031
6338,17,3,0,0,335,3669212,3669546,3.35,rest,0.7031
17572,4,3,0,0,342,10230405,10230746,3.42,rest,0.7031
4726,15,3,0,0,481,2734525,2735005,4.81,rest,0.7031
11814,23,3,0,0,410,6893303,6893712,4.1,rest,0.7031
8002,19,3,0,0,419,4642429,4642847,4.19,rest,0.7031
19299,7,2,0,0,360,11299033,11299392,3.6,rest,0.7031
2174,12,3,0,0,506,1275814,1276319,5.06,rest,0.7031
2693,13,2,0,0,486,1610938,1611423,4.86,rest,0.7031
4766,15,3,0,0,437,2758185,2758621,4.37,rest,0.7031
15628,2,3,0,0,478,9135881,9136358,4.78,rest,0.7031
6864,18,3,0,0,419,4012796,4013214,4.19,rest,0.7031
5392,16,3,0,0,395,3137528,3137922,3.95,rest,0.7031
11553,23,2,0,0,479,6771840,6772318,4.79,rest,0.7007
4141,15,2,0,0,459,2464852,2465310,4.59,rest,0.7007
14242,26,3,0,0,519,8306072,8306590,5.19,rest,0.7007
10402,21,3,0,0,624,6049297,6049920,6.24,rest,0.7007
15325,2,2,0,0,500,9006940,9007439,5.0,rest,0.7007
15746,2,3,0,0,558,9193307,9193864,5.58,rest,0.7007
12245,24,2,0,0,376,7193029,7193404,3.76,rest,0.7007
9937,21,2,0,0,439,5825423,5825861,4.39,rest,0.7007
13296,25,3,0,0,546,7774159,7774704,5.46,rest,0.7007
20830,8,3,0,0,390,12081421,12081810,3.9,rest,0.7007
13143,25,2,0,0,456,7703011,7703466,4.56,rest,0.7007
19870,7,3,0,0,1049,11551124,11552172,10.49,rest,0.7007
833,11,2,0,0,482,571316,571797,4.82,rest,0.7007
19455,7,2,0,0,554,11364404,11364957,5.54,rest,0.7007
10398,21,3,0,0,541,6047675,6048215,5.41,rest,0.7007
13931,26,2,0,0,508,8167088,8167595,5.08,rest,0.7007
16382,3,3,0,0,339,9586229,9586567,3.39,rest,0.7007
7455,19,2,0,0,581,4383128,4383708,5.81,rest,0.7007
11654,23,3,0,0,455,6817381,6817835,4.55,rest,0.7007
16636,3,3,0,0,420,9705679,9706098,4.2,rest,0.7007
8157,1,2,0,0,520,4808360,4808879,5.2,rest,0.7007
15604,2,3,0,0,474,9125244,9125717,4.74,rest,0.7007
6144,17,3,0,0,603,3578723,3579325,6.03,rest,0.7007
12345,24,2,0,0,452,7235210,7235661,4.52,rest,0.7007
5759,17,2,0,0,613,3406200,3406812,6.13,rest,0.7007
5196,16,3,0,0,426,3051022,3051447,4.26,rest,0.7007
4004,14,3,0,0,303,2305714,2306016,3.03,rest,0.7007
1895,12,2,0,0,582,1152053,1152634,5.82,rest,0.7007
15688,2,3,0,0,485,9166229,9166713,4.85,rest,0.6982
8111,1,2,0,0,614,4788959,4789572,6.14,rest,0.6982
18342,5,3,0,0,386,10671935,10672320,3.86,rest,0.6982
6643,18,2,0,0,394,3913958,3914351,3.94,rest,0.6982
4498,15,3,0,0,431,2624594,2625024,4.31,rest,0.6982
6820,18,3,0,0,391,3991697,3992087,3.91,rest,0.6982
9242,20,3,0,0,569,5402274,5402842,5.69,rest,0.6982
8323,1,2,0,0,502,4877971,4878472,5.02,rest,0.6982
13580,25,3,0,0,541,7909705,7910245,5.41,rest,0.6982
13254,25,3,0,0,1065,7752003,7753067,10.65,rest,0.6982
19688,7,3,0,0,416,11464727,11465142,4.16,rest,0.6982
10094,21,3,0,0,539,5897071,5897609,5.39,rest,0.6982
19483,7,2,0,0,480,11376178,11376657,4.8,rest,0.6982
16840,3,3,0,0,370,9809446,9809815,3.7,rest,0.6982
14545,27,2,0,0,566,8550299,8550864,5.66,rest,0.6982
5807,17,2,0,0,423,3426601,3427023,4.23,rest,0.6982
5512,16,3,0,0,478,3192432,3192909,4.78,rest,0.6982
11339,23,2,0,0,556,6681711,6682266,5.56,rest,0.6982
3952,14,3,0,0,432,2278288,2278719,4.32,rest,0.6982
3172,13,3,0,0,391,1830197,1830587,3.91,rest,0.6982
4245,15,2,0,0,466,2508746,2509211,4.66,rest,0.6982
462,10,3,0,0,932,297865,298796,9.32,rest,0.6982
8989,20,2,0,0,561,5293567,5294127,5.61,rest,0.6982
5316,16,3,0,0,577,3104727,3105303,5.77,rest,0.6982
15860,2,3,0,0,2172,9249092,9251263,21.72,rest,0.6982
14842,27,3,0,0,395,8678290,8678684,3.95,rest,0.6958
19776,7,3,0,0,481,11508358,11508838,4.81,rest,0.6958
7676,19,3,0,0,458,4482419,4482876,4.58,rest,0.6958
11722,23,3,0,0,429,6848242,6848670,4.29,rest,0.6958
12580,24,3,0,0,453,7341781,7342233,4.53,rest,0.6958
7830,19,3,0,0,438,4554829,4555266,4.38,rest,0.6958
11846,23,3,0,0,570,6907256,6907825,5.7,rest,0.6958
10286,21,3,0,0,1295,5985939,5987233,12.95,rest,0.6958
8905,20,2,0,0,518,5257994,5258511,5.18,rest,0.6958
18794,6,3,0,0,523,10970437,10970959,5.23,rest,0.6958
7694,19,3,0,0,524,4490485,4491008,5.24,rest,0.6958
4249,15,2,0,0,482,2510437,2510918,4.82,rest,0.6958
19892,7,3,0,0,388,11561376,11561763,3.88,rest,0.6958
12594,24,3,0,0,487,7347766,7348252,4.87,rest,0.6958
13292,25,3,0,0,422,7770501,7770922,4.22,rest,0.6958
13622,25,3,0,0,398,7934966,7935363,3.98,rest,0.6958
14681,27,2,0,0,467,8607435,8607901,4.67,rest,0.6958
17484,4,3,0,0,801,10190861,10191661,8.01,rest,0.6958
7642,19,3,0,0,285,4467579,4467863,2.85,rest,0.6958
4925,16,2,0,0,523,2934678,2935200,5.23,rest,0.6934
1986,12,3,0,0,713,1192323,1193035,7.13,rest,0.6934
1863,12,2,0,0,476,1138684,1139159,4.76,rest,0.6934
7140,18,3,0,0,333,4136678,4137010,3.33,rest,0.6934
11441,23,2,0,0,382,6724757,6725138,3.82,rest,0.6934
15846,2,3,0,0,589,9243166,9243754,5.89,rest,0.6934
9867,21,2,0,0,490,5795744,5796233,4.9,rest,0.6934
19335,7,2,0,0,588,11314009,11314596,5.88,rest,0.6934
12953,25,2,0,0,638,7622633,7623270,6.38,rest,0.6934
9647,21,2,0,0,366,5702813,5703178,3.66,rest,0.6934
16444,3,3,0,0,447,9618368,9618814,4.47,rest,0.6934
20796,8,3,0,0,423,12065073,12065495,4.23,rest,0.6934
16390,3,3,0,0,640,9589293,9589932,6.4,rest,0.6934
21077,9,2,0,0,492,12286987,12287478,4.92,rest,0.6934
6352,17,3,0,0,445,3675040,3675484,4.45,rest,0.6934
19626,7,3,0,0,453,11437286,11437738,4.53,rest,0.6934
4053,15,2,0,0,513,2427603,2428115,5.13,rest,0.6934
1131,11,2,0,0,466,696330,696795,4.66,rest,0.6934
19780,7,3,0,0,485,11510040,11510524,4.85,rest,0.6934
15726,2,3,0,0,518,9184333,9184850,5.18,rest,0.6934
14020,26,3,0,0,557,8206297,8206853,5.57,rest,0.6934
7110,18,3,0,0,362,4123115,4123476,3.62,rest,0.6934
12598,24,3,0,0,454,7349477,7349930,4.54,rest,0.6934
7096,18,3,0,0,419,4116712,4117130,4.19,rest,0.6934
19686,7,3,0,0,401,11463919,11464319,4.01,rest,0.6934
2635,13,2,0,0,613,1586623,1587235,6.13,rest,0.6934
1909,12,2,0,0,475,1157989,1158463,4.75,rest,0.6934
15545,2,2,0,0,484,9099128,9099611,4.84,rest,0.6934
19940,7,3,0,0,367,11583690,11584056,3.67,rest,0.6934
11343,23,2,0,0,589,6683412,6684000,5.89,rest,0.6934
21542,9,3,0,0,505,12500143,12500647,5.05,rest,0.6934
9386,20,3,0,0,423,5469427,5469849,4.23,rest,0.6909
16794,3,3,0,0,541,9783242,9783782,5.41,rest,0.6909
10220,21,3,0,0,495,5953404,5953898,4.95,rest,0.6909
13428,25,3,0,0,510,7833250,7833759,5.1,rest,0.6909
6248,17,3,0,0,394,3625955,3626348,3.94,rest,0.6909
7700,19,3,0,0,558,4493084,4493641,5.58,rest,0.6909
18172,5,3,0,0,401,10595789,10596189,4.01,rest,0.6909
1482,11,3,0,0,424,857204,857627,4.24,rest,0.6909
19459,7,2,0,0,550,11366070,11366619,5.5,rest,0.6909
11762,23,3,0,0,451,6866739,6867189,4.51,rest,0.6909
14984,27,3,0,0,408,8741479,8741886,4.08,rest,0.6909
9157,20,2,0,0,375,5364759,5365133,3.75,rest,0.6909
17821,5,2,0,0,367,10441136,10441502,3.67,rest,0.6909
12396,24,3,0,0,627,7258028,7258654,6.27,rest,0.6909
7628,19,3,0,0,437,4459316,4459752,4.37,rest,0.6909
18824,6,3,0,0,410,10985815,10986224,4.1,rest,0.6909
5051,16,2,0,0,695,2987375,2988069,6.95,rest,0.6909
13925,26,2,0,0,527,8164544,8165070,5.27,rest,0.6909
16111,3,2,0,0,606,9472683,9473288,6.06,rest,0.6885
480,10,3,0,0,519,305794,306312,5.19,rest,0.6885
6671,18,2,0,0,609,3925557,3926165,6.09,rest,0.6885
3814,14,3,0,0,337,2213187,2213523,3.37,rest,0.6885
21496,9,3,0,0,488,12479823,12480310,4.88,rest,0.6885
11245,23,2,0,0,443,6642158,6642600,4.43,rest,0.6885
3888,14,3,0,0,395,2246281,2246675,3.95,rest,0.6885
15206,27,3,0,0,466,8853589,8854054,4.66,rest,0.6885
13141,25,2,0,0,431,7702180,7702610,4.31,rest,0.6885
19898,7,3,0,0,440,11563833,11564272,4.4,rest,0.6885
18216,5,3,0,0,487,10615567,10616053,4.87,rest,0.6885
19523,7,2,0,0,567,11392904,11393470,5.67,rest,0.6885
15720,2,3,0,0,1322,9181180,9182501,13.22,rest,0.6885
4670,15,3,0,0,465,2706637,2707101,4.65,rest,0.6885
1478,11,3,0,0,455,855511,855965,4.55,rest,0.6885
3319,14,2,0,0,507,1993783,1994289,5.07,rest,0.6885
19798,7,3,0,0,433,11518280,11518712,4.33,rest,0.6885
12279,24,2,0,0,399,7207351,7207749,3.99,rest,0.6885
14432,26,3,0,0,342,8402157,8402498,3.42,rest,0.6885
9737,21,2,0,0,557,5740762,5741318,5.57,rest,0.6885
4947,16,2,0,0,374,2944001,2944374,3.74,rest,0.6885
16828,3,3,0,0,451,9804419,9804869,4.51,rest,0.6885
19850,7,3,0,0,1545,11541668,11543212,15.45,rest,0.6885
7206,18,3,0,0,359,4177727,4178085,3.59,rest,0.6885
5312,16,3,0,0,460,3102703,3103162,4.6,rest,0.6885
13390,25,3,0,0,483,7816859,7817341,4.83,rest,0.6885
20925,9,2,0,0,525,12223239,12223763,5.25,rest,0.6885
2617,13,2,0,0,509,1579172,1579680,5.09,rest,0.686
12782,24,3,0,0,472,7440204,7440675,4.72,rest,0.686
6066,17,3,0,0,542,3540939,3541480,5.42,rest,0.686
2322,12,3,0,0,444,1341903,1342346,4.44,rest,0.686
13382,25,3,0,0,461,7813477,7813937,4.61,rest,0.686
13149,25,2,0,0,410,7705553,7705962,4.1,rest,0.686
7054,18,3,0,0,591,4096167,4096757,5.91,rest,0.686
6521,18,2,0,0,568,3862466,3863033,5.68,rest,0.686
11842,23,3,0,0,473,6905576,6906048,4.73,rest,0.686
19900,7,3,0,0,417,11564684,11565100,4.17,rest,0.686
4750,15,3,0,0,401,2745912,2746312,4.01,rest,0.686
6507,18,2,0,0,579,3856546,3857124,5.79,rest,0.686
534,10,3,0,0,535,329453,329987,5.35,rest,0.686
13182,25,3,0,0,521,7719327,7719847,5.21,rest,0.686
9312,20,3,0,0,481,5435462,5435942,4.81,rest,0.686
14898,27,3,0,0,1132,8703024,8704155,11.32,rest,0.686
14032,26,3,0,0,519,8211374,8211892,5.19,rest,0.686
15275,2,2,0,0,518,8985950,8986467,5.18,rest,0.686
7816,19,3,0,0,504,4548294,4548797,5.04,rest,0.686
1210,11,3,0,0,537,732131,732667,5.37,rest,0.686
18024,5,3,0,0,396,10527373,10527768,3.96,rest,0.686
15732,2,3,0,0,413,9186952,9187364,4.13,rest,0.686
11648,23,3,0,0,333,6814273,6814605,3.33,rest,0.686
2394,12,3,0,0,425,1384873,1385297,4.25,rest,0.686
3748,14,3,0,0,405,2182666,2183070,4.05,rest,0.686
13737,26,2,0,0,567,8085073,8085639,5.67,rest,0.686
4233,15,2,0,0,464,2503697,2504160,4.64,rest,0.686
5440,16,3,0,0,486,3159377,3159862,4.86,rest,0.686
5133,16,2,0,0,576,3021783,3022358,5.76,rest,0.686
9925,21,2,0,0,593,5820252,5820844,5.93,rest,0.686
12369,24,2,0,0,375,7245365,7245739,3.75,rest,0.686
9957,21,2,0,0,365,5833922,5834286,3.65,rest,0.686
10004,21,3,0,0,552,5854678,5855229,5.52,rest,0.686
14888,27,3,0,0,407,8698885,8699291,4.07,rest,0.686
18422,5,3,0,0,288,10712194,10712481,2.88,rest,0.6836
18214,5,3,0,0,481,10614652,10615132,4.81,rest,0.6836
18188,5,3,0,0,387,10603505,10603891,3.87,rest,0.6836
12472,24,3,0,0,1255,7291608,7292862,12.55,rest,0.6836
8931,20,2,0,0,571,5268992,5269562,5.71,rest,0.6836
6244,17,3,0,0,428,3624233,3624660,4.28,rest,0.6836
12558,24,3,0,0,676,7331693,7332368,6.76,rest,0.6836
12448,24,3,0,0,620,7280690,7281309,6.2,rest,0.6836
15307,2,2,0,0,400,8999485,8999884,4.0,rest,0.6836
21472,9,3,0,0,474,12467977,12468450,4.74,rest,0.6836
7481,19,2,0,0,435,4394205,4394639,4.35,rest,0.6836
13402,25,3,0,0,459,7822163,7822621,4.59,rest,0.6836
14788,27,3,0,0,557,8652181,8652737,5.57,rest,0.6836
7832,19,3,0,0,485,4555709,4556193,4.85,rest,0.6836
19736,7,3,0,0,462,11487448,11487909,4.62,rest,0.6836
4444,15,3,0,0,476,2599385,2599860,4.76,rest,0.6836
15427,2,2,0,0,429,9049768,9050196,4.29,rest,0.6836
13380,25,3,0,0,395,7812689,7813083,3.95,rest,0.6836
10922,22,3,0,0,561,6385639,6386199,5.61,rest,0.6836
3311,14,2,0,0,458,1990424,1990881,4.58,rest,0.6836
4223,15,2,0,0,598,2499343,2499940,5.98,rest,0.6836
13976,26,3,0,0,446,8186126,8186571,4.46,rest,0.6836
19732,7,3,0,0,276,11485952,11486227,2.76,rest,0.6836
7040,18,3,0,0,297,4090640,4090936,2.97,rest,0.6836
5947,17,2,0,0,438,3485747,3486184,4.38,rest,0.6836
13935,26,2,0,0,572,8168721,8169292,5.72,rest,0.6836
9362,20,3,0,0,437,5458354,5458790,4.37,rest,0.6836
5735,17,2,0,0,677,3396056,3396732,6.77,rest,0.6836
16776,3,3,0,0,396,9772610,9773005,3.96,rest,0.6836
13360,25,3,0,0,489,7802475,7802963,4.89,rest,0.6812
3898,14,3,0,0,355,2250953,2251307,3.55,rest,0.6812
20454,8,3,0,0,496,11913339,11913834,4.96,rest,0.6812
6659,18,2,0,0,473,3920599,3921071,4.73,rest,0.6812
6868,18,3,0,0,379,4014532,4014910,3.79,rest,0.6812
2316,12,3,0,0,476,1339327,1339802,4.76,rest,0.6812
841,11,2,0,0,375,574756,575130,3.75,rest,0.6812
5428,16,3,0,0,759,3153417,3154175,7.59,rest,0.6812
4845,16,2,0,0,537,2901093,2901629,5.37,rest,0.6812
17937,5,2,0,0,564,10489507,10490070,5.64,rest,0.6812
19405,7,2,0,0,504,11343486,11343989,5.04,rest,0.6812
20381,8,2,0,0,596,11881437,11882032,5.96,rest,0.6812
12596,24,3,0,0,443,7348624,7349066,4.43,rest,0.6812
5689,17,2,0,0,480,3376466,3376945,4.8,rest,0.6812
14804,27,3,0,0,542,8659946,8660487,5.42,rest,0.6812
12548,24,3,0,0,537,7326465,7327001,5.37,rest,0.6812
8139,1,2,0,0,382,4800887,4801268,3.82,rest,0.6812
17204,4,3,0,0,2041,10062746,10064786,20.41,rest,0.6812
460,10,3,0,0,425,297019,297443,4.25,rest,0.6812
8935,20,2,0,0,502,5270686,5271187,5.02,rest,0.6812
7608,19,3,0,0,482,4450130,4450611,4.82,rest,0.6812
12041,24,2,0,0,444,7106879,7107322,4.44,rest,0.6812
19766,7,3,0,0,477,11500330,11500806,4.77,rest,0.6812
5226,16,3,0,0,557,3064145,3064701,5.57,rest,0.6812
3948,14,3,0,0,458,2273294,2273751,4.58,rest,0.6812
12592,24,3,0,0,754,7346751,7347504,7.54,rest,0.6812
21021,9,2,0,0,497,12263570,12264066,4.97,rest,0.6787
4851,16,2,0,0,488,2903689,2904176,4.88,rest,0.6787
8125,1,2,0,0,542,4794843,4795384,5.42,rest,0.6787
7094,18,3,0,0,348,4115911,4116258,3.48,rest,0.6787
11828,23,3,0,0,336,6899108,6899443,3.36,rest,0.6787
4861,16,2,0,0,570,2907801,2908370,5.7,rest,0.6787
13562,25,3,0,0,428,7895996,7896423,4.28,rest,0.6787
606,10,3,0,0,460,361778,362237,4.6,rest,0.6787
10282,21,3,0,0,472,5984300,5984771,4.72,rest,0.6787
16730,3,3,0,0,470,9750939,9751408,4.7,rest,0.6787
3940,14,3,0,0,288,2270080,2270367,2.88,rest,0.6787
2465,13,2,0,0,576,1515347,1515922,5.76,rest,0.6787
15624,2,3,0,0,518,9134176,9134693,5.18,rest,0.6787
271,10,2,0,0,554,213826,214379,5.54,rest,0.6787
13917,26,2,0,0,504,8161163,8161666,5.04,rest,0.6787
19032,6,3,0,0,444,11078165,11078608,4.44,rest,0.6787
7253,19,2,0,0,454,4298494,4298947,4.54,rest,0.6787
12818,24,3,0,0,341,7464344,7464684,3.41,rest,0.6787
734,10,3,0,0,480,419354,419833,4.8,rest,0.6787
8008,19,3,0,0,385,4644952,4645336,3.85,rest,0.6787
12935,25,2,0,0,528,7615096,7615623,5.28,rest,0.6787
1897,12,2,0,0,558,1152905,1153462,5.58,rest,0.6787
11666,23,3,0,0,408,6822443,6822850,4.08,rest,0.6787
15854,2,3,0,0,439,9246655,9247093,4.39,rest,0.6787
7164,18,3,0,0,241,4153456,4153696,2.41,rest,0.6787
15547,2,2,0,0,497,9099915,9100411,4.97,rest,0.6787
17165,4,2,0,0,407,10046542,10046948,4.07,rest,0.6763
11321,23,2,0,0,443,6674225,6674667,4.43,rest,0.6763
15772,2,3,0,0,372,9205316,9205687,3.72,rest,0.6763
16768,3,3,0,0,365,9769317,9769681,3.65,rest,0.6763
20824,8,3,0,0,398,12078932,12079329,3.98,rest,0.6763
19638,7,3,0,0,477,11442366,11442842,4.77,rest,0.6763
21390,9,3,0,0,442,12430147,12430588,4.42,rest,0.6763
7275,19,2,0,0,427,4307808,4308234,4.27,rest,0.6763
11269,23,2,0,0,472,6652294,6652765,4.72,rest,0.6763
9326,20,3,0,0,502,5441387,5441888,5.02,rest,0.6763
20756,8,3,0,0,269,12046447,12046715,2.69,rest,0.6763
11714,23,3,0,0,432,6844801,6845232,4.32,rest,0.6763
10737,22,2,0,0,414,6298979,6299392,4.14,rest,0.6763
2344,12,3,0,0,420,1352038,1352457,4.2,rest,0.6763
2902,13,3,0,0,416,1705986,1706401,4.16,rest,0.6763
9186,20,3,0,0,453,5377880,5378332,4.53,rest,0.6763
9266,20,3,0,0,433,5413611,5414043,4.33,rest,0.6763
11896,23,3,0,0,334,6930083,6930416,3.34,rest,0.6763
13302,25,3,0,0,469,7776749,7777217,4.69,rest,0.6763
1867,12,2,0,0,582,1140295,1140876,5.82,rest,0.6763
13538,25,3,0,0,420,7884490,7884909,4.2,rest,0.6763
1976,12,3,0,0,401,1188187,1188587,4.01,rest,0.6763
15459,2,2,0,0,495,9063076,9063570,4.95,rest,0.6763
16036,2,3,0,0,320,9340900,9341219,3.2,rest,0.6763
1833,12,2,0,0,410,1126195,1126604,4.1,rest,0.6763
20857,9,2,0,0,281,12194951,12195231,2.81,rest,0.6763
13290,25,3,0,0,424,7769617,7770040,4.24,rest,0.6763
20363,8,2,0,0,645,11873944,11874588,6.45,rest,0.6738
11764,23,3,0,0,407,6867607,6868013,4.07,rest,0.6738
15517,2,2,0,0,474,9087406,9087879,4.74,rest,0.6738
16223,3,2,0,0,526,9519663,9520188,5.26,rest,0.6738
6842,18,3,0,0,371,4001461,4001831,3.71,rest,0.6738
6984,18,3,0,0,473,4065190,4065662,4.73,rest,0.6738
7321,19,2,0,0,451,4327140,4327590,4.51,rest,0.6738
6372,17,3,0,0,449,3689780,3690228,4.49,rest,0.6738
4895,16,2,0,0,628,2922074,2922701,6.28,rest,0.6738
6623,18,2,0,0,463,3905592,3906054,4.63,rest,0.6738
839,11,2,0,0,492,573827,574318,4.92,rest,0.6738
5803,17,2,0,0,434,3424897,3425330,4.34,rest,0.6738
12532,24,3,0,0,1302,7318947,7320248,13.02,rest,0.6738
9246,20,3,0,0,417,5404731,5405147,4.17,rest,0.6738
3822,14,3,0,0,469,2216476,2216944,4.69,rest,0.6738
4798,15,3,0,0,391,2780480,2780870,3.91,rest,0.6738
12480,24,3,0,0,461,7295700,7296160,4.61,rest,0.6738
15166,27,3,0,0,492,8823511,8824002,4.92,rest,0.6738
19748,7,3,0,0,427,11492479,11492905,4.27,rest,0.6714
3550,14,3,0,0,409,2090694,2091102,4.09,rest,0.6714
15668,2,3,0,0,501,9155657,9156157,5.01,rest,0.6714
5460,16,3,0,0,531,3168905,3169435,5.31,rest,0.6714
11325,23,2,0,0,492,6675922,6676413,4.92,rest,0.6714
4087,15,2,0,0,470,2441983,2442452,4.7,rest,0.6714
9306,20,3,0,0,485,5432938,5433422,4.85,rest,0.6714
18070,5,3,0,0,502,10549799,10550300,5.02,rest,0.6714
5182,16,3,0,0,525,3043787,3044311,5.25,rest,0.6714
12020,23,3,0,0,303,6996531,6996833,3.03,rest,0.6714
15766,2,3,0,0,351,9202825,9203175,3.51,rest,0.6714
3896,14,3,0,0,346,2250160,2250505,3.46,rest,0.6714
14818,27,3,0,0,1808,8665845,8667652,18.08,rest,0.6714
10106,21,3,0,0,1155,5902102,5903256,11.55,rest,0.6714
18272,5,3,0,0,537,10640041,10640577,5.37,rest,0.6714
15750,2,3,0,0,549,9194988,9195536,5.49,rest,0.6714
13566,25,3,0,0,354,7897745,7898098,3.54,rest,0.6714
4129,15,2,0,0,479,2459762,2460240,4.79,rest,0.6714
8893,20,2,0,0,566,5252838,5253403,5.66,rest,0.6714
2208,12,3,0,0,512,1291104,1291615,5.12,rest,0.6714
12215,24,2,0,0,503,7180324,7180826,5.03,rest,0.6714
20377,8,2,0,0,608,11879748,11880355,6.08,rest,0.6714
8732,1,3,0,0,511,5077426,5077936,5.11,rest,0.6714
7902,19,3,0,0,352,4589421,4589772,3.52,rest,0.6714
704,10,3,0,0,291,406168,406458,2.91,rest,0.6714
5232,16,3,0,0,511,3066707,3067217,5.11,rest,0.6714
14096,26,3,0,0,1653,8240304,8241956,16.53,rest,0.6689
528,10,3,0,0,455,326989,327443,4.55,rest,0.6689
3844,14,3,0,0,404,2226307,2226710,4.04,rest,0.6689
14693,27,2,0,0,583,8612416,8612998,5.83,rest,0.6689
261,10,2,0,0,615,209619,210233,6.15,rest,0.6689
2258,12,3,0,0,418,1313492,1313909,4.18,rest,0.6689
269,10,2,0,0,529,212994,213522,5.29,rest,0.6689
9274,20,3,0,0,388,5416936,5417323,3.88,rest,0.6689
18563,6,2,0,0,468,10873712,10874179,4.68,rest,0.6689
12277,24,2,0,0,444,7206495,7206938,4.44,rest,0.6689
724,10,3,0,0,304,415320,415623,3.04,rest,0.6689
2495,13,2,0,0,580,1527927,1528506,5.8,rest,0.6689
19928,7,3,0,0,401,11577358,11577758,4.01,rest,0.6689
14719,27,2,0,0,535,8623405,8623939,5.35,rest,0.6689
21262,9,3,0,0,463,12370068,12370530,4.63,rest,0.6689
11800,23,3,0,0,463,6885000,6885462,4.63,rest,0.6689
11333,23,2,0,0,490,6679257,6679746,4.9,rest,0.6689
15690,2,3,0,0,491,9167053,9167543,4.91,rest,0.6689
7822,19,3,0,0,411,4551502,4551912,4.11,rest,0.6689
2400,12,3,0,0,402,1387372,1387773,4.02,rest,0.6689
9721,21,2,0,0,487,5734036,5734522,4.87,rest,0.6689
15702,2,3,0,0,480,9173640,9174119,4.8,rest,0.6689
19267,7,2,0,0,498,11285441,11285938,4.98,rest,0.6689
2419,13,2,0,0,531,1496126,1496656,5.31,rest,0.6689
10796,22,3,0,0,475,6325604,6326078,4.75,rest,0.6689
2884,13,3,0,0,549,1698294,1698842,5.49,rest,0.6689
15824,2,3,0,0,468,9232877,9233344,4.68,rest,0.6689
6691,18,2,0,0,586,3934015,3934600,5.86,rest,0.6689
12496,24,3,0,0,611,7302696,7303306,6.11,rest,0.6689
14982,27,3,0,0,429,8740617,8741045,4.29,rest,0.6689
4835,16,2,0,0,490,2896975,2897464,4.9,rest,0.6665
15596,2,3,0,0,456,9120383,9120838,4.56,rest,0.6665
19004,6,3,0,0,426,11065890,11066315,4.26,rest,0.6665
11349,23,2,0,0,660,6685896,6686555,6.6,rest,0.6665
15608,2,3,0,0,494,9126913,9127406,4.94,rest,0.6665
15584,2,3,0,0,459,9115331,9115789,4.59,rest,0.6665
7411,19,2,0,0,482,4364834,4365315,4.82,rest,0.6665
3964,14,3,0,0,345,2283260,2283604,3.45,rest,0.6665
15964,2,3,0,0,288,9302934,9303221,2.88,rest,0.6665
17103,4,2,0,0,617,10020320,10020936,6.17,rest,0.6665
19682,7,3,0,0,396,11462275,11462670,3.96,rest,0.6665
604,10,3,0,0,425,360972,361396,4.25,rest,0.6665
5125,16,2,0,0,525,3018465,3018989,5.25,rest,0.6665
3710,14,3,0,0,2563,2163915,2166477,25.63,rest,0.6665
20596,8,3,0,0,471,11975952,11976422,4.71,rest,0.6665
5949,17,2,0,0,479,3486506,3486984,4.79,rest,0.6665
14296,26,3,0,0,1082,8330157,8331238,10.82,rest,0.6665
9450,20,3,0,0,480,5497989,5498468,4.8,rest,0.6665
13883,26,2,0,0,482,8146808,8147289,4.82,rest,0.6665
8831,20,2,0,0,523,5226619,5227141,5.23,rest,0.6665
11840,23,3,0,0,478,6904743,6905220,4.78,rest,0.6665
18659,6,2,0,0,365,10914068,10914432,3.65,rest,0.6665
2924,13,3,0,0,477,1717431,1717907,4.77,rest,0.6665
6160,17,3,0,0,520,3585746,3586265,5.2,rest,0.6665
13139,25,2,0,0,436,7701335,7701770,4.36,rest,0.6641
14224,26,3,0,0,515,8298215,8298729,5.15,rest,0.6641
15291,2,2,0,0,454,8992707,8993160,4.54,rest,0.6641
9412,20,3,0,0,491,5480453,5480943,4.91,rest,0.6641
19359,7,2,0,0,580,11324091,11324670,5.8,rest,0.6641
10306,21,3,0,0,1503,5995144,5996646,15.03,rest,0.6641
9907,21,2,0,0,558,5812641,5813198,5.58,rest,0.6641
13546,25,3,0,0,494,7887777,7888270,4.94,rest,0.6641
13630,25,3,0,0,426,7938295,7938720,4.26,rest,0.6641
20965,9,2,0,0,461,12240107,12240567,4.61,rest,0.6641
19818,7,3,0,0,408,11527759,11528166,4.08,rest,0.6641
20624,8,3,0,0,504,11987746,11988249,5.04,rest,0.6641
12440,24,3,0,0,557,7277374,7277930,5.57,rest,0.6641
18757,6,2,0,0,434,10955125,10955558,4.34,rest,0.6641
16514,3,3,0,0,479,9650760,9651238,4.79,rest,0.6641
10828,22,3,0,0,1577,6339864,6341440,15.77,rest,0.6641
5151,16,2,0,0,593,3029265,3029857,5.93,rest,0.6641
1009,11,2,0,0,403,645255,645657,4.03,rest,0.6641
5855,17,2,0,0,551,3446747,3447297,5.51,rest,0.6641
3766,14,3,0,0,460,2191485,2191944,4.6,rest,0.6641
2026,12,3,0,0,1206,1210009,1211214,12.06,rest,0.6641
4039,15,2,0,0,496,2421734,2422229,4.96,rest,0.6641
6008,17,3,0,0,266,3513126,3513391,2.66,rest,0.6641
3182,13,3,0,0,515,1834324,1834838,5.15,rest,0.6641
1783,12,2,0,0,507,1105280,1105786,5.07,rest,0.6641
4488,15,3,0,0,479,2620182,2620660,4.79,rest,0.6641
3387,14,2,0,0,417,2022402,2022818,4.17,rest,0.6641
849,11,2,0,0,476,578053,578528,4.76,rest,0.6641
548,10,3,0,0,468,336233,336700,4.68,rest,0.6641
7752,19,3,0,0,345,4517085,4517429,3.45,rest,0.6616
19513,7,2,0,0,585,11388721,11389305,5.85,rest,0.6616
4273,15,2,0,0,443,2520629,2521071,4.43,rest,0.6616
16355,3,2,0,0,500,9574907,9575406,5.0,rest,0.6616
540,10,3,0,0,454,332061,332514,4.54,rest,0.6616
7850,19,3,0,0,585,4563852,4564436,5.85,rest,0.6616
6776,18,3,0,0,473,3969750,3970222,4.73,rest,0.6616
1320,11,3,0,0,502,782420,782921,5.02,rest,0.6616
5809,17,2,0,0,465,3427438,3427902,4.65,rest,0.6616
7682,19,3,0,0,474,4485441,4485914,4.74,rest,0.6616
18444,5,3,0,0,360,10722863,10723222,3.6,rest,0.6616
5168,16,3,0,0,441,3036387,3036827,4.41,rest,0.6616
15347,2,2,0,0,531,9016143,9016673,5.31,rest,0.6616
11411,23,2,0,0,426,6712133,6712558,4.26,rest,0.6616
1061,11,2,0,0,339,667089,667427,3.39,rest,0.6616
15269,2,2,0,0,391,8983572,8983962,3.91,rest,0.6616
5143,16,2,0,0,559,3025963,3026521,5.59,rest,0.6616
11668,23,3,0,0,370,6823350,6823719,3.7,rest,0.6616
12464,24,3,0,0,461,7288225,7288685,4.61,rest,0.6616
1921,12,2,0,0,472,1162980,1163451,4.72,rest,0.6616
2290,12,3,0,0,416,1327927,1328342,4.16,rest,0.6592
15588,2,3,0,0,445,9117003,9117447,4.45,rest,0.6592
1378,11,3,0,0,539,808647,809185,5.39,rest,0.6592
1950,12,3,0,0,512,1175020,1175531,5.12,rest,0.6592
10888,22,3,0,0,1260,6370142,6371401,12.6,rest,0.6592
18016,5,3,0,0,363,10524048,10524410,3.63,rest,0.6592
15602,2,3,0,0,395,9124484,9124878,3.95,rest,0.6592
15864,2,3,0,0,532,9252311,9252842,5.32,rest,0.6592
15782,2,3,0,0,318,9210941,9211258,3.18,rest,0.6592
13751,26,2,0,0,597,8090961,8091557,5.97,rest,0.6592
10974,22,3,0,0,482,6409595,6410076,4.82,rest,0.6592
7004,18,3,0,0,418,4074178,4074595,4.18,rest,0.6592
5927,17,2,0,0,391,3477302,3477692,3.91,rest,0.6592
7124,18,3,0,0,539,4129364,4129902,5.39,rest,0.6592
14475,27,2,0,0,509,8520960,8521468,5.09,rest,0.6592
11527,23,2,0,0,568,6760830,6761397,5.68,rest,0.6592
18096,5,3,0,0,321,10561451,10561771,3.21,rest,0.6592
6419,18,2,0,0,454,3819587,3820040,4.54,rest,0.6592
16566,3,3,0,0,438,9675033,9675470,4.38,rest,0.6592
3257,14,2,0,0,453,1967727,1968179,4.53,rest,0.6592
8829,20,2,0,0,530,5225763,5226292,5.3,rest,0.6592
2705,13,2,0,0,317,1616195,1616511,3.17,rest,0.6592
16371,3,2,0,0,594,9581540,9582133,5.94,rest,0.6592
12105,24,2,0,0,528,7133858,7134385,5.28,rest,0.6592
12676,24,3,0,0,525,7386124,7386648,5.25,rest,0.6592
19283,7,2,0,0,452,11292224,11292675,4.52,rest,0.6592
5514,16,3,0,0,1081,3193345,3194425,10.81,rest,0.6592
21652,9,3,0,0,352,12552462,12552813,3.52,rest,0.6592
19259,7,2,0,0,529,11282058,11282586,5.29,rest,0.6592
12500,24,3,0,0,533,7304490,7305022,5.33,rest,0.6592
15116,27,3,0,0,241,8800798,8801038,2.41,rest,0.6592
15257,2,2,0,0,411,8978513,8978923,4.11,rest,0.6567
21504,9,3,0,0,492,12483141,12483632,4.92,rest,0.6567
5180,16,3,0,0,586,3042906,3043491,5.86,rest,0.6567
20383,8,2,0,0,589,11882273,11882861,5.89,rest,0.6567
19158,6,3,0,0,414,11133273,11133686,4.14,rest,0.6567
15896,2,3,0,0,427,9266683,9267109,4.27,rest,0.6567
3722,14,3,0,0,535,2170904,2171438,5.35,rest,0.6567
11192,22,3,0,0,479,6515768,6516246,4.79,rest,0.6567
1871,12,2,0,0,578,1141971,1142548,5.78,rest,0.6567
3062,13,3,0,0,543,1778757,1779299,5.43,rest,0.6567
9869,21,2,0,0,495,5796583,5797077,4.95,rest,0.6567
4562,15,3,0,0,404,2653862,2654265,4.04,rest,0.6567
12026,23,3,0,0,402,6999025,6999426,4.02,rest,0.6567
5859,17,2,0,0,546,3448433,3448978,5.46,rest,0.6567
16109,3,2,0,0,579,9471860,9472438,5.79,rest,0.6567
13123,25,2,0,0,501,7694480,7694980,5.01,rest,0.6567
16359,3,2,0,0,467,9576614,9577080,4.67,rest,0.6567
13885,26,2,0,0,453,8147679,8148131,4.53,rest,0.6567
10627,22,2,0,0,556,6252495,6253050,5.56,rest,0.6567
19367,7,2,0,0,535,11327457,11327991,5.35,rest,0.6567
3862,14,3,0,0,449,2234674,2235122,4.49,rest,0.6567
15551,2,2,0,0,436,9101645,9102080,4.36,rest,0.6567
19816,7,3,0,0,424,11526883,11527306,4.24,rest,0.6567
19401,7,2,0,0,461,11341859,11342319,4.61,rest,0.6567
12390,24,3,0,0,571,7253959,7254529,5.71,rest,0.6543
13542,25,3,0,0,481,7886120,7886600,4.81,rest,0.6543
3840,14,3,0,0,458,2224655,2225112,4.58,rest,0.6543
10765,22,2,0,0,425,6310788,6311212,4.25,rest,0.6543
14711,27,2,0,0,632,8619938,8620569,6.32,rest,0.6543
7594,19,3,0,0,397,4442576,4442972,3.97,rest,0.6543
11844,23,3,0,0,536,6906404,6906939,5.36,rest,0.6543
8943,20,2,0,0,627,5274038,5274664,6.27,rest,0.6543
7788,19,3,0,0,475,4535694,4536168,4.75,rest,0.6543
19592,7,3,0,0,443,11421911,11422353,4.43,rest,0.6543
20610,8,3,0,0,449,11981836,11982284,4.49,rest,0.6543
4879,16,2,0,0,533,2915404,2915936,5.33,rest,0.6543
21161,9,2,0,0,401,12322294,12322694,4.01,rest,0.6543
19236,6,3,0,0,301,11168863,11169163,3.01,rest,0.6543
19616,7,3,0,0,457,11433102,11433558,4.57,rest,0.6543
12341,24,2,0,0,412,7233515,7233926,4.12,rest,0.6543
16038,2,3,0,0,312,9341748,9342059,3.12,rest,0.6543
3293,14,2,0,0,473,1982889,1983361,4.73,rest,0.6543
2599,13,2,0,0,606,1571543,1572148,6.06,rest,0.6543
20361,8,2,0,0,512,11873168,11873679,5.12,rest,0.6543
16961,4,2,0,0,458,9960881,9961338,4.58,rest,0.6543
15932,2,3,0,0,382,9284016,9284397,3.82,rest,0.6543
5502,16,3,0,0,492,3188245,3188736,4.92,rest,0.6543
19724,7,3,0,0,514,11481900,11482413,5.14,rest,0.6543
19323,7,2,0,0,450,11309030,11309479,4.5,rest,0.6543
997,11,2,0,0,412,640215,640626,4.12,rest,0.6543
2447,13,2,0,0,562,1507793,1508354,5.62,rest,0.6543
19477,7,2,0,0,537,11373614,11374150,5.37,rest,0.6543
14519,27,2,0,0,536,8539436,8539971,5.36,rest,0.6543
7080,18,3,0,0,323,4110129,4110451,3.23,rest,0.6543
7449,19,2,0,0,309,4380883,4381191,3.09,rest,0.6519
15684,2,3,0,0,533,9164490,9165022,5.33,rest,0.6519
5131,16,2,0,0,463,3020996,3021458,4.63,rest,0.6519
12488,24,3,0,0,446,7299033,7299478,4.46,rest,0.6519
13356,25,3,0,0,477,7800808,7801284,4.77,rest,0.6519
11850,23,3,0,0,830,6909036,6909865,8.3,rest,0.6519
6182,17,3,0,0,504,3596049,3596552,5.04,rest,0.6519
7082,18,3,0,0,411,4110887,4111297,4.11,rest,0.6519
7062,18,3,0,0,375,4102008,4102382,3.75,rest,0.6519
14796,27,3,0,0,648,8655499,8656146,6.48,rest,0.6519
12760,24,3,0,0,388,7425223,7425610,3.88,rest,0.6519
4297,15,2,0,0,496,2530752,2531247,4.96,rest,0.6519
18926,6,3,0,0,446,11031284,11031729,4.46,rest,0.6519
9216,20,3,0,0,507,5390594,5391100,5.07,rest,0.6519
3808,14,3,0,0,405,2209841,2210245,4.05,rest,0.6519
263,10,2,0,0,511,210538,211048,5.11,rest,0.6519
20893,9,2,0,0,477,12209895,12210371,4.77,rest,0.6519
1803,12,2,0,0,439,1113661,1114099,4.39,rest,0.6519
1338,11,3,0,0,418,790742,791159,4.18,rest,0.6519
21590,9,3,0,0,415,12521477,12521891,4.15,rest,0.6519
21045,9,2,0,0,436,12273675,12274110,4.36,rest,0.6519
257,10,2,0,0,496,208003,208498,4.96,rest,0.6519
2156,12,3,0,0,482,1268063,1268544,4.82,rest,0.6519
10128,21,3,0,0,521,5912859,5913379,5.21,rest,0.6494
16712,3,3,0,0,445,9741709,9742153,4.45,rest,0.6494
16343,3,2,0,0,426,9569948,9570373,4.26,rest,0.6494
13314,25,3,0,0,650,7781741,7782390,6.5,rest,0.6494
1869,12,2,0,0,510,1141187,1141696,5.1,rest,0.6494
9494,20,3,0,0,467,5517845,5518311,4.67,rest,0.6494
3539,14,2,0,0,385,2086144,2086528,3.85,rest,0.6494
3068,13,3,0,0,1104,1781379,1782482,11.04,rest,0.6494
5462,16,3,0,0,532,3169720,3170251,5.32,rest,0.6494
8879,20,2,0,0,545,5246868,5247412,5.45,rest,0.6494
15447,2,2,0,0,372,9058152,9058523,3.72,rest,0.6494
19102,6,3,0,0,424,11108295,11108718,4.24,rest,0.6494
19644,7,3,0,0,467,11444879,11445345,4.67,rest,0.6494
1408,11,3,0,0,467,824007,824473,4.67,rest,0.6494
15501,2,2,0,0,471,9080682,9081152,4.71,rest,0.6494
11866,23,3,0,0,367,6916216,6916582,3.67,rest,0.6494
15652,2,3,0,0,519,9147700,9148218,5.19,rest,0.6494
19383,7,2,0,0,564,11334185,11334748,5.64,rest,0.6494
4847,16,2,0,0,452,2902007,2902458,4.52,rest,0.6494
12470,24,3,0,0,514,7290756,7291269,5.14,rest,0.6494
1055,11,2,0,0,372,664526,664897,3.72,rest,0.6494
1911,12,2,0,0,514,1158798,1159311,5.14,rest,0.6494
19908,7,3,0,0,470,11567980,11568449,4.7,rest,0.6494
7289,19,2,0,0,497,4313625,4314121,4.97,rest,0.6494
11405,23,2,0,0,386,6709635,6710020,3.86,rest,0.6494
5520,16,3,0,0,424,3196491,3196914,4.24,rest,0.6494
15000,27,3,0,0,454,8748296,8748749,4.54,rest,0.6494
11674,23,3,0,0,299,6827409,6827707,2.99,rest,0.6494
4566,15,3,0,0,427,2655528,2655954,4.27,rest,0.6494
1360,11,3,0,0,484,799955,800438,4.84,rest,0.6494
10607,22,2,0,0,530,6244164,6244693,5.3,rest,0.647
5396,16,3,0,0,498,3139222,3139719,4.98,rest,0.647
2581,13,2,0,0,551,1564095,1564645,5.51,rest,0.647
12097,24,2,0,0,464,7130494,7130957,4.64,rest,0.647
10226,21,3,0,0,2511,5955979,5958489,25.11,rest,0.647
8995,20,2,0,0,421,5296172,5296592,4.21,rest,0.647
21234,9,3,0,0,836,12353409,12354244,8.36,rest,0.647
21238,9,3,0,0,464,12355413,12355876,4.64,rest,0.647
19654,7,3,0,0,468,11449839,11450306,4.68,rest,0.647
6501,18,2,0,0,618,3854056,3854673,6.18,rest,0.647
1779,12,2,0,0,506,1103607,1104112,5.06,rest,0.647
12378,24,3,0,0,547,7248930,7249476,5.47,rest,0.647
4857,16,2,0,0,565,2906130,2906694,5.65,rest,0.647
8752,1,3,0,0,374,5087136,5087509,3.74,rest,0.647
14246,26,3,0,0,569,8307715,8308283,5.69,rest,0.647
3148,13,3,0,0,1879,1816834,1818712,18.79,rest,0.647
15421,2,2,0,0,432,9047265,9047696,4.32,rest,0.647
10619,22,2,0,0,503,6249138,6249640,5.03,rest,0.647
7509,19,2,0,0,513,4405894,4406406,5.13,rest,0.647
21502,9,3,0,0,488,12482280,12482767,4.88,rest,0.647
1290,11,3,0,0,494,767647,768140,4.94,rest,0.647
2262,12,3,0,0,461,1315107,1315567,4.61,rest,0.647
2936,13,3,0,0,521,1723262,1723782,5.21,rest,0.647
1370,11,3,0,0,552,805299,805850,5.52,rest,0.647
15770,2,3,0,0,441,9204481,9204921,4.41,rest,0.647
9574,20,3,0,0,331,5560137,5560467,3.31,rest,0.647
14663,27,2,0,0,547,8599757,8600303,5.47,rest,0.647
7457,19,2,0,0,456,4384121,4384576,4.56,rest,0.647
10625,22,2,0,0,464,6251696,6252159,4.64,rest,0.647
7704,19,3,0,0,427,4494839,4495265,4.27,rest,0.6445
11784,23,3,0,0,330,6876888,6877217,3.3,rest,0.6445
15433,2,2,0,0,424,9052281,9052704,4.24,rest,0.6445
1751,12,2,0,0,552,1091831,1092382,5.52,rest,0.6445
8925,20,2,0,0,493,5266469,5266961,4.93,rest,0.6445
7084,18,3,0,0,399,4111647,4112045,3.99,rest,0.6445
18042,5,3,0,0,443,10534983,10535425,4.43,rest,0.6445
4837,16,2,0,0,511,2897798,2898308,5.11,rest,0.6445
15592,2,3,0,0,482,9118672,9119153,4.82,rest,0.6445
3836,14,3,0,0,468,2222955,2223422,4.68,rest,0.6445
5986,17,3,0,0,468,3503588,3504055,4.68,rest,0.6445
2370,12,3,0,0,461,1372973,1373433,4.61,rest,0.6445
6609,18,2,0,0,512,3899586,3900097,5.12,rest,0.6445
16939,4,2,0,0,417,9951688,9952104,4.17,rest,0.6445
4131,15,2,0,0,546,2460613,2461158,5.46,rest,0.6445
5047,16,2,0,0,589,2985676,2986264,5.89,rest,0.6445
20812,8,3,0,0,2613,12071747,12074359,26.13,rest,0.6445
4285,15,2,0,0,472,2525667,2526138,4.72,rest,0.6445
18014,5,3,0,0,439,10523168,10523606,4.39,rest,0.6445
3367,14,2,0,0,484,2013914,2014397,4.84,rest,0.6445
546,10,3,0,0,401,335494,335894,4.01,rest,0.6445
19664,7,3,0,0,470,11454054,11454523,4.7,rest,0.6445
4187,15,2,0,0,474,2484304,2484777,4.74,rest,0.6421
11433,23,2,0,0,363,6721482,6721844,3.63,rest,0.6421
524,10,3,0,0,465,325311,325775,4.65,rest,0.6421
9614,20,3,0,0,346,5587253,5587598,3.46,rest,0.6421
11451,23,2,0,0,473,6728918,6729390,4.73,rest,0.6421
10611,22,2,0,0,498,6245776,6246273,4.98,rest,0.6421
16363,3,2,0,0,511,9578254,9578764,5.11,rest,0.6421
18078,5,3,0,0,361,10553256,10553616,3.61,rest,0.6421
12223,24,2,0,0,463,7183703,7184165,4.63,rest,0.6421
16516,3,3,0,0,581,9651424,9652004,5.81,rest,0.6421
9871,21,2,0,0,503,5797421,5797923,5.03,rest,0.6421
432,10,3,0,0,417,284372,284788,4.17,rest,0.6421
12261,24,2,0,0,467,7199690,7200156,4.67,rest,0.6421
3686,14,3,0,0,511,2151972,2152482,5.11,rest,0.6421
3684,14,3,0,0,294,2151348,2151641,2.94,rest,0.6421
9508,20,3,0,0,472,5524466,5524937,4.72,rest,0.6421
15946,2,3,0,0,454,9290840,9291293,4.54,rest,0.6421
18372,5,3,0,0,402,10685584,10685985,4.02,rest,0.6421
18820,6,3,0,0,398,10984136,10984533,3.98,rest,0.6421
12191,24,2,0,0,653,7170149,7170801,6.53,rest,0.6421
458,10,3,0,0,519,296115,296633,5.19,rest,0.6421
14270,26,3,0,0,436,8318834,8319269,4.36,rest,0.6421
1021,11,2,0,0,403,650211,650613,4.03,rest,0.6421
19297,7,2,0,0,458,11298092,11298549,4.58,rest,0.6421
5286,16,3,0,0,527,3091664,3092190,5.27,rest,0.6421
19369,7,2,0,0,651,11328274,11328924,6.51,rest,0.6421
1160,11,3,0,0,492,708348,708839,4.92,rest,0.6421
1019,11,2,0,0,367,649390,649756,3.67,rest,0.6421
825,11,2,0,0,508,567979,568486,5.08,rest,0.6421
8668,1,3,0,0,443,5046315,5046757,4.43,rest,0.6421
821,11,2,0,0,455,566303,566757,4.55,rest,0.6396
4287,15,2,0,0,475,2526518,2526992,4.75,rest,0.6396
13176,25,3,0,0,443,7716867,7717309,4.43,rest,0.6396
13837,26,2,0,0,521,8127362,8127882,5.21,rest,0.6396
13849,26,2,0,0,499,8132414,8132912,4.99,rest,0.6396
1045,11,2,0,0,381,660334,660714,3.81,rest,0.6396
19802,7,3,0,0,370,11520001,11520370,3.7,rest,0.6396
9268,20,3,0,0,381,5414423,5414803,3.81,rest,0.6396
9332,20,3,0,0,461,5443945,5444405,4.61,rest,0.6396
14002,26,3,0,0,458,8198611,8199068,4.58,rest,0.6396
6766,18,3,0,0,456,3965511,3965966,4.56,rest,0.6396
5418,16,3,0,0,504,3149185,3149688,5.04,rest,0.6396
5496,16,3,0,0,515,3185697,3186211,5.15,rest,0.6396
5238,16,3,0,0,553,3070059,3070611,5.53,rest,0.6396
13424,25,3,0,0,537,7831570,7832106,5.37,rest,0.6396
14685,27,2,0,0,642,8608896,8609537,6.42,rest,0.6396
19594,7,3,0,0,427,11422728,11423154,4.27,rest,0.6396
9292,20,3,0,0,546,5424799,5425344,5.46,rest,0.6372
502,10,3,0,0,938,315201,316138,9.38,rest,0.6372
4237,15,2,0,0,425,2505424,2505848,4.25,rest,0.6372
9334,20,3,0,0,461,5444793,5445253,4.61,rest,0.6372
3698,14,3,0,0,471,2158834,2159304,4.71,rest,0.6372
14232,26,3,0,0,585,8301518,8302102,5.85,rest,0.6372
819,11,2,0,0,468,565459,565926,4.68,rest,0.6372
11469,23,2,0,0,454,6736540,6736993,4.54,rest,0.6372
20468,8,3,0,0,525,11919141,11919665,5.25,rest,0.6372
11700,23,3,0,0,365,6838967,6839331,3.65,rest,0.6372
12768,24,3,0,0,376,7428614,7428989,3.76,rest,0.6372
12371,24,2,0,0,310,7246214,7246523,3.1,rest,0.6372
18721,6,2,0,0,461,10939979,10940439,4.61,rest,0.6372
12303,24,2,0,0,499,7217368,7217866,4.99,rest,0.6372
9083,20,2,0,0,459,5333405,5333863,4.59,rest,0.6372
20855,9,2,0,0,319,12194079,12194397,3.19,rest,0.6372
12121,24,2,0,0,621,7140554,7141174,6.21,rest,0.6372
13608,25,3,0,0,375,7926718,7927092,3.75,rest,0.6372
15403,2,2,0,0,466,9039710,9040175,4.66,rest,0.6372
10186,21,3,0,0,722,5938724,5939445,7.22,rest,0.6372
13556,25,3,0,0,428,7893503,7893930,4.28,rest,0.6372
19652,7,3,0,0,404,11449091,11449494,4.04,rest,0.6348
7738,19,3,0,0,640,4510316,4510955,6.4,rest,0.6348
5121,16,2,0,0,526,3016812,3017337,5.26,rest,0.6348
15497,2,2,0,0,423,9079057,9079479,4.23,rest,0.6348
5953,17,2,0,0,477,3488215,3488691,4.77,rest,0.6348
177,10,2,0,0,444,174569,175012,4.44,rest,0.6348
18292,5,3,0,0,424,10648997,10649420,4.24,rest,0.6348
16786,3,3,0,0,434,9779956,9780389,4.34,rest,0.6348
19878,7,3,0,0,370,11555124,11555493,3.7,rest,0.6348
1430,11,3,0,0,400,834255,834654,4.0,rest,0.6348
16287,3,2,0,0,338,9546576,9546913,3.38,rest,0.6348
4893,16,2,0,0,629,2921211,2921839,6.29,rest,0.6348
21638,9,3,0,0,450,12546557,12547006,4.5,rest,0.6348
4849,16,2,0,0,551,2902752,2903302,5.51,rest,0.6348
10615,22,2,0,0,519,6247448,6247966,5.19,rest,0.6348
15984,2,3,0,0,415,9313103,9313517,4.15,rest,0.6348
3549,14,2,0,0,336,2090358,2090693,3.36,rest,0.6348
8151,1,2,0,0,594,4805763,4806356,5.94,rest,0.6348
6962,18,3,0,0,288,4056009,4056296,2.88,rest,0.6348
16919,4,2,0,0,383,9943267,9943649,3.83,rest,0.6323
21506,9,3,0,0,436,12484022,12484457,4.36,rest,0.6323
5526,16,3,0,0,431,3198982,3199412,4.31,rest,0.6323
6366,17,3,0,0,530,3687204,3687733,5.3,rest,0.6323
5160,16,3,0,0,533,3032987,3033519,5.33,rest,0.6323
19760,7,3,0,0,469,11497819,11498287,4.69,rest,0.6323
14210,26,3,0,0,558,8292004,8292561,5.58,rest,0.6323
2146,12,3,0,0,1016,1263390,1264405,10.16,rest,0.6323
11419,23,2,0,0,537,6715441,6715977,5.37,rest,0.6323
8153,1,2,0,0,536,4806676,4807211,5.36,rest,0.6323
19608,7,3,0,0,490,11428544,11429033,4.9,rest,0.6323
5348,16,3,0,0,484,3118704,3119187,4.84,rest,0.6323
4217,15,2,0,0,491,2496942,2497432,4.91,rest,0.6323
19242,6,3,0,0,327,11171353,11171679,3.27,rest,0.6323
12135,24,2,0,0,537,7146528,7147064,5.37,rest,0.6323
4949,16,2,0,0,543,2944788,2945330,5.43,rest,0.6323
1246,11,3,0,0,447,748614,749060,4.47,rest,0.6323
13250,25,3,0,0,457,7750275,7750731,4.57,rest,0.6323
6918,18,3,0,0,864,4035943,4036806,8.64,rest,0.6323
4071,15,2,0,0,543,2435196,2435738,5.43,rest,0.6323
3718,14,3,0,0,473,2169298,2169770,4.73,rest,0.6323
542,10,3,0,0,1378,332912,334289,13.78,rest,0.6323
4907,16,2,0,0,532,2927095,2927626,5.32,rest,0.6323
13406,25,3,0,0,584,7823811,7824394,5.84,rest,0.6323
7100,18,3,0,0,305,4119002,4119306,3.05,rest,0.6299
11748,23,3,0,0,383,6860413,6860795,3.83,rest,0.6299
1952,12,3,0,0,440,1175919,1176358,4.4,rest,0.6299
5218,16,3,0,0,341,3060979,3061319,3.41,rest,0.6299
19932,7,3,0,0,376,11580320,11580695,3.76,rest,0.6299
14639,27,2,0,0,421,8589890,8590310,4.21,rest,0.6299
7648,19,3,0,0,371,4470103,4470473,3.71,rest,0.6299
11267,23,2,0,0,460,6651441,6651900,4.6,rest,0.6299
2330,12,3,0,0,367,1346237,1346603,3.67,rest,0.6299
3724,14,3,0,0,509,2171752,2172260,5.09,rest,0.6299
14958,27,3,0,0,876,8729967,8730842,8.76,rest,0.6299
15942,2,3,0,0,417,9289213,9289629,4.17,rest,0.6299
9735,21,2,0,0,424,5740034,5740457,4.24,rest,0.6299
1017,11,2,0,0,402,648567,648968,4.02,rest,0.6299
19200,6,3,0,0,436,11152754,11153189,4.36,rest,0.6299
13783,26,2,0,0,590,8104510,8105099,5.9,rest,0.6299
1358,11,3,0,0,513,799101,799613,5.13,rest,0.6299
18302,5,3,0,0,497,10653198,10653694,4.97,rest,0.6299
14248,26,3,0,0,521,8308607,8309127,5.21,rest,0.6299
5881,17,2,0,0,579,3457705,3458283,5.79,rest,0.6299
16818,3,3,0,0,491,9797190,9797680,4.91,rest,0.6299
6605,18,2,0,0,496,3897971,3898466,4.96,rest,0.6299
1988,12,3,0,0,426,1193384,1193809,4.26,rest,0.6299
12163,24,2,0,0,578,7158315,7158892,5.78,rest,0.6299
4863,16,2,0,0,511,2908655,2909165,5.11,rest,0.6299
12367,24,2,0,0,421,7244479,7244899,4.21,rest,0.6299
19662,7,3,0,0,442,11453223,11453664,4.42,rest,0.6299
4923,16,2,0,0,586,2933808,2934393,5.86,rest,0.6299
6751,18,2,0,0,550,3959296,3959845,5.5,rest,0.6299
12227,24,2,0,0,515,7185332,7185846,5.15,rest,0.6299
12151,24,2,0,0,641,7153220,7153860,6.41,rest,0.6299
14968,27,3,0,0,497,8734524,8735020,4.97,rest,0.6274
11235,23,2,0,0,575,6637882,6638456,5.75,rest,0.6274
2926,13,3,0,0,544,1718202,1718745,5.44,rest,0.6274
16556,3,3,0,0,444,9669626,9670069,4.44,rest,0.6274
3742,14,3,0,0,455,2180098,2180552,4.55,rest,0.6274
20026,7,3,0,0,444,11627907,11628350,4.44,rest,0.6274
11243,23,2,0,0,500,6641270,6641769,5.0,rest,0.6274
15622,2,3,0,0,315,9133536,9133850,3.15,rest,0.6274
2792,13,3,0,0,436,1655939,1656374,4.36,rest,0.6274
5119,16,2,0,0,407,3016028,3016434,4.07,rest,0.6274
12101,24,2,0,0,461,7132175,7132635,4.61,rest,0.6274
12353,24,2,0,0,387,7238585,7238971,3.87,rest,0.6274
12095,24,2,0,0,414,7129719,7130132,4.14,rest,0.6274
4730,15,3,0,0,485,2736199,2736683,4.85,rest,0.6274
4239,15,2,0,0,402,2506287,2506688,4.02,rest,0.6274
3680,14,3,0,0,462,2149466,2149927,4.62,rest,0.6274
7507,19,2,0,0,474,4405073,4405546,4.74,rest,0.6274
4434,15,3,0,0,477,2595190,2595666,4.77,rest,0.6274
5785,17,2,0,0,465,3417348,3417812,4.65,rest,0.6274
14230,26,3,0,0,611,8300661,8301271,6.11,rest,0.6274
6964,18,3,0,0,345,4056794,4057138,3.45,rest,0.6274
16788,3,3,0,0,391,9780850,9781240,3.91,rest,0.6274
15008,27,3,0,0,324,8751801,8752124,3.24,rest,0.6274
6503,18,2,0,0,578,3854918,3855495,5.78,rest,0.6274
1438,11,3,0,0,444,837534,837977,4.44,rest,0.6274
12359,24,2,0,0,447,7241100,7241546,4.47,rest,0.6274
13131,25,2,0,0,479,7697886,7698364,4.79,rest,0.6274
1115,11,2,0,0,357,689718,690074,3.57,rest,0.6274
12255,24,2,0,0,489,7197157,7197645,4.89,rest,0.6274
11876,23,3,0,0,574,6920837,6921410,5.74,rest,0.6274
19377,7,2,0,0,358,11331794,11332151,3.58,rest,0.625
15495,2,2,0,0,510,9078154,9078663,5.1,rest,0.625
13994,26,3,0,0,558,8193552,8194109,5.58,rest,0.625
3856,14,3,0,0,395,2232206,2232600,3.95,rest,0.625
18932,6,3,0,0,377,11034174,11034550,3.77,rest,0.625
2669,13,2,0,0,514,1600891,1601404,5.14,rest,0.625
21532,9,3,0,0,491,12495325,12495815,4.91,rest,0.625
566,10,3,0,0,475,344386,344860,4.75,rest,0.625
6138,17,3,0,0,485,3576227,3576711,4.85,rest,0.625
19806,7,3,0,0,338,11521691,11522028,3.38,rest,0.625
19804,7,3,0,0,456,11520780,11521235,4.56,rest,0.625
16345,3,2,0,0,451,9570757,9571207,4.51,rest,0.625
5486,16,3,0,0,354,3180711,3181064,3.54,rest,0.625
6982,18,3,0,0,466,4064345,4064810,4.66,rest,0.625
3066,13,3,0,0,459,1780501,1780959,4.59,rest,0.625
18416,5,3,0,0,434,10709593,10710026,4.34,rest,0.625
18978,6,3,0,0,414,11054740,11055153,4.14,rest,0.6226
7996,19,3,0,0,508,4637607,4638114,5.08,rest,0.6226
15926,2,3,0,0,415,9281492,9281906,4.15,rest,0.6226
1081,11,2,0,0,398,675418,675815,3.98,rest,0.6226
9236,20,3,0,0,503,5399774,5400276,5.03,rest,0.6226
4915,16,2,0,0,551,2930500,2931050,5.51,rest,0.6226
15856,2,3,0,0,459,9247471,9247929,4.59,rest,0.6226
13350,25,3,0,0,472,7797115,7797586,4.72,rest,0.6226
2188,12,3,0,0,396,1282416,1282811,3.96,rest,0.6226
8993,20,2,0,0,456,5295317,5295772,4.56,rest,0.6226
7172,18,3,0,0,275,4156792,4157066,2.75,rest,0.6226
13540,25,3,0,0,479,7885275,7885753,4.79,rest,0.6226
2519,13,2,0,0,484,1538118,1538601,4.84,rest,0.6226
19610,7,3,0,0,1677,11429386,11431062,16.77,rest,0.6226
19752,7,3,0,0,514,11494458,11494971,5.14,rest,0.6226
21640,9,3,0,0,421,12547401,12547821,4.21,rest,0.6226
3778,14,3,0,0,408,2197069,2197476,4.08,rest,0.6226
15928,2,3,0,0,455,9282290,9282744,4.55,rest,0.6226
1675,12,2,0,0,484,1060028,1060511,4.84,rest,0.6226
19172,6,3,0,0,390,11139520,11139909,3.9,rest,0.6226
5773,17,2,0,0,522,3412209,3412730,5.22,rest,0.6226
1286,11,3,0,0,435,766024,766458,4.35,rest,0.6226
12384,24,3,0,0,527,7251479,7252005,5.27,rest,0.6226
11880,23,3,0,0,443,6922655,6923097,4.43,rest,0.6226
18202,5,3,0,0,416,10609305,10609720,4.16,rest,0.6226
19403,7,2,0,0,507,11342678,11343184,5.07,rest,0.6226
16024,2,3,0,0,370,9335814,9336183,3.7,rest,0.6226
3150,13,3,0,0,453,1819064,1819516,4.53,rest,0.6226
19822,7,3,0,0,409,11529376,11529784,4.09,rest,0.6226
18671,6,2,0,0,440,10919056,10919495,4.4,rest,0.6226
6986,18,3,0,0,451,4066103,4066553,4.51,rest,0.6226
14469,27,2,0,0,481,8518443,8518923,4.81,rest,0.6201
13895,26,2,0,0,473,8151903,8152375,4.73,rest,0.6201
7708,19,3,0,0,421,4496553,4496973,4.21,rest,0.6201
5508,16,3,0,0,561,3190677,3191237,5.61,rest,0.6201
3006,13,3,0,0,579,1752894,1753472,5.79,rest,0.6201
2100,12,3,0,0,457,1243224,1243680,4.57,rest,0.6201
6158,17,3,0,0,425,3584986,3585410,4.25,rest,0.6201
13624,25,3,0,0,343,7935843,7936185,3.43,rest,0.6201
19184,6,3,0,0,337,11144603,11144939,3.37,rest,0.6201
19198,6,3,0,0,279,11151946,11152224,2.79,rest,0.6201
21232,9,3,0,0,464,12352556,12353019,4.64,rest,0.6201
5875,17,2,0,0,577,3455184,3455760,5.77,rest,0.6201
6525,18,2,0,0,616,3864142,3864757,6.16,rest,0.6201
14613,27,2,0,0,250,8579123,8579372,2.5,rest,0.6201
4099,15,2,0,0,493,2447073,2447565,4.93,rest,0.6201
931,11,2,0,0,446,612481,612926,4.46,rest,0.6201
1637,12,2,0,0,484,1044135,1044618,4.84,rest,0.6201
7976,19,3,0,0,484,4626628,4627111,4.84,rest,0.6201
11642,23,3,0,0,350,6811705,6812054,3.5,rest,0.6201
12646,24,3,0,0,409,7371412,7371820,4.09,rest,0.6201
15664,2,3,0,0,490,9153975,9154464,4.9,rest,0.6201
15680,2,3,0,0,2730,9160703,9163432,27.3,rest,0.6201
11549,23,2,0,0,439,6770234,6770672,4.39,rest,0.6201
2914,13,3,0,0,525,1713218,1713742,5.25,rest,0.6201
19964,7,3,0,0,483,11594291,11594773,4.83,rest,0.6201
5544,16,3,0,0,427,3207018,3207444,4.27,rest,0.6201
5141,16,2,0,0,543,3025087,3025629,5.43,rest,0.6201
8971,20,2,0,0,497,5285948,5286444,4.97,rest,0.6201
2916,13,3,0,0,521,1714059,1714579,5.21,rest,0.6201
1647,12,2,0,0,507,1048299,1048805,5.07,rest,0.6201
3674,14,3,0,0,461,2146957,2147417,4.61,rest,0.6177
19810,7,3,0,0,1593,11523286,11524878,15.93,rest,0.6177
1244,11,3,0,0,1281,746972,748252,12.81,rest,0.6177
19922,7,3,0,0,415,11574863,11575277,4.15,rest,0.6177
4169,15,2,0,0,559,2476599,2477157,5.59,rest,0.6177
13825,26,2,0,0,534,8122260,8122793,5.34,rest,0.6177
925,11,2,0,0,538,609965,610502,5.38,rest,0.6177
5192,16,3,0,0,485,3048030,3048514,4.85,rest,0.6177
5304,16,3,0,0,649,3099184,3099832,6.49,rest,0.6177
14322,26,3,0,0,497,8342386,8342882,4.97,rest,0.6177
877,11,2,0,0,453,589886,590338,4.53,rest,0.6177
6808,18,3,0,0,494,3985715,3986208,4.94,rest,0.6177
11465,23,2,0,0,439,6734850,6735288,4.39,rest,0.6177
12331,24,2,0,0,571,7229199,7229769,5.71,rest,0.6177
1416,11,3,0,0,503,827295,827797,5.03,rest,0.6177
14543,27,2,0,0,505,8549517,8550021,5.05,rest,0.6177
6758,18,3,0,0,414,3962280,3962693,4.14,rest,0.6177
19604,7,3,0,0,465,11426904,11427368,4.65,rest,0.6177
14627,27,2,0,0,616,8584703,8585318,6.16,rest,0.6177
15610,2,3,0,0,507,9127750,9128256,5.07,rest,0.6177
13001,25,2,0,0,398,7643128,7643525,3.98,rest,0.6177
7543,19,2,0,0,516,4420169,4420684,5.16,rest,0.6177
2178,12,3,0,0,501,1277512,1278012,5.01,rest,0.6177
7992,19,3,0,0,500,4635941,4636440,5.0,rest,0.6177
10924,22,3,0,0,535,6386509,6387043,5.35,rest,0.6152
9506,20,3,0,0,421,5523683,5524103,4.21,rest,0.6152
8412,1,3,0,0,419,4918262,4918680,4.19,rest,0.6152
6433,18,2,0,0,549,3825386,3825934,5.49,rest,0.6152
6156,17,3,0,0,856,3583786,3584641,8.56,rest,0.6152
10232,21,3,0,0,457,5960531,5960987,4.57,rest,0.6152
1685,12,2,0,0,634,1064126,1064759,6.34,rest,0.6152
10108,21,3,0,0,472,5903587,5904058,4.72,rest,0.6152
728,10,3,0,0,385,416878,417262,3.85,rest,0.6152
1266,11,3,0,0,433,757545,757977,4.33,rest,0.6152
1436,11,3,0,0,399,836753,837151,3.99,rest,0.6152
5153,16,2,0,0,494,3030144,3030637,4.94,rest,0.6152
6762,18,3,0,0,501,3963845,3964345,5.01,rest,0.6152
19630,7,3,0,0,765,11438982,11439746,7.65,rest,0.6152
9280,20,3,0,0,369,5419476,5419844,3.69,rest,0.6152
3439,14,2,0,0,434,2044099,2044532,4.34,rest,0.6152
2304,12,3,0,0,416,1333820,1334235,4.16,rest,0.6152
3760,14,3,0,0,401,2189003,2189403,4.01,rest,0.6152
7882,19,3,0,0,370,4580090,4580459,3.7,rest,0.6152
14362,26,3,0,0,543,8360336,8360878,5.43,rest,0.6152
1723,12,2,0,0,541,1080063,1080603,5.41,rest,0.6128
10533,22,2,0,0,614,6212749,6213362,6.14,rest,0.6128
16375,3,2,0,0,595,9583208,9583802,5.95,rest,0.6128
6838,18,3,0,0,1021,3999243,4000263,10.21,rest,0.6128
3774,14,3,0,0,358,2195411,2195768,3.58,rest,0.6128
6687,18,2,0,0,615,3932288,3932902,6.15,rest,0.6128
12933,25,2,0,0,643,7614208,7614850,6.43,rest,0.6128
2938,13,3,0,0,388,1724214,1724601,3.88,rest,0.6128
9190,20,3,0,0,468,5379573,5380040,4.68,rest,0.6128
16131,3,2,0,0,558,9481089,9481646,5.58,rest,0.6128
13137,25,2,0,0,401,7700517,7700917,4.01,rest,0.6128
4037,15,2,0,0,489,2420859,2421347,4.89,rest,0.6128
16983,4,2,0,0,569,9970067,9970635,5.69,rest,0.6128
3188,13,3,0,0,1664,1836876,1838539,16.64,rest,0.6128
21616,9,3,0,0,380,12535457,12535836,3.8,rest,0.6128
3694,14,3,0,0,487,2157144,2157630,4.87,rest,0.6128
6028,17,3,0,0,533,3522686,3523218,5.33,rest,0.6128
2489,13,2,0,0,574,1525487,1526060,5.74,rest,0.6128
15922,2,3,0,0,304,9279952,9280255,3.04,rest,0.6128
10412,21,3,0,0,440,6059833,6060272,4.4,rest,0.6128
9188,20,3,0,0,439,5378752,5379190,4.39,rest,0.6128
37,10,2,0,0,459,115788,116246,4.59,rest,0.6128
5097,16,2,0,0,570,3006685,3007254,5.7,rest,0.6128
14886,27,3,0,0,398,8698049,8698446,3.98,rest,0.6128
3273,14,2,0,0,456,1974482,1974937,4.56,rest,0.6128
15309,2,2,0,0,464,9000277,9000740,4.64,rest,0.6128
8006,19,3,0,0,545,4643995,4644539,5.45,rest,0.6104
7874,19,3,0,0,475,4575512,4575986,4.75,rest,0.6104
10238,21,3,0,0,392,5963092,5963483,3.92,rest,0.6104
20728,8,3,0,0,716,12033540,12034255,7.16,rest,0.6104
18324,5,3,0,0,456,10663497,10663952,4.56,rest,0.6104
12568,24,3,0,0,619,7335954,7336572,6.19,rest,0.6104
17153,4,2,0,0,349,10041518,10041866,3.49,rest,0.6104
19906,7,3,0,0,434,11567157,11567590,4.34,rest,0.6104
9410,20,3,0,0,447,5479633,5480079,4.47,rest,0.6104
4063,15,2,0,0,488,2431817,2432304,4.88,rest,0.6104
14806,27,3,0,0,566,8660741,8661306,5.66,rest,0.6104
11439,23,2,0,0,406,6723951,6724356,4.06,rest,0.6104
19962,7,3,0,0,435,11593477,11593911,4.35,rest,0.6104
7072,18,3,0,0,461,4106126,4106586,4.61,rest,0.6104
7377,19,2,0,0,391,4350762,4351152,3.91,rest,0.6104
15692,2,3,0,0,474,9167893,9168366,4.74,rest,0.6104
14585,27,2,0,0,515,8567169,8567683,5.15,rest,0.6104
13412,25,3,0,0,488,7826404,7826891,4.88,rest,0.6104
18052,5,3,0,0,386,10541750,10542135,3.86,rest,0.6104
15543,2,2,0,0,396,9098349,9098744,3.96,rest,0.6104
19794,7,3,0,0,409,11516613,11517021,4.09,rest,0.6104
6142,17,3,0,0,498,3577974,3578471,4.98,rest,0.6104
8883,20,2,0,0,683,5248550,5249232,6.83,rest,0.6104
9554,20,3,0,0,475,5545535,5546009,4.75,rest,0.6104
19481,7,2,0,0,416,11375397,11375812,4.16,rest,0.6104
17861,5,2,0,0,490,10457701,10458190,4.9,rest,0.6104
2264,12,3,0,0,445,1315980,1316424,4.45,rest,0.6104
2481,13,2,0,0,458,1522153,1522610,4.58,rest,0.6104
4139,15,2,0,0,434,2464029,2464462,4.34,rest,0.6104
27,10,2,0,0,405,111637,112041,4.05,rest,0.6104
9486,20,3,0,0,445,5514511,5514955,4.45,rest,0.6104
11351,23,2,0,0,522,6686834,6687355,5.22,rest,0.6079
9406,20,3,0,0,493,5477936,5478428,4.93,rest,0.6079
5500,16,3,0,0,455,3187476,3187930,4.55,rest,0.6079
19902,7,3,0,0,431,11565502,11565932,4.31,rest,0.6079
5302,16,3,0,0,514,3098455,3098968,5.14,rest,0.6079
3728,14,3,0,0,365,2173572,2173936,3.65,rest,0.6079
15373,2,2,0,0,486,9027080,9027565,4.86,rest,0.6079
15351,2,2,0,0,489,9017851,9018339,4.89,rest,0.6079
14024,26,3,0,0,525,8208005,8208529,5.25,rest,0.6079
19186,6,3,0,0,362,11145371,11145732,3.62,rest,0.6079
5861,17,2,0,0,556,3449274,3449829,5.56,rest,0.6079
3032,13,3,0,0,426,1766066,1766491,4.26,rest,0.6079
15016,27,3,0,0,461,8755025,8755485,4.61,rest,0.6079
133,10,2,0,0,349,156165,156513,3.49,rest,0.6079
11204,22,3,0,0,498,6520761,6521258,4.98,rest,0.6079
6166,17,3,0,0,512,3588264,3588775,5.12,rest,0.6079
4189,15,2,0,0,454,2485170,2485623,4.54,rest,0.6079
3726,14,3,0,0,421,2172658,2173078,4.21,rest,0.6079
1923,12,2,0,0,499,1163795,1164293,4.99,rest,0.6079
19636,7,3,0,0,484,11441526,11442009,4.84,rest,0.6079
1302,11,3,0,0,539,772597,773135,5.39,rest,0.6079
10046,21,3,0,0,1510,5874128,5875637,15.1,rest,0.6055
6394,17,3,0,0,425,3703769,3704193,4.25,rest,0.6055
14896,27,3,0,0,374,8702182,8702555,3.74,rest,0.6055
5113,16,2,0,0,651,3013370,3014020,6.51,rest,0.6055
5049,16,2,0,0,615,2986534,2987148,6.15,rest,0.6055
5079,16,2,0,0,571,2999126,2999696,5.71,rest,0.6055
19265,7,2,0,0,530,11284610,11285139,5.3,rest,0.6055
15315,2,2,0,0,427,9002829,9003255,4.27,rest,0.6055
4855,16,2,0,0,541,2905305,2905845,5.41,rest,0.6055
11329,23,2,0,0,505,6677583,6678087,5.05,rest,0.6055
12718,24,3,0,0,526,7406124,7406649,5.26,rest,0.6055
20704,8,3,0,0,508,12023051,12023558,5.08,rest,0.6055
13823,26,2,0,0,484,8121465,8121948,4.84,rest,0.6055
20760,8,3,0,0,471,12047959,12048429,4.71,rest,0.6055
20790,8,3,0,0,481,12061093,12061573,4.81,rest,0.6055
19291,7,2,0,0,418,11295608,11296025,4.18,rest,0.6055
7908,19,3,0,0,313,4591959,4592271,3.13,rest,0.6055
15796,2,3,0,0,426,9216710,9217135,4.26,rest,0.6055
1667,12,2,0,0,492,1056678,1057169,4.92,rest,0.6055
10176,21,3,0,0,434,5934516,5934949,4.34,rest,0.6055
7562,19,3,0,0,378,4428147,4428524,3.78,rest,0.6055
12885,25,2,0,0,547,7593928,7594474,5.47,rest,0.6055
19984,7,3,0,0,375,11603865,11604239,3.75,rest,0.6055
6190,17,3,0,0,435,3599502,3599936,4.35,rest,0.6055
13420,25,3,0,0,531,7829888,7830418,5.31,rest,0.6055
7401,19,2,0,0,403,4360714,4361116,4.03,rest,0.6055
14723,27,2,0,0,583,8625016,8625598,5.83,rest,0.6055
15678,2,3,0,0,413,9159909,9160321,4.13,rest,0.6055
15345,2,2,0,0,528,9015295,9015822,5.28,rest,0.6055
13344,25,3,0,0,549,7794519,7795067,5.49,rest,0.6055
8269,1,2,0,0,558,4855252,4855809,5.58,rest,0.6055
2549,13,2,0,0,502,1550685,1551186,5.02,rest,0.6055
18074,5,3,0,0,416,10551480,10551895,4.16,rest,0.6055
9262,20,3,0,0,424,5411486,5411909,4.24,rest,0.6055
2952,13,3,0,0,441,1730203,1730643,4.41,rest,0.6055
10926,22,3,0,0,582,6387315,6387896,5.82,rest,0.603
13268,25,3,0,0,443,7758539,7758981,4.43,rest,0.603
5815,17,2,0,0,464,3429959,3430422,4.64,rest,0.603
5771,17,2,0,0,625,3411250,3411874,6.25,rest,0.603
7497,19,2,0,0,561,4400781,4401341,5.61,rest,0.603
12229,24,2,0,0,498,7186163,7186660,4.98,rest,0.603
16377,3,2,0,0,598,9584033,9584630,5.98,rest,0.603
13085,25,2,0,0,454,7678492,7678945,4.54,rest,0.603
2340,12,3,0,0,415,1350357,1350771,4.15,rest,0.603
16373,3,2,0,0,625,9582338,9582962,6.25,rest,0.603
11277,23,2,0,0,487,6655582,6656068,4.87,rest,0.603
5843,17,2,0,0,517,3441677,3442193,5.17,rest,0.603
7429,19,2,0,0,273,4372544,4372816,2.73,rest,0.603
1035,11,2,0,0,405,656094,656498,4.05,rest,0.603
3712,14,3,0,0,430,2166820,2167249,4.3,rest,0.603
536,10,3,0,0,514,330293,330806,5.14,rest,0.603
5867,17,2,0,0,529,3451810,3452338,5.29,rest,0.603
3178,13,3,0,0,431,1832704,1833134,4.31,rest,0.603
482,10,3,0,0,608,306682,307289,6.08,rest,0.603
6990,18,3,0,0,419,4067747,4068165,4.19,rest,0.603
6978,18,3,0,0,519,4062665,4063183,5.19,rest,0.603
16867,4,2,0,0,564,9921340,9921903,5.64,rest,0.603
21270,9,3,0,0,471,12373416,12373886,4.71,rest,0.603
18436,5,3,0,0,349,10719528,10719876,3.49,rest,0.603
10832,22,3,0,0,518,6342648,6343165,5.18,rest,0.603
10018,21,3,0,0,553,5860866,5861418,5.53,rest,0.603
13178,25,3,0,0,586,7717593,7718178,5.86,rest,0.603
15654,2,3,0,0,513,9148548,9149060,5.13,rest,0.603
11487,23,2,0,0,386,6744152,6744537,3.86,rest,0.603
15988,2,3,0,0,408,9314718,9315125,4.08,rest,0.603
21057,9,2,0,0,499,12278630,12279128,4.99,rest,0.603
16379,3,2,0,0,560,9584887,9585446,5.6,rest,0.6006
538,10,3,0,0,489,331173,331661,4.89,rest,0.6006
12716,24,3,0,0,604,7405204,7405807,6.04,rest,0.6006
19034,6,3,0,0,518,11078961,11079478,5.18,rest,0.6006
18128,5,3,0,0,346,10575518,10575863,3.46,rest,0.6006
7439,19,2,0,0,417,4376628,4377044,4.17,rest,0.6006
1498,11,3,0,0,490,864278,864767,4.9,rest,0.6006
13779,26,2,0,0,468,8102902,8103369,4.68,rest,0.6006
8570,1,3,0,0,437,4995659,4996095,4.37,rest,0.6006
19443,7,2,0,0,603,11359316,11359918,6.03,rest,0.6006
6146,17,3,0,0,545,3579604,3580148,5.45,rest,0.6006
5925,17,2,0,0,395,3476480,3476874,3.95,rest,0.6006
3750,14,3,0,0,1830,2183463,2185292,18.3,rest,0.6006
3405,14,2,0,0,418,2029938,2030355,4.18,rest,0.6006
19618,7,3,0,0,478,11433934,11434411,4.78,rest,0.6006
4243,15,2,0,0,494,2507890,2508383,4.94,rest,0.6006
163,10,2,0,0,280,168866,169145,2.8,rest,0.6006
13913,26,2,0,0,469,8159485,8159953,4.69,rest,0.6006
692,10,3,0,0,487,400381,400867,4.87,rest,0.6006
8337,1,2,0,0,556,4883794,4884349,5.56,rest,0.6006
18765,6,2,0,0,569,10958518,10959086,5.69,rest,0.6006
21157,9,2,0,0,440,12320623,12321062,4.4,rest,0.6006
15650,2,3,0,0,470,9146930,9147399,4.7,rest,0.6006
10802,22,3,0,0,426,6328232,6328657,4.26,rest,0.6006
13526,25,3,0,0,465,7878548,7879012,4.65,rest,0.6006
14104,26,3,0,0,522,8244740,8245261,5.22,rest,0.6006
15960,2,3,0,0,4936,9296745,9301680,49.36,rest,0.6006
15367,2,2,0,0,531,9024599,9025129,5.31,rest,0.6006
11738,23,3,0,0,465,6856105,6856569,4.65,rest,0.6006
9729,21,2,0,0,517,5737402,5737918,5.17,rest,0.6006
19642,7,3,0,0,524,11443982,11444505,5.24,rest,0.6006
899,11,2,0,0,496,599001,599496,4.96,rest,0.6006
3307,14,2,0,0,458,1988787,1989244,4.58,rest,0.6006
15758,2,3,0,0,497,9198408,9198904,4.97,rest,0.6006
19808,7,3,0,0,415,11522476,11522890,4.15,rest,0.6006
6832,18,3,0,0,350,3996735,3997084,3.5,rest,0.6006
19792,7,3,0,0,422,11515811,11516232,4.22,rest,0.6006
5366,16,3,0,0,467,3126322,3126788,4.67,rest,0.6006
3646,14,3,0,0,460,2133852,2134311,4.6,rest,0.6006
19832,7,3,0,0,453,11534165,11534617,4.53,rest,0.5981
8672,1,3,0,0,429,5048030,5048458,4.29,rest,0.5981
4897,16,2,0,0,620,2922900,2923519,6.2,rest,0.5981
4115,15,2,0,0,530,2453818,2454347,5.3,rest,0.5981
6920,18,3,0,0,363,4037229,4037591,3.63,rest,0.5981
4235,15,2,0,0,473,2504525,2504997,4.73,rest,0.5981
3004,13,3,0,0,506,1752113,1752618,5.06,rest,0.5981
12939,25,2,0,0,603,7616750,7617352,6.03,rest,0.5981
3223,14,2,0,0,468,1953466,1953933,4.68,rest,0.5981
13410,25,3,0,0,464,7825551,7826014,4.64,rest,0.5981
10098,21,3,0,0,559,5898771,5899329,5.59,rest,0.5981
15267,2,2,0,0,425,8982708,8983132,4.25,rest,0.5981
3716,14,3,0,0,464,2168486,2168949,4.64,rest,0.5981
3696,14,3,0,0,448,2158013,2158460,4.48,rest,0.5981
732,10,3,0,0,389,418618,419006,3.89,rest,0.5981
4853,16,2,0,0,514,2904498,2905011,5.14,rest,0.5981
3525,14,2,0,0,389,2080257,2080645,3.89,rest,0.5981
13155,25,2,0,0,491,7708019,7708509,4.91,rest,0.5957
5873,17,2,0,0,537,3454379,3454915,5.37,rest,0.5957
6573,18,2,0,0,638,3884369,3885006,6.38,rest,0.5957
3714,14,3,0,0,482,2167634,2168115,4.82,rest,0.5957
18210,5,3,0,0,448,10613061,10613508,4.48,rest,0.5957
10216,21,3,0,0,511,5951683,5952193,5.11,rest,0.5957
3435,14,2,0,0,397,2042459,2042855,3.97,rest,0.5957
17310,4,3,0,0,294,10113788,10114081,2.94,rest,0.5957
4089,15,2,0,0,511,2442806,2443316,5.11,rest,0.5957
12187,24,2,0,0,516,7168510,7169025,5.16,rest,0.5957
11958,23,3,0,0,288,6958285,6958572,2.88,rest,0.5957
11551,23,2,0,0,483,6771030,6771512,4.83,rest,0.5957
15094,27,3,0,0,246,8790968,8791213,2.46,rest,0.5957
9398,20,3,0,0,446,5474468,5474913,4.46,rest,0.5957
5135,16,2,0,0,435,3022738,3023172,4.35,rest,0.5957
9488,20,3,0,0,453,5515359,5515811,4.53,rest,0.5957
19204,6,3,0,0,466,11154335,11154800,4.66,rest,0.5957
21468,9,3,0,0,496,12466257,12466752,4.96,rest,0.5957
883,11,2,0,0,454,592376,592829,4.54,rest,0.5933
16040,2,3,0,0,238,9342589,9342826,2.38,rest,0.5933
18852,6,3,0,0,500,10998703,10999202,5.0,rest,0.5933
6451,18,2,0,0,563,3832960,3833522,5.63,rest,0.5933
12269,24,2,0,0,464,7203052,7203515,4.64,rest,0.5933
6483,18,2,0,0,537,3846524,3847060,5.37,rest,0.5933
19505,7,2,0,0,386,11385545,11385930,3.86,rest,0.5933
6174,17,3,0,0,505,3591654,3592158,5.05,rest,0.5933
18146,5,3,0,0,926,10583101,10584026,9.26,rest,0.5933
12012,23,3,0,0,284,6993199,6993482,2.84,rest,0.5933
289,10,2,0,0,415,221580,221994,4.15,rest,0.5933
3523,14,2,0,0,343,2079469,2079811,3.43,rest,0.5933
3337,14,2,0,0,590,2001278,2001867,5.9,rest,0.5933
5707,17,2,0,0,506,3384147,3384652,5.06,rest,0.5933
6509,18,2,0,0,589,3857426,3858014,5.89,rest,0.5933
1426,11,3,0,0,385,832599,832983,3.85,rest,0.5933
5378,16,3,0,0,560,3131500,3132059,5.6,rest,0.5933
8875,20,2,0,0,551,5245197,5245747,5.51,rest,0.5933
6168,17,3,0,0,564,3589114,3589677,5.64,rest,0.5933
85,10,2,0,0,570,135869,136438,5.7,rest,0.5933
12788,24,3,0,0,401,7442802,7443202,4.01,rest,0.5933
15816,2,3,0,0,444,9228824,9229267,4.44,rest,0.5933
9168,20,3,0,0,456,5369218,5369673,4.56,rest,0.5933
19547,7,2,0,0,511,11403038,11403548,5.11,rest,0.5933
7463,19,2,0,0,368,4386727,4387094,3.68,rest,0.5933
13135,25,2,0,0,415,7699677,7700091,4.15,rest,0.5933
7138,18,3,0,0,1005,4135269,4136273,10.05,rest,0.5933
19559,7,2,0,0,396,11408180,11408575,3.96,rest,0.5933
9498,20,3,0,0,393,5519641,5520033,3.93,rest,0.5933
19176,6,3,0,0,385,11141169,11141553,3.85,rest,0.5908
608,10,3,0,0,519,362598,363116,5.19,rest,0.5908
1964,12,3,0,0,565,1180796,1181360,5.65,rest,0.5908
4720,15,3,0,0,417,2732026,2732442,4.17,rest,0.5908
5793,17,2,0,0,481,3420666,3421146,4.81,rest,0.5908
12404,24,3,0,0,576,7261429,7262004,5.76,rest,0.5908
17101,4,2,0,0,553,10019526,10020078,5.53,rest,0.5908
19289,7,2,0,0,427,11294769,11295195,4.27,rest,0.5908
18442,5,3,0,0,301,10722042,10722342,3.01,rest,0.5908
14272,26,3,0,0,474,8319638,8320111,4.74,rest,0.5908
8592,1,3,0,0,498,5005714,5006211,4.98,rest,0.5908
15154,27,3,0,0,552,8817757,8818308,5.52,rest,0.5908
2376,12,3,0,0,462,1375465,1375926,4.62,rest,0.5908
2246,12,3,0,0,1198,1307729,1308926,11.98,rest,0.5908
16209,3,2,0,0,606,9513774,9514379,6.06,rest,0.5908
12722,24,3,0,0,596,7407750,7408345,5.96,rest,0.5908
15527,2,2,0,0,555,9091513,9092067,5.55,rest,0.5908
2172,12,3,0,0,387,1275079,1275465,3.87,rest,0.5908
16353,3,2,0,0,484,9574070,9574553,4.84,rest,0.5908
20692,8,3,0,0,809,12017756,12018564,8.09,rest,0.5908
7431,19,2,0,0,266,4373376,4373641,2.66,rest,0.5908
21440,9,3,0,0,507,12453819,12454325,5.07,rest,0.5908
12305,24,2,0,0,469,7218255,7218723,4.69,rest,0.5908
4973,16,2,0,0,653,2954761,2955413,6.53,rest,0.5908
5980,17,3,0,0,488,3501124,3501611,4.88,rest,0.5908
13378,25,3,0,0,411,7811840,7812250,4.11,rest,0.5908
845,11,2,0,0,423,576421,576843,4.23,rest,0.5908
10414,21,3,0,0,422,6060686,6061107,4.22,rest,0.5884
15704,2,3,0,0,511,9174458,9174968,5.11,rest,0.5884
6980,18,3,0,0,334,4063538,4063871,3.34,rest,0.5884
9304,20,3,0,0,2765,5429854,5432618,27.65,rest,0.5884
16351,3,2,0,0,574,9573168,9573741,5.74,rest,0.5884
6493,18,2,0,0,548,3850727,3851274,5.48,rest,0.5884
12253,24,2,0,0,453,7196321,7196773,4.53,rest,0.5884
35,10,2,0,0,500,114949,115448,5.0,rest,0.5884
510,10,3,0,0,480,318908,319387,4.8,rest,0.5884
16245,3,2,0,0,534,9528851,9529384,5.34,rest,0.5884
592,10,3,0,0,484,355319,355802,4.84,rest,0.5884
16770,3,3,0,0,397,9770101,9770497,3.97,rest,0.5884
19782,7,3,0,0,491,11510872,11511362,4.91,rest,0.5884
897,11,2,0,0,476,598181,598656,4.76,rest,0.5884
12153,24,2,0,0,544,7154152,7154695,5.44,rest,0.5884
15714,2,3,0,0,494,9178686,9179179,4.94,rest,0.5884
2996,13,3,0,0,602,1748685,1749286,6.02,rest,0.5884
12213,24,2,0,0,474,7179483,7179956,4.74,rest,0.5884
19754,7,3,0,0,462,11495294,11495755,4.62,rest,0.5884
14014,26,3,0,0,514,8203696,8204209,5.14,rest,0.5884
13370,25,3,0,0,483,7806732,7807214,4.83,rest,0.5884
12728,24,3,0,0,456,7410410,7410865,4.56,rest,0.5884
13544,25,3,0,0,484,7886942,7887425,4.84,rest,0.5884
14426,26,3,0,0,349,8399612,8399960,3.49,rest,0.5884
1948,12,3,0,0,449,1174253,1174701,4.49,rest,0.5884
6022,17,3,0,0,455,3520238,3520692,4.55,rest,0.5884
19956,7,3,0,0,380,11591006,11591385,3.8,rest,0.5884
19385,7,2,0,0,561,11335069,11335629,5.61,rest,0.5884
12374,24,3,0,0,550,7247260,7247809,5.5,rest,0.5884
3054,13,3,0,0,502,1775459,1775960,5.02,rest,0.5884
16660,3,3,0,0,443,9717434,9717876,4.43,rest,0.5884
15582,2,3,0,0,353,9114638,9114990,3.53,rest,0.5884
2312,12,3,0,0,447,1337639,1338085,4.47,rest,0.5884
19976,7,3,0,0,420,11600545,11600964,4.2,rest,0.5884
16026,2,3,0,0,311,9336715,9337025,3.11,rest,0.5859
17490,4,3,0,0,400,10193777,10194176,4.0,rest,0.5859
303,10,2,0,0,325,227504,227828,3.25,rest,0.5859
5811,17,2,0,0,460,3428271,3428730,4.6,rest,0.5859
9174,20,3,0,0,487,5371718,5372204,4.87,rest,0.5859
19838,7,3,0,0,527,11536638,11537164,5.27,rest,0.5859
12063,24,2,0,0,526,7116129,7116654,5.26,rest,0.5859
6914,18,3,0,0,366,4034416,4034781,3.66,rest,0.5859
5069,16,2,0,0,511,2994965,2995475,5.11,rest,0.5859
4418,15,3,0,0,511,2587457,2587967,5.11,rest,0.5859
13147,25,2,0,0,411,7704714,7705124,4.11,rest,0.5859
10745,22,2,0,0,396,6302352,6302747,3.96,rest,0.5859
19251,7,2,0,0,510,11278722,11279231,5.1,rest,0.5859
19770,7,3,0,0,4369,11501974,11506342,43.69,rest,0.5859
1633,12,2,0,0,458,1042451,1042908,4.58,rest,0.5859
14022,26,3,0,0,542,8207138,8207679,5.42,rest,0.5859
8474,1,3,0,0,379,4948278,4948656,3.79,rest,0.5859
19842,7,3,0,0,467,11538328,11538794,4.67,rest,0.5859
14858,27,3,0,0,1117,8685032,8686148,11.17,rest,0.5859
10800,22,3,0,0,587,6327204,6327790,5.87,rest,0.5859
18196,5,3,0,0,478,10606757,10607234,4.78,rest,0.5859
10072,21,3,0,0,370,5886763,5887132,3.7,rest,0.5859
4917,16,2,0,0,601,2931304,2931904,6.01,rest,0.5859
12832,24,3,0,0,364,7470188,7470551,3.64,rest,0.5859
17546,4,3,0,0,368,10219102,10219469,3.68,rest,0.5859
8754,1,3,0,0,335,5087970,5088304,3.35,rest,0.5859
10599,22,2,0,0,466,6240752,6241217,4.66,rest,0.5859
1721,12,2,0,0,557,1079222,1079778,5.57,rest,0.5859
9775,21,2,0,0,462,5756932,5757393,4.62,rest,0.5859
9743,21,2,0,0,485,5743331,5743815,4.85,rest,0.5859
15279,2,2,0,0,497,8987653,8988149,4.97,rest,0.5859
7036,18,3,0,0,380,4088327,4088706,3.8,rest,0.5859
19768,7,3,0,0,503,11501151,11501653,5.03,rest,0.5835
5222,16,3,0,0,535,3062474,3063008,5.35,rest,0.5835
5596,16,3,0,0,280,3235825,3236104,2.8,rest,0.5835
15214,27,3,0,0,428,8856960,8857387,4.28,rest,0.5835
3654,14,3,0,0,408,2138100,2138507,4.08,rest,0.5835
21464,9,3,0,0,533,12464565,12465097,5.33,rest,0.5835
13047,25,2,0,0,397,7662540,7662936,3.97,rest,0.5835
9815,21,2,0,0,511,5773766,5774276,5.11,rest,0.5835
10986,22,3,0,0,438,6414707,6415144,4.38,rest,0.5835
12325,24,2,0,0,558,7226648,7227205,5.58,rest,0.5835
19337,7,2,0,0,481,11314981,11315461,4.81,rest,0.5835
4059,15,2,0,0,519,2430119,2430637,5.19,rest,0.5835
14599,27,2,0,0,511,8573154,8573664,5.11,rest,0.5835
13358,25,3,0,0,510,7801650,7802159,5.1,rest,0.5835
20598,8,3,0,0,484,11976785,11977268,4.84,rest,0.5835
9230,20,3,0,0,461,5397278,5397738,4.61,rest,0.5835
15882,2,3,0,0,378,9260888,9261265,3.78,rest,0.5835
2525,13,2,0,0,469,1540660,1541128,4.69,rest,0.5835
1117,11,2,0,0,369,690545,690913,3.69,rest,0.5835
19174,6,3,0,0,523,11140216,11140738,5.23,rest,0.5835
4999,16,2,0,0,673,2965679,2966351,6.73,rest,0.5811
15305,2,2,0,0,466,8998598,8999063,4.66,rest,0.5811
6188,17,3,0,0,385,3598665,3599049,3.85,rest,0.5811
18992,6,3,0,0,350,11060899,11061248,3.5,rest,0.5811
983,11,2,0,0,451,634371,634821,4.51,rest,0.5811
6617,18,2,0,0,489,3902971,3903459,4.89,rest,0.5811
4995,16,2,0,0,612,2964073,2964684,6.12,rest,0.5811
7152,18,3,0,0,376,4141615,4141990,3.76,rest,0.5811
12644,24,3,0,0,528,7370478,7371005,5.28,rest,0.5811
12085,24,2,0,0,466,7125407,7125872,4.66,rest,0.5811
7170,18,3,0,0,385,4155861,4156245,3.85,rest,0.5811
16357,3,2,0,0,565,9575657,9576221,5.65,rest,0.5811
12297,24,2,0,0,460,7214882,7215341,4.6,rest,0.5811
14354,26,3,0,0,435,8356379,8356813,4.35,rest,0.5811
10884,22,3,0,0,392,6368508,6368899,3.92,rest,0.5811
17614,4,3,0,0,261,10251950,10252210,2.61,rest,0.5811
18591,6,2,0,0,464,10885520,10885983,4.64,rest,0.5811
4941,16,2,0,0,353,2941514,2941866,3.53,rest,0.5811
15164,27,3,0,0,443,8822749,8823191,4.43,rest,0.5811
9296,20,3,0,0,516,5426523,5427038,5.16,rest,0.5811
8730,1,3,0,0,458,5076627,5077084,4.58,rest,0.5811
5334,16,3,0,0,1039,3112302,3113340,10.39,rest,0.5811
16193,3,2,0,0,558,9507069,9507626,5.58,rest,0.5811
7854,19,3,0,0,476,4565538,4566013,4.76,rest,0.5811
21268,9,3,0,0,475,12372555,12373029,4.75,rest,0.5811
17857,5,2,0,0,497,10456043,10456539,4.97,rest,0.5811
13282,25,3,0,0,355,7766334,7766688,3.55,rest,0.5811
831,11,2,0,0,446,570515,570960,4.46,rest,0.5811
13524,25,3,0,0,442,7877736,7878177,4.42,rest,0.5811
7670,19,3,0,0,374,4479946,4480319,3.74,rest,0.5811
5779,17,2,0,0,476,3414810,3415285,4.76,rest,0.5811
1318,11,3,0,0,478,781611,782088,4.78,rest,0.5786
18260,5,3,0,0,330,10634725,10635054,3.3,rest,0.5786
19072,6,3,0,0,351,11095729,11096079,3.51,rest,0.5786
10016,21,3,0,0,545,5860058,5860602,5.45,rest,0.5786
6342,17,3,0,0,352,3670878,3671229,3.52,rest,0.5786
3890,14,3,0,0,916,2247166,2248081,9.16,rest,0.5786
9550,20,3,0,0,447,5543883,5544329,4.47,rest,0.5786
12550,24,3,0,0,504,7327285,7327788,5.04,rest,0.5786
17596,4,3,0,0,351,10242825,10243175,3.51,rest,0.5786
2222,12,3,0,0,470,1297012,1297481,4.7,rest,0.5786
5350,16,3,0,0,529,3119487,3120015,5.29,rest,0.5786
14234,26,3,0,0,575,8302381,8302955,5.75,rest,0.5786
15838,2,3,0,0,472,9238685,9239156,4.72,rest,0.5786
12133,24,2,0,0,538,7145683,7146220,5.38,rest,0.5786
18054,5,3,0,0,441,10542545,10542985,4.41,rest,0.5786
18796,6,3,0,0,512,10971257,10971768,5.12,rest,0.5786
5685,17,2,0,0,503,3374744,3375246,5.03,rest,0.5786
7257,19,2,0,0,570,4300187,4300756,5.7,rest,0.5786
13923,26,2,0,0,511,8163685,8164195,5.11,rest,0.5786
19261,7,2,0,0,519,11282893,11283411,5.19,rest,0.5786
21081,9,2,0,0,449,12288717,12289165,4.49,rest,0.5786
2547,13,2,0,0,581,1549784,1550364,5.81,rest,0.5786
14302,26,3,0,0,456,8333270,8333725,4.56,rest,0.5786
13270,25,3,0,0,575,7759255,7759829,5.75,rest,0.5786
410,10,3,0,0,461,274300,274760,4.61,rest,0.5786
919,11,2,0,0,427,607464,607890,4.27,rest,0.5786
11261,23,2,0,0,411,6648929,6649339,4.11,rest,0.5786
4147,15,2,0,0,493,2467356,2467848,4.93,rest,0.5786
1121,11,2,0,0,431,692150,692580,4.31,rest,0.5786
5805,17,2,0,0,448,3425730,3426177,4.48,rest,0.5786
4051,15,2,0,0,480,2426804,2427283,4.8,rest,0.5786
15722,2,3,0,0,406,9182777,9183182,4.06,rest,0.5786
21524,9,3,0,0,311,12492108,12492418,3.11,rest,0.5786
12981,25,2,0,0,598,7634529,7635126,5.98,rest,0.5786
15210,27,3,0,0,411,8855263,8855673,4.11,rest,0.5786
12756,24,3,0,0,398,7423558,7423955,3.98,rest,0.5786
1412,11,3,0,0,416,825709,826124,4.16,rest,0.5762
2220,12,3,0,0,473,1296202,1296674,4.73,rest,0.5762
10952,22,3,0,0,407,6400331,6400737,4.07,rest,0.5762
13157,25,2,0,0,501,7708868,7709368,5.01,rest,0.5762
10038,21,3,0,0,584,5870718,5871301,5.84,rest,0.5762
12510,24,3,0,0,466,7308780,7309245,4.66,rest,0.5762
1974,12,3,0,0,475,1187283,1187757,4.75,rest,0.5762
15084,27,3,0,0,414,8786643,8787056,4.14,rest,0.5762
16231,3,2,0,0,497,9523079,9523575,4.97,rest,0.5762
13943,26,2,0,0,413,8172231,8172643,4.13,rest,0.5762
15341,2,2,0,0,460,9013730,9014189,4.6,rest,0.5762
5552,16,3,0,0,487,3210503,3210989,4.87,rest,0.5762
9228,20,3,0,0,364,5396547,5396910,3.64,rest,0.5762
2338,12,3,0,0,424,1349523,1349946,4.24,rest,0.5762
18368,5,3,0,0,294,10684003,10684296,2.94,rest,0.5762
18840,6,3,0,0,392,10993148,10993539,3.92,rest,0.5762
5725,17,2,0,0,584,3391713,3392296,5.84,rest,0.5762
4450,15,3,0,0,456,2601889,2602344,4.56,rest,0.5762
2404,12,3,0,0,312,1389174,1389485,3.12,rest,0.5762
12642,24,3,0,0,526,7369696,7370221,5.26,rest,0.5762
6112,17,3,0,0,526,3561779,3562304,5.26,rest,0.5762
5045,16,2,0,0,613,2984874,2985486,6.13,rest,0.5762
18044,5,3,0,0,469,10535772,10536240,4.69,rest,0.5762
18886,6,3,0,0,473,11013168,11013640,4.73,rest,0.5762
11834,23,3,0,0,398,6902318,6902715,3.98,rest,0.5762
16524,3,3,0,0,392,9655648,9656039,3.92,rest,0.5762
450,10,3,0,0,454,292810,293263,4.54,rest,0.5737
3846,14,3,0,0,351,2227198,2227548,3.51,rest,0.5737
9929,21,2,0,0,355,5822126,5822480,3.55,rest,0.5737
18763,6,2,0,0,459,10957585,10958043,4.59,rest,0.5737
3786,14,3,0,0,347,2200440,2200786,3.47,rest,0.5737
17091,4,2,0,0,542,10015333,10015874,5.42,rest,0.5737
19660,7,3,0,0,428,11452392,11452819,4.28,rest,0.5737
8997,20,2,0,0,464,5296979,5297442,4.64,rest,0.5737
9045,20,2,0,0,307,5317412,5317718,3.07,rest,0.5737
8678,1,3,0,0,426,5050524,5050949,4.26,rest,0.5737
5202,16,3,0,0,516,3053484,3053999,5.16,rest,0.5737
16941,4,2,0,0,450,9952518,9952967,4.5,rest,0.5737
13101,25,2,0,0,423,7685276,7685698,4.23,rest,0.5737
16438,3,3,0,0,378,9613442,9613819,3.78,rest,0.5737
5280,16,3,0,0,529,3089140,3089668,5.29,rest,0.5737
10118,21,3,0,0,534,5907739,5908272,5.34,rest,0.5737
5041,16,2,0,0,626,2983225,2983850,6.26,rest,0.5737
10920,22,3,0,0,579,6384788,6385366,5.79,rest,0.5737
13196,25,3,0,0,406,7726487,7726892,4.06,rest,0.5737
1843,12,2,0,0,518,1130288,1130805,5.18,rest,0.5737
7517,19,2,0,0,431,4409330,4409760,4.31,rest,0.5737
12315,24,2,0,0,558,7222450,7223007,5.58,rest,0.5737
618,10,3,0,0,480,366789,367268,4.8,rest,0.5713
5220,16,3,0,0,523,3061696,3062218,5.23,rest,0.5713
5911,17,2,0,0,547,3470439,3470985,5.47,rest,0.5713
6976,18,3,0,0,410,4061828,4062237,4.1,rest,0.5713
835,11,2,0,0,416,572220,572635,4.16,rest,0.5713
4843,16,2,0,0,506,2900303,2900808,5.06,rest,0.5713
4971,16,2,0,0,624,2953926,2954549,6.24,rest,0.5713
18232,5,3,0,0,436,10622493,10622928,4.36,rest,0.5713
7848,19,3,0,0,483,4563120,4563602,4.83,rest,0.5713
18208,5,3,0,0,417,10612267,10612683,4.17,rest,0.5713
6611,18,2,0,0,560,3900394,3900953,5.6,rest,0.5713
17047,4,2,0,0,521,9996896,9997416,5.21,rest,0.5713
20375,8,2,0,0,584,11878924,11879507,5.84,rest,0.5713
12119,24,2,0,0,599,7139691,7140289,5.99,rest,0.5713
6938,18,3,0,0,1088,4044683,4045770,10.88,rest,0.5713
1596,11,3,0,0,347,926236,926582,3.47,rest,0.5713
2846,13,3,0,0,402,1679856,1680257,4.02,rest,0.5713
15842,2,3,0,0,355,9241700,9242054,3.55,rest,0.5713
11395,23,2,0,0,323,6705503,6705825,3.23,rest,0.5713
12634,24,3,0,0,326,7366403,7366728,3.26,rest,0.5713
1256,11,3,0,0,417,752724,753140,4.17,rest,0.5713
6884,18,3,0,0,412,4021631,4022042,4.12,rest,0.5713
570,10,3,0,0,364,346163,346526,3.64,rest,0.5713
14374,26,3,0,0,489,8365417,8365905,4.89,rest,0.5713
3610,14,3,0,0,1312,2117272,2118583,13.12,rest,0.5713
12293,24,2,0,0,485,7213174,7213658,4.85,rest,0.5713
6030,17,3,0,0,532,3523531,3524062,5.32,rest,0.5713
6717,18,2,0,0,508,3945099,3945606,5.08,rest,0.5713
2386,12,3,0,0,2273,1379651,1381923,22.73,rest,0.5713
4877,16,2,0,0,529,2914585,2915113,5.29,rest,0.5713
14094,26,3,0,0,507,8239498,8240004,5.07,rest,0.5713
17568,4,3,0,0,406,10228711,10229116,4.06,rest,0.5713
16891,4,2,0,0,585,9931408,9931992,5.85,rest,0.5713
20891,9,2,0,0,396,12209061,12209456,3.96,rest,0.5713
8339,1,2,0,0,507,4884635,4885141,5.07,rest,0.5713
11746,23,3,0,0,431,6859482,6859912,4.31,rest,0.5713
13671,26,2,0,0,474,8057117,8057590,4.74,rest,0.5713
10503,22,2,0,0,468,6200157,6200624,4.68,rest,0.5713
21400,9,3,0,0,513,12434477,12434989,5.13,rest,0.5688
20355,8,2,0,0,556,11870607,11871162,5.56,rest,0.5688
6693,18,2,0,0,569,3934816,3935384,5.69,rest,0.5688
13396,25,3,0,0,442,7819638,7820079,4.42,rest,0.5688
12414,24,3,0,0,532,7266005,7266536,5.32,rest,0.5688
18392,5,3,0,0,456,10696405,10696860,4.56,rest,0.5688
3186,13,3,0,0,498,1836012,1836509,4.98,rest,0.5688
5813,17,2,0,0,462,3429098,3429559,4.62,rest,0.5688
7872,19,3,0,0,450,4574705,4575154,4.5,rest,0.5688
20770,8,3,0,0,453,12052129,12052581,4.53,rest,0.5688
14798,27,3,0,0,1476,8656427,8657902,14.76,rest,0.5688
15353,2,2,0,0,496,9018682,9019177,4.96,rest,0.5688
19146,6,3,0,0,396,11127902,11128297,3.96,rest,0.5688
8482,1,3,0,0,3358,4951576,4954933,33.58,rest,0.5688
2535,13,2,0,0,645,1544736,1545380,6.45,rest,0.5688
7196,18,3,0,0,332,4169977,4170308,3.32,rest,0.5688
15437,2,2,0,0,495,9053880,9054374,4.95,rest,0.5688
19844,7,3,0,0,474,11539183,11539656,4.74,rest,0.5688
478,10,3,0,0,451,304996,305446,4.51,rest,0.5688
4255,15,2,0,0,474,2512980,2513453,4.74,rest,0.5688
516,10,3,0,0,547,321417,321963,5.47,rest,0.5688
2593,13,2,0,0,445,1569183,1569627,4.45,rest,0.5688
4841,16,2,0,0,585,2899423,2900007,5.85,rest,0.5688
2533,13,2,0,0,645,1543869,1544513,6.45,rest,0.5688
10418,21,3,0,0,409,6062385,6062793,4.09,rest,0.5688
11427,23,2,0,0,476,6718862,6719337,4.76,rest,0.5688
9905,21,2,0,0,599,5811740,5812338,5.99,rest,0.5664
8004,19,3,0,0,377,4643262,4643638,3.77,rest,0.5664
7834,19,3,0,0,347,4556589,4556935,3.47,rest,0.5664
12349,24,2,0,0,440,7236845,7237284,4.4,rest,0.5664
8183,1,2,0,0,499,4819269,4819767,4.99,rest,0.5664
18557,6,2,0,0,475,10871202,10871676,4.75,rest,0.5664
9011,20,2,0,0,469,5302896,5303364,4.69,rest,0.5664
20476,8,3,0,0,492,11923509,11924000,4.92,rest,0.5664
10036,21,3,0,0,577,5869864,5870440,5.77,rest,0.5664
1946,12,3,0,0,420,1173465,1173884,4.2,rest,0.5664
2008,12,3,0,0,449,1202514,1202962,4.49,rest,0.5664
6186,17,3,0,0,407,3597815,3598221,4.07,rest,0.5664
12043,24,2,0,0,398,7107734,7108131,3.98,rest,0.5664
13548,25,3,0,0,457,7888652,7889108,4.57,rest,0.5664
14006,26,3,0,0,506,8200296,8200801,5.06,rest,0.5664
15259,2,2,0,0,446,8979329,8979774,4.46,rest,0.5664
15822,2,3,0,0,339,9232158,9232496,3.39,rest,0.5664
1980,12,3,0,0,435,1189817,1190251,4.35,rest,0.5664
13683,26,2,0,0,567,8062180,8062746,5.67,rest,0.5664
255,10,2,0,0,560,207112,207671,5.6,rest,0.5664
15018,27,3,0,0,430,8755848,8756277,4.3,rest,0.5664
2683,13,2,0,0,621,1606721,1607341,6.21,rest,0.5664
13161,25,2,0,0,491,7710555,7711045,4.91,rest,0.5664
15780,2,3,0,0,1935,9208608,9210542,19.35,rest,0.5664
19525,7,2,0,0,420,11393892,11394311,4.2,rest,0.5664
4742,15,3,0,0,392,2742556,2742947,3.92,rest,0.5664
5907,17,2,0,0,527,3468763,3469289,5.27,rest,0.5664
530,10,3,0,0,372,327910,328281,3.72,rest,0.5664
2064,12,3,0,0,512,1227294,1227805,5.12,rest,0.5664
7718,19,3,0,0,426,4500798,4501223,4.26,rest,0.5664
11760,23,3,0,0,440,6865860,6866299,4.4,rest,0.564
12319,24,2,0,0,555,7224140,7224694,5.55,rest,0.564
55,10,2,0,0,441,123377,123817,4.41,rest,0.564
11218,22,3,0,0,388,6529715,6530102,3.88,rest,0.564
11473,23,2,0,0,387,6738283,6738669,3.87,rest,0.564
11580,23,3,0,0,433,6783140,6783572,4.33,rest,0.564
2384,12,3,0,0,457,1378823,1379279,4.57,rest,0.564
15740,2,3,0,0,1182,9190226,9191407,11.82,rest,0.564
2292,12,3,0,0,405,1328748,1329152,4.05,rest,0.564
7247,19,2,0,0,396,4296065,4296460,3.96,rest,0.564
12221,24,2,0,0,562,7182788,7183349,5.62,rest,0.564
9651,21,2,0,0,465,5704434,5704898,4.65,rest,0.564
7636,19,3,0,0,312,4462756,4463067,3.12,rest,0.564
11934,23,3,0,0,391,6947202,6947592,3.91,rest,0.564
6936,18,3,0,0,428,4043879,4044306,4.28,rest,0.564
5921,17,2,0,0,419,3474775,3475193,4.19,rest,0.564
5039,16,2,0,0,594,2982342,2982935,5.94,rest,0.564
4935,16,2,0,0,618,2938884,2939501,6.18,rest,0.564
12382,24,3,0,0,512,7250644,7251155,5.12,rest,0.564
19764,7,3,0,0,443,11499513,11499955,4.43,rest,0.564
2539,13,2,0,0,604,1546449,1547052,6.04,rest,0.564
15046,27,3,0,0,414,8769400,8769813,4.14,rest,0.564
15381,2,2,0,0,499,9030460,9030958,4.99,rest,0.564
1703,12,2,0,0,481,1071715,1072195,4.81,rest,0.564
2531,13,2,0,0,620,1543045,1543664,6.2,rest,0.564
2527,13,2,0,0,539,1541446,1541984,5.39,rest,0.564
5522,16,3,0,0,391,3197368,3197758,3.91,rest,0.564
19726,7,3,0,0,499,11482711,11483209,4.99,rest,0.564
5009,16,2,0,0,559,2969864,2970422,5.59,rest,0.564
3146,13,3,0,0,317,1816053,1816369,3.17,rest,0.564
9208,20,3,0,0,457,5387260,5387716,4.57,rest,0.564
14769,27,2,0,0,387,8644420,8644806,3.87,rest,0.564
1474,11,3,0,0,480,853829,854308,4.8,rest,0.564
5978,17,3,0,0,451,3500260,3500710,4.51,rest,0.564
4674,15,3,0,0,349,2709499,2709847,3.49,rest,0.564
18691,6,2,0,0,385,10927497,10927881,3.85,rest,0.564
2529,13,2,0,0,621,1542209,1542829,6.21,rest,0.564
18048,5,3,0,0,411,10540054,10540464,4.11,rest,0.5615
4937,16,2,0,0,569,2939759,2940327,5.69,rest,0.5615
5139,16,2,0,0,541,3024297,3024837,5.41,rest,0.5615
14092,26,3,0,0,544,8238652,8239195,5.44,rest,0.5615
9741,21,2,0,0,516,5742461,5742976,5.16,rest,0.5615
16434,3,3,0,0,372,9611784,9612155,3.72,rest,0.5615
10767,22,2,0,0,435,6311556,6311990,4.35,rest,0.5615
6569,18,2,0,0,584,3882706,3883289,5.84,rest,0.5615
13865,26,2,0,0,478,8139190,8139667,4.78,rest,0.5615
21115,9,2,0,0,593,12302869,12303461,5.93,rest,0.5615
3361,14,2,0,0,433,2011444,2011876,4.33,rest,0.5615
1627,12,2,0,0,441,1040000,1040440,4.41,rest,0.5615
610,10,3,0,0,381,363540,363920,3.81,rest,0.5615
18727,6,2,0,0,410,10942562,10942971,4.1,rest,0.5615
12562,24,3,0,0,589,7333478,7334066,5.89,rest,0.5615
2453,13,2,0,0,582,1510278,1510859,5.82,rest,0.5615
17859,5,2,0,0,546,10456884,10457429,5.46,rest,0.5615
8159,1,2,0,0,444,4809267,4809710,4.44,rest,0.5615
15902,2,3,0,0,293,9270582,9270874,2.93,rest,0.5615
16404,3,3,0,0,375,9597912,9598286,3.75,rest,0.5615
16034,2,3,0,0,382,9339985,9340366,3.82,rest,0.5615
13029,25,2,0,0,408,7654916,7655323,4.08,rest,0.5615
2541,13,2,0,0,580,1547280,1547859,5.8,rest,0.5591
15457,2,2,0,0,493,9062235,9062727,4.93,rest,0.5591
11437,23,2,0,0,420,6723083,6723502,4.2,rest,0.5591
15152,27,3,0,0,549,8816910,8817458,5.49,rest,0.5591
2543,13,2,0,0,510,1548146,1548655,5.1,rest,0.5591
16576,3,3,0,0,241,9679395,9679635,2.41,rest,0.5591
20668,8,3,0,0,498,12007104,12007601,4.98,rest,0.5591
7652,19,3,0,0,433,4471637,4472069,4.33,rest,0.5591
12313,24,2,0,0,587,7221554,7222140,5.87,rest,0.5591
11148,22,3,0,0,1471,6489612,6491082,14.71,rest,0.5591
14088,26,3,0,0,513,8236985,8237497,5.13,rest,0.5591
11353,23,2,0,0,550,6687621,6688170,5.5,rest,0.5591
12484,24,3,0,0,476,7297310,7297785,4.76,rest,0.5591
2148,12,3,0,0,471,1264738,1265208,4.71,rest,0.5591
15778,2,3,0,0,449,9207742,9208190,4.49,rest,0.5591
10950,22,3,0,0,385,6399498,6399882,3.85,rest,0.5591
3543,14,2,0,0,491,2087712,2088202,4.91,rest,0.5591
20373,8,2,0,0,584,11878097,11878680,5.84,rest,0.5591
10954,22,3,0,0,478,6401097,6401574,4.78,rest,0.5591
650,10,3,0,0,487,381217,381703,4.87,rest,0.5591
19257,7,2,0,0,537,11281219,11281755,5.37,rest,0.5591
6154,17,3,0,0,596,3582946,3583541,5.96,rest,0.5591
20762,8,3,0,0,242,12048962,12049203,2.42,rest,0.5591
20722,8,3,0,0,437,12031021,12031457,4.37,rest,0.5591
15586,2,3,0,0,423,9116209,9116631,4.23,rest,0.5591
13298,25,3,0,0,441,7775072,7775512,4.41,rest,0.5591
19391,7,2,0,0,512,11337649,11338160,5.12,rest,0.5591
2537,13,2,0,0,576,1545577,1546152,5.76,rest,0.5591
21131,9,2,0,0,561,12309580,12310140,5.61,rest,0.5591
9500,20,3,0,0,434,5520465,5520898,4.34,rest,0.5591
2028,12,3,0,0,412,1211593,1212004,4.12,rest,0.5591
1665,12,2,0,0,527,1055843,1056369,5.27,rest,0.5591
14619,27,2,0,0,579,8581451,8582029,5.79,rest,0.5591
9797,21,2,0,0,472,5766283,5766754,4.72,rest,0.5591
6657,18,2,0,0,559,3919712,3920270,5.59,rest,0.5591
408,10,3,0,0,473,273395,273867,4.73,rest,0.5566
14318,26,3,0,0,480,8340745,8341224,4.8,rest,0.5566
10577,22,2,0,0,572,6231420,6231991,5.72,rest,0.5566
9372,20,3,0,0,427,5463388,5463814,4.27,rest,0.5566
6679,18,2,0,0,562,3928989,3929550,5.62,rest,0.5566
2874,13,3,0,0,445,1694199,1694643,4.45,rest,0.5566
6741,18,2,0,0,528,3955075,3955602,5.28,rest,0.5566
6601,18,2,0,0,417,3896322,3896738,4.17,rest,0.5566
8012,19,3,0,0,522,4646526,4647047,5.22,rest,0.5566
3415,14,2,0,0,418,2034149,2034566,4.18,rest,0.5566
20929,9,2,0,0,498,12224948,12225445,4.98,rest,0.5566
13803,26,2,0,0,544,8113021,8113564,5.44,rest,0.5566
1805,12,2,0,0,529,1114432,1114960,5.29,rest,0.5566
5941,17,2,0,0,435,3483229,3483663,4.35,rest,0.5566
889,11,2,0,0,429,594863,595291,4.29,rest,0.5566
15126,27,3,0,0,405,8805593,8805997,4.05,rest,0.5566
267,10,2,0,0,506,212211,212716,5.06,rest,0.5566
21308,9,3,0,0,467,12392164,12392630,4.67,rest,0.5566
448,10,3,0,0,503,291952,292454,5.03,rest,0.5566
311,10,2,0,0,433,230719,231151,4.33,rest,0.5566
686,10,3,0,0,506,397851,398356,5.06,rest,0.5566
8674,1,3,0,0,470,5048827,5049296,4.7,rest,0.5566
3473,14,2,0,0,497,2058355,2058851,4.97,rest,0.5566
670,10,3,0,0,256,390575,390830,2.56,rest,0.5566
327,10,2,0,0,394,237445,237838,3.94,rest,0.5566
2226,12,3,0,0,1105,1298654,1299758,11.05,rest,0.5566
6388,17,3,0,0,379,3701291,3701669,3.79,rest,0.5566
13949,26,2,0,0,427,8174745,8175171,4.27,rest,0.5566
10000,21,3,0,0,522,5852998,5853519,5.22,rest,0.5566
13741,26,2,0,0,568,8086847,8087414,5.68,rest,0.5566
13216,25,3,0,0,490,7735177,7735666,4.9,rest,0.5566
12289,24,2,0,0,523,7211522,7212044,5.23,rest,0.5566
7944,19,3,0,0,382,4608603,4608984,3.82,rest,0.5566
21248,9,3,0,0,279,12359709,12359987,2.79,rest,0.5566
8480,1,3,0,0,341,4950761,4951101,3.41,rest,0.5542
8951,20,2,0,0,500,5277485,5277984,5.0,rest,0.5542
4065,15,2,0,0,480,2432671,2433150,4.8,rest,0.5542
12117,24,2,0,0,567,7138898,7139464,5.67,rest,0.5542
1005,11,2,0,0,396,643578,643973,3.96,rest,0.5542
5655,17,2,0,0,476,3361950,3362425,4.76,rest,0.5542
18338,5,3,0,0,428,10670221,10670648,4.28,rest,0.5542
9935,21,2,0,0,381,5824631,5825011,3.81,rest,0.5542
14978,27,3,0,0,696,8738714,8739409,6.96,rest,0.5542
1164,11,3,0,0,1802,710034,711835,18.02,rest,0.5542
21320,9,3,0,0,528,12398307,12398834,5.28,rest,0.5542
1996,12,3,0,0,423,1196684,1197106,4.23,rest,0.5542
13903,26,2,0,0,518,8155220,8155737,5.18,rest,0.5542
4241,15,2,0,0,457,2507075,2507531,4.57,rest,0.5542
15391,2,2,0,0,532,9034600,9035131,5.32,rest,0.5542
8999,20,2,0,0,441,5297860,5298300,4.41,rest,0.5542
770,10,3,0,0,494,442229,442722,4.94,rest,0.5542
8644,1,3,0,0,402,5033999,5034400,4.02,rest,0.5542
10420,21,3,0,0,402,6063223,6063624,4.02,rest,0.5542
17159,4,2,0,0,405,10043964,10044368,4.05,rest,0.5542
8133,1,2,0,0,408,4798349,4798756,4.08,rest,0.5542
13037,25,2,0,0,405,7658292,7658696,4.05,rest,0.5542
16381,3,2,0,0,523,9585706,9586228,5.23,rest,0.5542
39,10,2,0,0,488,116629,117116,4.88,rest,0.5542
3886,14,3,0,0,473,2245342,2245814,4.73,rest,0.5542
2054,12,3,0,0,408,1223194,1223601,4.08,rest,0.5542
3852,14,3,0,0,393,2230515,2230907,3.93,rest,0.5542
14637,27,2,0,0,588,8588890,8589477,5.88,rest,0.5542
1645,12,2,0,0,434,1047511,1047944,4.34,rest,0.5542
2445,13,2,0,0,515,1506987,1507501,5.15,rest,0.5542
21083,9,2,0,0,477,12289520,12289996,4.77,rest,0.5542
9428,20,3,0,0,457,5487995,5488451,4.57,rest,0.5542
19365,7,2,0,0,556,11326603,11327158,5.56,rest,0.5542
5386,16,3,0,0,375,3135016,3135390,3.75,rest,0.5542
6575,18,2,0,0,579,3885227,3885805,5.79,rest,0.5542
16734,3,3,0,0,293,9752762,9753054,2.93,rest,0.5518
10416,21,3,0,0,406,6061542,6061947,4.06,rest,0.5518
522,10,3,0,0,1006,323946,324951,10.06,rest,0.5518
15598,2,3,0,0,496,9121152,9121647,4.96,rest,0.5518
9649,21,2,0,0,384,5703649,5704032,3.84,rest,0.5518
12853,25,2,0,0,551,7580458,7581008,5.51,rest,0.5518
1440,11,3,0,0,544,838404,838947,5.44,rest,0.5518
9610,20,3,0,0,339,5585560,5585898,3.39,rest,0.5518
4951,16,2,0,0,574,2945596,2946169,5.74,rest,0.5518
13252,25,3,0,0,450,7751145,7751594,4.5,rest,0.5518
15050,27,3,0,0,303,8771232,8771534,3.03,rest,0.5518
9204,20,3,0,0,681,5385463,5386143,6.81,rest,0.5518
231,10,2,0,0,510,197098,197607,5.1,rest,0.5518
15395,2,2,0,0,506,9036282,9036787,5.06,rest,0.5518
13125,25,2,0,0,517,7695296,7695812,5.17,rest,0.5518
11750,23,3,0,0,947,6861278,6862224,9.47,rest,0.5518
2036,12,3,0,0,446,1214901,1215346,4.46,rest,0.5518
5775,17,2,0,0,594,3413028,3413621,5.94,rest,0.5518
5891,17,2,0,0,608,3461905,3462512,6.08,rest,0.5518
11630,23,3,0,0,1346,6805727,6807072,13.46,rest,0.5518
5951,17,2,0,0,470,3487429,3487898,4.7,rest,0.5518
5336,16,3,0,0,482,3113679,3114160,4.82,rest,0.5518
748,10,3,0,0,442,429487,429928,4.42,rest,0.5518
19762,7,3,0,0,470,11498664,11499133,4.7,rest,0.5518
352,10,3,0,0,383,247846,248228,3.83,rest,0.5518
249,10,2,0,0,498,204668,205165,4.98,rest,0.5518
2868,13,3,0,0,949,1691277,1692225,9.49,rest,0.5518
15419,2,2,0,0,433,9046421,9046853,4.33,rest,0.5518
20997,9,2,0,0,506,12253481,12253986,5.06,rest,0.5518
15742,2,3,0,0,414,9191794,9192207,4.14,rest,0.5493
12824,24,3,0,0,314,7466931,7467244,3.14,rest,0.5493
12185,24,2,0,0,462,7167733,7168194,4.62,rest,0.5493
19840,7,3,0,0,490,11537510,11537999,4.9,rest,0.5493
21,10,2,0,0,608,109054,109661,6.08,rest,0.5493
14206,26,3,0,0,619,8290263,8290881,6.19,rest,0.5493
15323,2,2,0,0,534,9006109,9006642,5.34,rest,0.5493
21264,9,3,0,0,435,12370931,12371365,4.35,rest,0.5493
13588,25,3,0,0,310,7913243,7913552,3.1,rest,0.5493
13272,25,3,0,0,532,7760116,7760647,5.32,rest,0.5493
2816,13,3,0,0,537,1666546,1667082,5.37,rest,0.5493
9258,20,3,0,0,473,5409772,5410244,4.73,rest,0.5493
18296,5,3,0,0,444,10650664,10651107,4.44,rest,0.5493
7938,19,3,0,0,481,4605108,4605588,4.81,rest,0.5493
1119,11,2,0,0,366,691375,691740,3.66,rest,0.5493
8991,20,2,0,0,397,5294515,5294911,3.97,rest,0.5493
10541,22,2,0,0,569,6216186,6216754,5.69,rest,0.5493
2994,13,3,0,0,592,1747860,1748451,5.92,rest,0.5493
19714,7,3,0,0,491,11477723,11478213,4.91,rest,0.5493
12321,24,2,0,0,522,7225062,7225583,5.22,rest,0.5493
4047,15,2,0,0,451,2425123,2425573,4.51,rest,0.5493
14218,26,3,0,0,499,8295704,8296202,4.99,rest,0.5493
8045,1,2,0,0,603,4761234,4761836,6.03,rest,0.5493
16792,3,3,0,0,464,9782452,9782915,4.64,rest,0.5493
14328,26,3,0,0,453,8344986,8345438,4.53,rest,0.5469
18715,6,2,0,0,470,10937404,10937873,4.7,rest,0.5469
16933,4,2,0,0,440,9949157,9949596,4.4,rest,0.5469
7928,19,3,0,0,409,4600936,4601344,4.09,rest,0.5469
12432,24,3,0,0,1173,7273473,7274645,11.73,rest,0.5469
20353,8,2,0,0,521,11869824,11870344,5.21,rest,0.5469
17430,4,3,0,0,372,10167115,10167486,3.72,rest,0.5469
2252,12,3,0,0,510,1310905,1311414,5.1,rest,0.5469
2545,13,2,0,0,508,1549015,1549522,5.08,rest,0.5469
12636,24,3,0,0,425,7367169,7367593,4.25,rest,0.5469
10729,22,2,0,0,296,6295743,6296038,2.96,rest,0.5469
1314,11,3,0,0,447,779973,780419,4.47,rest,0.5469
4728,15,3,0,0,397,2735415,2735811,3.97,rest,0.5469
21181,9,2,0,0,468,12330620,12331087,4.68,rest,0.5469
5198,16,3,0,0,507,3051842,3052348,5.07,rest,0.5469
12363,24,2,0,0,360,7242824,7243183,3.6,rest,0.5469
12077,24,2,0,0,517,7122012,7122528,5.17,rest,0.5469
7736,19,3,0,0,348,4509764,4510111,3.48,rest,0.5469
1228,11,3,0,0,426,740337,740762,4.26,rest,0.5469
3092,13,3,0,0,463,1792518,1792980,4.63,rest,0.5469
1418,11,3,0,0,413,828230,828642,4.13,rest,0.5469
5448,16,3,0,0,434,3162799,3163232,4.34,rest,0.5469
11154,22,3,0,0,396,6493050,6493445,3.96,rest,0.5469
8466,1,3,0,0,490,4944891,4945380,4.9,rest,0.5469
14204,26,3,0,0,609,8289403,8290011,6.09,rest,0.5469
11092,22,3,0,0,439,6463704,6464142,4.39,rest,0.5469
18126,5,3,0,0,532,10574532,10575063,5.32,rest,0.5469
20604,8,3,0,0,471,11979318,11979788,4.71,rest,0.5469
642,10,3,0,0,944,377470,378413,9.44,rest,0.5469
19451,7,2,0,0,538,11362748,11363285,5.38,rest,0.5469
13214,25,3,0,0,797,7734060,7734856,7.97,rest,0.5469
14358,26,3,0,0,430,8358777,8359206,4.3,rest,0.5469
11864,23,3,0,0,403,6915336,6915738,4.03,rest,0.5444
1881,12,2,0,0,526,1146208,1146733,5.26,rest,0.5444
20646,8,3,0,0,501,11997233,11997733,5.01,rest,0.5444
5781,17,2,0,0,523,3415596,3416118,5.23,rest,0.5444
10854,22,3,0,0,503,6355127,6355629,5.03,rest,0.5444
3842,14,3,0,0,420,2225527,2225946,4.2,rest,0.5444
11483,23,2,0,0,435,6742457,6742891,4.35,rest,0.5444
6445,18,2,0,0,411,3830580,3830990,4.11,rest,0.5444
1258,11,3,0,0,408,753582,753989,4.08,rest,0.5444
1681,12,2,0,0,437,1062583,1063019,4.37,rest,0.5444
6928,18,3,0,0,416,4040529,4040944,4.16,rest,0.5444
13653,26,2,0,0,435,8049608,8050042,4.35,rest,0.5444
20842,8,3,0,0,356,12087772,12088127,3.56,rest,0.5444
1791,12,2,0,0,548,1108558,1109105,5.48,rest,0.5444
7267,19,2,0,0,446,4304454,4304899,4.46,rest,0.5444
3676,14,3,0,0,335,2147923,2148257,3.35,rest,0.5444
556,10,3,0,0,530,339616,340145,5.3,rest,0.5444
15319,2,2,0,0,520,9004470,9004989,5.2,rest,0.5444
21520,9,3,0,0,421,12490351,12490771,4.21,rest,0.5444
20600,8,3,0,0,473,11977632,11978104,4.73,rest,0.5444
4829,16,2,0,0,491,2894473,2894963,4.91,rest,0.5444
17308,4,3,0,0,316,10112939,10113254,3.16,rest,0.5444
19567,7,2,0,0,416,11411521,11411936,4.16,rest,0.5444
7568,19,3,0,0,419,4430636,4431054,4.19,rest,0.5444
666,10,3,0,0,318,388870,389187,3.18,rest,0.5444
16347,3,2,0,0,448,9571597,9572044,4.48,rest,0.5444
19646,7,3,0,0,499,11445674,11446172,4.99,rest,0.5444
7307,19,2,0,0,420,4321283,4321702,4.2,rest,0.5444
9955,21,2,0,0,363,5833082,5833444,3.63,rest,0.5444
18136,5,3,0,0,390,10578880,10579269,3.9,rest,0.5444
12740,24,3,0,0,364,7416079,7416442,3.64,rest,0.5444
2368,12,3,0,0,298,1372311,1372608,2.98,rest,0.5444
14960,27,3,0,0,509,8731130,8731638,5.09,rest,0.5444
13598,25,3,0,0,424,7922453,7922876,4.24,rest,0.5444
19028,6,3,0,0,832,11076266,11077097,8.32,rest,0.5444
14902,27,3,0,0,454,8705388,8705841,4.54,rest,0.5444
9903,21,2,0,0,558,5810894,5811451,5.58,rest,0.542
2160,12,3,0,0,428,1269777,1270204,4.28,rest,0.542
14882,27,3,0,0,412,8696349,8696760,4.12,rest,0.542
5853,17,2,0,0,533,3445900,3446432,5.33,rest,0.542
7002,18,3,0,0,386,4073431,4073816,3.86,rest,0.542
13626,25,3,0,0,353,7936665,7937017,3.53,rest,0.542
6148,17,3,0,0,510,3580499,3581008,5.1,rest,0.542
20111,8,2,0,0,558,11768430,11768987,5.58,rest,0.542
4819,16,2,0,0,579,2890242,2890820,5.79,rest,0.542
9017,20,2,0,0,479,5305426,5305904,4.79,rest,0.542
2760,13,3,0,0,499,1638874,1639372,4.99,rest,0.542
14392,26,3,0,0,422,8377809,8378230,4.22,rest,0.542
12766,24,3,0,0,379,7427765,7428143,3.79,rest,0.542
17065,4,2,0,0,461,10004504,10004964,4.61,rest,0.542
18240,5,3,0,0,464,10625837,10626300,4.64,rest,0.542
1204,11,3,0,0,1917,728305,730221,19.17,rest,0.542
616,10,3,0,0,459,365964,366422,4.59,rest,0.542
14100,26,3,0,0,482,8243103,8243584,4.82,rest,0.542
11136,22,3,0,0,448,6484373,6484820,4.48,rest,0.542
9809,21,2,0,0,518,5771262,5771779,5.18,rest,0.542
9711,21,2,0,0,489,5729825,5730313,4.89,rest,0.542
11208,22,3,0,0,3447,6522444,6525890,34.47,rest,0.542
18132,5,3,0,0,411,10577160,10577570,4.11,rest,0.542
5376,16,3,0,0,364,3130854,3131217,3.64,rest,0.542
21410,9,3,0,0,514,12438696,12439209,5.14,rest,0.542
10988,22,3,0,0,968,6415513,6416480,9.68,rest,0.542
15327,2,2,0,0,471,9007823,9008293,4.71,rest,0.542
15339,2,2,0,0,582,9012809,9013390,5.82,rest,0.542
19600,7,3,0,0,396,11425242,11425637,3.96,rest,0.542
9224,20,3,0,0,1307,5393979,5395285,13.07,rest,0.542
1655,12,2,0,0,521,1051586,1052106,5.21,rest,0.542
869,11,2,0,0,456,586512,586967,4.56,rest,0.542
16554,3,3,0,0,516,9668738,9669253,5.16,rest,0.542
13099,25,2,0,0,558,7684286,7684843,5.58,rest,0.5396
18258,5,3,0,0,350,10633868,10634217,3.5,rest,0.5396
13628,25,3,0,0,403,7937477,7937879,4.03,rest,0.5396
2132,12,3,0,0,447,1257523,1257969,4.47,rest,0.5396
3176,13,3,0,0,517,1831804,1832320,5.17,rest,0.5396
9807,21,2,0,0,510,5770453,5770962,5.1,rest,0.5396
3471,14,2,0,0,506,2057527,2058032,5.06,rest,0.5396
9234,20,3,0,0,520,5398922,5399441,5.2,rest,0.5396
12257,24,2,0,0,480,7198006,7198485,4.8,rest,0.5396
6240,17,3,0,0,373,3622601,3622973,3.73,rest,0.5396
2288,12,3,0,0,447,1327035,1327481,4.47,rest,0.5396
7864,19,3,0,0,408,4571385,4571792,4.08,rest,0.5396
7030,18,3,0,0,409,4085809,4086217,4.09,rest,0.5396
21079,9,2,0,0,405,12287909,12288313,4.05,rest,0.5396
17099,4,2,0,0,537,10018715,10019251,5.37,rest,0.5396
14324,26,3,0,0,446,8343278,8343723,4.46,rest,0.5396
21398,9,3,0,0,465,12433646,12434110,4.65,rest,0.5396
14128,26,3,0,0,517,8255035,8255551,5.17,rest,0.5396
13300,25,3,0,0,441,7775932,7776372,4.41,rest,0.5396
14326,26,3,0,0,429,8344133,8344561,4.29,rest,0.5396
18609,6,2,0,0,415,10893142,10893556,4.15,rest,0.5396
1472,11,3,0,0,439,853008,853446,4.39,rest,0.5396
19511,7,2,0,0,555,11387882,11388436,5.55,rest,0.5396
1643,12,2,0,0,286,1046799,1047084,2.86,rest,0.5396
6607,18,2,0,0,556,3898730,3899285,5.56,rest,0.5396
5468,16,3,0,0,550,3172217,3172766,5.5,rest,0.5396
6892,18,3,0,0,284,4025146,4025429,2.84,rest,0.5371
10972,22,3,0,0,459,6408770,6409228,4.59,rest,0.5371
5733,17,2,0,0,570,3395181,3395750,5.7,rest,0.5371
6425,18,2,0,0,535,3822076,3822610,5.35,rest,0.5371
1236,11,3,0,0,391,743653,744043,3.91,rest,0.5371
11856,23,3,0,0,455,6911966,6912420,4.55,rest,0.5371
518,10,3,0,0,485,322281,322765,4.85,rest,0.5371
9522,20,3,0,0,437,5530398,5530834,4.37,rest,0.5371
13163,25,2,0,0,416,7711454,7711869,4.16,rest,0.5371
3058,13,3,0,0,440,1777182,1777621,4.4,rest,0.5371
5178,16,3,0,0,558,3042082,3042639,5.58,rest,0.5371
9943,21,2,0,0,374,5827999,5828372,3.74,rest,0.5371
18334,5,3,0,0,416,10668596,10669011,4.16,rest,0.5371
6074,17,3,0,0,450,3544453,3544902,4.5,rest,0.5371
10433,22,2,0,0,455,6170530,6170984,4.55,rest,0.5371
6581,18,2,0,0,564,3887818,3888381,5.64,rest,0.5371
10597,22,2,0,0,585,6239788,6240372,5.85,rest,0.5371
15844,2,3,0,0,417,9242446,9242862,4.17,rest,0.5371
5528,16,3,0,0,645,3199782,3200426,6.45,rest,0.5371
9015,20,2,0,0,501,5304539,5305039,5.01,rest,0.5371
21155,9,2,0,0,375,12319837,12320211,3.75,rest,0.5371
14064,26,3,0,0,498,8226267,8226764,4.98,rest,0.5371
654,10,3,0,0,483,382893,383375,4.83,rest,0.5371
16510,3,3,0,0,424,9649050,9649473,4.24,rest,0.5371
7044,18,3,0,0,525,4092206,4092730,5.25,rest,0.5371
9041,20,2,0,0,411,5315588,5315998,4.11,rest,0.5371
16877,4,2,0,0,575,9925542,9926116,5.75,rest,0.5371
17175,4,2,0,0,319,10050800,10051118,3.19,rest,0.5371
1935,12,2,0,0,511,1168810,1169320,5.11,rest,0.5347
15140,27,3,0,0,464,8811937,8812400,4.64,rest,0.5347
584,10,3,0,0,428,352013,352440,4.28,rest,0.5347
13610,25,3,0,0,382,7927531,7927912,3.82,rest,0.5347
12540,24,3,0,0,557,7323026,7323582,5.57,rest,0.5347
6577,18,2,0,0,560,3886210,3886769,5.6,rest,0.5347
14892,27,3,0,0,342,8700551,8700892,3.42,rest,0.5347
4913,16,2,0,0,656,2929636,2930291,6.56,rest,0.5347
8273,1,2,0,0,509,4856942,4857450,5.09,rest,0.5347
2449,13,2,0,0,570,1508642,1509211,5.7,rest,0.5347
18072,5,3,0,0,300,10550791,10551090,3.0,rest,0.5347
2972,13,3,0,0,433,1738672,1739104,4.33,rest,0.5347
18194,5,3,0,0,426,10605982,10606407,4.26,rest,0.5347
19960,7,3,0,0,448,11592623,11593070,4.48,rest,0.5347
18222,5,3,0,0,412,10618110,10618521,4.12,rest,0.5347
15754,2,3,0,0,446,9196777,9197222,4.46,rest,0.5347
15756,2,3,0,0,508,9197542,9198049,5.08,rest,0.5347
18226,5,3,0,0,797,10619762,10620558,7.97,rest,0.5347
11026,22,3,0,0,499,6432122,6432620,4.99,rest,0.5347
1492,11,3,0,0,358,861923,862280,3.58,rest,0.5347
1781,12,2,0,0,493,1104448,1104940,4.93,rest,0.5347
7511,19,2,0,0,538,4406721,4407258,5.38,rest,0.5347
11228,22,3,0,0,430,6533837,6534266,4.3,rest,0.5347
7624,19,3,0,0,517,4457497,4458013,5.17,rest,0.5347
11000,22,3,0,0,522,6420816,6421337,5.22,rest,0.5347
3048,13,3,0,0,673,1772807,1773479,6.73,rest,0.5322
20901,9,2,0,0,440,12213262,12213701,4.4,rest,0.5322
15686,2,3,0,0,354,9165512,9165865,3.54,rest,0.5322
16989,4,2,0,0,480,9972678,9973157,4.8,rest,0.5322
15706,2,3,0,0,563,9175244,9175806,5.63,rest,0.5322
10382,21,3,0,0,418,6036388,6036805,4.18,rest,0.5322
9865,21,2,0,0,584,5794835,5795418,5.84,rest,0.5322
10182,21,3,0,0,446,5937056,5937501,4.46,rest,0.5322
12309,24,2,0,0,510,7219931,7220440,5.1,rest,0.5322
17272,4,3,0,0,371,10095328,10095698,3.71,rest,0.5322
3008,13,3,0,0,2420,1753787,1756206,24.2,rest,0.5322
1386,11,3,0,0,480,814044,814523,4.8,rest,0.5322
12231,24,2,0,0,506,7187047,7187552,5.06,rest,0.5298
7130,18,3,0,0,408,4131887,4132294,4.08,rest,0.5298
17366,4,3,0,0,337,10138523,10138859,3.37,rest,0.5298
19720,7,3,0,0,487,11480243,11480729,4.87,rest,0.5298
2772,13,3,0,0,405,1644968,1645372,4.05,rest,0.5298
18252,5,3,0,0,333,10631416,10631748,3.33,rest,0.5298
18735,6,2,0,0,497,10945836,10946332,4.97,rest,0.5298
14008,26,3,0,0,519,8201115,8201633,5.19,rest,0.5298
17526,4,3,0,0,355,10210171,10210525,3.55,rest,0.5298
620,10,3,0,0,432,367627,368058,4.32,rest,0.5298
8564,1,3,0,0,425,4993160,4993584,4.25,rest,0.5298
20502,8,3,0,0,503,11934862,11935364,5.03,rest,0.5298
4740,15,3,0,0,466,2741652,2742117,4.66,rest,0.5298
14673,27,2,0,0,375,8604111,8604485,3.75,rest,0.5298
25,10,2,0,0,419,110783,111201,4.19,rest,0.5298
15738,2,3,0,0,488,9189409,9189896,4.88,rest,0.5298
19126,6,3,0,0,285,11118676,11118960,2.85,rest,0.5298
16259,3,2,0,0,558,9534659,9535216,5.58,rest,0.5298
1238,11,3,0,0,402,744525,744926,4.02,rest,0.5298
9699,21,2,0,0,436,5724775,5725210,4.36,rest,0.5298
13558,25,3,0,0,420,7894323,7894742,4.2,rest,0.5298
8462,1,3,0,0,1793,4941894,4943686,17.93,rest,0.5298
2569,13,2,0,0,351,1559170,1559520,3.51,rest,0.5298
560,10,3,0,0,429,341344,341772,4.29,rest,0.5298
4111,15,2,0,0,587,2452077,2452663,5.87,rest,0.5298
4756,15,3,0,0,409,2753990,2754398,4.09,rest,0.5273
15936,2,3,0,0,383,9285728,9286110,3.83,rest,0.5273
8014,19,3,0,0,518,4647399,4647916,5.18,rest,0.5273
18138,5,3,0,0,455,10579746,10580200,4.55,rest,0.5273
10487,22,2,0,0,684,6193299,6193982,6.84,rest,0.5273
17288,4,3,0,0,380,10103001,10103380,3.8,rest,0.5273
21422,9,3,0,0,545,12444738,12445282,5.45,rest,0.5273
8867,20,2,0,0,488,5241868,5242355,4.88,rest,0.5273
13731,26,2,0,0,572,8082510,8083081,5.72,rest,0.5273
19579,7,2,0,0,373,11416599,11416971,3.73,rest,0.5273
6465,18,2,0,0,513,3838882,3839394,5.13,rest,0.5273
12115,24,2,0,0,596,7138025,7138620,5.96,rest,0.5273
574,10,3,0,0,495,347813,348307,4.95,rest,0.5273
13560,25,3,0,0,375,7895188,7895562,3.75,rest,0.5273
14465,27,2,0,0,549,8516724,8517272,5.49,rest,0.5273
20101,8,2,0,0,492,11764200,11764691,4.92,rest,0.5273
12087,24,2,0,0,468,7126243,7126710,4.68,rest,0.5273
15076,27,3,0,0,381,8782593,8782973,3.81,rest,0.5273
12083,24,2,0,0,547,7124524,7125070,5.47,rest,0.5273
12790,24,3,0,0,471,7443581,7444051,4.71,rest,0.5273
500,10,3,0,0,422,314374,314795,4.22,rest,0.5249
14112,26,3,0,0,514,8248126,8248639,5.14,rest,0.5249
1574,11,3,0,0,461,913664,914124,4.61,rest,0.5249
13151,25,2,0,0,464,7706361,7706824,4.64,rest,0.5249
12542,24,3,0,0,498,7323895,7324392,4.98,rest,0.5249
2910,13,3,0,0,460,1711653,1712112,4.6,rest,0.5249
5532,16,3,0,0,423,3201492,3201914,4.23,rest,0.5249
15638,2,3,0,0,528,9139997,9140524,5.28,rest,0.5249
21149,9,2,0,0,476,12317214,12317689,4.76,rest,0.5249
12061,24,2,0,0,450,7115348,7115797,4.5,rest,0.5249
18092,5,3,0,0,354,10559755,10560108,3.54,rest,0.5249
4810,15,3,0,0,378,2785545,2785922,3.78,rest,0.5249
6850,18,3,0,0,454,4004730,4005183,4.54,rest,0.5249
5791,17,2,0,0,474,3419882,3420355,4.74,rest,0.5249
14589,27,2,0,0,491,8568830,8569320,4.91,rest,0.5249
293,10,2,0,0,444,223183,223626,4.44,rest,0.5249
12929,25,2,0,0,563,7612578,7613140,5.63,rest,0.5249
13867,26,2,0,0,476,8140033,8140508,4.76,rest,0.5249
15728,2,3,0,0,539,9185155,9185693,5.39,rest,0.5249
15590,2,3,0,0,493,9117794,9118286,4.93,rest,0.5249
14070,26,3,0,0,467,8228815,8229281,4.67,rest,0.5249
13031,25,2,0,0,399,7655764,7656162,3.99,rest,0.5249
5436,16,3,0,0,373,3157802,3158174,3.73,rest,0.5249
6380,17,3,0,0,398,3697923,3698320,3.98,rest,0.5249
6429,18,2,0,0,530,3823744,3824273,5.3,rest,0.5249
16662,3,3,0,0,1286,9718276,9719561,12.86,rest,0.5225
13582,25,3,0,0,500,7910594,7911093,5.0,rest,0.5225
9757,21,2,0,0,376,5749369,5749744,3.76,rest,0.5225
11331,23,2,0,0,557,6678405,6678961,5.57,rest,0.5225
1775,12,2,0,0,507,1101944,1102450,5.07,rest,0.5225
16107,3,2,0,0,612,9471037,9471648,6.12,rest,0.5225
12750,24,3,0,0,454,7420205,7420658,4.54,rest,0.5225
14356,26,3,0,0,1182,8357236,8358417,11.82,rest,0.5225
15529,2,2,0,0,555,9092346,9092900,5.55,rest,0.5225
19293,7,2,0,0,453,11296432,11296884,4.53,rest,0.5225
13023,25,2,0,0,291,7652502,7652792,2.91,rest,0.5225
12339,24,2,0,0,395,7232680,7233074,3.95,rest,0.5225
6164,17,3,0,0,457,3587479,3587935,4.57,rest,0.5225
20169,8,2,0,0,625,11792653,11793277,6.25,rest,0.5225
20496,8,3,0,0,495,11932376,11932870,4.95,rest,0.5225
1276,11,3,0,0,507,761656,762162,5.07,rest,0.5225
15730,2,3,0,0,558,9185984,9186541,5.58,rest,0.5225
5639,17,2,0,0,545,3355122,3355666,5.45,rest,0.5225
13184,25,3,0,0,502,7720199,7720700,5.02,rest,0.5225
13998,26,3,0,0,474,8196952,8197425,4.74,rest,0.5225
470,10,3,0,0,434,301681,302114,4.34,rest,0.5225
6058,17,3,0,0,345,3537794,3538138,3.45,rest,0.5225
13392,25,3,0,0,469,7817703,7818171,4.69,rest,0.5225
12668,24,3,0,0,358,7381509,7381866,3.58,rest,0.5225
12544,24,3,0,0,425,7324798,7325222,4.25,rest,0.5225
7074,18,3,0,0,431,4106969,4107399,4.31,rest,0.5225
7301,19,2,0,0,280,4318854,4319133,2.8,rest,0.5225
10070,21,3,0,0,399,5885894,5886292,3.99,rest,0.5225
12732,24,3,0,0,981,7412044,7413024,9.81,rest,0.5225
9857,21,2,0,0,555,5791445,5791999,5.55,rest,0.5225
16022,2,3,0,0,305,9335032,9335336,3.05,rest,0.52
14551,27,2,0,0,509,8552865,8553373,5.09,rest,0.52
13739,26,2,0,0,632,8085885,8086516,6.32,rest,0.52
9887,21,2,0,0,580,5804112,5804691,5.8,rest,0.52
12400,24,3,0,0,606,7259714,7260319,6.06,rest,0.52
3790,14,3,0,0,716,2202115,2202830,7.16,rest,0.52
19836,7,3,0,0,444,11535809,11536252,4.44,rest,0.52
17232,4,3,0,0,520,10076766,10077285,5.2,rest,0.52
7445,19,2,0,0,404,4379115,4379518,4.04,rest,0.52
8632,1,3,0,0,505,5028009,5028513,5.05,rest,0.52
2998,13,3,0,0,536,1749577,1750112,5.36,rest,0.52
14254,26,3,0,0,534,8311122,8311655,5.34,rest,0.52
19080,6,3,0,0,554,11098939,11099492,5.54,rest,0.52
9300,20,3,0,0,542,5428171,5428712,5.42,rest,0.52
9715,21,2,0,0,504,5731480,5731983,5.04,rest,0.52
3938,14,3,0,0,344,2269207,2269550,3.44,rest,0.52
9294,20,3,0,0,509,5425679,5426187,5.09,rest,0.52
3024,13,3,0,0,415,1762398,1762812,4.15,rest,0.52
9883,21,2,0,0,503,5802500,5803002,5.03,rest,0.52
3690,14,3,0,0,2280,2153739,2156018,22.8,rest,0.52
15074,27,3,0,0,423,8781726,8782148,4.23,rest,0.52
5837,17,2,0,0,379,3439284,3439662,3.79,rest,0.52
3916,14,3,0,0,383,2259038,2259420,3.83,rest,0.52
2497,13,2,0,0,603,1528838,1529440,6.03,rest,0.52
2974,13,3,0,0,527,1739404,1739930,5.27,rest,0.52
11429,23,2,0,0,476,6719688,6720163,4.76,rest,0.52
646,10,3,0,0,391,379669,380059,3.91,rest,0.5176
10547,22,2,0,0,727,6218705,6219431,7.27,rest,0.5176
18858,6,3,0,0,462,11001273,11001734,4.62,rest,0.5176
6234,17,3,0,0,722,3619382,3620103,7.22,rest,0.5176
18974,6,3,0,0,362,11053089,11053450,3.62,rest,0.5176
16915,4,2,0,0,407,9941610,9942016,4.07,rest,0.5176
2553,13,2,0,0,383,1552431,1552813,3.83,rest,0.5176
9055,20,2,0,0,458,5321478,5321935,4.58,rest,0.5176
18150,5,3,0,0,437,10585236,10585672,4.37,rest,0.5176
11202,22,3,0,0,474,6519970,6520443,4.74,rest,0.5176
1226,11,3,0,0,511,739454,739964,5.11,rest,0.5176
10864,22,3,0,0,534,6359300,6359833,5.34,rest,0.5176
7886,19,3,0,0,510,4581669,4582178,5.1,rest,0.5176
2284,12,3,0,0,275,1324872,1325146,2.75,rest,0.5176
13222,25,3,0,0,500,7737698,7738197,5.0,rest,0.5176
9370,20,3,0,0,449,5462534,5462982,4.49,rest,0.5176
18370,5,3,0,0,383,10684769,10685151,3.83,rest,0.5176
17935,5,2,0,0,386,10488788,10489173,3.86,rest,0.5176
5236,16,3,0,0,446,3069314,3069759,4.46,rest,0.5176
5915,17,2,0,0,637,3472084,3472720,6.37,rest,0.5176
7792,19,3,0,0,400,4537462,4537861,4.0,rest,0.5176
3519,14,2,0,0,467,2077705,2078171,4.67,rest,0.5176
17161,4,2,0,0,368,10044871,10045238,3.68,rest,0.5176
2372,12,3,0,0,486,1373777,1374262,4.86,rest,0.5176
6042,17,3,0,0,414,3529634,3530047,4.14,rest,0.5176
12271,24,2,0,0,455,7203942,7204396,4.55,rest,0.5176
14314,26,3,0,0,424,8338363,8338786,4.24,rest,0.5176
17847,5,2,0,0,348,10452082,10452429,3.48,rest,0.5176
8578,1,3,0,0,402,4999018,4999419,4.02,rest,0.5176
18866,6,3,0,0,565,11004608,11005172,5.65,rest,0.5176
504,10,3,0,0,429,316473,316901,4.29,rest,0.5151
468,10,3,0,0,473,300804,301276,4.73,rest,0.5151
17145,4,2,0,0,304,10038243,10038546,3.04,rest,0.5151
16865,4,2,0,0,389,9920615,9921003,3.89,rest,0.5151
16887,4,2,0,0,425,9929852,9930276,4.25,rest,0.5151
7028,18,3,0,0,375,4084965,4085339,3.75,rest,0.5151
993,11,2,0,0,383,638547,638929,3.83,rest,0.5151
1943,12,2,0,0,521,1172153,1172673,5.21,rest,0.5151
10609,22,2,0,0,525,6244956,6245480,5.25,rest,0.5151
3992,14,3,0,0,283,2300693,2300975,2.83,rest,0.5151
19672,7,3,0,0,398,11458090,11458487,3.98,rest,0.5151
1476,11,3,0,0,492,854645,855136,4.92,rest,0.5151
15674,2,3,0,0,487,9158150,9158636,4.87,rest,0.5151
9901,21,2,0,0,492,5810126,5810617,4.92,rest,0.5151
1919,12,2,0,0,499,1162135,1162633,4.99,rest,0.5151
5224,16,3,0,0,532,3063318,3063849,5.32,rest,0.5151
21386,9,3,0,0,454,12428532,12428985,4.54,rest,0.5151
14370,26,3,0,0,512,8363729,8364240,5.12,rest,0.5151
9841,21,2,0,0,524,5784727,5785250,5.24,rest,0.5151
11475,23,2,0,0,353,6739117,6739469,3.53,rest,0.5151
9911,21,2,0,0,521,5814334,5814854,5.21,rest,0.5151
19668,7,3,0,0,485,11455703,11456187,4.85,rest,0.5151
11279,23,2,0,0,415,6656516,6656930,4.15,rest,0.5151
4823,16,2,0,0,526,2891940,2892465,5.26,rest,0.5151
12365,24,2,0,0,448,7243612,7244059,4.48,rest,0.5151
15708,2,3,0,0,543,9176089,9176631,5.43,rest,0.5151
12983,25,2,0,0,494,7635434,7635927,4.94,rest,0.5151
4997,16,2,0,0,622,2964869,2965490,6.22,rest,0.5151
9853,21,2,0,0,573,5789756,5790328,5.73,rest,0.5151
11273,23,2,0,0,413,6654010,6654422,4.13,rest,0.5151
1927,12,2,0,0,476,1165526,1166001,4.76,rest,0.5127
17186,4,3,0,0,445,10055206,10055650,4.45,rest,0.5127
16562,3,3,0,0,1618,9672193,9673810,16.18,rest,0.5127
887,11,2,0,0,406,594028,594433,4.06,rest,0.5127
9843,21,2,0,0,485,5785597,5786081,4.85,rest,0.5127
5939,17,2,0,0,393,3482394,3482786,3.93,rest,0.5127
2000,12,3,0,0,514,1198263,1198776,5.14,rest,0.5127
10998,22,3,0,0,540,6419955,6420494,5.4,rest,0.5127
5649,17,2,0,0,559,3359314,3359872,5.59,rest,0.5127
6661,18,2,0,0,371,3921575,3921945,3.71,rest,0.5127
9192,20,3,0,0,473,5380424,5380896,4.73,rest,0.5127
19521,7,2,0,0,425,11392237,11392661,4.25,rest,0.5127
10437,22,2,0,0,509,6172139,6172647,5.09,rest,0.5127
9210,20,3,0,0,513,5388053,5388565,5.13,rest,0.5127
3848,14,3,0,0,387,2228082,2228468,3.87,rest,0.5127
8574,1,3,0,0,449,4997320,4997768,4.49,rest,0.5127
19718,7,3,0,0,465,11479413,11479877,4.65,rest,0.5127
6792,18,3,0,0,378,3978129,3978506,3.78,rest,0.5127
10078,21,3,0,0,427,5889236,5889662,4.27,rest,0.5127
13498,25,3,0,0,452,7865759,7866210,4.52,rest,0.5127
13827,26,2,0,0,528,8123107,8123634,5.28,rest,0.5127
969,11,2,0,0,381,628488,628868,3.81,rest,0.5127
722,10,3,0,0,1176,413659,414834,11.76,rest,0.5127
14956,27,3,0,0,336,8729122,8729457,3.36,rest,0.5127
6340,17,3,0,0,361,3670047,3670407,3.61,rest,0.5127
622,10,3,0,0,1197,368372,369568,11.97,rest,0.5127
9947,21,2,0,0,372,5829696,5830067,3.72,rest,0.5127
9845,21,2,0,0,523,5786426,5786948,5.23,rest,0.5127
3547,14,2,0,0,405,2089516,2089920,4.05,rest,0.5127
10743,22,2,0,0,486,6301449,6301934,4.86,rest,0.5103
14513,27,2,0,0,486,8536952,8537437,4.86,rest,0.5103
16869,4,2,0,0,522,9922309,9922830,5.22,rest,0.5103
2256,12,3,0,0,437,1312612,1313048,4.37,rest,0.5103
337,10,2,0,0,389,241647,242035,3.89,rest,0.5103
14078,26,3,0,0,374,8232957,8233330,3.74,rest,0.5103
2182,12,3,0,0,381,1279275,1279655,3.81,rest,0.5103
20530,8,3,0,0,450,11947028,11947477,4.5,rest,0.5103
8113,1,2,0,0,658,4789758,4790415,6.58,rest,0.5103
17,10,2,0,0,600,107356,107955,6.0,rest,0.5103
18212,5,3,0,0,435,10613950,10614384,4.35,rest,0.5103
6942,18,3,0,0,393,4046983,4047375,3.93,rest,0.5103
16323,3,2,0,0,602,9561440,9562041,6.02,rest,0.5103
13374,25,3,0,0,2193,7808433,7810625,21.93,rest,0.5103
19419,7,2,0,0,458,11349389,11349846,4.58,rest,0.5103
10505,22,2,0,0,523,6200915,6201437,5.23,rest,0.5103
13119,25,2,0,0,535,7692766,7693300,5.35,rest,0.5103
21578,9,3,0,0,367,12516513,12516879,3.67,rest,0.5103
13570,25,3,0,0,422,7899406,7899827,4.22,rest,0.5103
7008,18,3,0,0,374,4075835,4076208,3.74,rest,0.5103
3309,14,2,0,0,536,1989559,1990094,5.36,rest,0.5103
16361,3,2,0,0,473,9577438,9577910,4.73,rest,0.5103
21200,9,3,0,0,559,12338397,12338955,5.59,rest,0.5103
6910,18,3,0,0,426,4032650,4033075,4.26,rest,0.5103
12624,24,3,0,0,516,7360561,7361076,5.16,rest,0.5103
15329,2,2,0,0,496,9008665,9009160,4.96,rest,0.5103
5889,17,2,0,0,456,3461217,3461672,4.56,rest,0.5103
18190,5,3,0,0,380,10604322,10604701,3.8,rest,0.5103
13173,25,2,0,0,440,7715639,7716078,4.4,rest,0.5103
15379,2,2,0,0,562,9029617,9030178,5.62,rest,0.5103
15752,2,3,0,0,445,9195941,9196385,4.45,rest,0.5103
14942,27,3,0,0,472,8723146,8723617,4.72,rest,0.5103
1500,11,3,0,0,400,865205,865604,4.0,rest,0.5078
8155,1,2,0,0,580,4807468,4808047,5.8,rest,0.5078
5972,17,3,0,0,529,3496095,3496623,5.29,rest,0.5078
2461,13,2,0,0,542,1513703,1514244,5.42,rest,0.5078
3355,14,2,0,0,533,2008854,2009386,5.33,rest,0.5078
13909,26,2,0,0,586,8157687,8158272,5.86,rest,0.5078
4957,16,2,0,0,618,2948087,2948704,6.18,rest,0.5078
16247,3,2,0,0,527,9529670,9530196,5.27,rest,0.5078
16117,3,2,0,0,552,9475238,9475789,5.52,rest,0.5078
5384,16,3,0,0,390,3134181,3134570,3.9,rest,0.5078
5294,16,3,0,0,489,3095202,3095690,4.89,rest,0.5078
10613,22,2,0,0,502,6246632,6247133,5.02,rest,0.5078
2002,12,3,0,0,463,1199191,1199653,4.63,rest,0.5078
15080,27,3,0,0,429,8784971,8785399,4.29,rest,0.5078
11387,23,2,0,0,385,6702135,6702519,3.85,rest,0.5078
1669,12,2,0,0,478,1057539,1058016,4.78,rest,0.5078
7495,19,2,0,0,305,4400238,4400542,3.05,rest,0.5078
3824,14,3,0,0,342,2217369,2217710,3.42,rest,0.5078
9681,21,2,0,0,534,5717049,5717582,5.34,rest,0.5078
1190,11,3,0,0,499,722541,723039,4.99,rest,0.5078
13053,25,2,0,0,422,7665024,7665445,4.22,rest,0.5078
12053,24,2,0,0,408,7111981,7112388,4.08,rest,0.5078
11588,23,3,0,0,463,6786466,6786928,4.63,rest,0.5078
9364,20,3,0,0,1342,5459154,5460495,13.42,rest,0.5078
7070,18,3,0,0,396,4105325,4105720,3.96,rest,0.5078
16853,4,2,0,0,436,9915547,9915982,4.36,rest,0.5078
12045,24,2,0,0,412,7108570,7108981,4.12,rest,0.5078
5031,16,2,0,0,541,2978988,2979528,5.41,rest,0.5078
16965,4,2,0,0,539,9962566,9963104,5.39,rest,0.5078
10154,21,3,0,0,448,5924792,5925239,4.48,rest,0.5054
6603,18,2,0,0,530,3897070,3897599,5.3,rest,0.5054
10445,22,2,0,0,522,6175539,6176060,5.22,rest,0.5054
2176,12,3,0,0,447,1276663,1277109,4.47,rest,0.5054
5288,16,3,0,0,404,3092750,3093153,4.04,rest,0.5054
14384,26,3,0,0,480,8374435,8374914,4.8,rest,0.5054
388,10,3,0,0,468,264200,264667,4.68,rest,0.5054
5492,16,3,0,0,480,3183139,3183618,4.8,rest,0.5054
1956,12,3,0,0,527,1177482,1178008,5.27,rest,0.5054
9418,20,3,0,0,458,5482981,5483438,4.58,rest,0.5054
21396,9,3,0,0,466,12432811,12433276,4.66,rest,0.5054
18234,5,3,0,0,420,10623339,10623758,4.2,rest,0.5054
576,10,3,0,0,427,348596,349022,4.27,rest,0.5054
662,10,3,0,0,1368,386198,387565,13.68,rest,0.5054
20474,8,3,0,0,488,11922705,11923192,4.88,rest,0.5054
6695,18,2,0,0,577,3935655,3936231,5.77,rest,0.5054
14455,27,2,0,0,283,8512701,8512983,2.83,rest,0.5054
4103,15,2,0,0,517,2448731,2449247,5.17,rest,0.5054
13927,26,2,0,0,566,8165364,8165929,5.66,rest,0.5054
594,10,3,0,0,467,356253,356719,4.67,rest,0.5054
81,10,2,0,0,505,134272,134776,5.05,rest,0.5054
3130,13,3,0,0,386,1809325,1809710,3.86,rest,0.5054
5364,16,3,0,0,356,3125566,3125921,3.56,rest,0.5054
5003,16,2,0,0,589,2967377,2967965,5.89,rest,0.5054
14366,26,3,0,0,482,8362040,8362521,4.82,rest,0.5054
10272,21,3,0,0,416,5980122,5980537,4.16,rest,0.5054
10483,22,2,0,0,565,6191538,6192102,5.65,rest,0.5054
15636,2,3,0,0,515,9139170,9139684,5.15,rest,0.5054
19353,7,2,0,0,581,11321574,11322154,5.81,rest,0.5054
11567,23,2,0,0,383,6777814,6778196,3.83,rest,0.5054
2551,13,2,0,0,539,1551471,1552009,5.39,rest,0.5029
19716,7,3,0,0,496,11478567,11479062,4.96,rest,0.5029
6198,17,3,0,0,383,3603228,3603610,3.83,rest,0.5029
7042,18,3,0,0,384,4091397,4091780,3.84,rest,0.5029
11313,23,2,0,0,440,6670860,6671299,4.4,rest,0.5029
14286,26,3,0,0,496,8325954,8326449,4.96,rest,0.5029
490,10,3,0,0,434,310164,310597,4.34,rest,0.5029
7582,19,3,0,0,408,4437470,4437877,4.08,rest,0.5029
15012,27,3,0,0,382,8753357,8753738,3.82,rest,0.5029
5342,16,3,0,0,536,3116140,3116675,5.36,rest,0.5029
19946,7,3,0,0,395,11586163,11586557,3.95,rest,0.5029
10068,21,3,0,0,339,5885126,5885464,3.39,rest,0.5029
4883,16,2,0,0,552,2917074,2917625,5.52,rest,0.5029
16257,3,2,0,0,601,9533778,9534378,6.01,rest,0.5029
526,10,3,0,0,497,326108,326604,4.97,rest,0.5029
20576,8,3,0,0,369,11967168,11967536,3.69,rest,0.5029
10768,22,3,0,0,509,6311991,6312499,5.09,rest,0.5029
17009,4,2,0,0,403,9981117,9981519,4.03,rest,0.5029
9448,20,3,0,0,443,5497175,5497617,4.43,rest,0.5029
1709,12,2,0,0,448,1074329,1074776,4.48,rest,0.5029
14671,27,2,0,0,388,8603272,8603659,3.88,rest,0.5029
19222,6,3,0,0,293,11162166,11162458,2.93,rest,0.5029
12949,25,2,0,0,547,7620950,7621496,5.47,rest,0.5029
13316,25,3,0,0,437,7782788,7783224,4.37,rest,0.5029
13308,25,3,0,0,417,7779307,7779723,4.17,rest,0.5029
19632,7,3,0,0,411,11439931,11440341,4.11,rest,0.5029
12299,24,2,0,0,505,7215674,7216178,5.05,rest,0.5029
18250,5,3,0,0,437,10630507,10630943,4.37,rest,0.5005
16993,4,2,0,0,527,9974291,9974817,5.27,rest,0.5005
12287,24,2,0,0,489,7210662,7211150,4.89,rest,0.5005
5723,17,2,0,0,588,3390882,3391469,5.88,rest,0.5005
13089,25,2,0,0,460,7680169,7680628,4.6,rest,0.5005
13256,25,3,0,0,431,7753524,7753954,4.31,rest,0.5005
14222,26,3,0,0,576,8297307,8297882,5.76,rest,0.5005
323,10,2,0,0,484,235743,236226,4.84,rest,0.5005
14547,27,2,0,0,611,8551143,8551753,6.11,rest,0.5005
309,10,2,0,0,458,229887,230344,4.58,rest,0.5005
17528,4,3,0,0,358,10210995,10211352,3.58,rest,0.5005
12075,24,2,0,0,447,7121230,7121676,4.47,rest,0.5005
14132,26,3,0,0,518,8256738,8257255,5.18,rest,0.5005
18228,5,3,0,0,462,10620885,10621346,4.62,rest,0.5005
11455,23,2,0,0,415,6730665,6731079,4.15,rest,0.5005
15377,2,2,0,0,515,9028769,9029283,5.15,rest,0.5005
13133,25,2,0,0,521,7698736,7699256,5.21,rest,0.5005
3758,14,3,0,0,408,2188142,2188549,4.08,rest,0.5005
13049,25,2,0,0,377,7663348,7663724,3.77,rest,0.5005
554,10,3,0,0,410,338842,339251,4.1,rest,0.5005
20999,9,2,0,0,536,12254289,12254824,5.36,rest,0.5005
20714,8,3,0,0,470,12027625,12028094,4.7,rest,0.5005
20778,8,3,0,0,447,12056113,12056559,4.47,rest,0.5005
1186,11,3,0,0,303,721032,721334,3.03,rest,0.498
13727,26,2,0,0,583,8080783,8081365,5.83,rest,0.498
12099,24,2,0,0,494,7131355,7131848,4.94,rest,0.498
9430,20,3,0,0,499,5488775,5489273,4.99,rest,0.498
15826,2,3,0,0,481,9233714,9234194,4.81,rest,0.498
12143,24,2,0,0,593,7149783,7150375,5.93,rest,0.498
10733,22,2,0,0,431,6297307,6297737,4.31,rest,0.498
15,10,2,0,0,572,106516,107087,5.72,rest,0.498
20758,8,3,0,0,446,12047111,12047556,4.46,rest,0.498
1466,11,3,0,0,446,850493,850938,4.46,rest,0.498
9805,21,2,0,0,467,5769667,5770133,4.67,rest,0.498
7441,19,2,0,0,367,4377494,4377860,3.67,rest,0.498
19800,7,3,0,0,448,11519117,11519564,4.48,rest,0.498
9005,20,2,0,0,457,5300393,5300849,4.57,rest,0.498
14320,26,3,0,0,544,8341505,8342048,5.44,rest,0.498
13169,25,2,0,0,506,7713928,7714433,5.06,rest,0.498
21129,9,2,0,0,526,12308765,12309290,5.26,rest,0.498
438,10,3,0,0,523,286759,287281,5.23,rest,0.498
11076,22,3,0,0,478,6456288,6456765,4.78,rest,0.498
532,10,3,0,0,492,328639,329130,4.92,rest,0.498
1725,12,2,0,0,668,1080863,1081530,6.68,rest,0.498
15202,27,3,0,0,486,8851889,8852374,4.86,rest,0.498
5956,17,3,0,0,437,3489517,3489953,4.37,rest,0.498
19020,6,3,0,0,442,11072918,11073359,4.42,rest,0.498
14447,27,2,0,0,242,8509398,8509639,2.42,rest,0.498
10360,21,3,0,0,357,6020678,6021034,3.57,rest,0.498
7828,19,3,0,0,352,4554076,4554427,3.52,rest,0.498
9859,21,2,0,0,492,5792351,5792842,4.92,rest,0.498
9913,21,2,0,0,623,5815212,5815834,6.23,rest,0.498
19471,7,2,0,0,517,11371115,11371631,5.17,rest,0.4956
16895,4,2,0,0,499,9933100,9933598,4.99,rest,0.4956
6565,18,2,0,0,474,3881132,3881605,4.74,rest,0.4956
14310,26,3,0,0,482,8336667,8337148,4.82,rest,0.4956
15172,27,3,0,0,395,8826092,8826486,3.95,rest,0.4956
20594,8,3,0,0,445,11975138,11975582,4.45,rest,0.4956
9091,20,2,0,0,512,5336698,5337209,5.12,rest,0.4956
1306,11,3,0,0,504,776584,777087,5.04,rest,0.4956
2020,12,3,0,0,465,1207509,1207973,4.65,rest,0.4956
15890,2,3,0,0,514,9264102,9264615,5.14,rest,0.4956
466,10,3,0,0,343,300119,300461,3.43,rest,0.4956
14848,27,3,0,0,560,8680690,8681249,5.6,rest,0.4956
5043,16,2,0,0,507,2984114,2984620,5.07,rest,0.4956
5645,17,2,0,0,549,3357651,3358199,5.49,rest,0.4956
10960,22,3,0,0,407,6403705,6404111,4.07,rest,0.4956
15399,2,2,0,0,573,9037969,9038541,5.73,rest,0.4956
19884,7,3,0,0,386,11557588,11557973,3.86,rest,0.4956
9727,21,2,0,0,500,5736573,5737072,5.0,rest,0.4956
6834,18,3,0,0,360,3997558,3997917,3.6,rest,0.4956
9079,20,2,0,0,450,5331684,5332133,4.5,rest,0.4956
1931,12,2,0,0,476,1167151,1167626,4.76,rest,0.4956
5865,17,2,0,0,531,3450963,3451493,5.31,rest,0.4932
5300,16,3,0,0,582,3097474,3098055,5.82,rest,0.4932
6491,18,2,0,0,517,3849912,3850428,5.17,rest,0.4932
10212,21,3,0,0,432,5950071,5950502,4.32,rest,0.4932
16365,3,2,0,0,490,9579079,9579568,4.9,rest,0.4932
14591,27,2,0,0,247,8569876,8570122,2.47,rest,0.4932
2308,12,3,0,0,316,1336101,1336416,3.16,rest,0.4932
4010,14,3,0,0,249,2308239,2308487,2.49,rest,0.4932
8656,1,3,0,0,486,5038968,5039453,4.86,rest,0.4932
2196,12,3,0,0,418,1285697,1286114,4.18,rest,0.4932
20650,8,3,0,0,525,11998900,11999424,5.25,rest,0.4932
19437,7,2,0,0,595,11356836,11357430,5.95,rest,0.4932
7678,19,3,0,0,581,4483316,4483896,5.81,rest,0.4932
21404,9,3,0,0,423,12436180,12436602,4.23,rest,0.4932
2629,13,2,0,0,591,1584129,1584719,5.91,rest,0.4932
544,10,3,0,0,275,334776,335050,2.75,rest,0.4932
20552,8,3,0,0,538,11956507,11957044,5.38,rest,0.4932
14437,27,2,0,0,424,8505099,8505522,4.24,rest,0.4932
10910,22,3,0,0,426,6380767,6381192,4.26,rest,0.4932
13602,25,3,0,0,346,7924203,7924548,3.46,rest,0.4932
19375,7,2,0,0,533,11330878,11331410,5.33,rest,0.4932
11249,23,2,0,0,484,6643936,6644419,4.84,rest,0.4932
14998,27,3,0,0,479,8747509,8747987,4.79,rest,0.4932
5340,16,3,0,0,521,3115343,3115863,5.21,rest,0.4932
1958,12,3,0,0,444,1178383,1178826,4.44,rest,0.4932
19022,6,3,0,0,398,11073761,11074158,3.98,rest,0.4932
21420,9,3,0,0,566,12443853,12444418,5.66,rest,0.4932
2830,13,3,0,0,424,1673169,1673592,4.24,rest,0.4932
17097,4,2,0,0,537,10017867,10018403,5.37,rest,0.4932
2032,12,3,0,0,450,1213196,1213645,4.5,rest,0.4932
15483,2,2,0,0,462,9073124,9073585,4.62,rest,0.4932
4885,16,2,0,0,527,2917932,2918458,5.27,rest,0.4932
18220,5,3,0,0,460,10617291,10617750,4.6,rest,0.4907
10749,22,2,0,0,485,6303952,6304436,4.85,rest,0.4907
5184,16,3,0,0,397,3044700,3045096,3.97,rest,0.4907
1156,11,3,0,0,437,706700,707136,4.37,rest,0.4907
9049,20,2,0,0,425,5318958,5319382,4.25,rest,0.4907
20774,8,3,0,0,415,12054494,12054908,4.15,rest,0.4907
21510,9,3,0,0,427,12485703,12486129,4.27,rest,0.4907
19874,7,3,0,0,390,11553457,11553846,3.9,rest,0.4907
13819,26,2,0,0,491,8119776,8120266,4.91,rest,0.4907
7684,19,3,0,0,425,4486343,4486767,4.25,rest,0.4907
15724,2,3,0,0,469,9183553,9184021,4.69,rest,0.4907
9390,20,3,0,0,416,5471093,5471508,4.16,rest,0.4907
15014,27,3,0,0,444,8754171,8754614,4.44,rest,0.4907
6631,18,2,0,0,503,3908796,3909298,5.03,rest,0.4907
12175,24,2,0,0,617,7163379,7163995,6.17,rest,0.4907
2766,13,3,0,0,477,1641423,1641899,4.77,rest,0.4907
10493,22,2,0,0,525,6195857,6196381,5.25,rest,0.4907
19154,6,3,0,0,552,11131671,11132222,5.52,rest,0.4907
8275,1,2,0,0,545,4857761,4858305,5.45,rest,0.4907
5984,17,3,0,0,431,3502761,3503191,4.31,rest,0.4907
3253,14,2,0,0,379,1966141,1966519,3.79,rest,0.4907
2754,13,3,0,0,435,1636474,1636908,4.35,rest,0.4883
13332,25,3,0,0,462,7789516,7789977,4.62,rest,0.4883
13180,25,3,0,0,498,7718510,7719007,4.98,rest,0.4883
13129,25,2,0,0,529,7696997,7697525,5.29,rest,0.4883
9851,21,2,0,0,563,5788918,5789480,5.63,rest,0.4883
14250,26,3,0,0,592,8309387,8309978,5.92,rest,0.4883
15058,27,3,0,0,989,8774515,8775503,9.89,rest,0.4883
19295,7,2,0,0,544,11297228,11297771,5.44,rest,0.4883
10475,22,2,0,0,507,6188213,6188719,5.07,rest,0.4883
18418,5,3,0,0,373,10710483,10710855,3.73,rest,0.4883
10028,21,3,0,0,518,5866544,5867061,5.18,rest,0.4883
5005,16,2,0,0,581,2968177,2968757,5.81,rest,0.4883
10808,22,3,0,0,1362,6330645,6332006,13.62,rest,0.4883
15910,2,3,0,0,552,9273636,9274187,5.52,rest,0.4883
7541,19,2,0,0,440,4419409,4419848,4.4,rest,0.4883
10868,22,3,0,0,1286,6361071,6362356,12.86,rest,0.4883
5739,17,2,0,0,323,3397999,3398321,3.23,rest,0.4883
971,11,2,0,0,388,629341,629728,3.88,rest,0.4883
4817,16,2,0,0,438,2889497,2889934,4.38,rest,0.4883
13973,26,2,0,0,519,8184789,8185307,5.19,rest,0.4883
3489,14,2,0,0,589,2065020,2065608,5.89,rest,0.4883
3545,14,2,0,0,329,2088708,2089036,3.29,rest,0.4883
20620,8,3,0,0,398,11986118,11986515,3.98,rest,0.4883
17548,4,3,0,0,399,10219858,10220256,3.99,rest,0.4883
10651,22,2,0,0,476,6262646,6263121,4.76,rest,0.4883
19722,7,3,0,0,505,11481065,11481569,5.05,rest,0.4883
4207,15,2,0,0,415,2492792,2493206,4.15,rest,0.4883
10786,22,3,0,0,565,6319367,6319931,5.65,rest,0.4883
7539,19,2,0,0,463,4418536,4418998,4.63,rest,0.4883
2300,12,3,0,0,407,1332073,1332479,4.07,rest,0.4883
506,10,3,0,0,463,317253,317715,4.63,rest,0.4883
7373,19,2,0,0,440,4349039,4349478,4.4,rest,0.4883
17270,4,3,0,0,393,10094498,10094890,3.93,rest,0.4858
1929,12,2,0,0,467,1166344,1166810,4.67,rest,0.4858
1903,12,2,0,0,550,1155382,1155931,5.5,rest,0.4858
19349,7,2,0,0,665,11319825,11320489,6.65,rest,0.4858
14116,26,3,0,0,711,8249860,8250570,7.11,rest,0.4858
9994,21,3,0,0,529,5850463,5850991,5.29,rest,0.4858
12335,24,2,0,0,401,7231060,7231460,4.01,rest,0.4858
315,10,2,0,0,400,232406,232805,4.0,rest,0.4858
14256,26,3,0,0,1413,8312050,8313462,14.13,rest,0.4858
5129,16,2,0,0,475,3020194,3020668,4.75,rest,0.4858
1502,11,3,0,0,432,866005,866436,4.32,rest,0.4858
12778,24,3,0,0,379,7438614,7438992,3.79,rest,0.4858
11022,22,3,0,0,497,6430433,6430929,4.97,rest,0.4858
14156,26,3,0,0,2249,8267027,8269275,22.49,rest,0.4858
1769,12,2,0,0,440,1099477,1099916,4.4,rest,0.4858
15938,2,3,0,0,366,9286577,9286942,3.66,rest,0.4858
7022,18,3,0,0,350,4082460,4082809,3.5,rest,0.4858
19421,7,2,0,0,473,11350236,11350708,4.73,rest,0.4858
14808,27,3,0,0,452,8661620,8662071,4.52,rest,0.4858
19507,7,2,0,0,419,11386335,11386753,4.19,rest,0.4858
15086,27,3,0,0,414,8787487,8787900,4.14,rest,0.4858
10782,22,3,0,0,573,6317695,6318267,5.73,rest,0.4858
17378,4,3,0,0,413,10143431,10143843,4.13,rest,0.4858
344,10,3,0,0,410,244525,244934,4.1,rest,0.4858
16790,3,3,0,0,566,9781598,9782163,5.66,rest,0.4858
6032,17,3,0,0,529,3524373,3524901,5.29,rest,0.4858
15774,2,3,0,0,425,9206138,9206562,4.25,rest,0.4858
9939,21,2,0,0,393,5826301,5826693,3.93,rest,0.4858
14521,27,2,0,0,408,8540327,8540734,4.08,rest,0.4858
9013,20,2,0,0,478,5303727,5304204,4.78,rest,0.4858
12608,24,3,0,0,562,7353638,7354199,5.62,rest,0.4858
4833,16,2,0,0,508,2896186,2896693,5.08,rest,0.4858
5659,17,2,0,0,388,3363689,3364076,3.88,rest,0.4858
5147,16,2,0,0,504,3027692,3028195,5.04,rest,0.4858
20724,8,3,0,0,314,12031990,12032303,3.14,rest,0.4858
2206,12,3,0,0,995,1289829,1290823,9.95,rest,0.4858
17532,4,3,0,0,331,10212687,10213017,3.31,rest,0.4834
981,11,2,0,0,385,633520,633904,3.85,rest,0.4834
13550,25,3,0,0,482,7889507,7889988,4.82,rest,0.4834
12897,25,2,0,0,492,7599119,7599610,4.92,rest,0.4834
16211,3,2,0,0,547,9514616,9515162,5.47,rest,0.4834
329,10,2,0,0,484,238194,238677,4.84,rest,0.4834
9685,21,2,0,0,560,5718751,5719310,5.6,rest,0.4834
12285,24,2,0,0,394,7209872,7210265,3.94,rest,0.4834
1588,11,3,0,0,414,922843,923256,4.14,rest,0.4834
674,10,3,0,0,279,392229,392507,2.79,rest,0.4834
16979,4,2,0,0,603,9968400,9969002,6.03,rest,0.4834
13502,25,3,0,0,382,7867560,7867941,3.82,rest,0.4834
16303,3,2,0,0,601,9553037,9553637,6.01,rest,0.4834
710,10,3,0,0,349,408597,408945,3.49,rest,0.4834
18082,5,3,0,0,400,10554823,10555222,4.0,rest,0.4834
9653,21,2,0,0,446,5705298,5705743,4.46,rest,0.4834
317,10,2,0,0,443,233198,233640,4.43,rest,0.4834
15004,27,3,0,0,393,8749983,8750375,3.93,rest,0.4834
253,10,2,0,0,604,206250,206853,6.04,rest,0.4834
8554,1,3,0,0,498,4987692,4988189,4.98,rest,0.4834
7866,19,3,0,0,422,4572219,4572640,4.22,rest,0.4834
13246,25,3,0,0,482,7748590,7749071,4.82,rest,0.4834
8199,1,2,0,0,491,4825952,4826442,4.91,rest,0.4834
9510,20,3,0,0,424,5525352,5525775,4.24,rest,0.4834
8544,1,3,0,0,450,4983548,4983997,4.5,rest,0.4834
5011,16,2,0,0,520,2970704,2971223,5.2,rest,0.4834
7271,19,2,0,0,385,4306184,4306568,3.85,rest,0.4834
5105,16,2,0,0,584,3010040,3010623,5.84,rest,0.4834
21121,9,2,0,0,538,12305397,12305934,5.38,rest,0.4834
18040,5,3,0,0,441,10534136,10534576,4.41,rest,0.4834
9232,20,3,0,0,432,5398136,5398567,4.32,rest,0.4834
7842,19,3,0,0,441,4560609,4561049,4.41,rest,0.4834
9789,21,2,0,0,470,5762915,5763384,4.7,rest,0.4834
21302,9,3,0,0,406,12389731,12390136,4.06,rest,0.4834
4402,15,3,0,0,472,2579307,2579778,4.72,rest,0.481
14976,27,3,0,0,473,8737924,8738396,4.73,rest,0.481
16255,3,2,0,0,556,9533026,9533581,5.56,rest,0.481
10447,22,2,0,0,648,6176363,6177010,6.48,rest,0.481
16885,4,2,0,0,475,9928968,9929442,4.75,rest,0.481
7914,19,3,0,0,430,4594394,4594823,4.3,rest,0.481
5390,16,3,0,0,412,3136698,3137109,4.12,rest,0.481
16329,3,2,0,0,579,9563948,9564526,5.79,rest,0.481
1707,12,2,0,0,419,1073492,1073910,4.19,rest,0.481
10390,21,3,0,0,486,6044343,6044828,4.86,rest,0.481
11357,23,2,0,0,388,6689438,6689825,3.88,rest,0.481
13127,25,2,0,0,482,7696192,7696673,4.82,rest,0.481
2968,13,3,0,0,752,1736790,1737541,7.52,rest,0.481
19894,7,3,0,0,498,11562129,11562626,4.98,rest,0.481
5937,17,2,0,0,371,3481567,3481937,3.71,rest,0.481
19449,7,2,0,0,493,11361952,11362444,4.93,rest,0.481
15088,27,3,0,0,456,8788306,8788761,4.56,rest,0.481
1234,11,3,0,0,466,742799,743264,4.66,rest,0.481
11224,22,3,0,0,371,6532248,6532618,3.71,rest,0.481
664,10,3,0,0,427,387939,388365,4.27,rest,0.481
5877,17,2,0,0,525,3456059,3456583,5.25,rest,0.481
2864,13,3,0,0,257,1689715,1689971,2.57,rest,0.481
18771,6,2,0,0,390,10960999,10961388,3.9,rest,0.481
5919,17,2,0,0,457,3473928,3474384,4.57,rest,0.481
15156,27,3,0,0,685,8818495,8819179,6.85,rest,0.481
20834,8,3,0,0,396,12084380,12084775,3.96,rest,0.481
14004,26,3,0,0,523,8199436,8199958,5.23,rest,0.4785
4337,15,2,0,0,417,2547688,2548104,4.17,rest,0.4785
9990,21,3,0,0,509,5848771,5849279,5.09,rest,0.4785
6318,17,3,0,0,460,3660006,3660465,4.6,rest,0.4785
10906,22,3,0,0,530,6378428,6378957,5.3,rest,0.4785
3166,13,3,0,0,431,1825805,1826235,4.31,rest,0.4785
14108,26,3,0,0,557,8246418,8246974,5.57,rest,0.4785
9282,20,3,0,0,445,5420302,5420746,4.45,rest,0.4785
19948,7,3,0,0,403,11586991,11587393,4.03,rest,0.4785
6096,17,3,0,0,1239,3554317,3555555,12.39,rest,0.4785
14124,26,3,0,0,541,8253333,8253873,5.41,rest,0.4785
2750,13,3,0,0,477,1634789,1635265,4.77,rest,0.4785
12951,25,2,0,0,532,7621835,7622366,5.32,rest,0.4785
10084,21,3,0,0,457,5891795,5892251,4.57,rest,0.4785
995,11,2,0,0,359,639421,639779,3.59,rest,0.4785
11425,23,2,0,0,395,6718097,6718491,3.95,rest,0.4785
12730,24,3,0,0,522,7411248,7411769,5.22,rest,0.4785
14503,27,2,0,0,546,8532679,8533224,5.46,rest,0.4785
7658,19,3,0,0,328,4474267,4474594,3.28,rest,0.4785
10392,21,3,0,0,483,6045190,6045672,4.83,rest,0.4785
13510,25,3,0,0,254,7871035,7871288,2.54,rest,0.4785
865,11,2,0,0,450,584767,585216,4.5,rest,0.4785
9514,20,3,0,0,449,5527027,5527475,4.49,rest,0.4785
19355,7,2,0,0,564,11322416,11322979,5.64,rest,0.4785
19435,7,2,0,0,513,11356087,11356599,5.13,rest,0.4785
10136,21,3,0,0,472,5916270,5916741,4.72,rest,0.4785
11904,23,3,0,0,296,6933495,6933790,2.96,rest,0.4785
4011,15,2,0,0,416,2409996,2410411,4.16,rest,0.4785
14102,26,3,0,0,444,8243954,8244397,4.44,rest,0.4785
13190,25,3,0,0,449,7722737,7723185,4.49,rest,0.4785
5162,16,3,0,0,541,3033823,3034363,5.41,rest,0.4761
9396,20,3,0,0,474,5473614,5474087,4.74,rest,0.4761
7876,19,3,0,0,422,4576445,4576866,4.22,rest,0.4761
6852,18,3,0,0,503,4005576,4006078,5.03,rest,0.4761
5673,17,2,0,0,529,3369502,3370030,5.29,rest,0.4761
11401,23,2,0,0,381,6707973,6708353,3.81,rest,0.4761
10778,22,3,0,0,509,6316077,6316585,5.09,rest,0.4761
424,10,3,0,0,417,281021,281437,4.17,rest,0.4761
12039,24,2,0,0,451,7106029,7106479,4.51,rest,0.4761
9661,21,2,0,0,468,5708630,5709097,4.68,rest,0.4761
13264,25,3,0,0,402,7756924,7757325,4.02,rest,0.4761
5923,17,2,0,0,443,3475652,3476094,4.43,rest,0.4761
8760,1,3,0,0,295,5090505,5090799,2.95,rest,0.4761
16842,3,3,0,0,327,9810277,9810603,3.27,rest,0.4761
3644,14,3,0,0,429,2133055,2133483,4.29,rest,0.4761
20764,8,3,0,0,447,12049616,12050062,4.47,rest,0.4761
16369,3,2,0,0,479,9580779,9581257,4.79,rest,0.4761
18398,5,3,0,0,366,10699014,10699379,3.66,rest,0.4761
19467,7,2,0,0,530,11369432,11369961,5.3,rest,0.4761
827,11,2,0,0,436,568833,569268,4.36,rest,0.4761
5292,16,3,0,0,260,3094432,3094691,2.6,rest,0.4761
19347,7,2,0,0,620,11319007,11319626,6.2,rest,0.4761
20995,9,2,0,0,550,12252657,12253206,5.5,rest,0.4761
10852,22,3,0,0,431,6354365,6354795,4.31,rest,0.4761
15337,2,2,0,0,475,9012049,9012523,4.75,rest,0.4761
9003,20,2,0,0,507,5299533,5300039,5.07,rest,0.4761
3872,14,3,0,0,255,2239662,2239916,2.55,rest,0.4761
648,10,3,0,0,438,380402,380839,4.38,rest,0.4761
20534,8,3,0,0,411,11948992,11949402,4.11,rest,0.4761
13801,26,2,0,0,487,8112242,8112728,4.87,rest,0.4761
7946,19,3,0,0,419,4609451,4609869,4.19,rest,0.4761
5631,17,2,0,0,582,3351755,3352336,5.82,rest,0.4761
19425,7,2,0,0,376,11351972,11352347,3.76,rest,0.4761
15487,2,2,0,0,502,9074779,9075280,5.02,rest,0.4761
10148,21,3,0,0,403,5922303,5922705,4.03,rest,0.4736
11431,23,2,0,0,303,6720658,6720960,3.03,rest,0.4736
12466,24,3,0,0,573,7289083,7289655,5.73,rest,0.4736
428,10,3,0,0,446,282699,283144,4.46,rest,0.4736
6944,18,3,0,0,326,4047912,4048237,3.26,rest,0.4736
20694,8,3,0,0,476,12018913,12019388,4.76,rest,0.4736
13167,25,2,0,0,490,7713099,7713588,4.9,rest,0.4736
18224,5,3,0,0,437,10618967,10619403,4.37,rest,0.4736
6818,18,3,0,0,1414,3989920,3991333,14.14,rest,0.4736
2956,13,3,0,0,478,1731850,1732327,4.78,rest,0.4736
3313,14,2,0,0,483,1991274,1991756,4.83,rest,0.4736
13013,25,2,0,0,433,7648165,7648597,4.33,rest,0.4736
979,11,2,0,0,387,632714,633100,3.87,rest,0.4736
16702,3,3,0,0,1216,9736738,9737953,12.16,rest,0.4736
3768,14,3,0,0,363,2192389,2192751,3.63,rest,0.4736
16267,3,2,0,0,645,9537941,9538585,6.45,rest,0.4736
11100,22,3,0,0,463,6467048,6467510,4.63,rest,0.4736
14194,26,3,0,0,507,8285136,8285642,5.07,rest,0.4736
15146,27,3,0,0,267,8814624,8814890,2.67,rest,0.4736
19834,7,3,0,0,477,11534975,11535451,4.77,rest,0.4736
18874,6,3,0,0,487,11008172,11008658,4.87,rest,0.4736
2645,13,2,0,0,618,1590810,1591427,6.18,rest,0.4736
15776,2,3,0,0,409,9206964,9207372,4.09,rest,0.4736
10727,22,2,0,0,659,6294612,6295270,6.59,rest,0.4736
18288,5,3,0,0,459,10647330,10647788,4.59,rest,0.4736
8333,1,2,0,0,554,4882112,4882665,5.54,rest,0.4736
7690,19,3,0,0,318,4488994,4489311,3.18,rest,0.4736
8758,1,3,0,0,430,5089625,5090054,4.3,rest,0.4712
12189,24,2,0,0,460,7169435,7169894,4.6,rest,0.4712
6996,18,3,0,0,487,4070149,4070635,4.87,rest,0.4712
19934,7,3,0,0,433,11581115,11581547,4.33,rest,0.4712
83,10,2,0,0,461,135162,135622,4.61,rest,0.4712
17105,4,2,0,0,568,10021176,10021743,5.68,rest,0.4712
10794,22,3,0,0,481,6324764,6325244,4.81,rest,0.4712
21454,9,3,0,0,1174,12459707,12460880,11.74,rest,0.4712
498,10,3,0,0,448,313508,313955,4.48,rest,0.4712
17382,4,3,0,0,439,10145051,10145489,4.39,rest,0.4712
13306,25,3,0,0,247,7778632,7778878,2.47,rest,0.4712
14595,27,2,0,0,458,8571340,8571797,4.58,rest,0.4712
13159,25,2,0,0,520,7709685,7710204,5.2,rest,0.4712
15343,2,2,0,0,528,9014468,9014995,5.28,rest,0.4712
680,10,3,0,0,364,394674,395037,3.64,rest,0.4712
12512,24,3,0,0,1401,7309549,7310949,14.01,rest,0.4712
7092,18,3,0,0,344,4115100,4115443,3.44,rest,0.4712
7134,18,3,0,0,450,4133582,4134031,4.5,rest,0.4712
7263,19,2,0,0,470,4302753,4303222,4.7,rest,0.4712
6930,18,3,0,0,327,4041436,4041762,3.27,rest,0.4712
6974,18,3,0,0,398,4060997,4061394,3.98,rest,0.4712
14974,27,3,0,0,413,8737110,8737522,4.13,rest,0.4712
13248,25,3,0,0,457,7749450,7749906,4.57,rest,0.4712
13482,25,3,0,0,462,7858517,7858978,4.62,rest,0.4712
1011,11,2,0,0,380,646092,646471,3.8,rest,0.4712
19858,7,3,0,0,359,11546163,11546521,3.59,rest,0.4712
20644,8,3,0,0,433,11996434,11996866,4.33,rest,0.4712
1308,11,3,0,0,430,777520,777949,4.3,rest,0.4712
20766,8,3,0,0,454,12050463,12050916,4.54,rest,0.4712
11142,22,3,0,0,488,6486871,6487358,4.88,rest,0.4688
8608,1,3,0,0,435,5013244,5013678,4.35,rest,0.4688
9779,21,2,0,0,470,5758639,5759108,4.7,rest,0.4688
5970,17,3,0,0,550,3495214,3495763,5.5,rest,0.4688
19872,7,3,0,0,376,11552606,11552981,3.76,rest,0.4688
259,10,2,0,0,538,208807,209344,5.38,rest,0.4688
18404,5,3,0,0,368,10701523,10701890,3.68,rest,0.4688
8977,20,2,0,0,398,5288602,5288999,3.98,rest,0.4688
10575,22,2,0,0,511,6230642,6231152,5.11,rest,0.4688
7086,18,3,0,0,464,4112461,4112924,4.64,rest,0.4688
15429,2,2,0,0,515,9050541,9051055,5.15,rest,0.4688
4989,16,2,0,0,634,2961483,2962116,6.34,rest,0.4688
10731,22,2,0,0,385,6296495,6296879,3.85,rest,0.4688
16528,3,3,0,0,363,9657378,9657740,3.63,rest,0.4688
13733,26,2,0,0,634,8083310,8083943,6.34,rest,0.4688
16213,3,2,0,0,454,9515616,9516069,4.54,rest,0.4688
9931,21,2,0,0,336,5822963,5823298,3.36,rest,0.4688
20861,9,2,0,0,509,12196392,12196900,5.09,rest,0.4688
14140,26,3,0,0,537,8260252,8260788,5.37,rest,0.4688
9921,21,2,0,0,543,5818535,5819077,5.43,rest,0.4688
10621,22,2,0,0,537,6249936,6250472,5.37,rest,0.4688
815,11,2,0,0,428,563825,564252,4.28,rest,0.4688
9346,20,3,0,0,475,5451566,5452040,4.75,rest,0.4688
18619,6,2,0,0,428,10897267,10897694,4.28,rest,0.4688
21604,9,3,0,0,366,12528683,12529048,3.66,rest,0.4688
18348,5,3,0,0,413,10675175,10675587,4.13,rest,0.4688
12640,24,3,0,0,456,7368824,7369279,4.56,rest,0.4688
13238,25,3,0,0,475,7745232,7745706,4.75,rest,0.4688
9580,20,3,0,0,375,5562663,5563037,3.75,rest,0.4688
12424,24,3,0,0,498,7270167,7270664,4.98,rest,0.4688
16408,3,3,0,0,495,9599531,9600025,4.95,rest,0.4688
10056,21,3,0,0,453,5879379,5879831,4.53,rest,0.4688
18541,6,2,0,0,519,10864464,10864982,5.19,rest,0.4688
11882,23,3,0,0,394,6923552,6923945,3.94,rest,0.4688
19427,7,2,0,0,495,11352769,11353263,4.95,rest,0.4688
1813,12,2,0,0,422,1117860,1118281,4.22,rest,0.4688
16265,3,2,0,0,563,9537131,9537693,5.63,rest,0.4688
12033,24,2,0,0,461,7103525,7103985,4.61,rest,0.4688
7560,19,3,0,0,392,4427328,4427719,3.92,rest,0.4688
16464,3,3,0,0,453,9627983,9628435,4.53,rest,0.4688
5751,17,2,0,0,524,3402799,3403322,5.24,rest,0.4663
14364,26,3,0,0,496,8361225,8361720,4.96,rest,0.4663
13458,25,3,0,0,445,7847810,7848254,4.45,rest,0.4663
13717,26,2,0,0,550,8076602,8077151,5.5,rest,0.4663
18076,5,3,0,0,436,10552322,10552757,4.36,rest,0.4663
13005,25,2,0,0,370,7644834,7645203,3.7,rest,0.4663
13043,25,2,0,0,420,7660799,7661218,4.2,rest,0.4663
452,10,3,0,0,403,293676,294078,4.03,rest,0.4663
12337,24,2,0,0,359,7231878,7232236,3.59,rest,0.4663
18242,5,3,0,0,414,10626678,10627091,4.14,rest,0.4663
7692,19,3,0,0,398,4489741,4490138,3.98,rest,0.4663
1621,12,2,0,0,357,1037504,1037860,3.57,rest,0.4663
1125,11,2,0,0,358,693916,694273,3.58,rest,0.4663
1619,12,2,0,0,422,1036606,1037027,4.22,rest,0.4663
7706,19,3,0,0,429,4495692,4496120,4.29,rest,0.4663
12458,24,3,0,0,426,7285647,7286072,4.26,rest,0.4663
1873,12,2,0,0,559,1142807,1143365,5.59,rest,0.4663
350,10,3,0,0,423,246995,247417,4.23,rest,0.4663
20357,8,2,0,0,438,11871513,11871950,4.38,rest,0.4663
15956,2,3,0,0,464,9295029,9295492,4.64,rest,0.4663
20391,8,2,0,0,478,11885675,11886152,4.78,rest,0.4663
16512,3,3,0,0,347,9649959,9650305,3.47,rest,0.4663
9125,20,2,0,0,311,5351319,5351629,3.11,rest,0.4663
16285,3,2,0,0,460,9545621,9546080,4.6,rest,0.4663
20630,8,3,0,0,376,11990330,11990705,3.76,rest,0.4663
16319,3,2,0,0,575,9559771,9560345,5.75,rest,0.4663
9899,21,2,0,0,561,5809204,5809764,5.61,rest,0.4663
15174,27,3,0,0,374,8826931,8827304,3.74,rest,0.4663
21256,9,3,0,0,425,12367584,12368008,4.25,rest,0.4663
3878,14,3,0,0,379,2242113,2242491,3.79,rest,0.4663
12109,24,2,0,0,440,7135586,7136025,4.4,rest,0.4663
8049,1,2,0,0,599,4762909,4763507,5.99,rest,0.4663
13103,25,2,0,0,572,7685993,7686564,5.72,rest,0.4663
18908,6,3,0,0,1452,11022799,11024250,14.52,rest,0.4663
7064,18,3,0,0,413,4102813,4103225,4.13,rest,0.4663
1937,12,2,0,0,497,1169648,1170144,4.97,rest,0.4663
15443,2,2,0,0,345,9056556,9056900,3.45,rest,0.4663
568,10,3,0,0,396,345274,345669,3.96,rest,0.4663
1889,12,2,0,0,558,1149529,1150086,5.58,rest,0.4663
4231,15,2,0,0,489,2502870,2503358,4.89,rest,0.4663
6950,18,3,0,0,389,4050372,4050760,3.89,rest,0.4639
16297,3,2,0,0,598,9550550,9551147,5.98,rest,0.4639
325,10,2,0,0,388,236619,237006,3.88,rest,0.4639
5687,17,2,0,0,404,3375687,3376090,4.04,rest,0.4639
5695,17,2,0,0,537,3379001,3379537,5.37,rest,0.4639
6637,18,2,0,0,347,3911501,3911847,3.47,rest,0.4639
12700,24,3,0,0,573,7397313,7397885,5.73,rest,0.4639
1368,11,3,0,0,432,804546,804977,4.32,rest,0.4639
10623,22,2,0,0,504,6250834,6251337,5.04,rest,0.4639
2976,13,3,0,0,508,1740318,1740825,5.08,rest,0.4639
20325,8,2,0,0,578,11857972,11858549,5.78,rest,0.4639
11030,22,3,0,0,348,6434650,6434997,3.48,rest,0.4639
18064,5,3,0,0,438,10546720,10547157,4.38,rest,0.4639
17578,4,3,0,0,367,10232902,10233268,3.67,rest,0.4639
17163,4,2,0,0,331,10045758,10046088,3.31,rest,0.4639
6559,18,2,0,0,617,3878476,3879092,6.17,rest,0.4639
12444,24,3,0,0,578,7279049,7279626,5.78,rest,0.4639
11602,23,3,0,0,409,6793444,6793852,4.09,rest,0.4639
578,10,3,0,0,468,349394,349861,4.68,rest,0.4639
12406,24,3,0,0,575,7262348,7262922,5.75,rest,0.4639
21376,9,3,0,0,447,12424302,12424748,4.47,rest,0.4639
3784,14,3,0,0,426,2199544,2199969,4.26,rest,0.4639
19954,7,3,0,0,452,11590101,11590552,4.52,rest,0.4639
13208,25,3,0,0,505,7731527,7732031,5.05,rest,0.4639
19854,7,3,0,0,430,11544455,11544884,4.3,rest,0.4639
14158,26,3,0,0,468,8269629,8270096,4.68,rest,0.4639
1494,11,3,0,0,355,862739,863093,3.55,rest,0.4639
19339,7,2,0,0,593,11315681,11316273,5.93,rest,0.4639
10426,21,3,0,0,415,6065730,6066144,4.15,rest,0.4639
16871,4,2,0,0,574,9923033,9923606,5.74,rest,0.4639
14258,26,3,0,0,422,8313791,8314212,4.22,rest,0.4639
13165,25,2,0,0,477,7712252,7712728,4.77,rest,0.4639
10096,21,3,0,0,573,5897915,5898487,5.73,rest,0.4639
19351,7,2,0,0,549,11320749,11321297,5.49,rest,0.4639
1701,12,2,0,0,557,1070877,1071433,5.57,rest,0.4639
19634,7,3,0,0,433,11440740,11441172,4.33,rest,0.4639
396,10,3,0,0,397,267618,268014,3.97,rest,0.4614
12454,24,3,0,0,468,7283998,7284465,4.68,rest,0.4614
18018,5,3,0,0,420,10524888,10525307,4.2,rest,0.4614
12947,25,2,0,0,592,7620101,7620692,5.92,rest,0.4614
2639,13,2,0,0,592,1588278,1588869,5.92,rest,0.4614
1600,11,3,0,0,315,927945,928259,3.15,rest,0.4614
59,10,2,0,0,513,124971,125483,5.13,rest,0.4614
9001,20,2,0,0,525,5298702,5299226,5.25,rest,0.4614
13426,25,3,0,0,534,7832422,7832955,5.34,rest,0.4614
21408,9,3,0,0,439,12437903,12438341,4.39,rest,0.4614
2240,12,3,0,0,368,1305211,1305578,3.68,rest,0.4614
19255,7,2,0,0,521,11280357,11280877,5.21,rest,0.4614
12941,25,2,0,0,562,7617615,7618176,5.62,rest,0.4614
14990,27,3,0,0,246,8744144,8744389,2.46,rest,0.4614
15040,27,3,0,0,431,8766901,8767331,4.31,rest,0.4614
1635,12,2,0,0,439,1043291,1043729,4.39,rest,0.4614
16560,3,3,0,0,399,9671368,9671766,3.99,rest,0.4614
15736,2,3,0,0,448,9188632,9189079,4.48,rest,0.4614
8023,1,2,0,0,454,4752132,4752585,4.54,rest,0.4614
11569,23,2,0,0,356,6778660,6779015,3.56,rest,0.4614
10178,21,3,0,0,449,5935354,5935802,4.49,rest,0.4614
17326,4,3,0,0,414,10120845,10121258,4.14,rest,0.4614
15656,2,3,0,0,482,9149409,9149890,4.82,rest,0.4614
1795,12,2,0,0,488,1110319,1110806,4.88,rest,0.4614
2970,13,3,0,0,406,1737882,1738287,4.06,rest,0.4614
6753,18,2,0,0,480,3960182,3960661,4.8,rest,0.4614
19882,7,3,0,0,355,11556790,11557144,3.55,rest,0.4614
1861,12,2,0,0,440,1137872,1138311,4.4,rest,0.4614
10916,22,3,0,0,506,6383164,6383669,5.06,rest,0.4614
2126,12,3,0,0,1094,1254379,1255472,10.94,rest,0.4614
9161,20,2,0,0,415,5366429,5366843,4.15,rest,0.4614
20648,8,3,0,0,402,11998138,11998539,4.02,rest,0.4614
2986,13,3,0,0,517,1744492,1745008,5.17,rest,0.459
14072,26,3,0,0,430,8229710,8230139,4.3,rest,0.459
9777,21,2,0,0,399,5757825,5758223,3.99,rest,0.459
8137,1,2,0,0,462,4799910,4800371,4.62,rest,0.459
19469,7,2,0,0,421,11370383,11370803,4.21,rest,0.459
9302,20,3,0,0,510,5429042,5429551,5.1,rest,0.459
2034,12,3,0,0,412,1214094,1214505,4.12,rest,0.459
1615,12,2,0,0,466,1034902,1035367,4.66,rest,0.459
7702,19,3,0,0,454,4494000,4494453,4.54,rest,0.459
14424,26,3,0,0,416,8398716,8399131,4.16,rest,0.459
9103,20,2,0,0,535,5341759,5342293,5.35,rest,0.459
13021,25,2,0,0,357,7651565,7651921,3.57,rest,0.459
1039,11,2,0,0,388,657785,658172,3.88,rest,0.459
11365,23,2,0,0,590,6692707,6693296,5.9,rest,0.459
10344,21,3,0,0,448,6012784,6013231,4.48,rest,0.459
5362,16,3,0,0,320,3124735,3125054,3.2,rest,0.459
7950,19,3,0,0,316,4611209,4611524,3.16,rest,0.459
18020,5,3,0,0,410,10525734,10526143,4.1,rest,0.459
16283,3,2,0,0,405,9544825,9545229,4.05,rest,0.459
8642,1,3,0,0,1258,5032341,5033598,12.58,rest,0.459
15435,2,2,0,0,493,9053063,9053555,4.93,rest,0.459
9771,21,2,0,0,392,5755265,5755656,3.92,rest,0.459
14988,27,3,0,0,407,8743146,8743552,4.07,rest,0.459
21310,9,3,0,0,446,12393017,12393462,4.46,rest,0.459
11826,23,3,0,0,373,6898349,6898721,3.73,rest,0.459
11056,22,3,0,0,549,6446762,6447310,5.49,rest,0.459
15361,2,2,0,0,490,9022052,9022541,4.9,rest,0.459
14120,26,3,0,0,483,8251673,8252155,4.83,rest,0.459
10595,22,2,0,0,554,6238975,6239528,5.54,rest,0.459
9212,20,3,0,0,481,5388934,5389414,4.81,rest,0.459
14264,26,3,0,0,504,8316228,8316731,5.04,rest,0.459
18846,6,3,0,0,473,10995603,10996075,4.73,rest,0.459
1853,12,2,0,0,507,1134511,1135017,5.07,rest,0.459
15555,2,2,0,0,381,9103367,9103747,3.81,rest,0.459
10978,22,3,0,0,454,6411315,6411768,4.54,rest,0.459
19812,7,3,0,0,460,11525230,11525689,4.6,rest,0.459
11878,23,3,0,0,316,6921886,6922201,3.16,rest,0.459
2687,13,2,0,0,640,1608388,1609027,6.4,rest,0.4565
14058,26,3,0,0,495,8223786,8224280,4.95,rest,0.4565
9071,20,2,0,0,482,5328242,5328723,4.82,rest,0.4565
12859,25,2,0,0,488,7582977,7583464,4.88,rest,0.4565
2575,13,2,0,0,475,1561593,1562067,4.75,rest,0.4565
6739,18,2,0,0,432,3954319,3954750,4.32,rest,0.4565
9988,21,3,0,0,467,5847970,5848436,4.67,rest,0.4565
12073,24,2,0,0,419,7120397,7120815,4.19,rest,0.4565
496,10,3,0,0,477,312635,313111,4.77,rest,0.4565
14274,26,3,0,0,395,8320553,8320947,3.95,rest,0.4565
16714,3,3,0,0,415,9742576,9742990,4.15,rest,0.4565
15676,2,3,0,0,566,9158995,9159560,5.66,rest,0.4565
13530,25,3,0,0,393,7880306,7880698,3.93,rest,0.4565
29,10,2,0,0,445,112461,112905,4.45,rest,0.4565
19950,7,3,0,0,1060,11587830,11588889,10.6,rest,0.4565
15924,2,3,0,0,379,9280708,9281086,3.79,rest,0.4565
4815,16,2,0,0,561,2888561,2889121,5.61,rest,0.4565
3038,13,3,0,0,413,1768618,1769030,4.13,rest,0.4565
8149,1,2,0,0,526,4804966,4805491,5.26,rest,0.4565
1268,11,3,0,0,523,758317,758839,5.23,rest,0.4565
18966,6,3,0,0,417,11049472,11049888,4.17,rest,0.4565
21586,9,3,0,0,466,12519786,12520251,4.66,rest,0.4565
20452,8,3,0,0,926,11912082,11913007,9.26,rest,0.4565
602,10,3,0,0,1058,359504,360561,10.58,rest,0.4565
10824,22,3,0,0,552,6338061,6338612,5.52,rest,0.4565
10757,22,2,0,0,384,6307438,6307821,3.84,rest,0.4565
634,10,3,0,0,441,374130,374570,4.41,rest,0.4565
10292,21,3,0,0,445,5989261,5989705,4.45,rest,0.4565
2042,12,3,0,0,316,1217535,1217850,3.16,rest,0.4565
10982,22,3,0,0,459,6413002,6413460,4.59,rest,0.4565
21402,9,3,0,0,419,12435399,12435817,4.19,rest,0.4565
18810,6,3,0,0,393,10979987,10980379,3.93,rest,0.4541
20676,8,3,0,0,446,12010979,12011424,4.46,rest,0.4541
31,10,2,0,0,418,113345,113762,4.18,rest,0.4541
15525,2,2,0,0,550,9090641,9091190,5.5,rest,0.4541
10537,22,2,0,0,524,6214524,6215047,5.24,rest,0.4541
8161,1,2,0,0,621,4810000,4810620,6.21,rest,0.4541
1693,12,2,0,0,537,1067547,1068083,5.37,rest,0.4541
245,10,2,0,0,522,202962,203483,5.22,rest,0.4541
15866,2,3,0,0,500,9253175,9253674,5.0,rest,0.4541
17328,4,3,0,0,436,10121679,10122114,4.36,rest,0.4541
10318,21,3,0,0,447,6001223,6001669,4.47,rest,0.4541
10850,22,3,0,0,475,6353497,6353971,4.75,rest,0.4541
10172,21,3,0,0,456,5932817,5933272,4.56,rest,0.4541
7906,19,3,0,0,360,4591093,4591452,3.6,rest,0.4541
10374,21,3,0,0,370,6033034,6033403,3.7,rest,0.4541
10657,22,2,0,0,466,6265170,6265635,4.66,rest,0.4541
13723,26,2,0,0,593,8079111,8079703,5.93,rest,0.4541
10332,21,3,0,0,473,6007695,6008167,4.73,rest,0.4541
16881,4,2,0,0,418,9927291,9927708,4.18,rest,0.4541
1168,11,3,0,0,425,713119,713543,4.25,rest,0.4541
2752,13,3,0,0,453,1635599,1636051,4.53,rest,0.4541
13310,25,3,0,0,312,7780301,7780612,3.12,rest,0.4541
12726,24,3,0,0,484,7409556,7410039,4.84,rest,0.4541
21332,9,3,0,0,453,12403358,12403810,4.53,rest,0.4541
15387,2,2,0,0,545,9032943,9033487,5.45,rest,0.4541
19648,7,3,0,0,471,11446541,11447011,4.71,rest,0.4541
12648,24,3,0,0,490,7372240,7372729,4.9,rest,0.4541
12438,24,3,0,0,481,7276584,7277064,4.81,rest,0.4541
6324,17,3,0,0,449,3662515,3662963,4.49,rest,0.4541
9663,21,2,0,0,431,5709517,5709947,4.31,rest,0.4517
10214,21,3,0,0,443,5950916,5951358,4.43,rest,0.4517
21123,9,2,0,0,546,12306222,12306767,5.46,rest,0.4517
14834,27,3,0,0,476,8673916,8674391,4.76,rest,0.4517
714,10,3,0,0,422,410203,410624,4.22,rest,0.4517
1420,11,3,0,0,481,828988,829468,4.81,rest,0.4517
9009,20,2,0,0,437,5302088,5302524,4.37,rest,0.4517
3776,14,3,0,0,455,2196227,2196681,4.55,rest,0.4517
1877,12,2,0,0,518,1144527,1145044,5.18,rest,0.4517
6499,18,2,0,0,354,3853435,3853788,3.54,rest,0.4517
19431,7,2,0,0,535,11354374,11354908,5.35,rest,0.4517
20798,8,3,0,0,555,12065800,12066354,5.55,rest,0.4517
19509,7,2,0,0,446,11387174,11387619,4.46,rest,0.4517
444,10,3,0,0,322,290456,290777,3.22,rest,0.4517
18621,6,2,0,0,486,10898076,10898561,4.86,rest,0.4517
6455,18,2,0,0,495,3834737,3835231,4.95,rest,0.4517
33,10,2,0,0,522,114099,114620,5.22,rest,0.4517
2571,13,2,0,0,475,1559932,1560406,4.75,rest,0.4517
6192,17,3,0,0,424,3600329,3600752,4.24,rest,0.4517
15313,2,2,0,0,451,9001962,9002412,4.51,rest,0.4517
6242,17,3,0,0,383,3623437,3623819,3.83,rest,0.4517
1789,12,2,0,0,441,1107851,1108291,4.41,rest,0.4517
20905,9,2,0,0,398,12214967,12215364,3.98,rest,0.4517
14457,27,2,0,0,405,8513572,8513976,4.05,rest,0.4517
10856,22,3,0,0,532,6355948,6356479,5.32,rest,0.4517
17368,4,3,0,0,388,10139284,10139671,3.88,rest,0.4517
6194,17,3,0,0,478,3601206,3601683,4.78,rest,0.4517
13869,26,2,0,0,418,8140931,8141348,4.18,rest,0.4517
15573,2,2,0,0,406,9110907,9111312,4.06,rest,0.4517
23,10,2,0,0,414,109993,110406,4.14,rest,0.4517
11090,22,3,0,0,424,6462865,6463288,4.24,rest,0.4517
4113,15,2,0,0,456,2453025,2453480,4.56,rest,0.4517
13121,25,2,0,0,484,7693642,7694125,4.84,rest,0.4517
13171,25,2,0,0,459,7714799,7715257,4.59,rest,0.4517
19862,7,3,0,0,455,11547799,11548253,4.55,rest,0.4517
5697,17,2,0,0,607,3379784,3380390,6.07,rest,0.4517
881,11,2,0,0,385,591591,591975,3.85,rest,0.4492
2573,13,2,0,0,479,1560780,1561258,4.79,rest,0.4492
20768,8,3,0,0,431,12051324,12051754,4.31,rest,0.4492
15870,2,3,0,0,383,9254962,9255344,3.83,rest,0.4492
5158,16,3,0,0,423,3032340,3032762,4.23,rest,0.4492
8143,1,2,0,0,452,4802531,4802982,4.52,rest,0.4492
991,11,2,0,0,395,637718,638112,3.95,rest,0.4492
15954,2,3,0,0,439,9294226,9294664,4.39,rest,0.4492
20670,8,3,0,0,530,12007932,12008461,5.3,rest,0.4492
362,10,3,0,0,1738,251965,253702,17.38,rest,0.4492
21606,9,3,0,0,418,12529519,12529936,4.18,rest,0.4492
5713,17,2,0,0,505,3386716,3387220,5.05,rest,0.4492
7746,19,3,0,0,378,4514512,4514889,3.78,rest,0.4492
11194,22,3,0,0,431,6516638,6517068,4.31,rest,0.4492
18653,6,2,0,0,285,10911623,10911907,2.85,rest,0.4492
16830,3,3,0,0,377,9805291,9805667,3.77,rest,0.4492
1582,11,3,0,0,566,917004,917569,5.66,rest,0.4492
16977,4,2,0,0,629,9967521,9968149,6.29,rest,0.4492
1689,12,2,0,0,536,1065876,1066411,5.36,rest,0.4492
19433,7,2,0,0,513,11355240,11355752,5.13,rest,0.4492
19345,7,2,0,0,495,11318274,11318768,4.95,rest,0.4492
14312,26,3,0,0,431,8337531,8337961,4.31,rest,0.4492
5007,16,2,0,0,530,2969045,2969574,5.3,rest,0.4492
20967,9,2,0,0,477,12240920,12241396,4.77,rest,0.4492
8105,1,2,0,0,500,4786541,4787040,5.0,rest,0.4492
13224,25,3,0,0,503,7738516,7739018,5.03,rest,0.4492
4975,16,2,0,0,551,2955652,2956202,5.51,rest,0.4492
20899,9,2,0,0,433,12212425,12212857,4.33,rest,0.4492
4967,16,2,0,0,652,2952245,2952896,6.52,rest,0.4492
474,10,3,0,0,434,303369,303802,4.34,rest,0.4468
15234,27,3,0,0,431,8868213,8868643,4.31,rest,0.4468
13055,25,2,0,0,444,7665837,7666280,4.44,rest,0.4468
16313,3,2,0,0,597,9557214,9557810,5.97,rest,0.4468
16045,3,2,0,0,525,9445143,9445667,5.25,rest,0.4468
12181,24,2,0,0,448,7166090,7166537,4.48,rest,0.4468
13857,26,2,0,0,480,8135826,8136305,4.8,rest,0.4468
10184,21,3,0,0,496,5937884,5938379,4.96,rest,0.4468
9791,21,2,0,0,566,5763697,5764262,5.66,rest,0.4468
12704,24,3,0,0,443,7399143,7399585,4.43,rest,0.4468
15363,2,2,0,0,361,9022998,9023358,3.61,rest,0.4468
20572,8,3,0,0,1035,11964882,11965916,10.35,rest,0.4468
6970,18,3,0,0,349,4059320,4059668,3.49,rest,0.4468
19058,6,3,0,0,328,11089601,11089928,3.28,rest,0.4468
4033,15,2,0,0,442,2419234,2419675,4.42,rest,0.4468
13236,25,3,0,0,501,7744372,7744872,5.01,rest,0.4468
21342,9,3,0,0,505,12408283,12408787,5.05,rest,0.4468
10324,21,3,0,0,422,6003769,6004190,4.22,rest,0.4468
21446,9,3,0,0,537,12456276,12456812,5.37,rest,0.4468
5282,16,3,0,0,414,3090107,3090520,4.14,rest,0.4468
5629,17,2,0,0,505,3350967,3351471,5.05,rest,0.4468
13516,25,3,0,0,371,7874437,7874807,3.71,rest,0.4468
19036,6,3,0,0,491,11079813,11080303,4.91,rest,0.4468
15453,2,2,0,0,450,9060616,9061065,4.5,rest,0.4468
12979,25,2,0,0,581,7633687,7634267,5.81,rest,0.4468
19118,6,3,0,0,487,11115128,11115614,4.87,rest,0.4468
1839,12,2,0,0,583,1128559,1129141,5.83,rest,0.4468
19457,7,2,0,0,553,11365246,11365798,5.53,rest,0.4443
3868,14,3,0,0,407,2237211,2237617,4.07,rest,0.4443
9763,21,2,0,0,416,5751869,5752284,4.16,rest,0.4443
9767,21,2,0,0,427,5753575,5754001,4.27,rest,0.4443
1793,12,2,0,0,528,1109446,1109973,5.28,rest,0.4443
11848,23,3,0,0,395,6908133,6908527,3.95,rest,0.4443
9861,21,2,0,0,538,5793173,5793710,5.38,rest,0.4443
10062,21,3,0,0,504,5881840,5882343,5.04,rest,0.4443
20514,8,3,0,0,449,11940292,11940740,4.49,rest,0.4443
13338,25,3,0,0,490,7792032,7792521,4.9,rest,0.4443
7473,19,2,0,0,373,4390942,4391314,3.73,rest,0.4443
7038,18,3,0,0,1051,4089187,4090237,10.51,rest,0.4443
13,10,2,0,0,593,105708,106300,5.93,rest,0.4443
17252,4,3,0,0,468,10085961,10086428,4.68,rest,0.4443
10459,22,2,0,0,467,6181472,6181938,4.67,rest,0.4443
13817,26,2,0,0,559,8118875,8119433,5.59,rest,0.4443
7858,19,3,0,0,368,4567338,4567705,3.68,rest,0.4443
8818,1,3,0,0,384,5119745,5120128,3.84,rest,0.4443
16032,2,3,0,0,370,9339148,9339517,3.7,rest,0.4443
1941,12,2,0,0,539,1171290,1171828,5.39,rest,0.4443
10501,22,2,0,0,475,6199305,6199779,4.75,rest,0.4443
15884,2,3,0,0,440,9261634,9262073,4.4,rest,0.4443
16251,3,2,0,0,522,9531331,9531852,5.22,rest,0.4443
19555,7,2,0,0,392,11406509,11406900,3.92,rest,0.4443
9755,21,2,0,0,467,5748435,5748901,4.67,rest,0.4443
14382,26,3,0,0,396,8373638,8374033,3.96,rest,0.4443
7339,19,2,0,0,537,4334685,4335221,5.37,rest,0.4443
10010,21,3,0,0,547,5857521,5858067,5.47,rest,0.4419
12628,24,3,0,0,596,7362237,7362832,5.96,rest,0.4419
10372,21,3,0,0,314,6032254,6032567,3.14,rest,0.4419
7826,19,3,0,0,364,4553198,4553561,3.64,rest,0.4419
9941,21,2,0,0,388,5827147,5827534,3.88,rest,0.4419
13240,25,3,0,0,458,7746087,7746544,4.58,rest,0.4419
14946,27,3,0,0,440,8724726,8725165,4.4,rest,0.4419
20612,8,3,0,0,600,11982647,11983246,6.0,rest,0.4419
6176,17,3,0,0,1545,3592582,3594126,15.45,rest,0.4419
2745,13,2,0,0,543,1632699,1633241,5.43,rest,0.4419
20706,8,3,0,0,463,12023939,12024401,4.63,rest,0.4419
3303,14,2,0,0,563,1987001,1987563,5.63,rest,0.4419
12706,24,3,0,0,536,7399919,7400454,5.36,rest,0.4419
7586,19,3,0,0,359,4439186,4439544,3.59,rest,0.4419
5839,17,2,0,0,488,3440039,3440526,4.88,rest,0.4419
15874,2,3,0,0,417,9256615,9257031,4.17,rest,0.4419
11200,22,3,0,0,528,6519100,6519627,5.28,rest,0.4419
7188,18,3,0,0,434,4166642,4167075,4.34,rest,0.4419
6511,18,2,0,0,618,3858210,3858827,6.18,rest,0.4419
5164,16,3,0,0,517,3034680,3035196,5.17,rest,0.4419
13446,25,3,0,0,393,7842041,7842433,3.93,rest,0.4419
15371,2,2,0,0,356,9026332,9026687,3.56,rest,0.4419
18880,6,3,0,0,426,11010712,11011137,4.26,rest,0.4395
12945,25,2,0,0,588,7619255,7619842,5.88,rest,0.4395
17364,4,3,0,0,1110,10136913,10138022,11.1,rest,0.4395
614,10,3,0,0,510,365083,365592,5.1,rest,0.4395
21584,9,3,0,0,449,12518966,12519414,4.49,rest,0.4395
14767,27,2,0,0,388,8643597,8643984,3.88,rest,0.4395
10156,21,3,0,0,460,5925633,5926092,4.6,rest,0.4395
6697,18,2,0,0,539,3936629,3937167,5.39,rest,0.4395
16604,3,3,0,0,411,9692021,9692431,4.11,rest,0.4395
12686,24,3,0,0,606,7390267,7390872,6.06,rest,0.4395
18298,5,3,0,0,498,10651524,10652021,4.98,rest,0.4395
16295,3,2,0,0,473,9549794,9550266,4.73,rest,0.4395
9520,20,3,0,0,457,5529551,5530007,4.57,rest,0.4395
12351,24,2,0,0,367,7237799,7238165,3.67,rest,0.4395
273,10,2,0,0,521,214685,215205,5.21,rest,0.4395
2906,13,3,0,0,343,1707748,1708090,3.43,rest,0.4395
967,11,2,0,0,355,627698,628052,3.55,rest,0.4395
7501,19,2,0,0,574,4402492,4403065,5.74,rest,0.4395
13855,26,2,0,0,548,8135001,8135548,5.48,rest,0.4395
21432,9,3,0,0,502,12448939,12449440,5.02,rest,0.4395
14262,26,3,0,0,520,8315369,8315888,5.2,rest,0.4395
1442,11,3,0,0,383,839270,839652,3.83,rest,0.4395
12638,24,3,0,0,460,7368005,7368464,4.6,rest,0.4395
18268,5,3,0,0,360,10638616,10638975,3.6,rest,0.4395
5643,17,2,0,0,539,3356816,3357354,5.39,rest,0.4395
16985,4,2,0,0,558,9970997,9971554,5.58,rest,0.4395
4961,16,2,0,0,609,2949738,2950346,6.09,rest,0.4395
8027,1,2,0,0,605,4753696,4754300,6.05,rest,0.4395
18958,6,3,0,0,481,11046076,11046556,4.81,rest,0.4395
295,10,2,0,0,530,223959,224488,5.3,rest,0.4395
13400,25,3,0,0,449,7821317,7821765,4.49,rest,0.4395
9284,20,3,0,0,845,5421133,5421977,8.45,rest,0.4395
15580,2,3,0,0,484,9113743,9114226,4.84,rest,0.4395
7590,19,3,0,0,408,4440844,4441251,4.08,rest,0.437
11489,23,2,0,0,432,6744969,6745400,4.32,rest,0.437
11632,23,3,0,0,370,6807524,6807893,3.7,rest,0.437
10422,21,3,0,0,393,6064078,6064470,3.93,rest,0.437
2701,13,2,0,0,560,1614266,1614825,5.6,rest,0.437
13039,25,2,0,0,430,7659117,7659546,4.3,rest,0.437
5996,17,3,0,0,582,3507823,3508404,5.82,rest,0.437
10543,22,2,0,0,510,6217086,6217595,5.1,rest,0.437
5849,17,2,0,0,452,3444283,3444734,4.52,rest,0.437
16327,3,2,0,0,593,9563092,9563684,5.93,rest,0.437
13504,25,3,0,0,327,7868428,7868754,3.27,rest,0.437
7537,19,2,0,0,398,4417704,4418101,3.98,rest,0.437
1611,12,2,0,0,501,1033250,1033750,5.01,rest,0.437
283,10,2,0,0,470,218991,219460,4.7,rest,0.437
562,10,3,0,0,1093,342157,343249,10.93,rest,0.437
19475,7,2,0,0,532,11372785,11373316,5.32,rest,0.437
2040,12,3,0,0,423,1216579,1217001,4.23,rest,0.437
17338,4,3,0,0,383,10125908,10126290,3.83,rest,0.437
14505,27,2,0,0,486,8533554,8534039,4.86,rest,0.437
867,11,2,0,0,489,585664,586152,4.89,rest,0.437
14236,26,3,0,0,915,8303217,8304131,9.15,rest,0.437
1174,11,3,0,0,443,715598,716040,4.43,rest,0.437
21518,9,3,0,0,434,12489506,12489939,4.34,rest,0.437
18162,5,3,0,0,293,10590365,10590657,2.93,rest,0.437
13941,26,2,0,0,483,8171420,8171902,4.83,rest,0.437
65,10,2,0,0,430,127595,128024,4.3,rest,0.437
19142,6,3,0,0,411,11126161,11126571,4.11,rest,0.437
1759,12,2,0,0,545,1095205,1095749,5.45,rest,0.437
20436,8,3,0,0,453,11905368,11905820,4.53,rest,0.437
21620,9,3,0,0,440,12537094,12537533,4.4,rest,0.437
14705,27,2,0,0,555,8617421,8617975,5.55,rest,0.437
13957,26,2,0,0,433,8178132,8178564,4.33,rest,0.437
11016,22,3,0,0,500,6427889,6428388,5.0,rest,0.437
10160,21,3,0,0,452,5927332,5927783,4.52,rest,0.437
13606,25,3,0,0,399,7925846,7926244,3.99,rest,0.437
2090,12,3,0,0,427,1239048,1239474,4.27,rest,0.437
3495,14,2,0,0,558,2067573,2068130,5.58,rest,0.437
4211,15,2,0,0,450,2494459,2494908,4.5,rest,0.437
9972,21,3,0,0,491,5840072,5840562,4.91,rest,0.437
1887,12,2,0,0,566,1148686,1149251,5.66,rest,0.4346
9,10,2,0,0,590,104000,104589,5.9,rest,0.4346
6745,18,2,0,0,563,3956734,3957296,5.63,rest,0.4346
5801,17,2,0,0,423,3424092,3424514,4.23,rest,0.4346
1962,12,3,0,0,529,1180002,1180530,5.29,rest,0.4346
4965,16,2,0,0,552,2951434,2951985,5.52,rest,0.4346
5013,16,2,0,0,537,2971538,2972074,5.37,rest,0.4346
4981,16,2,0,0,627,2958118,2958744,6.27,rest,0.4346
1891,12,2,0,0,545,1150386,1150930,5.45,rest,0.4346
6489,18,2,0,0,400,3849156,3849555,4.0,rest,0.4346
512,10,3,0,0,492,319763,320254,4.92,rest,0.4346
8205,1,2,0,0,582,4828407,4828988,5.82,rest,0.4346
15052,27,3,0,0,441,8771948,8772388,4.41,rest,0.4346
10126,21,3,0,0,1435,5911130,5912564,14.35,rest,0.4346
14342,26,3,0,0,423,8351298,8351720,4.23,rest,0.4346
6519,18,2,0,0,466,3861682,3862147,4.66,rest,0.4346
47,10,2,0,0,416,120062,120477,4.16,rest,0.4346
21546,9,3,0,0,520,12501799,12502318,5.2,rest,0.4346
21109,9,2,0,0,474,12300402,12300875,4.74,rest,0.4346
6541,18,2,0,0,642,3870860,3871501,6.42,rest,0.4346
5869,17,2,0,0,411,3452766,3453176,4.11,rest,0.4346
1711,12,2,0,0,496,1075119,1075614,4.96,rest,0.4346
5857,17,2,0,0,455,3447689,3448143,4.55,rest,0.4346
21204,9,3,0,0,557,12340064,12340620,5.57,rest,0.4346
5913,17,2,0,0,541,3471285,3471825,5.41,rest,0.4346
4891,16,2,0,0,531,2920441,2920971,5.31,rest,0.4346
18276,5,3,0,0,470,10641871,10642340,4.7,rest,0.4346
19487,7,2,0,0,338,11378000,11378337,3.38,rest,0.4346
11212,22,3,0,0,443,6527124,6527566,4.43,rest,0.4346
394,10,3,0,0,412,266774,267185,4.12,rest,0.4346
14445,27,2,0,0,341,8508541,8508881,3.41,rest,0.4346
15247,2,2,0,0,356,8974385,8974740,3.56,rest,0.4346
644,10,3,0,0,474,378749,379222,4.74,rest,0.4346
13761,26,2,0,0,582,8095170,8095751,5.82,rest,0.4346
16081,3,2,0,0,590,9460187,9460776,5.9,rest,0.4346
1835,12,2,0,0,523,1126932,1127454,5.23,rest,0.4346
21276,9,3,0,0,456,12377739,12378194,4.56,rest,0.4346
17111,4,2,0,0,542,10023720,10024261,5.42,rest,0.4346
3533,14,2,0,0,404,2083594,2083997,4.04,rest,0.4346
20241,8,2,0,0,576,11822805,11823380,5.76,rest,0.4346
5027,16,2,0,0,609,2977320,2977928,6.09,rest,0.4346
12626,24,3,0,0,597,7361348,7361944,5.97,rest,0.4346
3377,14,2,0,0,407,2018278,2018684,4.07,rest,0.4346
2685,13,2,0,0,513,1607578,1608090,5.13,rest,0.4346
626,10,3,0,0,442,370820,371261,4.42,rest,0.4321
15042,27,3,0,0,431,8767728,8768158,4.31,rest,0.4321
9402,20,3,0,0,564,5476113,5476676,5.64,rest,0.4321
13781,26,2,0,0,590,8103654,8104243,5.9,rest,0.4321
12482,24,3,0,0,356,7296572,7296927,3.56,rest,0.4321
5145,16,2,0,0,526,3026834,3027359,5.26,rest,0.4321
10048,21,3,0,0,416,5876036,5876451,4.16,rest,0.4321
20522,8,3,0,0,477,11943652,11944128,4.77,rest,0.4321
19056,6,3,0,0,424,11088629,11089052,4.24,rest,0.4321
10763,22,2,0,0,462,6309880,6310341,4.62,rest,0.4321
19249,7,2,0,0,436,11278000,11278435,4.36,rest,0.4321
13079,25,2,0,0,463,7675948,7676410,4.63,rest,0.4321
5789,17,2,0,0,453,3418982,3419434,4.53,rest,0.4321
101,10,2,0,0,654,142543,143196,6.54,rest,0.4321
13845,26,2,0,0,475,8130776,8131250,4.75,rest,0.4321
12372,24,3,0,0,433,7246524,7246956,4.33,rest,0.4321
10631,22,2,0,0,443,6254250,6254692,4.43,rest,0.4321
12937,25,2,0,0,526,7615964,7616489,5.26,rest,0.4321
7884,19,3,0,0,524,4580824,4581347,5.24,rest,0.4321
8331,1,2,0,0,496,4881348,4881843,4.96,rest,0.4321
5769,17,2,0,0,500,3410531,3411030,5.0,rest,0.4297
3034,13,3,0,0,358,1766957,1767314,3.58,rest,0.4297
12552,24,3,0,0,1580,7328176,7329755,15.8,rest,0.4297
17081,4,2,0,0,382,10011274,10011655,3.82,rest,0.4297
11096,22,3,0,0,539,6465294,6465832,5.39,rest,0.4297
16851,4,2,0,0,442,9914708,9915149,4.42,rest,0.4297
1194,11,3,0,0,488,724198,724685,4.88,rest,0.4297
18114,5,3,0,0,426,10569476,10569901,4.26,rest,0.4297
17139,4,2,0,0,492,10035490,10035981,4.92,rest,0.4297
11060,22,3,0,0,447,6448536,6448982,4.47,rest,0.4297
2310,12,3,0,0,496,1336766,1337261,4.96,rest,0.4297
20578,8,3,0,0,510,11967904,11968413,5.1,rest,0.4297
5741,17,2,0,0,379,3398714,3399092,3.79,rest,0.4297
1777,12,2,0,0,428,1102848,1103275,4.28,rest,0.4297
8979,20,2,0,0,473,5289359,5289831,4.73,rest,0.4297
16271,3,2,0,0,571,9539664,9540234,5.71,rest,0.4297
9637,21,2,0,0,499,5698449,5698947,4.99,rest,0.4297
13520,25,3,0,0,533,7875968,7876500,5.33,rest,0.4297
14126,26,3,0,0,508,8254211,8254718,5.08,rest,0.4297
16586,3,3,0,0,399,9684110,9684508,3.99,rest,0.4297
1823,12,2,0,0,500,1121941,1122440,5.0,rest,0.4297
18300,5,3,0,0,366,10652367,10652732,3.66,rest,0.4297
10312,21,3,0,0,427,5998696,5999122,4.27,rest,0.4297
20708,8,3,0,0,496,12024727,12025222,4.96,rest,0.4297
8869,20,2,0,0,532,5242676,5243207,5.32,rest,0.4297
5410,16,3,0,0,519,3145026,3145544,5.19,rest,0.4297
19303,7,2,0,0,408,11300653,11301060,4.08,rest,0.4297
14016,26,3,0,0,771,8204551,8205321,7.71,rest,0.4297
660,10,3,0,0,314,385520,385833,3.14,rest,0.4297
20718,8,3,0,0,431,12029374,12029804,4.31,rest,0.4297
19305,7,2,0,0,360,11301555,11301914,3.6,rest,0.4297
14066,26,3,0,0,519,8227129,8227647,5.19,rest,0.4297
386,10,3,0,0,440,263374,263813,4.4,rest,0.4297
15471,2,2,0,0,558,9068051,9068608,5.58,rest,0.4297
13258,25,3,0,0,444,7754349,7754792,4.44,rest,0.4297
13320,25,3,0,0,495,7784403,7784897,4.95,rest,0.4297
17007,4,2,0,0,381,9980321,9980701,3.81,rest,0.4297
20608,8,3,0,0,505,11980963,11981467,5.05,rest,0.4297
16261,3,2,0,0,532,9535506,9536037,5.32,rest,0.4297
422,10,3,0,0,1322,279295,280616,13.22,rest,0.4297
9837,21,2,0,0,483,5783073,5783555,4.83,rest,0.4297
3459,14,2,0,0,474,2052498,2052971,4.74,rest,0.4272
15335,2,2,0,0,492,9011168,9011659,4.92,rest,0.4272
1007,11,2,0,0,364,644448,644811,3.64,rest,0.4272
15401,2,2,0,0,421,9038912,9039332,4.21,rest,0.4272
4205,15,2,0,0,434,2491925,2492358,4.34,rest,0.4272
2352,12,3,0,0,284,1361020,1361303,2.84,rest,0.4272
14846,27,3,0,0,519,8679874,8680392,5.19,rest,0.4272
19144,6,3,0,0,404,11127023,11127426,4.04,rest,0.4272
16275,3,2,0,0,552,9541342,9541893,5.52,rest,0.4272
16931,4,2,0,0,412,9948375,9948786,4.12,rest,0.4272
18256,5,3,0,0,436,10633050,10633485,4.36,rest,0.4272
4887,16,2,0,0,581,2918722,2919302,5.81,rest,0.4272
4909,16,2,0,0,503,2927946,2928448,5.03,rest,0.4272
13097,25,2,0,0,484,7683519,7684002,4.84,rest,0.4272
11555,23,2,0,0,384,6772781,6773164,3.84,rest,0.4272
9474,20,3,0,0,441,5508837,5509277,4.41,rest,0.4272
6034,17,3,0,0,531,3525219,3525749,5.31,rest,0.4272
921,11,2,0,0,467,608261,608727,4.67,rest,0.4272
6064,17,3,0,0,421,3540250,3540670,4.21,rest,0.4272
12612,24,3,0,0,744,7355369,7356112,7.44,rest,0.4272
8981,20,2,0,0,445,5290166,5290610,4.45,rest,0.4272
10579,22,2,0,0,552,6232255,6232806,5.52,rest,0.4272
12708,24,3,0,0,527,7400828,7401354,5.27,rest,0.4272
10396,21,3,0,0,555,6046804,6047358,5.55,rest,0.4272
7060,18,3,0,0,348,4101229,4101576,3.48,rest,0.4272
12259,24,2,0,0,424,7198909,7199332,4.24,rest,0.4272
19313,7,2,0,0,423,11304864,11305286,4.23,rest,0.4272
8416,1,3,0,0,451,4919889,4920339,4.51,rest,0.4272
20245,8,2,0,0,594,11824456,11825049,5.94,rest,0.4272
628,10,3,0,0,430,371628,372057,4.3,rest,0.4272
5964,17,3,0,0,482,3492816,3493297,4.82,rest,0.4272
13719,26,2,0,0,600,8077392,8077991,6.0,rest,0.4272
12460,24,3,0,0,549,7286412,7286960,5.49,rest,0.4248
19453,7,2,0,0,411,11363709,11364119,4.11,rest,0.4248
9220,20,3,0,0,538,5392271,5392808,5.38,rest,0.4248
16386,3,3,0,0,472,9587817,9588288,4.72,rest,0.4248
20806,8,3,0,0,450,12069171,12069620,4.5,rest,0.4248
5955,17,2,0,0,363,3489154,3489516,3.63,rest,0.4248
13951,26,2,0,0,411,8175604,8176014,4.11,rest,0.4248
10603,22,2,0,0,423,6242483,6242905,4.23,rest,0.4248
1069,11,2,0,0,426,670359,670784,4.26,rest,0.4248
4490,15,3,0,0,409,2621082,2621490,4.09,rest,0.4248
15425,2,2,0,0,484,9048895,9049378,4.84,rest,0.4248
13992,26,3,0,0,547,8192692,8193238,5.47,rest,0.4248
1230,11,3,0,0,493,741108,741600,4.93,rest,0.4248
19846,7,3,0,0,416,11540015,11540430,4.16,rest,0.4248
9793,21,2,0,0,564,5764498,5765061,5.64,rest,0.4248
14609,27,2,0,0,321,8577443,8577763,3.21,rest,0.4248
11872,23,3,0,0,339,6919351,6919689,3.39,rest,0.4248
14290,26,3,0,0,521,8327617,8328137,5.21,rest,0.4248
9839,21,2,0,0,402,5784012,5784413,4.02,rest,0.4248
20456,8,3,0,0,533,11914126,11914658,5.33,rest,0.4248
17003,4,2,0,0,681,9978392,9979072,6.81,rest,0.4248
2505,13,2,0,0,494,1532273,1532766,4.94,rest,0.4248
16452,3,3,0,0,451,9621675,9622125,4.51,rest,0.4248
11291,23,2,0,0,469,6661587,6662055,4.69,rest,0.4248
19423,7,2,0,0,488,11351041,11351528,4.88,rest,0.4248
9462,20,3,0,0,472,5503043,5503514,4.72,rest,0.4248
1705,12,2,0,0,517,1072600,1073116,5.17,rest,0.4248
16991,4,2,0,0,436,9973546,9973981,4.36,rest,0.4248
10918,22,3,0,0,565,6383975,6384539,5.65,rest,0.4248
1105,11,2,0,0,340,685582,685921,3.4,rest,0.4248
10356,21,3,0,0,396,6018969,6019364,3.96,rest,0.4248
11906,23,3,0,0,433,6934214,6934646,4.33,rest,0.4248
20784,8,3,0,0,434,12058620,12059053,4.34,rest,0.4248
3028,13,3,0,0,722,1764195,1764916,7.22,rest,0.4224
18812,6,3,0,0,452,10980778,10981229,4.52,rest,0.4224
8025,1,2,0,0,459,4752959,4753417,4.59,rest,0.4224
19253,7,2,0,0,488,11279569,11280056,4.88,rest,0.4224
1859,12,2,0,0,501,1137032,1137532,5.01,rest,0.4224
10188,21,3,0,0,413,5939817,5940229,4.13,rest,0.4224
19373,7,2,0,0,529,11330042,11330570,5.29,rest,0.4224
13729,26,2,0,0,600,8081636,8082235,6.0,rest,0.4224
18737,6,2,0,0,495,10946676,10947170,4.95,rest,0.4224
2487,13,2,0,0,538,1524678,1525215,5.38,rest,0.4224
5737,17,2,0,0,398,3397155,3397552,3.98,rest,0.4224
15670,2,3,0,0,509,9156452,9156960,5.09,rest,0.4224
89,10,2,0,0,459,137649,138107,4.59,rest,0.4224
652,10,3,0,0,489,382054,382542,4.89,rest,0.4224
8197,1,2,0,0,537,4825107,4825643,5.37,rest,0.4224
12654,24,3,0,0,437,7375573,7376009,4.37,rest,0.4224
205,10,2,0,0,484,186237,186720,4.84,rest,0.4224
15541,2,2,0,0,377,9097540,9097916,3.77,rest,0.4224
10495,22,2,0,0,458,6196747,6197204,4.58,rest,0.4224
1506,11,3,0,0,456,868383,868838,4.56,rest,0.4224
12347,24,2,0,0,417,7236081,7236497,4.17,rest,0.4224
10659,22,2,0,0,435,6266023,6266457,4.35,rest,0.4224
21206,9,3,0,0,574,12340894,12341467,5.74,rest,0.4224
19311,7,2,0,0,411,11304048,11304458,4.11,rest,0.4224
572,10,3,0,0,454,346942,347395,4.54,rest,0.4224
2134,12,3,0,0,459,1258359,1258817,4.59,rest,0.4224
1188,11,3,0,0,372,721814,722185,3.72,rest,0.4224
5994,17,3,0,0,484,3506982,3507465,4.84,rest,0.4224
18625,6,2,0,0,469,10899748,10900216,4.69,rest,0.4224
9322,20,3,0,0,525,5439649,5440173,5.25,rest,0.4199
6150,17,3,0,0,545,3581239,3581783,5.45,rest,0.4199
718,10,3,0,0,404,411911,412314,4.04,rest,0.4199
2012,12,3,0,0,465,1204148,1204612,4.65,rest,0.4199
9374,20,3,0,0,442,5464232,5464673,4.42,rest,0.4199
12913,25,2,0,0,541,7605851,7606391,5.41,rest,0.4199
9368,20,3,0,0,377,5461736,5462112,3.77,rest,0.4199
12943,25,2,0,0,580,7618417,7618996,5.8,rest,0.4199
19012,6,3,0,0,390,11069574,11069963,3.9,rest,0.4199
706,10,3,0,0,369,406916,407284,3.69,rest,0.4199
20923,9,2,0,0,488,12222448,12222935,4.88,rest,0.4199
3794,14,3,0,0,442,2203968,2204409,4.42,rest,0.4199
21394,9,3,0,0,626,12431833,12432458,6.26,rest,0.4199
19062,6,3,0,0,449,11091163,11091611,4.49,rest,0.4199
9765,21,2,0,0,498,5752703,5753200,4.98,rest,0.4199
13404,25,3,0,0,458,7823028,7823485,4.58,rest,0.4199
8422,1,3,0,0,1457,4922394,4923850,14.57,rest,0.4199
18938,6,3,0,0,1030,11036933,11037962,10.3,rest,0.4199
4000,14,3,0,0,372,2303988,2304359,3.72,rest,0.4199
18270,5,3,0,0,337,10639449,10639785,3.37,rest,0.4199
800,10,3,0,0,317,456794,457110,3.17,rest,0.4199
14669,27,2,0,0,490,8602337,8602826,4.9,rest,0.4199
2756,13,3,0,0,463,1637248,1637710,4.63,rest,0.4199
3828,14,3,0,0,361,2219045,2219405,3.61,rest,0.4199
12991,25,2,0,0,567,7638744,7639310,5.67,rest,0.4199
5073,16,2,0,0,426,2996776,2997201,4.26,rest,0.4199
12436,24,3,0,0,442,7275802,7276243,4.42,rest,0.4199
8353,1,2,0,0,543,4890487,4891029,5.43,rest,0.4199
15253,2,2,0,0,305,8976944,8977248,3.05,rest,0.4199
8335,1,2,0,0,462,4883041,4883502,4.62,rest,0.4199
6172,17,3,0,0,447,3590873,3591319,4.47,rest,0.4199
9998,21,3,0,0,515,5852168,5852682,5.15,rest,0.4199
12985,25,2,0,0,545,7636207,7636751,5.45,rest,0.4199
2216,12,3,0,0,444,1294528,1294971,4.44,rest,0.4199
16299,3,2,0,0,452,9551524,9551975,4.52,rest,0.4199
16612,3,3,0,0,412,9695344,9695755,4.12,rest,0.4199
20863,9,2,0,0,428,12197322,12197749,4.28,rest,0.4199
10230,21,3,0,0,468,5959645,5960112,4.68,rest,0.4199
14390,26,3,0,0,377,8376991,8377367,3.77,rest,0.4199
15878,2,3,0,0,527,9258196,9258722,5.27,rest,0.4175
14812,27,3,0,0,437,8663349,8663785,4.37,rest,0.4175
8658,1,3,0,0,612,5039792,5040403,6.12,rest,0.4175
1109,11,2,0,0,385,687214,687598,3.85,rest,0.4175
6900,18,3,0,0,392,4028511,4028902,3.92,rest,0.4175
8748,1,3,0,0,377,5085455,5085831,3.77,rest,0.4175
4963,16,2,0,0,649,2950570,2951218,6.49,rest,0.4175
5374,16,3,0,0,791,3129635,3130425,7.91,rest,0.4175
16235,3,2,0,0,526,9524666,9525191,5.26,rest,0.4175
436,10,3,0,0,441,286008,286448,4.41,rest,0.4175
5156,16,3,0,0,570,3031315,3031884,5.7,rest,0.4175
18647,6,2,0,0,468,10909019,10909486,4.68,rest,0.4175
19054,6,3,0,0,371,11087848,11088218,3.71,rest,0.4175
6539,18,2,0,0,427,3870179,3870605,4.27,rest,0.4175
12923,25,2,0,0,498,7610034,7610531,4.98,rest,0.4175
3255,14,2,0,0,430,1966946,1967375,4.3,rest,0.4175
829,11,2,0,0,324,569791,570114,3.24,rest,0.4175
17304,4,3,0,0,1830,10109701,10111530,18.3,rest,0.4175
6926,18,3,0,0,470,4039622,4040091,4.7,rest,0.4175
10204,21,3,0,0,507,5946511,5947017,5.07,rest,0.4175
16249,3,2,0,0,476,9530566,9531041,4.76,rest,0.4175
19,10,2,0,0,525,108185,108709,5.25,rest,0.4175
17504,4,3,0,0,1052,10199619,10200670,10.52,rest,0.4175
16325,3,2,0,0,601,9562303,9562903,6.01,rest,0.4175
4008,14,3,0,0,279,2307401,2307679,2.79,rest,0.4175
21151,9,2,0,0,481,12318039,12318519,4.81,rest,0.4175
12670,24,3,0,0,377,7382410,7382786,3.77,rest,0.4175
10082,21,3,0,0,420,5890925,5891344,4.2,rest,0.4175
9927,21,2,0,0,382,5821245,5821626,3.82,rest,0.4175
5825,17,2,0,0,417,3434193,3434609,4.17,rest,0.4175
7794,19,3,0,0,398,4538300,4538697,3.98,rest,0.4175
11074,22,3,0,0,374,6455521,6455894,3.74,rest,0.4175
11098,22,3,0,0,453,6466225,6466677,4.53,rest,0.4175
21037,9,2,0,0,437,12270336,12270772,4.37,rest,0.4175
19485,7,2,0,0,294,11377192,11377485,2.94,rest,0.4175
18144,5,3,0,0,405,10582200,10582604,4.05,rest,0.415
3954,14,3,0,0,325,2279081,2279405,3.25,rest,0.415
13324,25,3,0,0,425,7786158,7786582,4.25,rest,0.415
8271,1,2,0,0,570,4856090,4856659,5.7,rest,0.415
16530,3,3,0,0,386,9658201,9658586,3.86,rest,0.415
10647,22,2,0,0,462,6260984,6261445,4.62,rest,0.415
17444,4,3,0,0,976,10172962,10173937,9.76,rest,0.415
20696,8,3,0,0,519,12019691,12020209,5.19,rest,0.415
8985,20,2,0,0,424,5291945,5292368,4.24,rest,0.415
2836,13,3,0,0,463,1675648,1676110,4.63,rest,0.415
16824,3,3,0,0,333,9802874,9803206,3.33,rest,0.415
8093,1,2,0,0,396,4781596,4781991,3.96,rest,0.415
15245,2,2,0,0,386,8973517,8973902,3.86,rest,0.415
20931,9,2,0,0,471,12225813,12226283,4.71,rest,0.415
9885,21,2,0,0,464,5803439,5803902,4.64,rest,0.415
10431,22,2,0,0,427,6169711,6170137,4.27,rest,0.415
1192,11,3,0,0,483,723368,723850,4.83,rest,0.415
20680,8,3,0,0,461,12012632,12013092,4.61,rest,0.415
12746,24,3,0,0,436,7418484,7418919,4.36,rest,0.415
9645,21,2,0,0,506,5701842,5702347,5.06,rest,0.415
11265,23,2,0,0,408,6650637,6651044,4.08,rest,0.415
10806,22,3,0,0,459,6329863,6330321,4.59,rest,0.4126
6070,17,3,0,0,326,3542872,3543197,3.26,rest,0.4126
7333,19,2,0,0,460,4332130,4332589,4.6,rest,0.4126
21428,9,3,0,0,531,12447260,12447790,5.31,rest,0.4126
179,10,2,0,0,479,175409,175887,4.79,rest,0.4126
9761,21,2,0,0,437,5750999,5751435,4.37,rest,0.4126
14523,27,2,0,0,348,8541311,8541658,3.48,rest,0.4126
18747,6,2,0,0,656,10950831,10951486,6.56,rest,0.4126
3688,14,3,0,0,487,2152834,2153320,4.87,rest,0.4126
20590,8,3,0,0,415,11972985,11973399,4.15,rest,0.4126
16253,3,2,0,0,559,9532171,9532729,5.59,rest,0.4126
12047,24,2,0,0,437,7109389,7109825,4.37,rest,0.4126
5777,17,2,0,0,371,3414021,3414391,3.71,rest,0.4126
21246,9,3,0,0,241,12358914,12359154,2.41,rest,0.4126
21159,9,2,0,0,390,12321481,12321870,3.9,rest,0.4126
2342,12,3,0,0,420,1351159,1351578,4.2,rest,0.4126
406,10,3,0,0,488,272562,273049,4.88,rest,0.4126
15002,27,3,0,0,417,8749119,8749535,4.17,rest,0.4126
10308,21,3,0,0,403,5997035,5997437,4.03,rest,0.4126
7363,19,2,0,0,419,4344845,4345263,4.19,rest,0.4126
20540,8,3,0,0,409,11951504,11951912,4.09,rest,0.4126
301,10,2,0,0,574,226478,227051,5.74,rest,0.4126
20726,8,3,0,0,357,12032769,12033125,3.57,rest,0.4126
5430,16,3,0,0,342,3154404,3154745,3.42,rest,0.4126
13596,25,3,0,0,324,7921701,7922024,3.24,rest,0.4126
6924,18,3,0,0,364,4038874,4039237,3.64,rest,0.4126
14162,26,3,0,0,532,8271241,8271772,5.32,rest,0.4126
18198,5,3,0,0,404,10607653,10608056,4.04,rest,0.4126
14160,26,3,0,0,483,8270445,8270927,4.83,rest,0.4126
6461,18,2,0,0,459,3837253,3837711,4.59,rest,0.4126
17446,4,3,0,0,363,10174426,10174788,3.63,rest,0.4126
8624,1,3,0,0,405,5024753,5025157,4.05,rest,0.4126
6615,18,2,0,0,514,3902096,3902609,5.14,rest,0.4102
11894,23,3,0,0,330,6929283,6929612,3.3,rest,0.4102
14920,27,3,0,0,459,8713104,8713562,4.59,rest,0.4102
8606,1,3,0,0,440,5012429,5012868,4.4,rest,0.4102
12748,24,3,0,0,383,7419379,7419761,3.83,rest,0.4102
8327,1,2,0,0,487,4879668,4880154,4.87,rest,0.4102
15499,2,2,0,0,420,9079888,9080307,4.2,rest,0.4102
219,10,2,0,0,387,192193,192579,3.87,rest,0.4102
1695,12,2,0,0,565,1068380,1068944,5.65,rest,0.4102
16558,3,3,0,0,406,9670536,9670941,4.06,rest,0.4102
10424,21,3,0,0,418,6064908,6065325,4.18,rest,0.4102
14292,26,3,0,0,518,8328467,8328984,5.18,rest,0.4102
21117,9,2,0,0,558,12303689,12304246,5.58,rest,0.4102
10539,22,2,0,0,543,6215363,6215905,5.43,rest,0.4102
9855,21,2,0,0,528,5790644,5791171,5.28,rest,0.4102
18336,5,3,0,0,396,10669421,10669816,3.96,rest,0.4102
12446,24,3,0,0,601,7279887,7280487,6.01,rest,0.4102
11311,23,2,0,0,419,6670047,6670465,4.19,rest,0.4102
13494,25,3,0,0,1009,7863568,7864576,10.09,rest,0.4102
16668,3,3,0,0,439,9721605,9722043,4.39,rest,0.4102
1845,12,2,0,0,471,1131227,1131697,4.71,rest,0.4102
4969,16,2,0,0,627,2953082,2953708,6.27,rest,0.4102
6062,17,3,0,0,516,3539298,3539813,5.16,rest,0.4102
11391,23,2,0,0,411,6703804,6704214,4.11,rest,0.4102
9354,20,3,0,0,447,5454960,5455406,4.47,rest,0.4102
21340,9,3,0,0,469,12407447,12407915,4.69,rest,0.4102
17107,4,2,0,0,581,10022041,10022621,5.81,rest,0.4102
3866,14,3,0,0,448,2236327,2236774,4.48,rest,0.4102
12113,24,2,0,0,560,7137223,7137782,5.6,rest,0.4102
14344,26,3,0,0,306,8352267,8352572,3.06,rest,0.4077
10617,22,2,0,0,423,6248375,6248797,4.23,rest,0.4077
12738,24,3,0,0,359,7415220,7415578,3.59,rest,0.4077
10348,21,3,0,0,363,6015656,6016018,3.63,rest,0.4077
13330,25,3,0,0,452,7788687,7789138,4.52,rest,0.4077
12456,24,3,0,0,544,7284731,7285274,5.44,rest,0.4077
5651,17,2,0,0,454,3360258,3360711,4.54,rest,0.4077
5633,17,2,0,0,565,3352616,3353180,5.65,rest,0.4077
6495,18,2,0,0,542,3851553,3852094,5.42,rest,0.4077
7347,19,2,0,0,393,4338042,4338434,3.93,rest,0.4077
2840,13,3,0,0,419,1677333,1677751,4.19,rest,0.4077
4229,15,2,0,0,523,2501939,2502461,5.23,rest,0.4077
10681,22,2,0,0,391,6275354,6275744,3.91,rest,0.4077
2457,13,2,0,0,550,1511995,1512544,5.5,rest,0.4077
9835,21,2,0,0,504,5782229,5782732,5.04,rest,0.4077
15886,2,3,0,0,557,9262395,9262951,5.57,rest,0.4077
10400,21,3,0,0,502,6048542,6049043,5.02,rest,0.4077
3880,14,3,0,0,369,2242940,2243308,3.69,rest,0.4077
18134,5,3,0,0,399,10578027,10578425,3.99,rest,0.4077
8584,1,3,0,0,392,5002382,5002773,3.92,rest,0.4077
14485,27,2,0,0,492,8525162,8525653,4.92,rest,0.4077
20285,8,2,0,0,496,11841247,11841742,4.96,rest,0.4077
6994,18,3,0,0,396,4069409,4069804,3.96,rest,0.4077
6098,17,3,0,0,483,3555920,3556402,4.83,rest,0.4077
2232,12,3,0,0,385,1301830,1302214,3.85,rest,0.4077
19052,6,3,0,0,514,11087026,11087539,5.14,rest,0.4077
12977,25,2,0,0,522,7632897,7633418,5.22,rest,0.4077
13398,25,3,0,0,469,7820495,7820963,4.69,rest,0.4077
13105,25,2,0,0,492,7686880,7687371,4.92,rest,0.4077
2158,12,3,0,0,425,1268942,1269366,4.25,rest,0.4077
18314,5,3,0,0,330,10659310,10659639,3.3,rest,0.4077
11004,22,3,0,0,439,6422593,6423031,4.39,rest,0.4053
17476,4,3,0,0,246,10187529,10187774,2.46,rest,0.4053
6298,17,3,0,0,389,3650645,3651033,3.89,rest,0.4053
19226,6,3,0,0,306,11163842,11164147,3.06,rest,0.4053
3351,14,2,0,0,511,2007203,2007713,5.11,rest,0.4053
14150,26,3,0,0,562,8264460,8265021,5.62,rest,0.4053
8546,1,3,0,0,418,4984352,4984769,4.18,rest,0.4053
15357,2,2,0,0,560,9020345,9020904,5.6,rest,0.4053
588,10,3,0,0,430,353715,354144,4.3,rest,0.4053
14152,26,3,0,0,532,8265329,8265860,5.32,rest,0.4053
18098,5,3,0,0,568,10562044,10562611,5.68,rest,0.4053
17031,4,2,0,0,443,9990303,9990745,4.43,rest,0.4053
2860,13,3,0,0,347,1687986,1688332,3.47,rest,0.4053
13210,25,3,0,0,442,7732398,7732839,4.42,rest,0.4053
5083,16,2,0,0,487,3000865,3001351,4.87,rest,0.4053
3317,14,2,0,0,548,1992915,1993462,5.48,rest,0.4053
6874,18,3,0,0,394,4017050,4017443,3.94,rest,0.4053
14926,27,3,0,0,508,8715542,8716049,5.08,rest,0.4053
10298,21,3,0,0,527,5991736,5992262,5.27,rest,0.4053
16269,3,2,0,0,564,9538807,9539370,5.64,rest,0.4053
464,10,3,0,0,396,299218,299613,3.96,rest,0.4053
20772,8,3,0,0,1098,12052989,12054086,10.98,rest,0.4053
18290,5,3,0,0,365,10648219,10648583,3.65,rest,0.4053
75,10,2,0,0,468,131758,132225,4.68,rest,0.4053
5641,17,2,0,0,462,3356032,3356493,4.62,rest,0.4053
14034,26,3,0,0,541,8212207,8212747,5.41,rest,0.4053
13564,25,3,0,0,408,7896860,7897267,4.08,rest,0.4053
16289,3,2,0,0,433,9547331,9547763,4.33,rest,0.4053
484,10,3,0,0,310,307777,308086,3.1,rest,0.4053
4919,16,2,0,0,537,2932163,2932699,5.37,rest,0.4053
12744,24,3,0,0,421,7417694,7418114,4.21,rest,0.4028
12975,25,2,0,0,547,7632060,7632606,5.47,rest,0.4028
9276,20,3,0,0,398,5417796,5418193,3.98,rest,0.4028
14924,27,3,0,0,439,8714771,8715209,4.39,rest,0.4028
17406,4,3,0,0,324,10157038,10157361,3.24,rest,0.4028
17474,4,3,0,0,351,10186619,10186969,3.51,rest,0.4028
15006,27,3,0,0,244,8750965,8751208,2.44,rest,0.4028
183,10,2,0,0,413,177124,177536,4.13,rest,0.4028
18832,6,3,0,0,402,10989838,10990239,4.02,rest,0.4028
12614,24,3,0,0,384,7356490,7356873,3.84,rest,0.4028
13418,25,3,0,0,438,7829082,7829519,4.38,rest,0.4028
9633,21,2,0,0,432,5696839,5697270,4.32,rest,0.4028
20642,8,3,0,0,481,11995534,11996014,4.81,rest,0.4028
782,10,3,0,0,2372,447293,449664,23.72,rest,0.4028
13352,25,3,0,0,466,7797972,7798437,4.66,rest,0.4028
19860,7,3,0,0,428,11546947,11547374,4.28,rest,0.4028
6830,18,3,0,0,450,3995928,3996377,4.5,rest,0.4028
10342,21,3,0,0,435,6011971,6012405,4.35,rest,0.4028
6441,18,2,0,0,427,3828870,3829296,4.27,rest,0.4028
7058,18,3,0,0,2664,4098075,4100738,26.64,rest,0.4028
10747,22,2,0,0,447,6303206,6303652,4.47,rest,0.4028
963,11,2,0,0,443,625966,626408,4.43,rest,0.4028
5308,16,3,0,0,581,3100855,3101435,5.81,rest,0.4028
10892,22,3,0,0,412,6372612,6373023,4.12,rest,0.4028
342,10,3,0,0,436,243692,244127,4.36,rest,0.4028
21608,9,3,0,0,363,12530386,12530748,3.63,rest,0.4028
9701,21,2,0,0,364,5725678,5726041,3.64,rest,0.4028
13312,25,3,0,0,465,7780971,7781435,4.65,rest,0.4028
12408,24,3,0,0,432,7263256,7263687,4.32,rest,0.4028
1184,11,3,0,0,1028,719816,720843,10.28,rest,0.4028
6326,17,3,0,0,485,3663350,3663834,4.85,rest,0.4028
18160,5,3,0,0,341,10589551,10589891,3.41,rest,0.4028
2758,13,3,0,0,480,1638099,1638578,4.8,rest,0.4028
10076,21,3,0,0,341,5888465,5888805,3.41,rest,0.4004
13011,25,2,0,0,356,7647384,7647739,3.56,rest,0.4004
21530,9,3,0,0,458,12494525,12494982,4.58,rest,0.4004
13204,25,3,0,0,439,7729925,7730363,4.39,rest,0.4004
9909,21,2,0,0,556,5813476,5814031,5.56,rest,0.4004
18120,5,3,0,0,418,10572012,10572429,4.18,rest,0.4004
5743,17,2,0,0,537,3399487,3400023,5.37,rest,0.4004
7566,19,3,0,0,384,4429839,4430222,3.84,rest,0.4004
10984,22,3,0,0,477,6413825,6414301,4.77,rest,0.4004
9795,21,2,0,0,463,5765445,5765907,4.63,rest,0.4004
624,10,3,0,0,289,370094,370382,2.89,rest,0.4004
13322,25,3,0,0,518,7785225,7785742,5.18,rest,0.4004
8219,1,2,0,0,492,4834267,4834758,4.92,rest,0.4004
21418,9,3,0,0,473,12443132,12443604,4.73,rest,0.4004
18244,5,3,0,0,478,10627476,10627953,4.78,rest,0.4004
6772,18,3,0,0,479,3968051,3968529,4.79,rest,0.4004
20782,8,3,0,0,390,12057826,12058215,3.9,rest,0.4004
4227,15,2,0,0,458,2501152,2501609,4.58,rest,0.4004
8195,1,2,0,0,477,4824302,4824778,4.77,rest,0.4004
8600,1,3,0,0,476,5009075,5009550,4.76,rest,0.4004
4889,16,2,0,0,576,2919557,2920132,5.76,rest,0.4004
8163,1,2,0,0,405,4810944,4811348,4.05,rest,0.3979
10914,22,3,0,0,477,6382340,6382816,4.77,rest,0.3979
11174,22,3,0,0,396,6505183,6505578,3.96,rest,0.3979
18218,5,3,0,0,351,10616537,10616887,3.51,rest,0.3979
7052,18,3,0,0,356,4095624,4095979,3.56,rest,0.3979
698,10,3,0,0,471,402903,403373,4.71,rest,0.3979
18108,5,3,0,0,476,10566959,10567434,4.76,rest,0.3979
11012,22,3,0,0,452,6426257,6426708,4.52,rest,0.3979
582,10,3,0,0,543,351148,351690,5.43,rest,0.3979
10030,21,3,0,0,444,5867450,5867893,4.44,rest,0.3979
1785,12,2,0,0,529,1106126,1106654,5.29,rest,0.3979
10358,21,3,0,0,419,6019793,6020211,4.19,rest,0.3979
10008,21,3,0,0,506,5856724,5857229,5.06,rest,0.3979
16698,3,3,0,0,389,9735041,9735429,3.89,rest,0.3979
16728,3,3,0,0,398,9750180,9750577,3.98,rest,0.3979
6202,17,3,0,0,448,3604849,3605296,4.48,rest,0.3979
10330,21,3,0,0,450,6006891,6007340,4.5,rest,0.3979
426,10,3,0,0,348,281892,282239,3.48,rest,0.3979
9679,21,2,0,0,500,5716212,5716711,5.0,rest,0.3979
9799,21,2,0,0,545,5767047,5767591,5.45,rest,0.3979
15553,2,2,0,0,371,9102528,9102898,3.71,rest,0.3979
10439,22,2,0,0,387,6173105,6173491,3.87,rest,0.3979
7489,19,2,0,0,427,4397557,4397983,4.27,rest,0.3979
1625,12,2,0,0,455,1039176,1039630,4.55,rest,0.3979
492,10,3,0,0,458,310977,311434,4.58,rest,0.3979
10770,22,3,0,0,318,6312927,6313244,3.18,rest,0.3979
19914,7,3,0,0,443,11571485,11571927,4.43,rest,0.3979
18976,6,3,0,0,373,11053949,11054321,3.73,rest,0.3979
20802,8,3,0,0,429,12067490,12067918,4.29,rest,0.3979
12574,24,3,0,0,469,7339247,7339715,4.69,rest,0.3979
10404,21,3,0,0,523,6050232,6050754,5.23,rest,0.3979
9043,20,2,0,0,551,5316410,5316960,5.51,rest,0.3979
2485,13,2,0,0,466,1523836,1524301,4.66,rest,0.3979
1067,11,2,0,0,356,669599,669954,3.56,rest,0.3979
5085,16,2,0,0,526,3001696,3002221,5.26,rest,0.3979
13232,25,3,0,0,522,7741875,7742396,5.22,rest,0.3979
13508,25,3,0,0,399,7870039,7870437,3.99,rest,0.3979
13198,25,3,0,0,308,7727439,7727746,3.08,rest,0.3979
784,10,3,0,0,272,450167,450438,2.72,rest,0.3979
2198,12,3,0,0,441,1286559,1286999,4.41,rest,0.3979
19048,6,3,0,0,855,11084900,11085754,8.55,rest,0.3979
9320,20,3,0,0,496,5438822,5439317,4.96,rest,0.3979
13777,26,2,0,0,541,8102014,8102554,5.41,rest,0.3979
16341,3,2,0,0,655,9568975,9569629,6.55,rest,0.3955
19084,6,3,0,0,492,11100574,11101065,4.92,rest,0.3955
9480,20,3,0,0,485,5511360,5511844,4.85,rest,0.3955
12051,24,2,0,0,544,7111037,7111580,5.44,rest,0.3955
15301,2,2,0,0,490,8996898,8997387,4.9,rest,0.3955
20632,8,3,0,0,816,11991137,11991952,8.16,rest,0.3955
21087,9,2,0,0,500,12291187,12291686,5.0,rest,0.3955
13226,25,3,0,0,485,7739368,7739852,4.85,rest,0.3955
8386,1,3,0,0,428,4906270,4906697,4.28,rest,0.3955
6018,17,3,0,0,479,3518514,3518992,4.79,rest,0.3955
14266,26,3,0,0,433,8317132,8317564,4.33,rest,0.3955
6886,18,3,0,0,322,4022586,4022907,3.22,rest,0.3955
19852,7,3,0,0,371,11543665,11544035,3.71,rest,0.3955
7469,19,2,0,0,452,4389204,4389655,4.52,rest,0.3955
20959,9,2,0,0,495,12237588,12238082,4.95,rest,0.3955
233,10,2,0,0,508,197947,198454,5.08,rest,0.3955
3708,14,3,0,0,394,2163078,2163471,3.94,rest,0.3955
13759,26,2,0,0,613,8094332,8094944,6.13,rest,0.3955
15798,2,3,0,0,389,9217578,9217966,3.89,rest,0.3955
3455,14,2,0,0,455,2050841,2051295,4.55,rest,0.3955
3854,14,3,0,0,379,2231361,2231739,3.79,rest,0.3955
10052,21,3,0,0,478,5877638,5878115,4.78,rest,0.3955
14737,27,2,0,0,571,8630927,8631497,5.71,rest,0.3955
11565,23,2,0,0,360,6776997,6777356,3.6,rest,0.3955
817,11,2,0,0,310,564767,565076,3.1,rest,0.3955
2048,12,3,0,0,348,1220768,1221115,3.48,rest,0.3955
5958,17,3,0,0,512,3490239,3490750,5.12,rest,0.3955
17155,4,2,0,0,344,10042358,10042701,3.44,rest,0.3955
9695,21,2,0,0,434,5723085,5723518,4.34,rest,0.3955
14980,27,3,0,0,415,8739808,8740222,4.15,rest,0.3955
10350,21,3,0,0,368,6016502,6016869,3.68,rest,0.3955
21516,9,3,0,0,439,12488660,12489098,4.39,rest,0.3955
3353,14,2,0,0,435,2008113,2008547,4.35,rest,0.3955
5470,16,3,0,0,465,3173111,3173575,4.65,rest,0.3955
21194,9,3,0,0,425,12336068,12336492,4.25,rest,0.3955
3365,14,2,0,0,289,2013280,2013568,2.89,rest,0.3955
10649,22,2,0,0,433,6261838,6262270,4.33,rest,0.3931
15565,2,2,0,0,416,9107533,9107948,4.16,rest,0.3931
11383,23,2,0,0,301,6700451,6700751,3.01,rest,0.3931
14012,26,3,0,0,464,8202874,8203337,4.64,rest,0.3931
6328,17,3,0,0,450,3664209,3664658,4.5,rest,0.3931
18148,5,3,0,0,434,10584401,10584834,4.34,rest,0.3931
18920,6,3,0,0,443,11028748,11029190,4.43,rest,0.3931
7513,19,2,0,0,456,4407630,4408085,4.56,rest,0.3931
12069,24,2,0,0,424,7118731,7119154,4.24,rest,0.3931
13713,26,2,0,0,519,8074902,8075420,5.19,rest,0.3931
21260,9,3,0,0,512,12369214,12369725,5.12,rest,0.3931
16315,3,2,0,0,580,9558059,9558638,5.8,rest,0.3931
16917,4,2,0,0,400,9942428,9942827,4.0,rest,0.3931
19104,6,3,0,0,439,11109119,11109557,4.39,rest,0.3931
12155,24,2,0,0,326,7155090,7155415,3.26,rest,0.3931
105,10,2,0,0,496,144319,144814,4.96,rest,0.3931
12394,24,3,0,0,496,7257286,7257781,4.96,rest,0.3931
1982,12,3,0,0,465,1190645,1191109,4.65,rest,0.3931
13061,25,2,0,0,487,7668309,7668795,4.87,rest,0.3931
8522,1,3,0,0,1041,4972292,4973332,10.41,rest,0.3931
20909,9,2,0,0,390,12216621,12217010,3.9,rest,0.3931
10491,22,2,0,0,469,6195045,6195513,4.69,rest,0.3931
14541,27,2,0,0,547,8548650,8549196,5.47,rest,0.3931
16518,3,3,0,0,331,9652487,9652817,3.31,rest,0.3931
14170,26,3,0,0,555,8274597,8275151,5.55,rest,0.3931
18952,6,3,0,0,480,11043601,11044080,4.8,rest,0.3931
3040,13,3,0,0,383,1769468,1769850,3.83,rest,0.3931
16305,3,2,0,0,614,9553869,9554482,6.14,rest,0.3906
949,11,2,0,0,511,620046,620556,5.11,rest,0.3906
20616,8,3,0,0,372,11984483,11984854,3.72,rest,0.3906
16201,3,2,0,0,577,9510511,9511087,5.77,rest,0.3906
12694,24,3,0,0,298,7395055,7395352,2.98,rest,0.3906
1691,12,2,0,0,488,1066745,1067232,4.88,rest,0.3906
1933,12,2,0,0,500,1167967,1168466,5.0,rest,0.3906
3016,13,3,0,0,500,1758984,1759483,5.0,rest,0.3906
10310,21,3,0,0,394,5997881,5998274,3.94,rest,0.3906
17314,4,3,0,0,291,10115464,10115754,2.91,rest,0.3906
1837,12,2,0,0,476,1127826,1128301,4.76,rest,0.3906
15682,2,3,0,0,433,9163808,9164240,4.33,rest,0.3906
1821,12,2,0,0,403,1121203,1121605,4.03,rest,0.3906
702,10,3,0,0,1090,404548,405637,10.9,rest,0.3906
2691,13,2,0,0,472,1610186,1610657,4.72,rest,0.3906
3323,14,2,0,0,436,1995517,1995952,4.36,rest,0.3906
20702,8,3,0,0,413,12022282,12022694,4.13,rest,0.3906
11517,23,2,0,0,440,6756750,6757189,4.4,rest,0.3906
14501,27,2,0,0,484,8531908,8532391,4.84,rest,0.3906
1166,11,3,0,0,431,712258,712688,4.31,rest,0.3906
18280,5,3,0,0,455,10643556,10644010,4.55,rest,0.3906
20331,8,2,0,0,592,11860498,11861089,5.92,rest,0.3906
6128,17,3,0,0,498,3568978,3569475,4.98,rest,0.3906
18681,6,2,0,0,518,10923135,10923652,5.18,rest,0.3906
17093,4,2,0,0,549,10016157,10016705,5.49,rest,0.3906
19238,6,3,0,0,318,11169706,11170023,3.18,rest,0.3906
9470,20,3,0,0,408,5507222,5507629,4.08,rest,0.3906
14725,27,2,0,0,570,8625841,8626410,5.7,rest,0.3906
17582,4,3,0,0,352,10234576,10234927,3.52,rest,0.3906
6784,18,3,0,0,333,3974839,3975171,3.33,rest,0.3906
3926,14,3,0,0,380,2263257,2263636,3.8,rest,0.3906
13432,25,3,0,0,545,7834942,7835486,5.45,rest,0.3906
10653,22,2,0,0,462,6263508,6263969,4.62,rest,0.3882
10294,21,3,0,0,493,5990066,5990558,4.93,rest,0.3882
8582,1,3,0,0,1295,5000742,5002036,12.95,rest,0.3882
16317,3,2,0,0,576,9558911,9559486,5.76,rest,0.3882
7148,18,3,0,0,358,4139932,4140289,3.58,rest,0.3882
4977,16,2,0,0,607,2956445,2957051,6.07,rest,0.3882
20606,8,3,0,0,482,11980128,11980609,4.82,rest,0.3882
10074,21,3,0,0,413,5887566,5887978,4.13,rest,0.3882
13328,25,3,0,0,465,7787832,7788296,4.65,rest,0.3882
3327,14,2,0,0,506,1997146,1997651,5.06,rest,0.3882
7632,19,3,0,0,373,4461012,4461384,3.73,rest,0.3882
20638,8,3,0,0,390,11993956,11994345,3.9,rest,0.3882
12534,24,3,0,0,493,7320518,7321010,4.93,rest,0.3882
16293,3,2,0,0,406,9549030,9549435,4.06,rest,0.3882
275,10,2,0,0,586,215511,216096,5.86,rest,0.3882
4339,15,2,0,0,432,2548516,2548947,4.32,rest,0.3882
21442,9,3,0,0,419,12454702,12455120,4.19,rest,0.3882
10296,21,3,0,0,547,5990879,5991425,5.47,rest,0.3882
7688,19,3,0,0,455,4488026,4488480,4.55,rest,0.3882
18396,5,3,0,0,365,10698169,10698533,3.65,rest,0.3882
20897,9,2,0,0,419,12211591,12212009,4.19,rest,0.3882
14190,26,3,0,0,477,8283482,8283958,4.77,rest,0.3882
18743,6,2,0,0,467,10949189,10949655,4.67,rest,0.3882
3493,14,2,0,0,517,2066778,2067294,5.17,rest,0.3882
18964,6,3,0,0,390,11048679,11049068,3.9,rest,0.3882
16149,3,2,0,0,485,9488699,9489183,4.85,rest,0.3882
13117,25,2,0,0,460,7692002,7692461,4.6,rest,0.3882
7870,19,3,0,0,395,4573935,4574329,3.95,rest,0.3882
10443,22,2,0,0,432,6174770,6175201,4.32,rest,0.3882
13897,26,2,0,0,537,8152658,8153194,5.37,rest,0.3882
11485,23,2,0,0,358,6743308,6743665,3.58,rest,0.3882
8101,1,2,0,0,629,4784687,4785315,6.29,rest,0.3882
10346,21,3,0,0,1573,6013667,6015239,15.73,rest,0.3882
20720,8,3,0,0,363,12030241,12030603,3.63,rest,0.3882
5745,17,2,0,0,567,3400330,3400896,5.67,rest,0.3882
5757,17,2,0,0,482,3405498,3405979,4.82,rest,0.3882
12915,25,2,0,0,504,7606695,7607198,5.04,rest,0.3882
5968,17,3,0,0,440,3494523,3494962,4.4,rest,0.3882
10635,22,2,0,0,441,6255943,6256383,4.41,rest,0.3882
7612,19,3,0,0,453,4451816,4452268,4.53,rest,0.3882
21153,9,2,0,0,507,12318895,12319401,5.07,rest,0.3882
9785,21,2,0,0,540,5761169,5761708,5.4,rest,0.3882
13244,25,3,0,0,424,7747792,7748215,4.24,rest,0.3857
9781,21,2,0,0,458,5759486,5759943,4.58,rest,0.3857
4825,16,2,0,0,522,2892777,2893298,5.22,rest,0.3857
5619,17,2,0,0,547,3346726,3347272,5.47,rest,0.3857
3800,14,3,0,0,472,2206476,2206947,4.72,rest,0.3857
16321,3,2,0,0,610,9560599,9561208,6.1,rest,0.3857
12600,24,3,0,0,652,7350180,7350831,6.52,rest,0.3857
13436,25,3,0,0,371,7837853,7838223,3.71,rest,0.3857
14334,26,3,0,0,451,8347508,8347958,4.51,rest,0.3857
9759,21,2,0,0,431,5750196,5750626,4.31,rest,0.3857
18804,6,3,0,0,467,10974665,10975131,4.67,rest,0.3857
93,10,2,0,0,423,139330,139752,4.23,rest,0.3857
6481,18,2,0,0,556,3845635,3846190,5.56,rest,0.3857
18651,6,2,0,0,490,10910634,10911123,4.9,rest,0.3857
9376,20,3,0,0,472,5465044,5465515,4.72,rest,0.3857
13789,26,2,0,0,537,8107057,8107593,5.37,rest,0.3857
7920,19,3,0,0,1090,4596934,4598023,10.9,rest,0.3857
8973,20,2,0,0,485,5286812,5287296,4.85,rest,0.3857
8618,1,3,0,0,486,5017440,5017925,4.86,rest,0.3857
13212,25,3,0,0,587,7733213,7733799,5.87,rest,0.3857
6912,18,3,0,0,427,4033498,4033924,4.27,rest,0.3857
13019,25,2,0,0,392,7650711,7651102,3.92,rest,0.3857
5717,17,2,0,0,568,3388372,3388939,5.68,rest,0.3857
1849,12,2,0,0,370,1132946,1133315,3.7,rest,0.3857
11,10,2,0,0,480,104904,105383,4.8,rest,0.3857
9753,21,2,0,0,436,5747621,5748056,4.36,rest,0.3857
3215,14,2,0,0,484,1950103,1950586,4.84,rest,0.3857
14168,26,3,0,0,548,8273765,8274312,5.48,rest,0.3857
20780,8,3,0,0,418,12056972,12057389,4.18,rest,0.3857
19916,7,3,0,0,396,11572354,11572749,3.96,rest,0.3857
11259,23,2,0,0,336,6648137,6648472,3.36,rest,0.3857
9992,21,3,0,0,500,5849624,5850123,5.0,rest,0.3857
16640,3,3,0,0,440,9707335,9707774,4.4,rest,0.3833
11271,23,2,0,0,397,6653169,6653565,3.97,rest,0.3833
9683,21,2,0,0,459,5717941,5718399,4.59,rest,0.3833
15010,27,3,0,0,404,8752556,8752959,4.04,rest,0.3833
1015,11,2,0,0,365,647757,648121,3.65,rest,0.3833
12273,24,2,0,0,403,7204822,7205224,4.03,rest,0.3833
716,10,3,0,0,464,411007,411470,4.64,rest,0.3833
7,10,2,0,0,544,103170,103713,5.44,rest,0.3833
9667,21,2,0,0,477,5711199,5711675,4.77,rest,0.3833
1003,11,2,0,0,387,642777,643163,3.87,rest,0.3833
2398,12,3,0,0,363,1386579,1386941,3.63,rest,0.3833
17464,4,3,0,0,871,10181968,10182838,8.71,rest,0.3833
9153,20,2,0,0,379,5363059,5363437,3.79,rest,0.3833
12157,24,2,0,0,392,7155894,7156285,3.92,rest,0.3833
5761,17,2,0,0,572,3407045,3407616,5.72,rest,0.3833
9019,20,2,0,0,382,5306305,5306686,3.82,rest,0.3833
10759,22,2,0,0,385,6308278,6308662,3.85,rest,0.3833
12219,24,2,0,0,467,7181993,7182459,4.67,rest,0.3833
9801,21,2,0,0,452,5767991,5768442,4.52,rest,0.3833
12307,24,2,0,0,504,7219080,7219583,5.04,rest,0.3833
1809,12,2,0,0,401,1116196,1116596,4.01,rest,0.3833
17486,4,3,0,0,375,10192156,10192530,3.75,rest,0.3833
20538,8,3,0,0,438,11950646,11951083,4.38,rest,0.3833
2374,12,3,0,0,487,1374622,1375108,4.87,rest,0.3833
16947,4,2,0,0,515,9954961,9955475,5.15,rest,0.3833
10328,21,3,0,0,426,6006075,6006500,4.26,rest,0.3833
3411,14,2,0,0,464,2032406,2032869,4.64,rest,0.3833
20698,8,3,0,0,493,12020523,12021015,4.93,rest,0.3833
2900,13,3,0,0,447,1705135,1705581,4.47,rest,0.3833
14860,27,3,0,0,435,8686548,8686982,4.35,rest,0.3833
10555,22,2,0,0,595,6222201,6222795,5.95,rest,0.3833
13051,25,2,0,0,404,7664214,7664617,4.04,rest,0.3833
13069,25,2,0,0,511,7671666,7672176,5.11,rest,0.3833
9945,21,2,0,0,407,5828819,5829225,4.07,rest,0.3833
14164,26,3,0,0,549,8272071,8272619,5.49,rest,0.3833
11385,23,2,0,0,473,6701193,6701665,4.73,rest,0.3833
1960,12,3,0,0,503,1179175,1179677,5.03,rest,0.3833
16309,3,2,0,0,603,9555528,9556130,6.03,rest,0.3833
19880,7,3,0,0,362,11555938,11556299,3.62,rest,0.3833
15397,2,2,0,0,591,9037099,9037689,5.91,rest,0.3833
3417,14,2,0,0,529,2034878,2035406,5.29,rest,0.3833
18110,5,3,0,0,448,10567789,10568236,4.48,rest,0.3833
19429,7,2,0,0,495,11353593,11354087,4.95,rest,0.3833
586,10,3,0,0,371,352900,353270,3.71,rest,0.3833
10088,21,3,0,0,452,5894634,5895085,4.52,rest,0.3833
14244,26,3,0,0,479,8306950,8307428,4.79,rest,0.3833
16243,3,2,0,0,523,9528052,9528574,5.23,rest,0.3809
20498,8,3,0,0,510,11933187,11933696,5.1,rest,0.3809
51,10,2,0,0,475,121680,122154,4.75,rest,0.3809
7818,19,3,0,0,439,4549191,4549629,4.39,rest,0.3809
13113,25,2,0,0,599,7690239,7690837,5.99,rest,0.3809
203,10,2,0,0,453,185456,185908,4.53,rest,0.3809
16398,3,3,0,0,574,9592704,9593277,5.74,rest,0.3809
7068,18,3,0,0,370,4104500,4104869,3.7,rest,0.3809
18539,6,2,0,0,568,10863561,10864128,5.68,rest,0.3809
9833,21,2,0,0,440,5781456,5781895,4.4,rest,0.3809
1176,11,3,0,0,465,716439,716903,4.65,rest,0.3809
15022,27,3,0,0,326,8757725,8758050,3.26,rest,0.3809
17384,4,3,0,0,2046,10145953,10147998,20.46,rest,0.3809
14731,27,2,0,0,548,8628372,8628919,5.48,rest,0.3809
1083,11,2,0,0,512,676182,676693,5.12,rest,0.3809
17480,4,3,0,0,248,10189206,10189453,2.48,rest,0.3809
10168,21,3,0,0,380,5931192,5931571,3.8,rest,0.3809
636,10,3,0,0,462,374958,375419,4.62,rest,0.3809
13791,26,2,0,0,528,8107922,8108449,5.28,rest,0.3809
16030,2,3,0,0,347,9338334,9338680,3.47,rest,0.3809
9478,20,3,0,0,453,5510545,5510997,4.53,rest,0.3809
16456,3,3,0,0,443,9623373,9623815,4.43,rest,0.3809
20464,8,3,0,0,452,11917555,11918006,4.52,rest,0.3809
1089,11,2,0,0,480,678736,679215,4.8,rest,0.3809
15130,27,3,0,0,392,8807266,8807657,3.92,rest,0.3809
5851,17,2,0,0,463,3445122,3445584,4.63,rest,0.3809
14479,27,2,0,0,432,8522713,8523144,4.32,rest,0.3784
13009,25,2,0,0,399,7646489,7646887,3.99,rest,0.3784
13430,25,3,0,0,518,7834097,7834614,5.18,rest,0.3784
5322,16,3,0,0,401,3107411,3107811,4.01,rest,0.3784
1761,12,2,0,0,568,1096005,1096572,5.68,rest,0.3784
1757,12,2,0,0,556,1094354,1094909,5.56,rest,0.3784
14601,27,2,0,0,550,8573949,8574498,5.5,rest,0.3784
11020,22,3,0,0,463,6429574,6430036,4.63,rest,0.3784
9007,20,2,0,0,424,5301251,5301674,4.24,rest,0.3784
10206,21,3,0,0,737,5947365,5948101,7.37,rest,0.3784
21588,9,3,0,0,475,12520589,12521063,4.75,rest,0.3784
2200,12,3,0,0,457,1287391,1287847,4.57,rest,0.3784
1137,11,2,0,0,379,698911,699289,3.79,rest,0.3784
17011,4,2,0,0,405,9981927,9982331,4.05,rest,0.3784
10290,21,3,0,0,442,5988420,5988861,4.42,rest,0.3784
3333,14,2,0,0,504,1999694,2000197,5.04,rest,0.3784
8877,20,2,0,0,463,5246126,5246588,4.63,rest,0.3784
6084,17,3,0,0,525,3549281,3549805,5.25,rest,0.3784
550,10,3,0,0,456,337116,337571,4.56,rest,0.3784
21105,9,2,0,0,415,12298796,12299210,4.15,rest,0.3784
3421,14,2,0,0,411,2036630,2037040,4.11,rest,0.3784
19010,6,3,0,0,315,11068808,11069122,3.15,rest,0.3784
5021,16,2,0,0,516,2974891,2975406,5.16,rest,0.3784
19116,6,3,0,0,408,11114317,11114724,4.08,rest,0.3784
13388,25,3,0,0,438,7816040,7816477,4.38,rest,0.3784
658,10,3,0,0,721,384588,385308,7.21,rest,0.3784
9141,20,2,0,0,448,5357925,5358372,4.48,rest,0.3784
9298,20,3,0,0,460,5427390,5427849,4.6,rest,0.3784
4911,16,2,0,0,542,2928793,2929334,5.42,rest,0.3784
16203,3,2,0,0,449,9511428,9511876,4.49,rest,0.3784
8614,1,3,0,0,524,5015744,5016267,5.24,rest,0.376
18826,6,3,0,0,471,10986600,10987070,4.71,rest,0.376
590,10,3,0,0,573,354490,355062,5.73,rest,0.376
19026,6,3,0,0,430,11075430,11075859,4.3,rest,0.376
10314,21,3,0,0,434,5999531,5999964,4.34,rest,0.376
9919,21,2,0,0,538,5817699,5818236,5.38,rest,0.376
11459,23,2,0,0,408,6732346,6732753,4.08,rest,0.376
10707,22,2,0,0,535,6286288,6286822,5.35,rest,0.376
13763,26,2,0,0,540,8096063,8096602,5.4,rest,0.376
14000,26,3,0,0,478,8197794,8198271,4.78,rest,0.376
7744,19,3,0,0,474,4513568,4514041,4.74,rest,0.376
13811,26,2,0,0,566,8116377,8116942,5.66,rest,0.376
10334,21,3,0,0,456,6008560,6009015,4.56,rest,0.376
8538,1,3,0,0,478,4979547,4980024,4.78,rest,0.376
16181,3,2,0,0,564,9502152,9502715,5.64,rest,0.376
8043,1,2,0,0,503,4760423,4760925,5.03,rest,0.376
7050,18,3,0,0,351,4094798,4095148,3.51,rest,0.376
18262,5,3,0,0,395,10635534,10635928,3.95,rest,0.376
6782,18,3,0,0,399,3973932,3974330,3.99,rest,0.376
9657,21,2,0,0,449,5706960,5707408,4.49,rest,0.376
10194,21,3,0,0,434,5942331,5942764,4.34,rest,0.3735
10320,21,3,0,0,438,6002071,6002508,4.38,rest,0.3735
9484,20,3,0,0,1082,5513049,5514130,10.82,rest,0.3735
7756,19,3,0,0,373,4518714,4519086,3.73,rest,0.3735
18860,6,3,0,0,449,11002091,11002539,4.49,rest,0.3735
10322,21,3,0,0,431,6002911,6003341,4.31,rest,0.3735
18156,5,3,0,0,410,10587779,10588188,4.1,rest,0.3735
9970,21,3,0,0,474,5839248,5839721,4.74,rest,0.3735
3,10,2,0,0,530,101507,102036,5.3,rest,0.3735
16191,3,2,0,0,514,9506308,9506821,5.14,rest,0.3735
10340,21,3,0,0,444,6011107,6011550,4.44,rest,0.3735
10838,22,3,0,0,451,6345249,6345699,4.51,rest,0.3735
19044,6,3,0,0,532,11083287,11083818,5.32,rest,0.3735
10362,21,3,0,0,417,6021484,6021900,4.17,rest,0.3735
6854,18,3,0,0,453,4006420,4006872,4.53,rest,0.3735
9422,20,3,0,0,480,5484696,5485175,4.8,rest,0.3735
14316,26,3,0,0,1299,8339187,8340485,12.99,rest,0.3735
17224,4,3,0,0,1355,10072820,10074174,13.55,rest,0.3735
20109,8,2,0,0,544,11767474,11768017,5.44,rest,0.3735
16113,3,2,0,0,449,9473671,9474119,4.49,rest,0.3735
12931,25,2,0,0,524,7613428,7613951,5.24,rest,0.3735
8388,1,3,0,0,556,4907044,4907599,5.56,rest,0.3735
3030,13,3,0,0,241,1765409,1765649,2.41,rest,0.3735
17234,4,3,0,0,471,10077717,10078187,4.71,rest,0.3735
13444,25,3,0,0,466,7841122,7841587,4.66,rest,0.3735
6505,18,2,0,0,497,3855836,3856332,4.97,rest,0.3735
13242,25,3,0,0,428,7746944,7747371,4.28,rest,0.3735
18745,6,2,0,0,537,10949966,10950502,5.37,rest,0.3735
2306,12,3,0,0,1026,1334561,1335586,10.26,rest,0.3735
21416,9,3,0,0,502,12442268,12442769,5.02,rest,0.3711
5476,16,3,0,0,341,3176522,3176862,3.41,rest,0.3711
11493,23,2,0,0,471,6746602,6747072,4.71,rest,0.3711
17394,4,3,0,0,270,10151844,10152113,2.7,rest,0.3711
21091,9,2,0,0,473,12292869,12293341,4.73,rest,0.3711
19856,7,3,0,0,412,11545294,11545705,4.12,rest,0.3711
15212,27,3,0,0,437,8856081,8856517,4.37,rest,0.3711
10990,22,3,0,0,454,6416699,6417152,4.54,rest,0.3711
720,10,3,0,0,431,412740,413170,4.31,rest,0.3711
8169,1,2,0,0,579,4813288,4813866,5.79,rest,0.3711
18798,6,3,0,0,462,10972134,10972595,4.62,rest,0.3711
961,11,2,0,0,402,625168,625569,4.02,rest,0.3711
13386,25,3,0,0,464,7815159,7815622,4.64,rest,0.3711
11024,22,3,0,0,489,6431263,6431751,4.89,rest,0.3711
1825,12,2,0,0,456,1122836,1123291,4.56,rest,0.3711
10962,22,3,0,0,413,6404543,6404955,4.13,rest,0.3711
10080,21,3,0,0,401,5890096,5890496,4.01,rest,0.3711
10208,21,3,0,0,461,5948415,5948875,4.61,rest,0.3711
12578,24,3,0,0,425,7340944,7341368,4.25,rest,0.3711
5033,16,2,0,0,628,2979836,2980463,6.28,rest,0.3711
20133,8,2,0,0,466,11777673,11778138,4.66,rest,0.3711
12987,25,2,0,0,518,7637096,7637613,5.18,rest,0.3711
3900,14,3,0,0,384,2251790,2252173,3.84,rest,0.3711
20418,8,3,0,0,537,11897660,11898196,5.37,rest,0.3711
420,10,3,0,0,455,278430,278884,4.55,rest,0.3711
11253,23,2,0,0,477,6645544,6646020,4.77,rest,0.3711
20684,8,3,0,0,457,12014311,12014767,4.57,rest,0.3711
8189,1,2,0,0,507,4821812,4822318,5.07,rest,0.3711
12295,24,2,0,0,495,7214010,7214504,4.95,rest,0.3711
17001,4,2,0,0,560,9977625,9978184,5.6,rest,0.3687
20087,8,2,0,0,503,11758297,11758799,5.03,rest,0.3687
16838,3,3,0,0,364,9808625,9808988,3.64,rest,0.3687
13793,26,2,0,0,487,8108777,8109263,4.87,rest,0.3687
8871,20,2,0,0,520,5243543,5244062,5.2,rest,0.3687
6844,18,3,0,0,431,4002238,4002668,4.31,rest,0.3687
5077,16,2,0,0,512,2998326,2998837,5.12,rest,0.3687
10196,21,3,0,0,462,5943154,5943615,4.62,rest,0.3687
6699,18,2,0,0,598,3937469,3938066,5.98,rest,0.3687
14765,27,2,0,0,390,8642746,8643135,3.9,rest,0.3687
15469,2,2,0,0,532,9067198,9067729,5.32,rest,0.3687
8736,1,3,0,0,505,5079148,5079652,5.05,rest,0.3687
5103,16,2,0,0,564,3009184,3009747,5.64,rest,0.3687
12468,24,3,0,0,423,7290021,7290443,4.23,rest,0.3687
7076,18,3,0,0,443,4107800,4108242,4.43,rest,0.3687
15349,2,2,0,0,527,9016985,9017511,5.27,rest,0.3687
598,10,3,0,0,466,357854,358319,4.66,rest,0.3687
19307,7,2,0,0,470,11302293,11302762,4.7,rest,0.3687
191,10,2,0,0,532,180357,180888,5.32,rest,0.3687
14062,26,3,0,0,484,8225452,8225935,4.84,rest,0.3687
6212,17,3,0,0,478,3609088,3609565,4.78,rest,0.3687
1745,12,2,0,0,465,1089399,1089863,4.65,rest,0.3687
12917,25,2,0,0,520,7607501,7608020,5.2,rest,0.3687
7774,19,3,0,0,452,4526423,4526874,4.52,rest,0.3687
7564,19,3,0,0,437,4428946,4429382,4.37,rest,0.3687
13532,25,3,0,0,431,7881131,7881561,4.31,rest,0.3687
7192,18,3,0,0,381,4168301,4168681,3.81,rest,0.3687
237,10,2,0,0,541,199585,200125,5.41,rest,0.3687
10058,21,3,0,0,463,5880221,5880683,4.63,rest,0.3687
17422,4,3,0,0,319,10163716,10164034,3.19,rest,0.3687
20420,8,3,0,0,412,11898559,11898970,4.12,rest,0.3662
7389,19,2,0,0,329,4355771,4356099,3.29,rest,0.3662
18102,5,3,0,0,460,10563858,10564317,4.6,rest,0.3662
9388,20,3,0,0,448,5470256,5470703,4.48,rest,0.3662
14557,27,2,0,0,523,8555320,8555842,5.23,rest,0.3662
20311,8,2,0,0,602,11852105,11852706,6.02,rest,0.3662
14028,26,3,0,0,545,8209654,8210198,5.45,rest,0.3662
9974,21,3,0,0,466,5840934,5841399,4.66,rest,0.3662
9803,21,2,0,0,483,5768805,5769287,4.83,rest,0.3662
15273,2,2,0,0,400,8985231,8985630,4.0,rest,0.3662
9482,20,3,0,0,472,5512232,5512703,4.72,rest,0.3662
14074,26,3,0,0,512,8230478,8230989,5.12,rest,0.3662
14906,27,3,0,0,445,8707105,8707549,4.45,rest,0.3662
668,10,3,0,0,295,389740,390034,2.95,rest,0.3662
9155,20,2,0,0,393,5363904,5364296,3.93,rest,0.3662
13480,25,3,0,0,510,7857686,7858195,5.1,rest,0.3662
3325,14,2,0,0,579,1996228,1996806,5.79,rest,0.3662
15048,27,3,0,0,366,8770274,8770639,3.66,rest,0.3662
14481,27,2,0,0,434,8523527,8523960,4.34,rest,0.3662
2190,12,3,0,0,393,1283211,1283603,3.93,rest,0.3662
7034,18,3,0,0,365,4087499,4087863,3.65,rest,0.3662
5330,16,3,0,0,489,3110682,3111170,4.89,rest,0.3662
14703,27,2,0,0,559,8616617,8617175,5.59,rest,0.3662
1713,12,2,0,0,484,1075952,1076435,4.84,rest,0.3662
14665,27,2,0,0,396,8600744,8601139,3.96,rest,0.3662
14110,26,3,0,0,559,8247251,8247809,5.59,rest,0.3662
6810,18,3,0,0,478,3986571,3987048,4.78,rest,0.3662
5149,16,2,0,0,512,3028506,3029017,5.12,rest,0.3662
13745,26,2,0,0,569,8088435,8089003,5.69,rest,0.3662
13604,25,3,0,0,401,7924999,7925399,4.01,rest,0.3662
9849,21,2,0,0,411,5788207,5788617,4.11,rest,0.3662
6110,17,3,0,0,463,3560971,3561433,4.63,rest,0.3662
21466,9,3,0,0,484,12465422,12465905,4.84,rest,0.3662
8666,1,3,0,0,388,5045490,5045877,3.88,rest,0.3638
16187,3,2,0,0,596,9504546,9505141,5.96,rest,0.3638
10633,22,2,0,0,437,6255099,6255535,4.37,rest,0.3638
3433,14,2,0,0,468,2041563,2042030,4.68,rest,0.3638
10210,21,3,0,0,447,5949265,5949711,4.47,rest,0.3638
16103,3,2,0,0,516,9469414,9469929,5.16,rest,0.3638
11054,22,3,0,0,442,6446034,6446475,4.42,rest,0.3638
3443,14,2,0,0,427,2045808,2046234,4.27,rest,0.3638
3451,14,2,0,0,496,2049136,2049631,4.96,rest,0.3638
11010,22,3,0,0,315,6425559,6425873,3.15,rest,0.3638
8756,1,3,0,0,402,5088768,5089169,4.02,rest,0.3638
14607,27,2,0,0,474,8576469,8576942,4.74,rest,0.3638
21137,9,2,0,0,409,12312244,12312652,4.09,rest,0.3638
9693,21,2,0,0,502,5722161,5722662,5.02,rest,0.3638
5109,16,2,0,0,530,3011722,3012251,5.3,rest,0.3638
8167,1,2,0,0,633,4812444,4813076,6.33,rest,0.3638
6322,17,3,0,0,376,3661735,3662110,3.76,rest,0.3638
9691,21,2,0,0,423,5721407,5721829,4.23,rest,0.3638
3700,14,3,0,0,476,2159680,2160155,4.76,rest,0.3638
14854,27,3,0,0,429,8683329,8683757,4.29,rest,0.3638
18912,6,3,0,0,422,11025403,11025824,4.22,rest,0.3638
17230,4,3,0,0,441,10076110,10076550,4.41,rest,0.3638
17250,4,3,0,0,409,10085170,10085578,4.09,rest,0.3638
9476,20,3,0,0,432,5509722,5510153,4.32,rest,0.3638
9468,20,3,0,0,433,5506358,5506790,4.33,rest,0.3638
19896,7,3,0,0,464,11562989,11563452,4.64,rest,0.3638
15144,27,3,0,0,422,8813649,8814070,4.22,rest,0.3638
13057,25,2,0,0,489,7666629,7667117,4.89,rest,0.3638
18264,5,3,0,0,394,10636451,10636844,3.94,rest,0.3613
18755,6,2,0,0,447,10954266,10954712,4.47,rest,0.3613
7836,19,3,0,0,405,4557390,4557794,4.05,rest,0.3613
11908,23,3,0,0,277,6935163,6935439,2.77,rest,0.3613
792,10,3,0,0,315,453458,453772,3.15,rest,0.3613
8927,20,2,0,0,529,5267309,5267837,5.29,rest,0.3613
13863,26,2,0,0,498,8138332,8138829,4.98,rest,0.3613
11128,22,3,0,0,1522,6480082,6481603,15.22,rest,0.3613
2802,13,3,0,0,427,1660097,1660523,4.27,rest,0.3613
1683,12,2,0,0,435,1063442,1063876,4.35,rest,0.3613
7916,19,3,0,0,432,4595234,4595665,4.32,rest,0.3613
1857,12,2,0,0,516,1136175,1136690,5.16,rest,0.3613
16279,3,2,0,0,472,9543092,9543563,4.72,rest,0.3613
19357,7,2,0,0,507,11323286,11323792,5.07,rest,0.3613
15317,2,2,0,0,457,9003640,9004096,4.57,rest,0.3613
630,10,3,0,0,445,372482,372926,4.45,rest,0.3613
8329,1,2,0,0,505,4880489,4880993,5.05,rest,0.3613
6106,17,3,0,0,514,3559252,3559765,5.14,rest,0.3613
18643,6,2,0,0,427,10907344,10907770,4.27,rest,0.3613
17514,4,3,0,0,312,10204605,10204916,3.12,rest,0.3613
3347,14,2,0,0,366,2005701,2006066,3.66,rest,0.3613
5318,16,3,0,0,516,3105614,3106129,5.16,rest,0.3613
12995,25,2,0,0,416,7640572,7640987,4.16,rest,0.3613
3084,13,3,0,0,367,1788747,1789113,3.67,rest,0.3613
17015,4,2,0,0,457,9983601,9984057,4.57,rest,0.3613
20730,8,3,0,0,332,12034543,12034874,3.32,rest,0.3589
15575,2,2,0,0,419,9111718,9112136,4.19,rest,0.3589
14418,26,3,0,0,437,8396186,8396622,4.37,rest,0.3589
10190,21,3,0,0,447,5940609,5941055,4.47,rest,0.3589
14174,26,3,0,0,510,8276325,8276834,5.1,rest,0.3589
17472,4,3,0,0,248,10185854,10186101,2.48,rest,0.3589
10326,21,3,0,0,1107,6004617,6005723,11.07,rest,0.3589
14972,27,3,0,0,450,8736250,8736699,4.5,rest,0.3589
10158,21,3,0,0,447,5926488,5926934,4.47,rest,0.3589
5966,17,3,0,0,433,3493651,3494083,4.33,rest,0.3589
8207,1,2,0,0,553,4829218,4829770,5.53,rest,0.3589
8929,20,2,0,0,531,5268135,5268665,5.31,rest,0.3589
7329,19,2,0,0,506,4330483,4330988,5.06,rest,0.3589
12536,24,3,0,0,543,7321332,7321874,5.43,rest,0.3589
8442,1,3,0,0,2271,4931707,4933977,22.71,rest,0.3589
4831,16,2,0,0,397,2895378,2895774,3.97,rest,0.3589
10200,21,3,0,0,448,5944839,5945286,4.48,rest,0.3589
2832,13,3,0,0,457,1673975,1674431,4.57,rest,0.3589
12841,25,2,0,0,409,7575440,7575848,4.09,rest,0.3589
15461,2,2,0,0,496,9063870,9064365,4.96,rest,0.3589
6529,18,2,0,0,393,3866051,3866443,3.93,rest,0.3589
13859,26,2,0,0,527,8136614,8137140,5.27,rest,0.3589
9639,21,2,0,0,440,5699350,5699789,4.4,rest,0.3589
17404,4,3,0,0,591,10155920,10156510,5.91,rest,0.3589
18842,6,3,0,0,463,10993935,10994397,4.63,rest,0.3589
8648,1,3,0,0,447,5035640,5036086,4.47,rest,0.3589
10352,21,3,0,0,389,6017284,6017672,3.89,rest,0.3589
3279,14,2,0,0,462,1976983,1977444,4.62,rest,0.3589
6453,18,2,0,0,475,3833883,3834357,4.75,rest,0.3589
2122,12,3,0,0,423,1252747,1253169,4.23,rest,0.3589
16470,3,3,0,0,401,9630500,9630900,4.01,rest,0.3564
935,11,2,0,0,362,614245,614606,3.62,rest,0.3564
1815,12,2,0,0,414,1118677,1119090,4.14,rest,0.3564
12905,25,2,0,0,401,7602508,7602908,4.01,rest,0.3564
16291,3,2,0,0,410,9548189,9548598,4.1,rest,0.3564
6406,17,3,0,0,359,3712927,3713285,3.59,rest,0.3564
14252,26,3,0,0,566,8310256,8310821,5.66,rest,0.3564
21039,9,2,0,0,458,12271141,12271598,4.58,rest,0.3564
9659,21,2,0,0,396,5707857,5708252,3.96,rest,0.3564
1829,12,2,0,0,476,1124516,1124991,4.76,rest,0.3564
16263,3,2,0,0,497,9536370,9536866,4.97,rest,0.3564
6004,17,3,0,0,527,3511218,3511744,5.27,rest,0.3564
5998,17,3,0,0,426,3508741,3509166,4.26,rest,0.3564
14483,27,2,0,0,501,8524306,8524806,5.01,rest,0.3564
5719,17,2,0,0,550,3389218,3389767,5.5,rest,0.3564
16454,3,3,0,0,428,9622534,9622961,4.28,rest,0.3564
12546,24,3,0,0,583,7325500,7326082,5.83,rest,0.3564
21490,9,3,0,0,486,12475897,12476382,4.86,rest,0.3564
7168,18,3,0,0,257,4155132,4155388,2.57,rest,0.3564
13188,25,3,0,0,502,7721874,7722375,5.02,rest,0.3564
9787,21,2,0,0,428,5762089,5762516,4.28,rest,0.3564
4875,16,2,0,0,527,2913738,2914264,5.27,rest,0.3564
21272,9,3,0,0,445,12374284,12374728,4.45,rest,0.3564
17580,4,3,0,0,334,10233747,10234080,3.34,rest,0.3564
17576,4,3,0,0,341,10232083,10232423,3.41,rest,0.3564
18896,6,3,0,0,433,11017758,11018190,4.33,rest,0.3564
10054,21,3,0,0,438,5878542,5878979,4.38,rest,0.3564
16921,4,2,0,0,438,9944094,9944531,4.38,rest,0.3564
10992,22,3,0,0,495,6417486,6417980,4.95,rest,0.3564
7102,18,3,0,0,412,4119754,4120165,4.12,rest,0.3564
13067,25,2,0,0,509,7670818,7671326,5.09,rest,0.3564
11112,22,3,0,0,354,6473457,6473810,3.54,rest,0.354
13456,25,3,0,0,445,7846981,7847425,4.45,rest,0.354
18890,6,3,0,0,333,11015352,11015684,3.33,rest,0.354
9444,20,3,0,0,1244,5494748,5495991,12.44,rest,0.354
11114,22,3,0,0,476,6474170,6474645,4.76,rest,0.354
11052,22,3,0,0,422,6445224,6445645,4.22,rest,0.354
16987,4,2,0,0,449,9971803,9972251,4.49,rest,0.354
5731,17,2,0,0,529,3394306,3394834,5.29,rest,0.354
13813,26,2,0,0,519,8117185,8117703,5.19,rest,0.354
5933,17,2,0,0,379,3479833,3480211,3.79,rest,0.354
13815,26,2,0,0,574,8118066,8118639,5.74,rest,0.354
8881,20,2,0,0,520,5247755,5248274,5.2,rest,0.354
12450,24,3,0,0,591,7281575,7282165,5.91,rest,0.354
790,10,3,0,0,306,452640,452945,3.06,rest,0.354
13326,25,3,0,0,458,7786979,7787436,4.58,rest,0.354
5412,16,3,0,0,401,3145939,3146339,4.01,rest,0.354
12526,24,3,0,0,375,7316429,7316803,3.75,rest,0.354
632,10,3,0,0,421,373335,373755,4.21,rest,0.354
15293,2,2,0,0,515,8993516,8994030,5.15,rest,0.354
7802,19,3,0,0,335,4542546,4542880,3.35,rest,0.354
53,10,2,0,0,515,122478,122992,5.15,rest,0.354
3184,13,3,0,0,490,1835161,1835650,4.9,rest,0.354
10302,21,3,0,0,456,5993485,5993940,4.56,rest,0.354
13448,25,3,0,0,511,7842752,7843262,5.11,rest,0.354
7894,19,3,0,0,422,4585108,4585529,4.22,rest,0.354
15239,2,2,0,0,440,8971012,8971451,4.4,rest,0.354
21430,9,3,0,0,514,12448096,12448609,5.14,rest,0.354
8121,1,2,0,0,622,4793152,4793773,6.22,rest,0.354
3321,14,2,0,0,411,1994650,1995060,4.11,rest,0.354
16273,3,2,0,0,529,9540519,9541047,5.29,rest,0.354
8347,1,2,0,0,361,4888108,4888468,3.61,rest,0.354
10601,22,2,0,0,376,6241672,6242047,3.76,rest,0.354
10858,22,3,0,0,539,6356749,6357287,5.39,rest,0.354
103,10,2,0,0,550,143446,143995,5.5,rest,0.354
10593,22,2,0,0,377,6238325,6238701,3.77,rest,0.354
20927,9,2,0,0,468,12224127,12224594,4.68,rest,0.354
7856,19,3,0,0,401,4566478,4566878,4.01,rest,0.3516
15375,2,2,0,0,490,9027944,9028433,4.9,rest,0.3516
2780,13,3,0,0,442,1648296,1648737,4.42,rest,0.3516
16311,3,2,0,0,582,9556395,9556976,5.82,rest,0.3516
18948,6,3,0,0,779,11041646,11042424,7.79,rest,0.3516
3427,14,2,0,0,498,2039029,2039526,4.98,rest,0.3516
20975,9,2,0,0,520,12244338,12244857,5.2,rest,0.3516
6044,17,3,0,0,496,3530451,3530946,4.96,rest,0.3516
14114,26,3,0,0,532,8248964,8249495,5.32,rest,0.3516
1879,12,2,0,0,525,1145367,1145891,5.25,rest,0.3516
2491,13,2,0,0,470,1526390,1526859,4.7,rest,0.3516
16582,3,3,0,0,1107,9681820,9682926,11.07,rest,0.3516
5101,16,2,0,0,597,3008359,3008955,5.97,rest,0.3516
5721,17,2,0,0,579,3390033,3390611,5.79,rest,0.3516
9627,21,2,0,0,360,5694373,5694732,3.6,rest,0.3516
16883,4,2,0,0,599,9928064,9928662,5.99,rest,0.3516
2689,13,2,0,0,569,1609258,1609826,5.69,rest,0.3516
1771,12,2,0,0,423,1100335,1100757,4.23,rest,0.3516
21208,9,3,0,0,547,12341756,12342302,5.47,rest,0.3516
20859,9,2,0,0,434,12195629,12196062,4.34,rest,0.3516
2557,13,2,0,0,438,1554067,1554504,4.38,rest,0.3516
2555,13,2,0,0,465,1553212,1553676,4.65,rest,0.3516
14489,27,2,0,0,453,8526872,8527324,4.53,rest,0.3516
3363,14,2,0,0,503,2012273,2012775,5.03,rest,0.3516
19461,7,2,0,0,490,11366951,11367440,4.9,rest,0.3516
7349,19,2,0,0,419,4338992,4339410,4.19,rest,0.3516
10870,22,3,0,0,411,6362742,6363152,4.11,rest,0.3516
7351,19,2,0,0,322,4339868,4340189,3.22,rest,0.3516
21540,9,3,0,0,448,12499351,12499798,4.48,rest,0.3516
335,10,2,0,0,470,240764,241233,4.7,rest,0.3516
7778,19,3,0,0,376,4528178,4528553,3.76,rest,0.3516
5296,16,3,0,0,434,3096016,3096449,4.34,rest,0.3516
8279,1,2,0,0,701,4859453,4860153,7.01,rest,0.3516
7026,18,3,0,0,482,4084032,4084513,4.82,rest,0.3516
17095,4,2,0,0,565,10016998,10017562,5.65,rest,0.3516
9149,20,2,0,0,420,5361348,5361767,4.2,rest,0.3516
3501,14,2,0,0,467,2070137,2070603,4.67,rest,0.3516
10441,22,2,0,0,475,6173860,6174334,4.75,rest,0.3516
440,10,3,0,0,461,287645,288105,4.61,rest,0.3516
17500,4,3,0,0,465,10197884,10198348,4.65,rest,0.3516
11461,23,2,0,0,387,6733181,6733567,3.87,rest,0.3516
12899,25,2,0,0,495,7599939,7600433,4.95,rest,0.3491
8057,1,2,0,0,566,4766376,4766941,5.66,rest,0.3491
197,10,2,0,0,471,182897,183367,4.71,rest,0.3491
9635,21,2,0,0,383,5697711,5698093,3.83,rest,0.3491
21282,9,3,0,0,447,12380242,12380688,4.47,rest,0.3491
10996,22,3,0,0,454,6419194,6419647,4.54,rest,0.3491
5945,17,2,0,0,415,3484918,3485332,4.15,rest,0.3491
13572,25,3,0,0,329,7900281,7900609,3.29,rest,0.3491
10338,21,3,0,0,454,6010265,6010718,4.54,rest,0.3491
14136,26,3,0,0,702,8258476,8259177,7.02,rest,0.3491
17482,4,3,0,0,266,10190028,10190293,2.66,rest,0.3491
5001,16,2,0,0,497,2966551,2967047,4.97,rest,0.3491
15243,2,2,0,0,391,8972662,8973052,3.91,rest,0.3491
476,10,3,0,0,484,304135,304618,4.84,rest,0.3491
10589,22,2,0,0,362,6236661,6237022,3.62,rest,0.3491
11094,22,3,0,0,486,6464491,6464976,4.86,rest,0.3491
1198,11,3,0,0,482,725835,726316,4.82,rest,0.3491
16903,4,2,0,0,586,9936468,9937053,5.86,rest,0.3491
13795,26,2,0,0,631,8109549,8110179,6.31,rest,0.3491
696,10,3,0,0,504,402075,402578,5.04,rest,0.3491
9673,21,2,0,0,509,5713703,5714211,5.09,rest,0.3491
43,10,2,0,0,410,118386,118795,4.1,rest,0.3491
14459,27,2,0,0,507,8514259,8514765,5.07,rest,0.3491
16969,4,2,0,0,630,9964166,9964795,6.3,rest,0.3491
21582,9,3,0,0,465,12518122,12518586,4.65,rest,0.3491
13440,25,3,0,0,457,7839431,7839887,4.57,rest,0.3491
2567,13,2,0,0,533,1558219,1558751,5.33,rest,0.3491
2810,13,3,0,0,451,1664105,1664555,4.51,rest,0.3491
12079,24,2,0,0,425,7122937,7123361,4.25,rest,0.3491
10772,22,3,0,0,449,6313611,6314059,4.49,rest,0.3491
9432,20,3,0,0,481,5489633,5490113,4.81,rest,0.3467
4985,16,2,0,0,657,2959798,2960454,6.57,rest,0.3467
12909,25,2,0,0,497,7604121,7604617,4.97,rest,0.3467
5709,17,2,0,0,608,3384944,3385551,6.08,rest,0.3467
13003,25,2,0,0,375,7643997,7644371,3.75,rest,0.3467
3076,13,3,0,0,341,1785411,1785751,3.41,rest,0.3467
9472,20,3,0,0,396,5508085,5508480,3.96,rest,0.3467
21498,9,3,0,0,475,12480649,12481123,4.75,rest,0.3467
1546,11,3,0,0,426,896453,896878,4.26,rest,0.3467
1162,11,3,0,0,421,709215,709635,4.21,rest,0.3467
15537,2,2,0,0,509,9095755,9096263,5.09,rest,0.3467
8289,1,2,0,0,627,4863562,4864188,6.27,rest,0.3467
9434,20,3,0,0,497,5490475,5490971,4.97,rest,0.3467
16937,4,2,0,0,434,9950861,9951294,4.34,rest,0.3467
15150,27,3,0,0,505,8816104,8816608,5.05,rest,0.3467
21470,9,3,0,0,490,12467112,12467601,4.9,rest,0.3467
119,10,2,0,0,591,150103,150693,5.91,rest,0.3467
5665,17,2,0,0,452,3366177,3366628,4.52,rest,0.3467
8376,1,3,0,0,503,4900084,4900586,5.03,rest,0.3467
5677,17,2,0,0,502,3371315,3371816,5.02,rest,0.3467
18781,6,2,0,0,346,10965203,10965548,3.46,rest,0.3467
20776,8,3,0,0,439,12055302,12055740,4.39,rest,0.3467
13442,25,3,0,0,492,7840262,7840753,4.92,rest,0.3467
12955,25,2,0,0,421,7623616,7624036,4.21,rest,0.3467
18122,5,3,0,0,398,10572838,10573235,3.98,rest,0.3467
9222,20,3,0,0,540,5393118,5393657,5.4,rest,0.3467
13769,26,2,0,0,578,8098554,8099131,5.78,rest,0.3467
7066,18,3,0,0,335,4103690,4104024,3.35,rest,0.3467
17049,4,2,0,0,469,9997831,9998299,4.69,rest,0.3467
13450,25,3,0,0,609,7843644,7844252,6.09,rest,0.3467
16115,3,2,0,0,354,9474589,9474942,3.54,rest,0.3467
9831,21,2,0,0,407,5780638,5781044,4.07,rest,0.3467
20917,9,2,0,0,428,12219981,12220408,4.28,rest,0.3467
6940,18,3,0,0,420,4046171,4046590,4.2,rest,0.3467
2858,13,3,0,0,362,1687138,1687499,3.62,rest,0.3467
77,10,2,0,0,498,132556,133053,4.98,rest,0.3467
10166,21,3,0,0,937,5929858,5930794,9.37,rest,0.3467
2104,12,3,0,0,383,1244970,1245352,3.83,rest,0.3467
10006,21,3,0,0,855,5855553,5856407,8.55,rest,0.3467
5172,16,3,0,0,475,3038008,3038482,4.75,rest,0.3467
3668,14,3,0,0,357,2143955,2144311,3.57,rest,0.3467
12911,25,2,0,0,449,7605001,7605449,4.49,rest,0.3442
285,10,2,0,0,471,219832,220302,4.71,rest,0.3442
2154,12,3,0,0,349,1267339,1267687,3.49,rest,0.3442
3816,14,3,0,0,414,2213994,2214407,4.14,rest,0.3442
1827,12,2,0,0,417,1123688,1124104,4.17,rest,0.3442
2982,13,3,0,0,425,1742888,1743312,4.25,rest,0.3442
9127,20,2,0,0,465,5352035,5352499,4.65,rest,0.3442
333,10,2,0,0,316,240020,240335,3.16,rest,0.3442
5763,17,2,0,0,494,3407982,3408475,4.94,rest,0.3442
20492,8,3,0,0,913,11930276,11931188,9.13,rest,0.3442
18773,6,2,0,0,366,10961839,10962204,3.66,rest,0.3442
2565,13,2,0,0,412,1557398,1557809,4.12,rest,0.3442
13466,25,3,0,0,475,7851164,7851638,4.75,rest,0.3442
9677,21,2,0,0,509,5715364,5715872,5.09,rest,0.3442
11130,22,3,0,0,308,6482007,6482314,3.08,rest,0.3442
10060,21,3,0,0,438,5881039,5881476,4.38,rest,0.3442
13805,26,2,0,0,568,8113839,8114406,5.68,rest,0.3442
21099,9,2,0,0,432,12296257,12296688,4.32,rest,0.3442
10980,22,3,0,0,422,6412172,6412593,4.22,rest,0.3442
6290,17,3,0,0,419,3646226,3646644,4.19,rest,0.3442
6280,17,3,0,0,396,3641993,3642388,3.96,rest,0.3442
5863,17,2,0,0,448,3450215,3450662,4.48,rest,0.3442
195,10,2,0,0,524,182030,182553,5.24,rest,0.3442
8099,1,2,0,0,589,4783899,4784487,5.89,rest,0.3442
14368,26,3,0,0,488,8362881,8363368,4.88,rest,0.3442
1787,12,2,0,0,492,1106955,1107446,4.92,rest,0.3442
17087,4,2,0,0,475,10013721,10014195,4.75,rest,0.3442
16700,3,3,0,0,460,9735826,9736285,4.6,rest,0.3418
8079,1,2,0,0,356,4775722,4776077,3.56,rest,0.3418
2507,13,2,0,0,517,1533076,1533592,5.17,rest,0.3418
10050,21,3,0,0,446,5876835,5877280,4.46,rest,0.3418
9454,20,3,0,0,492,5499683,5500174,4.92,rest,0.3418
9414,20,3,0,0,467,5481340,5481806,4.67,rest,0.3418
9366,20,3,0,0,426,5460860,5461285,4.26,rest,0.3418
8670,1,3,0,0,378,5047215,5047592,3.78,rest,0.3418
16674,3,3,0,0,443,9724098,9724540,4.43,rest,0.3418
1699,12,2,0,0,559,1070029,1070587,5.59,rest,0.3418
2058,12,3,0,0,444,1224851,1225294,4.44,rest,0.3418
87,10,2,0,0,426,136850,137275,4.26,rest,0.3418
20969,9,2,0,0,433,12241775,12242207,4.33,rest,0.3418
21113,9,2,0,0,489,12302087,12302575,4.89,rest,0.3418
17540,4,3,0,0,403,10216012,10216414,4.03,rest,0.3418
8638,1,3,0,0,411,5030627,5031037,4.11,rest,0.3418
21240,9,3,0,0,470,12356226,12356695,4.7,rest,0.3418
16550,3,3,0,0,396,9667191,9667586,3.96,rest,0.3418
2060,12,3,0,0,403,1225726,1226128,4.03,rest,0.3418
2124,12,3,0,0,409,1253586,1253994,4.09,rest,0.3418
1051,11,2,0,0,343,662871,663213,3.43,rest,0.3418
13206,25,3,0,0,534,7730697,7731230,5.34,rest,0.3418
7686,19,3,0,0,426,4487203,4487628,4.26,rest,0.3418
7150,18,3,0,0,392,4140767,4141158,3.92,rest,0.3418
5905,17,2,0,0,503,3467915,3468417,5.03,rest,0.3418
10774,22,3,0,0,472,6314444,6314915,4.72,rest,0.3418
13438,25,3,0,0,471,7838597,7839067,4.71,rest,0.3418
12508,24,3,0,0,567,7307858,7308424,5.67,rest,0.3418
14852,27,3,0,0,437,8682481,8682917,4.37,rest,0.3418
18950,6,3,0,0,394,11042819,11043212,3.94,rest,0.3418
5394,16,3,0,0,583,3138297,3138879,5.83,rest,0.3418
5029,16,2,0,0,550,2978223,2978772,5.5,rest,0.3418
13174,25,3,0,0,377,7716079,7716455,3.77,rest,0.3418
10896,22,3,0,0,602,6374414,6375015,6.02,rest,0.3418
6116,17,3,0,0,985,3563517,3564501,9.85,rest,0.3418
14996,27,3,0,0,241,8746669,8746909,2.41,rest,0.3418
20351,8,2,0,0,573,11868933,11869505,5.73,rest,0.3418
700,10,3,0,0,468,403772,404239,4.68,rest,0.3418
19918,7,3,0,0,428,11573188,11573615,4.28,rest,0.3418
11008,22,3,0,0,936,6424304,6425239,9.36,rest,0.3418
10497,22,2,0,0,495,6197562,6198056,4.95,rest,0.3418
15748,2,3,0,0,501,9194225,9194725,5.01,rest,0.3418
10427,22,2,0,0,472,6168029,6168500,4.72,rest,0.3418
12149,24,2,0,0,627,7152335,7152961,6.27,rest,0.3394
20869,9,2,0,0,459,12199839,12200297,4.59,rest,0.3394
6968,18,3,0,0,375,4058505,4058879,3.75,rest,0.3394
61,10,2,0,0,536,125818,126353,5.36,rest,0.3394
14076,26,3,0,0,1359,8231335,8232693,13.59,rest,0.3394
8131,1,2,0,0,415,4797562,4797976,4.15,rest,0.3394
21119,9,2,0,0,548,12304543,12305090,5.48,rest,0.3394
239,10,2,0,0,533,200432,200964,5.33,rest,0.3394
5091,16,2,0,0,461,3004241,3004701,4.61,rest,0.3394
6755,18,2,0,0,416,3961129,3961544,4.16,rest,0.3394
2162,12,3,0,0,448,1270610,1271057,4.48,rest,0.3394
12622,24,3,0,0,525,7359703,7360227,5.25,rest,0.3394
3192,13,3,0,0,436,1839791,1840226,4.36,rest,0.3394
21220,9,3,0,0,480,12347542,12348021,4.8,rest,0.3394
18068,5,3,0,0,405,10549004,10549408,4.05,rest,0.3394
2563,13,2,0,0,495,1556509,1557003,4.95,rest,0.3394
12660,24,3,0,0,399,7378131,7378529,3.99,rest,0.3394
5530,16,3,0,0,276,3200811,3201086,2.76,rest,0.3394
19060,6,3,0,0,417,11090326,11090742,4.17,rest,0.3394
4794,15,3,0,0,389,2778818,2779206,3.89,rest,0.3394
18739,6,2,0,0,406,10947571,10947976,4.06,rest,0.3394
8191,1,2,0,0,396,4822673,4823068,3.96,rest,0.3394
8231,1,2,0,0,596,4839322,4839917,5.96,rest,0.3394
16929,4,2,0,0,414,9947514,9947927,4.14,rest,0.3394
965,11,2,0,0,311,626933,627243,3.11,rest,0.3394
6278,17,3,0,0,372,3641176,3641547,3.72,rest,0.3394
10384,21,3,0,0,350,6037279,6037628,3.5,rest,0.3394
12965,25,2,0,0,431,7627851,7628281,4.31,rest,0.3394
5057,16,2,0,0,435,2990007,2990441,4.35,rest,0.3394
8552,1,3,0,0,410,4986877,4987286,4.1,rest,0.3394
3762,14,3,0,0,389,2189881,2190269,3.89,rest,0.3394
49,10,2,0,0,534,120784,121317,5.34,rest,0.3394
3453,14,2,0,0,451,2050006,2050456,4.51,rest,0.3394
15148,27,3,0,0,426,8815298,8815723,4.26,rest,0.3394
19244,6,3,0,0,369,11172166,11172534,3.69,rest,0.3394
20640,8,3,0,0,488,11994712,11995199,4.88,rest,0.3369
20283,8,2,0,0,493,11840442,11840934,4.93,rest,0.3369
16384,3,3,0,0,439,9587035,9587473,4.39,rest,0.3369
15241,2,2,0,0,381,8971843,8972223,3.81,rest,0.3369
7309,19,2,0,0,412,4322089,4322500,4.12,rest,0.3369
10485,22,2,0,0,462,6192489,6192950,4.62,rest,0.3369
9769,21,2,0,0,473,5754384,5754856,4.73,rest,0.3369
10519,22,2,0,0,505,6206877,6207381,5.05,rest,0.3369
20239,8,2,0,0,556,11821987,11822542,5.56,rest,0.3369
10192,21,3,0,0,409,5941483,5941891,4.09,rest,0.3369
16091,3,2,0,0,526,9464346,9464871,5.26,rest,0.3369
8097,1,2,0,0,587,4783126,4783712,5.87,rest,0.3369
9915,21,2,0,0,531,5816037,5816567,5.31,rest,0.3369
7942,19,3,0,0,373,4607785,4608157,3.73,rest,0.3369
2471,13,2,0,0,430,1518029,1518458,4.3,rest,0.3369
21538,9,3,0,0,516,12498464,12498979,5.16,rest,0.3369
10435,22,2,0,0,429,6171379,6171807,4.29,rest,0.3369
20622,8,3,0,0,335,11986993,11987327,3.35,rest,0.3369
13771,26,2,0,0,487,8099493,8099979,4.87,rest,0.3369
17512,4,3,0,0,564,10203583,10204146,5.64,rest,0.3369
1023,11,2,0,0,414,651073,651486,4.14,rest,0.3369
18274,5,3,0,0,481,10641137,10641617,4.81,rest,0.3369
13007,25,2,0,0,367,7645681,7646047,3.67,rest,0.3369
3196,13,3,0,0,422,1841450,1841871,4.22,rest,0.3369
9966,21,3,0,0,432,5837662,5838093,4.32,rest,0.3369
16301,3,2,0,0,404,9552406,9552809,4.04,rest,0.3369
12770,24,3,0,0,389,7429430,7429818,3.89,rest,0.3369
2844,13,3,0,0,412,1679008,1679419,4.12,rest,0.3345
21278,9,3,0,0,488,12378556,12379043,4.88,rest,0.3345
19539,7,2,0,0,442,11399733,11400174,4.42,rest,0.3345
14172,26,3,0,0,506,8275479,8275984,5.06,rest,0.3345
11561,23,2,0,0,349,6775322,6775670,3.49,rest,0.3345
19046,6,3,0,0,366,11084117,11084482,3.66,rest,0.3345
13065,25,2,0,0,478,7670004,7670481,4.78,rest,0.3345
3505,14,2,0,0,488,2071790,2072277,4.88,rest,0.3345
3469,14,2,0,0,504,2056683,2057186,5.04,rest,0.3345
12907,25,2,0,0,532,7603278,7603809,5.32,rest,0.3345
1139,11,2,0,0,417,699708,700124,4.17,rest,0.3345
331,10,2,0,0,382,239129,239510,3.82,rest,0.3345
12963,25,2,0,0,523,7626974,7627496,5.23,rest,0.3345
10064,21,3,0,0,440,5882748,5883187,4.4,rest,0.3345
1240,11,3,0,0,407,745346,745752,4.07,rest,0.3345
10090,21,3,0,0,481,5895435,5895915,4.81,rest,0.3345
241,10,2,0,0,582,201237,201818,5.82,rest,0.3345
5,10,2,0,0,321,102555,102875,3.21,rest,0.3345
3371,14,2,0,0,425,2015694,2016118,4.25,rest,0.3345
10898,22,3,0,0,558,6375291,6375848,5.58,rest,0.3345
17530,4,3,0,0,333,10211857,10212189,3.33,rest,0.3345
12630,24,3,0,0,522,7363104,7363625,5.22,rest,0.3345
1727,12,2,0,0,521,1081812,1082332,5.21,rest,0.3345
786,10,3,0,0,345,450972,451316,3.45,rest,0.3345
1841,12,2,0,0,437,1129539,1129975,4.37,rest,0.3345
12901,25,2,0,0,501,7600787,7601287,5.01,rest,0.3345
5899,17,2,0,0,502,3465401,3465902,5.02,rest,0.3345
6846,18,3,0,0,412,4003143,4003554,4.12,rest,0.3345
21452,9,3,0,0,469,12458880,12459348,4.69,rest,0.3345
913,11,2,0,0,399,604950,605348,3.99,rest,0.3345
10667,22,2,0,0,528,6269388,6269915,5.28,rest,0.3345
18322,5,3,0,0,385,10662645,10663029,3.85,rest,0.3345
3026,13,3,0,0,414,1763244,1763657,4.14,rest,0.3345
12388,24,3,0,0,488,7253198,7253685,4.88,rest,0.3345
9723,21,2,0,0,463,5734906,5735368,4.63,rest,0.3345
21414,9,3,0,0,1469,12440490,12441958,14.69,rest,0.3345
8177,1,2,0,0,560,4816628,4817187,5.6,rest,0.3345
19152,6,3,0,0,412,11130776,11131187,4.12,rest,0.3345
15389,2,2,0,0,516,9033793,9034308,5.16,rest,0.3345
7722,19,3,0,0,352,4503857,4504208,3.52,rest,0.3345
9143,20,2,0,0,507,5358754,5359260,5.07,rest,0.3345
13408,25,3,0,0,439,7824733,7825171,4.39,rest,0.3345
16135,3,2,0,0,579,9482753,9483331,5.79,rest,0.3345
3305,14,2,0,0,449,1987958,1988406,4.49,rest,0.3345
21145,9,2,0,0,451,12315548,12315998,4.51,rest,0.3345
1518,11,3,0,0,420,873415,873834,4.2,rest,0.3345
15333,2,2,0,0,438,9010384,9010821,4.38,rest,0.3345
17420,4,3,0,0,339,10162876,10163214,3.39,rest,0.332
5693,17,2,0,0,422,3378215,3378636,4.22,rest,0.332
21015,9,2,0,0,390,12261190,12261579,3.9,rest,0.332
13933,26,2,0,0,508,8167916,8168423,5.08,rest,0.332
20716,8,3,0,0,308,12028633,12028940,3.08,rest,0.332
15132,27,3,0,0,438,8808081,8808518,4.38,rest,0.332
9829,21,2,0,0,397,5779806,5780202,3.97,rest,0.332
21562,9,3,0,0,481,12509012,12509492,4.81,rest,0.332
10012,21,3,0,0,543,5858356,5858898,5.43,rest,0.332
10300,21,3,0,0,503,5992595,5993097,5.03,rest,0.332
15136,27,3,0,0,384,8809817,8810200,3.84,rest,0.332
20592,8,3,0,0,924,11973862,11974785,9.24,rest,0.332
16063,3,2,0,0,427,9452721,9453147,4.27,rest,0.332
12618,24,3,0,0,503,7358044,7358546,5.03,rest,0.332
1733,12,2,0,0,374,1084407,1084780,3.74,rest,0.332
5647,17,2,0,0,528,3358509,3359036,5.28,rest,0.332
12837,25,2,0,0,367,7573798,7574164,3.67,rest,0.332
11164,22,3,0,0,388,6497277,6497664,3.88,rest,0.332
16875,4,2,0,0,573,9924706,9925278,5.73,rest,0.332
16957,4,2,0,0,539,9959140,9959678,5.39,rest,0.332
17276,4,3,0,0,436,10096965,10097400,4.36,rest,0.332
12528,24,3,0,0,354,7317322,7317675,3.54,rest,0.332
10202,21,3,0,0,490,5945680,5946169,4.9,rest,0.332
5174,16,3,0,0,2077,3038824,3040900,20.77,rest,0.332
13081,25,2,0,0,407,7676826,7677232,4.07,rest,0.332
9669,21,2,0,0,488,5712010,5712497,4.88,rest,0.3296
11084,22,3,0,0,544,6459645,6460188,5.44,rest,0.3296
7574,19,3,0,0,315,4433279,4433593,3.15,rest,0.3296
9526,20,3,0,0,467,5532628,5533094,4.67,rest,0.3296
6292,17,3,0,0,429,3647054,3647482,4.29,rest,0.3296
11152,22,3,0,0,377,6492215,6492591,3.77,rest,0.3296
8179,1,2,0,0,581,4817470,4818050,5.81,rest,0.3296
17200,4,3,0,0,418,10061059,10061476,4.18,rest,0.3296
4959,16,2,0,0,578,2948890,2949467,5.78,rest,0.3296
9705,21,2,0,0,438,5727347,5727784,4.38,rest,0.3296
12843,25,2,0,0,383,7576283,7576665,3.83,rest,0.3296
9986,21,3,0,0,1697,5845947,5847643,16.97,rest,0.3296
16971,4,2,0,0,484,9965057,9965540,4.84,rest,0.3296
243,10,2,0,0,424,202222,202645,4.24,rest,0.3296
20588,8,3,0,0,512,11972048,11972559,5.12,rest,0.3296
307,10,2,0,0,421,229074,229494,4.21,rest,0.3296
20484,8,3,0,0,401,11926945,11927345,4.01,rest,0.3296
20520,8,3,0,0,494,11942760,11943253,4.94,rest,0.3296
5176,16,3,0,0,577,3041232,3041808,5.77,rest,0.3296
13452,25,3,0,0,462,7844525,7844986,4.62,rest,0.3296
10776,22,3,0,0,535,6315229,6315763,5.35,rest,0.3296
13506,25,3,0,0,269,7869347,7869615,2.69,rest,0.3296
2834,13,3,0,0,468,1674801,1675268,4.68,rest,0.3296
13186,25,3,0,0,454,7721067,7721520,4.54,rest,0.3296
9053,20,2,0,0,462,5320638,5321099,4.62,rest,0.3296
5324,16,3,0,0,683,3108158,3108840,6.83,rest,0.3296
16157,3,2,0,0,558,9491979,9492536,5.58,rest,0.3296
10288,21,3,0,0,456,5987582,5988037,4.56,rest,0.3296
4991,16,2,0,0,612,2962319,2962930,6.12,rest,0.3296
9360,20,3,0,0,476,5457463,5457938,4.76,rest,0.3296
9151,20,2,0,0,353,5362251,5362603,3.53,rest,0.3296
16552,3,3,0,0,496,9667922,9668417,4.96,rest,0.3296
13807,26,2,0,0,523,8114709,8115231,5.23,rest,0.3296
10336,21,3,0,0,424,6009455,6009878,4.24,rest,0.3296
8873,20,2,0,0,493,5244407,5244899,4.93,rest,0.3296
2238,12,3,0,0,378,1304352,1304729,3.78,rest,0.3296
16396,3,3,0,0,447,9591990,9592436,4.47,rest,0.3296
7952,19,3,0,0,376,4611962,4612337,3.76,rest,0.3271
9147,20,2,0,0,427,5360476,5360902,4.27,rest,0.3271
11134,22,3,0,0,501,6483467,6483967,5.01,rest,0.3271
14050,26,3,0,0,475,8219589,8220063,4.75,rest,0.3271
11509,23,2,0,0,554,6753270,6753823,5.54,rest,0.3271
398,10,3,0,0,355,268472,268826,3.55,rest,0.3271
14667,27,2,0,0,404,8601551,8601954,4.04,rest,0.3271
14408,26,3,0,0,428,8389171,8389598,4.28,rest,0.3271
16606,3,3,0,0,425,9692784,9693208,4.25,rest,0.3271
9897,21,2,0,0,499,5808417,5808915,4.99,rest,0.3271
9703,21,2,0,0,416,5726471,5726886,4.16,rest,0.3271
12376,24,3,0,0,475,7248171,7248645,4.75,rest,0.3271
6459,18,2,0,0,417,3836470,3836886,4.17,rest,0.3271
16973,4,2,0,0,657,9965820,9966476,6.57,rest,0.3271
9881,21,2,0,0,379,5801765,5802143,3.79,rest,0.3271
7088,18,3,0,0,314,4113423,4113736,3.14,rest,0.3271
3986,14,3,0,0,368,2295022,2295389,3.68,rest,0.3271
57,10,2,0,0,498,124151,124648,4.98,rest,0.3271
11014,22,3,0,0,471,6427074,6427544,4.71,rest,0.3271
10886,22,3,0,0,354,6369389,6369742,3.54,rest,0.3271
8215,1,2,0,0,552,4832575,4833126,5.52,rest,0.3271
157,10,2,0,0,516,166096,166611,5.16,rest,0.3271
17436,4,3,0,0,420,10169579,10169998,4.2,rest,0.3271
13041,25,2,0,0,391,7659999,7660389,3.91,rest,0.3271
20267,8,2,0,0,520,11833708,11834227,5.2,rest,0.3271
18414,5,3,0,0,458,10708746,10709203,4.58,rest,0.3271
12889,25,2,0,0,496,7595664,7596159,4.96,rest,0.3271
12959,25,2,0,0,478,7625237,7625714,4.78,rest,0.3271
16055,3,2,0,0,514,9449279,9449792,5.14,rest,0.3271
15060,27,3,0,0,427,8775940,8776366,4.27,rest,0.3271
13260,25,3,0,0,421,7755192,7755612,4.21,rest,0.3271
672,10,3,0,0,390,391291,391680,3.9,rest,0.3271
3018,13,3,0,0,366,1759896,1760261,3.66,rest,0.3247
6108,17,3,0,0,538,3560086,3560623,5.38,rest,0.3247
14555,27,2,0,0,546,8554491,8555036,5.46,rest,0.3247
18364,5,3,0,0,557,10681646,10682202,5.57,rest,0.3247
12710,24,3,0,0,401,7401792,7402192,4.01,rest,0.3247
16307,3,2,0,0,596,9554694,9555289,5.96,rest,0.3247
15958,2,3,0,0,479,9295969,9296447,4.79,rest,0.3247
14535,27,2,0,0,490,8546126,8546615,4.9,rest,0.3247
16337,3,2,0,0,548,9567326,9567873,5.48,rest,0.3247
6497,18,2,0,0,580,3852414,3852993,5.8,rest,0.3247
16814,3,3,0,0,361,9795635,9795995,3.61,rest,0.3247
8594,1,3,0,0,471,5006566,5007036,4.71,rest,0.3247
20754,8,3,0,0,457,12045437,12045893,4.57,rest,0.3247
8135,1,2,0,0,394,4799195,4799588,3.94,rest,0.3247
17574,4,3,0,0,343,10231240,10231582,3.43,rest,0.3247
127,10,2,0,0,430,153582,154011,4.3,rest,0.3247
2804,13,3,0,0,401,1660948,1661348,4.01,rest,0.3247
16123,3,2,0,0,508,9477782,9478289,5.08,rest,0.3247
10836,22,3,0,0,505,6344362,6344866,5.05,rest,0.3247
14786,27,3,0,0,482,8651401,8651882,4.82,rest,0.3247
6286,17,3,0,0,376,3644589,3644964,3.76,rest,0.3247
16694,3,3,0,0,405,9733373,9733777,4.05,rest,0.3247
15876,2,3,0,0,423,9257460,9257882,4.23,rest,0.3247
6384,17,3,0,0,347,3699630,3699976,3.47,rest,0.3247
10174,21,3,0,0,446,5933655,5934100,4.46,rest,0.3247
1180,11,3,0,0,405,718098,718502,4.05,rest,0.3247
19465,7,2,0,0,530,11368607,11369136,5.3,rest,0.3247
7934,19,3,0,0,379,4603480,4603858,3.79,rest,0.3247
6072,17,3,0,0,475,3543566,3544040,4.75,rest,0.3247
12620,24,3,0,0,460,7358854,7359313,4.6,rest,0.3247
3012,13,3,0,0,350,1757412,1757761,3.5,rest,0.3223
9137,20,2,0,0,446,5356226,5356671,4.46,rest,0.3223
8303,1,2,0,0,561,4869566,4870126,5.61,rest,0.3223
5637,17,2,0,0,520,3354283,3354802,5.2,rest,0.3223
21610,9,3,0,0,383,12531253,12531635,3.83,rest,0.3223
11367,23,2,0,0,582,6693502,6694083,5.82,rest,0.3223
9424,20,3,0,0,1221,5485549,5486769,12.21,rest,0.3223
901,11,2,0,0,472,599854,600325,4.72,rest,0.3223
12147,24,2,0,0,591,7151508,7152098,5.91,rest,0.3223
6310,17,3,0,0,404,3655674,3656077,4.04,rest,0.3223
21392,9,3,0,0,549,12430907,12431455,5.49,rest,0.3223
11582,23,3,0,0,403,6783985,6784387,4.03,rest,0.3223
1512,11,3,0,0,457,870881,871337,4.57,rest,0.3223
18062,5,3,0,0,426,10545910,10546335,4.26,rest,0.3223
2577,13,2,0,0,447,1562462,1562908,4.47,rest,0.3223
688,10,3,0,0,472,398737,399208,4.72,rest,0.3223
9404,20,3,0,0,615,5477016,5477630,6.15,rest,0.3223
21093,9,2,0,0,481,12293735,12294215,4.81,rest,0.3223
552,10,3,0,0,369,338006,338374,3.69,rest,0.3223
13230,25,3,0,0,464,7741056,7741519,4.64,rest,0.3223
15036,27,3,0,0,475,8763453,8763927,4.75,rest,0.3223
6398,17,3,0,0,378,3709583,3709960,3.78,rest,0.3223
18312,5,3,0,0,312,10658478,10658789,3.12,rest,0.3223
13512,25,3,0,0,310,7871830,7872139,3.1,rest,0.3223
5035,16,2,0,0,599,2980670,2981268,5.99,rest,0.3223
6477,18,2,0,0,496,3844060,3844555,4.96,rest,0.3223
20786,8,3,0,0,452,12059452,12059903,4.52,rest,0.3223
279,10,2,0,0,499,217228,217726,4.99,rest,0.3223
18350,5,3,0,0,308,10676010,10676317,3.08,rest,0.3223
1773,12,2,0,0,456,1101138,1101593,4.56,rest,0.3223
247,10,2,0,0,477,203846,204322,4.77,rest,0.3223
20852,8,3,0,0,272,12091984,12092255,2.72,rest,0.3223
18785,6,2,0,0,374,10966886,10967259,3.74,rest,0.3223
16043,3,2,0,0,416,9444404,9444819,4.16,rest,0.3223
10958,22,3,0,0,428,6402838,6403265,4.28,rest,0.3223
10994,22,3,0,0,484,6418320,6418803,4.84,rest,0.3223
16843,4,2,0,0,399,9911439,9911837,3.99,rest,0.3223
11038,22,3,0,0,425,6437936,6438360,4.25,rest,0.3223
10507,22,2,0,0,661,6201846,6202506,6.61,rest,0.3223
10116,21,3,0,0,541,5906910,5907450,5.41,rest,0.3223
20977,9,2,0,0,567,12245147,12245713,5.67,rest,0.3198
9984,21,3,0,0,474,5845137,5845610,4.74,rest,0.3198
9982,21,3,0,0,498,5844274,5844771,4.98,rest,0.3198
20053,8,2,0,0,421,11744161,11744581,4.21,rest,0.3198
5795,17,2,0,0,431,3421573,3422003,4.31,rest,0.3198
6130,17,3,0,0,471,3569860,3570330,4.71,rest,0.3198
2671,13,2,0,0,551,1601710,1602260,5.51,rest,0.3198
8255,1,2,0,0,515,4849387,4849901,5.15,rest,0.3198
19140,6,3,0,0,441,11125327,11125767,4.41,rest,0.3198
10228,21,3,0,0,401,5958877,5959277,4.01,rest,0.3198
8109,1,2,0,0,542,4788151,4788692,5.42,rest,0.3198
3020,13,3,0,0,313,1760826,1761138,3.13,rest,0.3198
18360,5,3,0,0,360,10680126,10680485,3.6,rest,0.3198
10531,22,2,0,0,538,6211923,6212460,5.38,rest,0.3198
21101,9,2,0,0,458,12297071,12297528,4.58,rest,0.3198
10751,22,2,0,0,371,6304892,6305262,3.71,rest,0.3198
17284,4,3,0,0,1358,10100390,10101747,13.58,rest,0.3198
209,10,2,0,0,334,188069,188402,3.34,rest,0.3198
13871,26,2,0,0,430,8141765,8142194,4.3,rest,0.3198
21486,9,3,0,0,501,12474209,12474709,5.01,rest,0.3198
17246,4,3,0,0,378,10083521,10083898,3.78,rest,0.3198
19240,6,3,0,0,325,11170537,11170861,3.25,rest,0.3198
16995,4,2,0,0,450,9975158,9975607,4.5,rest,0.3198
6523,18,2,0,0,526,3863368,3863893,5.26,rest,0.3198
1875,12,2,0,0,520,1143669,1144188,5.2,rest,0.3198
2940,13,3,0,0,465,1724994,1725458,4.65,rest,0.3198
14792,27,3,0,0,437,8653936,8654372,4.37,rest,0.3198
12839,25,2,0,0,388,7574607,7574994,3.88,rest,0.3198
18900,6,3,0,0,389,11019471,11019859,3.89,rest,0.3198
14180,26,3,0,0,462,8279274,8279735,4.62,rest,0.3198
13111,25,2,0,0,533,7689402,7689934,5.33,rest,0.3198
10866,22,3,0,0,464,6360190,6360653,4.64,rest,0.3198
287,10,2,0,0,468,220672,221139,4.68,rest,0.3198
7465,19,2,0,0,389,4387550,4387938,3.89,rest,0.3198
14220,26,3,0,0,562,8296496,8297057,5.62,rest,0.3198
3884,14,3,0,0,376,2244587,2244962,3.76,rest,0.3198
20478,8,3,0,0,504,11924384,11924887,5.04,rest,0.3198
3375,14,2,0,0,378,2017459,2017836,3.78,rest,0.3198
9847,21,2,0,0,416,5787354,5787769,4.16,rest,0.3198
12861,25,2,0,0,469,7583847,7584315,4.69,rest,0.3198
1763,12,2,0,0,490,1096926,1097415,4.9,rest,0.3174
16756,3,3,0,0,421,9763288,9763708,4.21,rest,0.3174
10114,21,3,0,0,467,5906100,5906566,4.67,rest,0.3174
9655,21,2,0,0,445,5706119,5706563,4.45,rest,0.3174
2463,13,2,0,0,457,1514618,1515074,4.57,rest,0.3174
2467,13,2,0,0,569,1516233,1516801,5.69,rest,0.3174
17564,4,3,0,0,929,10226581,10227509,9.29,rest,0.3174
137,10,2,0,0,413,157776,158188,4.13,rest,0.3174
13083,25,2,0,0,406,7677666,7678071,4.06,rest,0.3174
7578,19,3,0,0,410,4434833,4435242,4.1,rest,0.3174
6306,17,3,0,0,421,3653984,3654404,4.21,rest,0.3174
13478,25,3,0,0,443,7856861,7857303,4.43,rest,0.3174
17063,4,2,0,0,549,10003603,10004151,5.49,rest,0.3174
16105,3,2,0,0,446,9470336,9470781,4.46,rest,0.3174
3437,14,2,0,0,476,2043247,2043722,4.76,rest,0.3174
3072,13,3,0,0,432,1783674,1784105,4.32,rest,0.3174
19527,7,2,0,0,418,11394740,11395157,4.18,rest,0.3174
20528,8,3,0,0,459,11946156,11946614,4.59,rest,0.3174
16141,3,2,0,0,594,9485288,9485881,5.94,rest,0.3174
17376,4,3,0,0,406,10142624,10143029,4.06,rest,0.3174
8265,1,2,0,0,605,4853542,4854146,6.05,rest,0.3174
13735,26,2,0,0,612,8084203,8084814,6.12,rest,0.3174
600,10,3,0,0,509,358649,359157,5.09,rest,0.3174
18611,6,2,0,0,424,10894006,10894429,4.24,rest,0.3174
957,11,2,0,0,414,623467,623880,4.14,rest,0.3174
3014,13,3,0,0,409,1758238,1758646,4.09,rest,0.3174
14030,26,3,0,0,495,8210543,8211037,4.95,rest,0.3174
11898,23,3,0,0,272,6930958,6931229,2.72,rest,0.3174
9747,21,2,0,0,401,5745118,5745518,4.01,rest,0.3174
13905,26,2,0,0,555,8156024,8156578,5.55,rest,0.3174
11182,22,3,0,0,507,6508538,6509044,5.07,rest,0.3174
7910,19,3,0,0,287,4592799,4593085,2.87,rest,0.3174
3788,14,3,0,0,398,2201252,2201649,3.98,rest,0.3174
11064,22,3,0,0,439,6450248,6450686,4.39,rest,0.3149
91,10,2,0,0,517,138440,138956,5.17,rest,0.3149
13899,26,2,0,0,551,8153488,8154038,5.51,rest,0.3149
20955,9,2,0,0,447,12235936,12236382,4.47,rest,0.3149
11156,22,3,0,0,440,6493876,6494315,4.4,rest,0.3149
358,10,3,0,0,489,250276,250764,4.89,rest,0.3149
13552,25,3,0,0,474,7890351,7890824,4.74,rest,0.3149
414,10,3,0,0,465,275936,276400,4.65,rest,0.3149
265,10,2,0,0,428,211444,211871,4.28,rest,0.3149
11018,22,3,0,0,492,6428756,6429247,4.92,rest,0.3149
9976,21,3,0,0,433,5841804,5842236,4.33,rest,0.3149
11120,22,3,0,0,503,6476708,6477210,5.03,rest,0.3149
7010,18,3,0,0,419,4076653,4077071,4.19,rest,0.3149
20277,8,2,0,0,564,11837867,11838430,5.64,rest,0.3149
13460,25,3,0,0,448,7848634,7849081,4.48,rest,0.3149
3660,14,3,0,0,369,2140660,2141028,3.69,rest,0.3149
16392,3,3,0,0,473,9590330,9590802,4.73,rest,0.3149
11369,23,2,0,0,582,6694321,6694902,5.82,rest,0.3149
20269,8,2,0,0,480,11834585,11835064,4.8,rest,0.3149
16879,4,2,0,0,566,9926370,9926935,5.66,rest,0.3149
12420,24,3,0,0,452,7268538,7268989,4.52,rest,0.3149
5893,17,2,0,0,433,3462935,3463367,4.33,rest,0.3149
9687,21,2,0,0,400,5719727,5720126,4.0,rest,0.3149
8299,1,2,0,0,660,4867762,4868421,6.6,rest,0.3149
16277,3,2,0,0,411,9542330,9542740,4.11,rest,0.3149
19042,6,3,0,0,344,11082530,11082873,3.44,rest,0.3149
16448,3,3,0,0,528,9619921,9620448,5.28,rest,0.3149
13077,25,2,0,0,468,7675108,7675575,4.68,rest,0.3149
12161,24,2,0,0,458,7157604,7158061,4.58,rest,0.3149
10479,22,2,0,0,505,6189915,6190419,5.05,rest,0.3149
16981,4,2,0,0,656,9969195,9969850,6.56,rest,0.3149
15054,27,3,0,0,426,8772779,8773204,4.26,rest,0.3149
20985,9,2,0,0,602,12248405,12249006,6.02,rest,0.3149
18769,6,2,0,0,304,10960256,10960559,3.04,rest,0.3149
9528,20,3,0,0,467,5533484,5533950,4.67,rest,0.3149
2477,13,2,0,0,457,1520512,1520968,4.57,rest,0.3149
18116,5,3,0,0,318,10570387,10570704,3.18,rest,0.3149
3285,14,2,0,0,426,1979549,1979974,4.26,rest,0.3149
10944,22,3,0,0,557,6395154,6395710,5.57,rest,0.3149
12957,25,2,0,0,460,7624420,7624879,4.6,rest,0.3149
13266,25,3,0,0,368,7757756,7758123,3.68,rest,0.3125
12887,25,2,0,0,517,7594810,7595326,5.17,rest,0.3125
11196,22,3,0,0,478,6517443,6517920,4.78,rest,0.3125
14130,26,3,0,0,503,8255905,8256407,5.03,rest,0.3125
8249,1,2,0,0,419,4846919,4847337,4.19,rest,0.3125
1542,11,3,0,0,401,884250,884650,4.01,rest,0.3125
21210,9,3,0,0,547,12342584,12343130,5.47,rest,0.3125
15066,27,3,0,0,356,8778490,8778845,3.56,rest,0.3125
20981,9,2,0,0,627,12246768,12247394,6.27,rest,0.3125
21013,9,2,0,0,574,12260363,12260936,5.74,rest,0.3125
6000,17,3,0,0,527,3509544,3510070,5.27,rest,0.3125
3180,13,3,0,0,480,1833492,1833971,4.8,rest,0.3125
16520,3,3,0,0,411,9653245,9653655,4.11,rest,0.3125
19531,7,2,0,0,438,11396407,11396844,4.38,rest,0.3125
2070,12,3,0,0,403,1230703,1231105,4.03,rest,0.3125
9709,21,2,0,0,410,5729007,5729416,4.1,rest,0.3125
12833,25,2,0,0,410,7572101,7572510,4.1,rest,0.3125
14866,27,3,0,0,380,8689067,8689446,3.8,rest,0.3125
18960,6,3,0,0,437,11046960,11047396,4.37,rest,0.3125
16241,3,2,0,0,460,9527268,9527727,4.6,rest,0.3125
2469,13,2,0,0,455,1517157,1517611,4.55,rest,0.3125
3000,13,3,0,0,464,1750461,1750924,4.64,rest,0.3125
1651,12,2,0,0,441,1049970,1050410,4.41,rest,0.3125
11160,22,3,0,0,372,6495610,6495981,3.72,rest,0.3125
16975,4,2,0,0,537,9966686,9967222,5.37,rest,0.3125
19381,7,2,0,0,567,11333380,11333946,5.67,rest,0.3125
21436,9,3,0,0,497,12452168,12452664,4.97,rest,0.3125
3295,14,2,0,0,458,1983737,1984194,4.58,rest,0.3125
18254,5,3,0,0,338,10632267,10632604,3.38,rest,0.3101
8285,1,2,0,0,674,4861894,4862567,6.74,rest,0.3101
9631,21,2,0,0,462,5695955,5696416,4.62,rest,0.3101
10968,22,3,0,0,743,6407072,6407814,7.43,rest,0.3101
2826,13,3,0,0,478,1670728,1671205,4.78,rest,0.3101
10364,21,3,0,0,348,6022377,6022724,3.48,rest,0.3101
2984,13,3,0,0,437,1743758,1744194,4.37,rest,0.3101
18118,5,3,0,0,349,10571216,10571564,3.49,rest,0.3101
11006,22,3,0,0,429,6423453,6423881,4.29,rest,0.3101
20167,8,2,0,0,556,11791851,11792406,5.56,rest,0.3101
18320,5,3,0,0,305,10661822,10662126,3.05,rest,0.3101
8410,1,3,0,0,516,4917391,4917906,5.16,rest,0.3101
17117,4,2,0,0,536,10026239,10026774,5.36,rest,0.3101
5799,17,2,0,0,433,3423238,3423670,4.33,rest,0.3101
1765,12,2,0,0,571,1097718,1098288,5.71,rest,0.3101
20973,9,2,0,0,495,12243488,12243982,4.95,rest,0.3101
21222,9,3,0,0,471,12348387,12348857,4.71,rest,0.3101
14148,26,3,0,0,536,8263619,8264154,5.36,rest,0.3101
5627,17,2,0,0,499,3350143,3350641,4.99,rest,0.3101
9356,20,3,0,0,411,5455854,5456264,4.11,rest,0.3101
14579,27,2,0,0,420,8564742,8565161,4.2,rest,0.3101
20921,9,2,0,0,525,12221600,12222124,5.25,rest,0.3101
3772,14,3,0,0,448,2194532,2194979,4.48,rest,0.3101
18084,5,3,0,0,447,10555695,10556141,4.47,rest,0.3101
18876,6,3,0,0,466,11008970,11009435,4.66,rest,0.3101
7166,18,3,0,0,511,4154172,4154682,5.11,rest,0.3101
13107,25,2,0,0,521,7687703,7688223,5.21,rest,0.3101
13109,25,2,0,0,473,7688595,7689067,4.73,rest,0.3101
2459,13,2,0,0,498,1512911,1513408,4.98,rest,0.3101
2212,12,3,0,0,443,1292858,1293300,4.43,rest,0.3101
13059,25,2,0,0,487,7667471,7667957,4.87,rest,0.3101
5931,17,2,0,0,419,3478994,3479412,4.19,rest,0.3101
6988,18,3,0,0,454,4066916,4067369,4.54,rest,0.3101
20510,8,3,0,0,402,11938309,11938710,4.02,rest,0.3101
4821,16,2,0,0,574,2891078,2891651,5.74,rest,0.3101
10840,22,3,0,0,493,6346050,6346542,4.93,rest,0.3101
7954,19,3,0,0,384,4612807,4613190,3.84,rest,0.3101
14154,26,3,0,0,523,8266182,8266704,5.23,rest,0.3101
13767,26,2,0,0,514,8097771,8098284,5.14,rest,0.3101
13342,25,3,0,0,441,7793755,7794195,4.41,rest,0.3101
13334,25,3,0,0,467,7790399,7790865,4.67,rest,0.3101
281,10,2,0,0,636,218052,218687,6.36,rest,0.3101
71,10,2,0,0,484,130069,130552,4.84,rest,0.3101
16227,3,2,0,0,479,9521389,9521867,4.79,rest,0.3101
8498,1,3,0,0,540,4961112,4961651,5.4,rest,0.3101
13262,25,3,0,0,400,7756039,7756438,4.0,rest,0.3101
8384,1,3,0,0,350,4905542,4905891,3.5,rest,0.3101
12434,24,3,0,0,436,7274984,7275419,4.36,rest,0.3101
14615,27,2,0,0,406,8579794,8580199,4.06,rest,0.3101
175,10,2,0,0,381,173837,174217,3.81,rest,0.3076
9968,21,3,0,0,475,5838413,5838887,4.75,rest,0.3076
6304,17,3,0,0,371,3653182,3653552,3.71,rest,0.3076
1242,11,3,0,0,369,746182,746550,3.69,rest,0.3076
9675,21,2,0,0,471,5714563,5715033,4.71,rest,0.3076
14954,27,3,0,0,310,8728268,8728577,3.1,rest,0.3076
14372,26,3,0,0,484,8364587,8365070,4.84,rest,0.3076
16331,3,2,0,0,501,9564868,9565368,5.01,rest,0.3076
14300,26,3,0,0,468,8332428,8332895,4.68,rest,0.3076
8424,1,3,0,0,411,4924199,4924609,4.11,rest,0.3076
19463,7,2,0,0,376,11367903,11368278,3.76,rest,0.3076
6579,18,2,0,0,471,3887091,3887561,4.71,rest,0.3076
16760,3,3,0,0,408,9764966,9765373,4.08,rest,0.3076
7616,19,3,0,0,357,4453547,4453903,3.57,rest,0.3076
13743,26,2,0,0,494,8087687,8088180,4.94,rest,0.3076
21147,9,2,0,0,472,12316364,12316835,4.72,rest,0.3076
11106,22,3,0,0,414,6469642,6470055,4.14,rest,0.3076
225,10,2,0,0,439,194649,195087,4.39,rest,0.3076
99,10,2,0,0,551,141729,142279,5.51,rest,0.3076
16137,3,2,0,0,571,9483606,9484176,5.71,rest,0.3076
15441,2,2,0,0,383,9055646,9056028,3.83,rest,0.3076
16861,4,2,0,0,464,9918898,9919361,4.64,rest,0.3076
20231,8,2,0,0,487,11818728,11819214,4.87,rest,0.3076
1729,12,2,0,0,493,1082706,1083198,4.93,rest,0.3076
20983,9,2,0,0,577,12247635,12248211,5.77,rest,0.3076
12961,25,2,0,0,464,7626113,7626576,4.64,rest,0.3076
10942,22,3,0,0,474,6394394,6394867,4.74,rest,0.3076
16121,3,2,0,0,465,9476997,9477461,4.65,rest,0.3076
16654,3,3,0,0,280,9715054,9715333,2.8,rest,0.3076
3984,14,3,0,0,390,2294158,2294547,3.9,rest,0.3076
8572,1,3,0,0,367,4996520,4996886,3.67,rest,0.3076
2294,12,3,0,0,411,1329573,1329983,4.11,rest,0.3076
19537,7,2,0,0,494,11398894,11399387,4.94,rest,0.3052
21358,9,3,0,0,537,12415150,12415686,5.37,rest,0.3052
10862,22,3,0,0,393,6358607,6358999,3.93,rest,0.3052
13797,26,2,0,0,476,8110545,8111020,4.76,rest,0.3052
18729,6,2,0,0,380,10943436,10943815,3.8,rest,0.3052
1605,12,2,0,0,451,1030802,1031252,4.51,rest,0.3052
1282,11,3,0,0,409,764254,764662,4.09,rest,0.3052
2806,13,3,0,0,392,1661815,1662206,3.92,rest,0.3052
14499,27,2,0,0,470,8531086,8531555,4.7,rest,0.3052
8660,1,3,0,0,559,5040629,5041187,5.59,rest,0.3052
5093,16,2,0,0,564,3005007,3005570,5.64,rest,0.3052
12091,24,2,0,0,488,7128004,7128491,4.88,rest,0.3052
18918,6,3,0,0,452,11027901,11028352,4.52,rest,0.3052
12997,25,2,0,0,400,7641438,7641837,4.0,rest,0.3052
12927,25,2,0,0,493,7611745,7612237,4.93,rest,0.3052
17278,4,3,0,0,377,10097822,10098198,3.77,rest,0.3052
7553,19,2,0,0,410,4424430,4424839,4.1,rest,0.3052
211,10,2,0,0,548,188718,189265,5.48,rest,0.3052
19024,6,3,0,0,450,11074575,11075024,4.5,rest,0.3052
16967,4,2,0,0,537,9963323,9963859,5.37,rest,0.3052
6258,17,3,0,0,492,3630977,3631468,4.92,rest,0.3052
11513,23,2,0,0,464,6755064,6755527,4.64,rest,0.3052
21139,9,2,0,0,522,12313029,12313550,5.22,rest,0.3052
694,10,3,0,0,405,401327,401731,4.05,rest,0.3052
9751,21,2,0,0,382,5746831,5747212,3.82,rest,0.3052
131,10,2,0,0,445,155273,155717,4.45,rest,0.3052
6908,18,3,0,0,363,4031842,4032204,3.63,rest,0.3052
6770,18,3,0,0,427,3967276,3967702,4.27,rest,0.3052
19868,7,3,0,0,493,11550260,11550752,4.93,rest,0.3052
3010,13,3,0,0,330,1756635,1756964,3.3,rest,0.3052
1172,11,3,0,0,429,714777,715205,4.29,rest,0.3052
16690,3,3,0,0,368,9731712,9732079,3.68,rest,0.3027
404,10,3,0,0,380,271844,272223,3.8,rest,0.3027
19379,7,2,0,0,572,11332540,11333111,5.72,rest,0.3027
10780,22,3,0,0,532,6316894,6317425,5.32,rest,0.3027
3074,13,3,0,0,338,1784577,1784914,3.38,rest,0.3027
11275,23,2,0,0,390,6654844,6655233,3.9,rest,0.3027
5635,17,2,0,0,578,3353471,3354048,5.78,rest,0.3027
6102,17,3,0,0,438,3557623,3558060,4.38,rest,0.3027
10792,22,3,0,0,419,6323956,6324374,4.19,rest,0.3027
9749,21,2,0,0,418,5745951,5746368,4.18,rest,0.3027
12855,25,2,0,0,434,7581336,7581769,4.34,rest,0.3027
8634,1,3,0,0,410,5028934,5029343,4.1,rest,0.3027
10810,22,3,0,0,461,6332282,6332742,4.61,rest,0.3027
8173,1,2,0,0,521,4814998,4815518,5.21,rest,0.3027
16422,3,3,0,0,1752,9605504,9607255,17.52,rest,0.3027
1747,12,2,0,0,460,1090251,1090710,4.6,rest,0.3027
13075,25,2,0,0,449,7674274,7674722,4.49,rest,0.3027
18864,6,3,0,0,420,11003855,11004274,4.2,rest,0.3027
20674,8,3,0,0,372,12010226,12010597,3.72,rest,0.3027
20438,8,3,0,0,447,11906238,11906684,4.47,rest,0.3027
5729,17,2,0,0,590,3393415,3394004,5.9,rest,0.3027
14611,27,2,0,0,259,8578269,8578527,2.59,rest,0.3027
9384,20,3,0,0,657,5468451,5469107,6.57,rest,0.3027
8580,1,3,0,0,423,4999874,5000296,4.23,rest,0.3027
9641,21,2,0,0,402,5700221,5700622,4.02,rest,0.3027
21558,9,3,0,0,472,12507372,12507843,4.72,rest,0.3027
8550,1,3,0,0,460,4986038,4986497,4.6,rest,0.3027
6567,18,2,0,0,550,3881877,3882426,5.5,rest,0.3003
10661,22,2,0,0,440,6266870,6267309,4.4,rest,0.3003
18356,5,3,0,0,382,10678415,10678796,3.82,rest,0.3003
20933,9,2,0,0,524,12226673,12227196,5.24,rest,0.3003
2278,12,3,0,0,467,1322286,1322752,4.67,rest,0.3003
12610,24,3,0,0,487,7354518,7355004,4.87,rest,0.3003
13721,26,2,0,0,570,8078279,8078848,5.7,rest,0.3003
11180,22,3,0,0,367,6507756,6508122,3.67,rest,0.3003
9340,20,3,0,0,511,5447300,5447810,5.11,rest,0.3003
13486,25,3,0,0,458,7860235,7860692,4.58,rest,0.3003
12504,24,3,0,0,599,7306097,7306695,5.99,rest,0.3003
12301,24,2,0,0,551,7216499,7217049,5.51,rest,0.3003
1697,12,2,0,0,477,1069266,1069742,4.77,rest,0.3003
20392,8,3,0,0,418,11886153,11886570,4.18,rest,0.3003
2112,12,3,0,0,463,1248475,1248937,4.63,rest,0.3003
17069,4,2,0,0,496,10006105,10006600,4.96,rest,0.3003
14994,27,3,0,0,272,8745801,8746072,2.72,rest,0.3003
14338,26,3,0,0,451,8349617,8350067,4.51,rest,0.3003
20432,8,3,0,0,476,11903644,11904119,4.76,rest,0.3003
16873,4,2,0,0,603,9923916,9924518,6.03,rest,0.3003
13033,25,2,0,0,396,7656634,7657029,3.96,rest,0.3003
3457,14,2,0,0,457,2051656,2052112,4.57,rest,0.3003
508,10,3,0,0,468,318102,318569,4.68,rest,0.3003
11239,23,2,0,0,416,6639640,6640055,4.16,rest,0.3003
20163,8,2,0,0,509,11790160,11790668,5.09,rest,0.2979
1901,12,2,0,0,535,1154576,1155110,5.35,rest,0.2979
3275,14,2,0,0,531,1975311,1975841,5.31,rest,0.2979
20253,8,2,0,0,467,11827923,11828389,4.67,rest,0.2979
13340,25,3,0,0,484,7792882,7793365,4.84,rest,0.2979
1141,11,2,0,0,359,700588,700946,3.59,rest,0.2979
10976,22,3,0,0,466,6410465,6410930,4.66,rest,0.2979
13915,26,2,0,0,533,8160341,8160873,5.33,rest,0.2979
20947,9,2,0,0,473,12232557,12233029,4.73,rest,0.2979
13202,25,3,0,0,476,7729036,7729511,4.76,rest,0.2979
20584,8,3,0,0,547,11970395,11970941,5.47,rest,0.2979
3022,13,3,0,0,380,1761596,1761975,3.8,rest,0.2979
12969,25,2,0,0,396,7629551,7629946,3.96,rest,0.2979
2455,13,2,0,0,487,1511218,1511704,4.87,rest,0.2979
15028,27,3,0,0,491,8760142,8760632,4.91,rest,0.2979
16913,4,2,0,0,455,9940755,9941209,4.55,rest,0.2979
17121,4,2,0,0,534,10027906,10028439,5.34,rest,0.2979
8325,1,2,0,0,437,4878871,4879307,4.37,rest,0.2979
20147,8,2,0,0,572,11783422,11783993,5.72,rest,0.2979
9420,20,3,0,0,500,5483834,5484333,5.0,rest,0.2979
14198,26,3,0,0,428,8287038,8287465,4.28,rest,0.2979
16175,3,2,0,0,650,9499545,9500194,6.5,rest,0.2979
9446,20,3,0,0,372,5496401,5496772,3.72,rest,0.2979
18888,6,3,0,0,929,11014038,11014966,9.29,rest,0.2954
13773,26,2,0,0,504,8100318,8100821,5.04,rest,0.2954
17222,4,3,0,0,409,10071899,10072307,4.09,rest,0.2954
13901,26,2,0,0,539,8154351,8154889,5.39,rest,0.2954
14188,26,3,0,0,485,8282631,8283115,4.85,rest,0.2954
2142,12,3,0,0,396,1261781,1262176,3.96,rest,0.2954
19082,6,3,0,0,345,11099892,11100236,3.45,rest,0.2954
18665,6,2,0,0,395,10916567,10916961,3.95,rest,0.2954
20602,8,3,0,0,373,11978565,11978937,3.73,rest,0.2954
11144,22,3,0,0,468,6487722,6488189,4.68,rest,0.2954
12877,25,2,0,0,532,7590563,7591094,5.32,rest,0.2954
14810,27,3,0,0,474,8662442,8662915,4.74,rest,0.2954
12967,25,2,0,0,400,7628695,7629094,4.0,rest,0.2954
15287,2,2,0,0,441,8991065,8991505,4.41,rest,0.2954
5025,16,2,0,0,559,2976512,2977070,5.59,rest,0.2954
15569,2,2,0,0,378,9109222,9109599,3.78,rest,0.2954
3277,14,2,0,0,406,1976235,1976640,4.06,rest,0.2954
16901,4,2,0,0,570,9935604,9936173,5.7,rest,0.2954
16923,4,2,0,0,645,9944834,9945478,6.45,rest,0.2954
794,10,3,0,0,302,454283,454584,3.02,rest,0.2954
14412,26,3,0,0,443,8390849,8391291,4.43,rest,0.2954
10523,22,2,0,0,495,6208574,6209068,4.95,rest,0.2954
7531,19,2,0,0,419,4415217,4415635,4.19,rest,0.293
2230,12,3,0,0,351,1301004,1301354,3.51,rest,0.293
20688,8,3,0,0,413,12015987,12016399,4.13,rest,0.293
18278,5,3,0,0,414,10642831,10643244,4.14,rest,0.293
10449,22,2,0,0,340,6177403,6177742,3.4,rest,0.293
5749,17,2,0,0,594,3402015,3402608,5.94,rest,0.293
13875,26,2,0,0,500,8143426,8143925,5.0,rest,0.293
18906,6,3,0,0,442,11021939,11022380,4.42,rest,0.293
11198,22,3,0,0,500,6518262,6518761,5.0,rest,0.293
7046,18,3,0,0,276,4093156,4093431,2.76,rest,0.293
7006,18,3,0,0,294,4075071,4075364,2.94,rest,0.293
20788,8,3,0,0,369,12060361,12060729,3.69,rest,0.293
10561,22,2,0,0,568,6224753,6225320,5.68,rest,0.293
20993,9,2,0,0,549,12251803,12252351,5.49,rest,0.293
6998,18,3,0,0,1137,4071037,4072173,11.37,rest,0.293
7654,19,3,0,0,367,4472508,4472874,3.67,rest,0.293
18892,6,3,0,0,447,11016101,11016547,4.47,rest,0.293
10527,22,2,0,0,605,6210252,6210856,6.05,rest,0.293
4069,15,2,0,0,498,2434357,2434854,4.98,rest,0.293
1270,11,3,0,0,486,759199,759684,4.86,rest,0.293
67,10,2,0,0,382,128480,128861,3.82,rest,0.293
708,10,3,0,0,279,407816,408094,2.79,rest,0.293
19018,6,3,0,0,411,11072100,11072510,4.11,rest,0.293
11070,22,3,0,0,380,6453871,6454250,3.8,rest,0.293
778,10,3,0,0,388,445581,445968,3.88,rest,0.293
17412,4,3,0,0,379,10159495,10159873,3.79,rest,0.293
16197,3,2,0,0,564,9508750,9509313,5.64,rest,0.293
18946,6,3,0,0,467,11040823,11041289,4.67,rest,0.293
11118,22,3,0,0,473,6475884,6476356,4.73,rest,0.293
15331,2,2,0,0,510,9009466,9009975,5.1,rest,0.293
11032,22,3,0,0,360,6435453,6435812,3.6,rest,0.293
8430,1,3,0,0,464,4926660,4927123,4.64,rest,0.293
3086,13,3,0,0,282,1789696,1789977,2.82,rest,0.293
6312,17,3,0,0,481,3656498,3656978,4.81,rest,0.293
16704,3,3,0,0,464,9738369,9738832,4.64,rest,0.293
8165,1,2,0,0,572,4811625,4812196,5.72,rest,0.293
18753,6,2,0,0,350,10953461,10953810,3.5,rest,0.293
2866,13,3,0,0,393,1690451,1690843,3.93,rest,0.293
21242,9,3,0,0,520,12357034,12357553,5.2,rest,0.293
8349,1,2,0,0,444,4888920,4889363,4.44,rest,0.293
20867,9,2,0,0,532,12198894,12199425,5.32,rest,0.293
5017,16,2,0,0,615,2973155,2973769,6.15,rest,0.293
5797,17,2,0,0,397,3422444,3422840,3.97,rest,0.293
1749,12,2,0,0,495,1091033,1091527,4.95,rest,0.293
15026,27,3,0,0,538,8759213,8759750,5.38,rest,0.2905
20979,9,2,0,0,555,12245899,12246453,5.55,rest,0.2905
10002,21,3,0,0,490,5853876,5854365,4.9,rest,0.2905
16696,3,3,0,0,407,9734206,9734612,4.07,rest,0.2905
8351,1,2,0,0,387,4889779,4890165,3.87,rest,0.2905
20398,8,3,0,0,501,11888571,11889071,5.01,rest,0.2905
2800,13,3,0,0,371,1659333,1659703,3.71,rest,0.2905
17127,4,2,0,0,448,10030508,10030955,4.48,rest,0.2905
5019,16,2,0,0,517,2974043,2974559,5.17,rest,0.2905
14332,26,3,0,0,502,8346616,8347117,5.02,rest,0.2905
20895,9,2,0,0,464,12210720,12211183,4.64,rest,0.2905
16125,3,2,0,0,530,9478614,9479143,5.3,rest,0.2905
10587,22,2,0,0,529,6235750,6236278,5.29,rest,0.2905
6204,17,3,0,0,483,3605713,3606195,4.83,rest,0.2905
17266,4,3,0,0,412,10092832,10093243,4.12,rest,0.2905
1819,12,2,0,0,425,1120348,1120772,4.25,rest,0.2905
6812,18,3,0,0,354,3987509,3987862,3.54,rest,0.2905
9671,21,2,0,0,444,5712907,5713350,4.44,rest,0.2905
3002,13,3,0,0,450,1751316,1751765,4.5,rest,0.2905
6934,18,3,0,0,516,4043039,4043554,5.16,rest,0.2905
13765,26,2,0,0,572,8096853,8097424,5.72,rest,0.2905
20161,8,2,0,0,504,11789375,11789878,5.04,rest,0.2905
10709,22,2,0,0,359,6287223,6287581,3.59,rest,0.2905
10591,22,2,0,0,380,6237466,6237845,3.8,rest,0.2905
18872,6,3,0,0,406,11007387,11007792,4.06,rest,0.2905
11078,22,3,0,0,477,6457180,6457656,4.77,rest,0.2905
6332,17,3,0,0,394,3665942,3666335,3.94,rest,0.2905
1799,12,2,0,0,412,1112048,1112459,4.12,rest,0.2905
16897,4,2,0,0,549,9933923,9934471,5.49,rest,0.2905
18741,6,2,0,0,537,10948338,10948874,5.37,rest,0.2905
10784,22,3,0,0,564,6318545,6319108,5.64,rest,0.2905
5691,17,2,0,0,435,3377355,3377789,4.35,rest,0.2905
20840,8,3,0,0,320,12086924,12087243,3.2,rest,0.2881
941,11,2,0,0,346,616792,617137,3.46,rest,0.2881
1817,12,2,0,0,453,1119488,1119940,4.53,rest,0.2881
20957,9,2,0,0,431,12236772,12237202,4.31,rest,0.2881
21043,9,2,0,0,441,12272833,12273273,4.41,rest,0.2881
235,10,2,0,0,484,198787,199270,4.84,rest,0.2881
20971,9,2,0,0,489,12242583,12243071,4.89,rest,0.2881
2116,12,3,0,0,474,1250158,1250631,4.74,rest,0.2881
20145,8,2,0,0,529,11782606,11783134,5.29,rest,0.2881
18870,6,3,0,0,449,11006564,11007012,4.49,rest,0.2881
1,10,2,0,0,362,100778,101139,3.62,rest,0.2881
14184,26,3,0,0,502,8280924,8281425,5.02,rest,0.2881
8233,1,2,0,0,534,4840140,4840673,5.34,rest,0.2881
10761,22,2,0,0,384,6309129,6309512,3.84,rest,0.2881
9891,21,2,0,0,522,5805859,5806380,5.22,rest,0.2881
2820,13,3,0,0,429,1668284,1668712,4.29,rest,0.2881
17492,4,3,0,0,388,10194663,10195050,3.88,rest,0.2881
6378,17,3,0,0,374,3697127,3697500,3.74,rest,0.2881
13861,26,2,0,0,473,8137516,8137988,4.73,rest,0.2881
5943,17,2,0,0,417,3484056,3484472,4.17,rest,0.2881
17544,4,3,0,0,945,10217668,10218612,9.45,rest,0.2881
10844,22,3,0,0,500,6347743,6348242,5.0,rest,0.2881
6262,17,3,0,0,411,3632756,3633166,4.11,rest,0.2881
8556,1,3,0,0,402,4988581,4988982,4.02,rest,0.2881
15431,2,2,0,0,436,9051431,9051866,4.36,rest,0.2881
10469,22,2,0,0,433,6185763,6186195,4.33,rest,0.2881
10563,22,2,0,0,517,6225511,6226027,5.17,rest,0.2856
8293,1,2,0,0,684,4865226,4865909,6.84,rest,0.2856
18934,6,3,0,0,415,11034974,11035388,4.15,rest,0.2856
12169,24,2,0,0,434,7160941,7161374,4.34,rest,0.2856
15557,2,2,0,0,440,9104203,9104642,4.4,rest,0.2856
2130,12,3,0,0,435,1256712,1257146,4.35,rest,0.2856
12973,25,2,0,0,529,7631228,7631756,5.29,rest,0.2856
17488,4,3,0,0,357,10192968,10193324,3.57,rest,0.2856
20618,8,3,0,0,412,11985275,11985686,4.12,rest,0.2856
9811,21,2,0,0,447,5772170,5772616,4.47,rest,0.2856
8975,20,2,0,0,483,5287655,5288137,4.83,rest,0.2856
20853,9,2,0,0,407,12193181,12193587,4.07,rest,0.2856
9023,20,2,0,0,459,5308036,5308494,4.59,rest,0.2856
9665,21,2,0,0,444,5710349,5710792,4.44,rest,0.2856
15082,27,3,0,0,435,8785825,8786259,4.35,rest,0.2856
213,10,2,0,0,531,189557,190087,5.31,rest,0.2856
596,10,3,0,0,469,357023,357491,4.69,rest,0.2856
8428,1,3,0,0,451,4925806,4926256,4.51,rest,0.2856
14118,26,3,0,0,429,8250911,8251339,4.29,rest,0.2856
19086,6,3,0,0,395,11101515,11101909,3.95,rest,0.2856
21212,9,3,0,0,581,12343419,12343999,5.81,rest,0.2856
1741,12,2,0,0,299,1087806,1088104,2.99,rest,0.2856
18595,6,2,0,0,441,10887170,10887610,4.41,rest,0.2856
3283,14,2,0,0,466,1978647,1979112,4.66,rest,0.2856
10020,21,3,0,0,510,5861731,5862240,5.1,rest,0.2856
17143,4,2,0,0,594,10037168,10037761,5.94,rest,0.2856
18884,6,3,0,0,454,11012363,11012816,4.54,rest,0.2856
7656,19,3,0,0,432,4473330,4473761,4.32,rest,0.2856
12921,25,2,0,0,491,7609183,7609673,4.91,rest,0.2856
11584,23,3,0,0,422,6784863,6785284,4.22,rest,0.2856
2088,12,3,0,0,417,1238235,1238651,4.17,rest,0.2856
10024,21,3,0,0,508,5863424,5863931,5.08,rest,0.2856
8750,1,3,0,0,372,5086296,5086667,3.72,rest,0.2856
13528,25,3,0,0,427,7879450,7879876,4.27,rest,0.2856
10902,22,3,0,0,538,6376722,6377259,5.38,rest,0.2832
10529,22,2,0,0,536,6211096,6211631,5.36,rest,0.2832
12826,24,3,0,0,290,7467738,7468027,2.9,rest,0.2832
18340,5,3,0,0,395,10671080,10671474,3.95,rest,0.2832
933,11,2,0,0,398,613351,613748,3.98,rest,0.2832
3345,14,2,0,0,554,2004714,2005267,5.54,rest,0.2832
17141,4,2,0,0,486,10036332,10036817,4.86,rest,0.2832
19132,6,3,0,0,388,11121983,11122370,3.88,rest,0.2832
2842,13,3,0,0,399,1678178,1678576,3.99,rest,0.2832
19040,6,3,0,0,524,11081602,11082125,5.24,rest,0.2832
5755,17,2,0,0,512,3404577,3405088,5.12,rest,0.2832
15024,27,3,0,0,276,8758562,8758837,2.76,rest,0.2832
564,10,3,0,0,370,343609,343978,3.7,rest,0.2832
9466,20,3,0,0,371,5505567,5505937,3.71,rest,0.2832
12662,24,3,0,0,357,7378997,7379353,3.57,rest,0.2832
19535,7,2,0,0,537,11398044,11398580,5.37,rest,0.2832
8620,1,3,0,0,465,5018296,5018760,4.65,rest,0.2832
11377,23,2,0,0,453,6697835,6698287,4.53,rest,0.2832
10940,22,3,0,0,503,6393524,6394026,5.03,rest,0.2832
21560,9,3,0,0,507,12508154,12508660,5.07,rest,0.2832
6320,17,3,0,0,443,3660837,3661279,4.43,rest,0.2832
12919,25,2,0,0,512,7608355,7608866,5.12,rest,0.2832
8083,1,2,0,0,519,4777264,4777782,5.19,rest,0.2832
4796,15,3,0,0,378,2779648,2780025,3.78,rest,0.2832
13492,25,3,0,0,400,7862784,7863183,4.0,rest,0.2832
20462,8,3,0,0,382,11916790,11917171,3.82,rest,0.2832
12049,24,2,0,0,418,7110251,7110668,4.18,rest,0.2832
3112,13,3,0,0,442,1801002,1801443,4.42,rest,0.2832
6272,17,3,0,0,450,3636947,3637396,4.5,rest,0.2832
15271,2,2,0,0,420,8984378,8984797,4.2,rest,0.2832
9719,21,2,0,0,455,5733218,5733672,4.55,rest,0.2832
17330,4,3,0,0,481,10122486,10122966,4.81,rest,0.2832
6561,18,2,0,0,534,3879330,3879863,5.34,rest,0.2832
16548,3,3,0,0,491,9666277,9666767,4.91,rest,0.2832
21244,9,3,0,0,497,12357849,12358345,4.97,rest,0.2832
10316,21,3,0,0,431,6000380,6000810,4.31,rest,0.2808
20422,8,3,0,0,533,11899432,11899964,5.33,rest,0.2808
9717,21,2,0,0,434,5732368,5732801,4.34,rest,0.2808
9707,21,2,0,0,421,5728190,5728610,4.21,rest,0.2808
8816,1,3,0,0,402,5118919,5119320,4.02,rest,0.2808
16752,3,3,0,0,465,9761559,9762023,4.65,rest,0.2808
10790,22,3,0,0,443,6323127,6323569,4.43,rest,0.2808
13228,25,3,0,0,489,7740223,7740711,4.89,rest,0.2808
21364,9,3,0,0,485,12417703,12418187,4.85,rest,0.2808
17282,4,3,0,0,339,10099550,10099888,3.39,rest,0.2808
10198,21,3,0,0,455,5944020,5944474,4.55,rest,0.2808
10669,22,2,0,0,356,6270361,6270716,3.56,rest,0.2808
16614,3,3,0,0,445,9696130,9696574,4.45,rest,0.2808
2886,13,3,0,0,469,1699294,1699762,4.69,rest,0.2808
8223,1,2,0,0,581,4835980,4836560,5.81,rest,0.2808
11046,22,3,0,0,486,6441329,6441814,4.86,rest,0.2808
8560,1,3,0,0,435,4990256,4990690,4.35,rest,0.2808
1739,12,2,0,0,413,1086881,1087293,4.13,rest,0.2808
9827,21,2,0,0,397,5778975,5779371,3.97,rest,0.2808
9821,21,2,0,0,455,5776401,5776855,4.55,rest,0.2808
8548,1,3,0,0,450,4985174,4985623,4.5,rest,0.2808
10453,22,2,0,0,414,6178997,6179410,4.14,rest,0.2808
3902,14,3,0,0,385,2252624,2253008,3.85,rest,0.2808
21548,9,3,0,0,506,12502644,12503149,5.06,rest,0.2808
2790,13,3,0,0,303,1655222,1655524,3.03,rest,0.2808
6118,17,3,0,0,487,3564793,3565279,4.87,rest,0.2808
19016,6,3,0,0,435,11071226,11071660,4.35,rest,0.2808
6743,18,2,0,0,396,3956033,3956428,3.96,rest,0.2808
11104,22,3,0,0,398,6468809,6469206,3.98,rest,0.2808
6210,17,3,0,0,470,3608258,3608727,4.7,rest,0.2783
6092,17,3,0,0,473,3552650,3553122,4.73,rest,0.2783
19886,7,3,0,0,375,11558444,11558818,3.75,rest,0.2783
15251,2,2,0,0,329,8976080,8976408,3.29,rest,0.2783
6208,17,3,0,0,388,3607459,3607846,3.88,rest,0.2783
20444,8,3,0,0,451,11908732,11909182,4.51,rest,0.2783
2098,12,3,0,0,415,1242424,1242838,4.15,rest,0.2783
5621,17,2,0,0,508,3347594,3348101,5.08,rest,0.2783
18362,5,3,0,0,444,10680901,10681344,4.44,rest,0.2783
14186,26,3,0,0,473,8281791,8282263,4.73,rest,0.2783
5328,16,3,0,0,680,3109660,3110339,6.8,rest,0.2783
8361,1,2,0,0,328,4893981,4894308,3.28,rest,0.2783
11110,22,3,0,0,349,6472679,6473027,3.49,rest,0.2783
6152,17,3,0,0,449,3582237,3582685,4.49,rest,0.2783
10665,22,2,0,0,420,6268599,6269018,4.2,rest,0.2783
13490,25,3,0,0,482,7861883,7862364,4.82,rest,0.2783
9689,21,2,0,0,395,5720585,5720979,3.95,rest,0.2783
20889,9,2,0,0,437,12208215,12208651,4.37,rest,0.2783
3373,14,2,0,0,316,2016619,2016934,3.16,rest,0.2783
2274,12,3,0,0,520,1320506,1321025,5.2,rest,0.2783
11371,23,2,0,0,270,6695417,6695686,2.7,rest,0.2783
14294,26,3,0,0,461,8329356,8329816,4.61,rest,0.2759
12658,24,3,0,0,394,7377243,7377636,3.94,rest,0.2759
20500,8,3,0,0,386,11934183,11934568,3.86,rest,0.2759
18282,5,3,0,0,252,10644491,10644742,2.52,rest,0.2759
12903,25,2,0,0,451,7601629,7602079,4.51,rest,0.2759
17125,4,2,0,0,456,10029670,10030125,4.56,rest,0.2759
959,11,2,0,0,360,624340,624699,3.6,rest,0.2759
11102,22,3,0,0,413,6467947,6468359,4.13,rest,0.2759
6515,18,2,0,0,521,3860029,3860549,5.21,rest,0.2759
6088,17,3,0,0,532,3550941,3551472,5.32,rest,0.2759
14196,26,3,0,0,672,8286035,8286706,6.72,rest,0.2759
20554,8,3,0,0,558,11957348,11957905,5.58,rest,0.2759
5675,17,2,0,0,618,3370387,3371004,6.18,rest,0.2759
20989,9,2,0,0,371,12250341,12250711,3.71,rest,0.2759
20614,8,3,0,0,456,11983559,11984014,4.56,rest,0.2759
9978,21,3,0,0,498,5842571,5843068,4.98,rest,0.2759
13025,25,2,0,0,385,7653272,7653656,3.85,rest,0.2759
16959,4,2,0,0,534,9959980,9960513,5.34,rest,0.2759
11138,22,3,0,0,456,6485197,6485652,4.56,rest,0.2759
20486,8,3,0,0,385,11927753,11928137,3.85,rest,0.2759
20919,9,2,0,0,497,12220763,12221259,4.97,rest,0.2759
20750,8,3,0,0,415,12043326,12043740,4.15,rest,0.2759
10499,22,2,0,0,436,6198461,6198896,4.36,rest,0.2759
9863,21,2,0,0,422,5794101,5794522,4.22,rest,0.2759
18954,6,3,0,0,500,11044387,11044886,5.0,rest,0.2759
21019,9,2,0,0,432,12262821,12263252,4.32,rest,0.2759
21618,9,3,0,0,464,12536229,12536692,4.64,rest,0.2759
15030,27,3,0,0,405,8760926,8761330,4.05,rest,0.2759
4993,16,2,0,0,670,2963139,2963808,6.7,rest,0.2759
17340,4,3,0,0,410,10126783,10127192,4.1,rest,0.2759
6040,17,3,0,0,458,3528801,3529258,4.58,rest,0.2759
11938,23,3,0,0,407,6948845,6949251,4.07,rest,0.2759
13384,25,3,0,0,411,7814364,7814774,4.11,rest,0.2759
16578,3,3,0,0,312,9680160,9680471,3.12,rest,0.2759
9895,21,2,0,0,478,5807599,5808076,4.78,rest,0.2759
915,11,2,0,0,412,605810,606221,4.12,rest,0.2734
8317,1,2,0,0,553,4875384,4875936,5.53,rest,0.2734
16093,3,2,0,0,553,9465145,9465697,5.53,rest,0.2734
5111,16,2,0,0,557,3012565,3013121,5.57,rest,0.2734
17634,4,3,0,0,326,10261993,10262318,3.26,rest,0.2734
8313,1,2,0,0,576,4873690,4874265,5.76,rest,0.2734
6555,18,2,0,0,493,3876945,3877437,4.93,rest,0.2734
6294,17,3,0,0,423,3647889,3648311,4.23,rest,0.2734
11563,23,2,0,0,375,6776150,6776524,3.75,rest,0.2734
16185,3,2,0,0,435,9503887,9504321,4.35,rest,0.2734
7459,19,2,0,0,485,4384958,4385442,4.85,rest,0.2734
2106,12,3,0,0,719,1245792,1246510,7.19,rest,0.2734
13474,25,3,0,0,953,7854710,7855662,9.53,rest,0.2734
11216,22,3,0,0,382,6528845,6529226,3.82,rest,0.2734
19156,6,3,0,0,312,11132539,11132850,3.12,rest,0.2734
14122,26,3,0,0,455,8252556,8253010,4.55,rest,0.2734
14348,26,3,0,0,453,8353834,8354286,4.53,rest,0.2734
20526,8,3,0,0,459,11945316,11945774,4.59,rest,0.2734
5653,17,2,0,0,462,3361118,3361579,4.62,rest,0.2734
20205,8,2,0,0,512,11807787,11808298,5.12,rest,0.2734
6972,18,3,0,0,317,4060192,4060508,3.17,rest,0.2734
14439,27,2,0,0,246,8506041,8506286,2.46,rest,0.2734
6228,17,3,0,0,433,3616766,3617198,4.33,rest,0.2734
5681,17,2,0,0,404,3373128,3373531,4.04,rest,0.2734
11034,22,3,0,0,411,6436263,6436673,4.11,rest,0.2734
20634,8,3,0,0,242,11992423,11992664,2.42,rest,0.2734
17184,4,3,0,0,434,10054416,10054849,4.34,rest,0.2734
5388,16,3,0,0,386,3135856,3136241,3.86,rest,0.2734
16750,3,3,0,0,462,9760740,9761201,4.62,rest,0.2734
5408,16,3,0,0,487,3144176,3144662,4.87,rest,0.2734
9773,21,2,0,0,412,5756116,5756527,4.12,rest,0.2734
5154,16,3,0,0,413,3030638,3031050,4.13,rest,0.2734
11359,23,2,0,0,383,6690272,6690654,3.83,rest,0.2734
20416,8,3,0,0,541,11896920,11897460,5.41,rest,0.2734
442,10,3,0,0,1430,288563,289992,14.3,rest,0.2734
6749,18,2,0,0,434,3958558,3958991,4.34,rest,0.2734
9893,21,2,0,0,511,5806711,5807221,5.11,rest,0.271
73,10,2,0,0,510,130892,131401,5.1,rest,0.271
17536,4,3,0,0,381,10214326,10214706,3.81,rest,0.271
11122,22,3,0,0,469,6477566,6478034,4.69,rest,0.271
19866,7,3,0,0,425,11549477,11549901,4.25,rest,0.271
12881,25,2,0,0,493,7592285,7592777,4.93,rest,0.271
7535,19,2,0,0,390,4416913,4417302,3.9,rest,0.271
2912,13,3,0,0,461,1712449,1712909,4.61,rest,0.271
15134,27,3,0,0,454,8808908,8809361,4.54,rest,0.271
11050,22,3,0,0,313,6444509,6444821,3.13,rest,0.271
277,10,2,0,0,624,216334,216957,6.24,rest,0.271
16333,3,2,0,0,575,9565625,9566199,5.75,rest,0.271
9063,20,2,0,0,568,5324876,5325443,5.68,rest,0.271
201,10,2,0,0,541,184565,185105,5.41,rest,0.271
153,10,2,0,0,528,164442,164969,5.28,rest,0.271
10753,22,2,0,0,369,6305759,6306127,3.69,rest,0.271
7056,18,3,0,0,346,4097237,4097582,3.46,rest,0.271
6952,18,3,0,0,417,4051200,4051616,4.17,rest,0.271
16335,3,2,0,0,549,9566482,9567030,5.49,rest,0.271
12893,25,2,0,0,541,7597368,7597908,5.41,rest,0.271
5170,16,3,0,0,497,3037190,3037686,4.97,rest,0.271
13348,25,3,0,0,544,7796245,7796788,5.44,rest,0.2686
16420,3,3,0,0,318,9604643,9604960,3.18,rest,0.2686
13462,25,3,0,0,482,7849466,7849947,4.82,rest,0.2686
18882,6,3,0,0,392,11011544,11011935,3.92,rest,0.2686
5885,17,2,0,0,450,3459522,3459971,4.5,rest,0.2686
189,10,2,0,0,489,179555,180043,4.89,rest,0.2686
3764,14,3,0,0,407,2190711,2191117,4.07,rest,0.2686
3678,14,3,0,0,380,2148708,2149087,3.8,rest,0.2686
3477,14,2,0,0,522,2060005,2060526,5.22,rest,0.2686
5711,17,2,0,0,567,3385799,3386365,5.67,rest,0.2686
13218,25,3,0,0,447,7736028,7736474,4.47,rest,0.2686
9783,21,2,0,0,405,5760344,5760748,4.05,rest,0.2686
11036,22,3,0,0,400,6437101,6437500,4.0,rest,0.2686
6104,17,3,0,0,472,3558451,3558922,4.72,rest,0.2686
14491,27,2,0,0,371,8527792,8528162,3.71,rest,0.2686
18354,5,3,0,0,356,10677623,10677978,3.56,rest,0.2686
10517,22,2,0,0,538,6206023,6206560,5.38,rest,0.2686
18358,5,3,0,0,398,10679221,10679618,3.98,rest,0.2686
10687,22,2,0,0,432,6277884,6278315,4.32,rest,0.2686
11132,22,3,0,0,397,6482733,6483129,3.97,rest,0.2686
20562,8,3,0,0,464,11960716,11961179,4.64,rest,0.2686
20524,8,3,0,0,497,11944441,11944937,4.97,rest,0.2686
15092,27,3,0,0,243,8790131,8790373,2.43,rest,0.2686
6876,18,3,0,0,397,4017880,4018276,3.97,rest,0.2686
17262,4,3,0,0,378,10090235,10090612,3.78,rest,0.2686
12656,24,3,0,0,345,7376468,7376812,3.45,rest,0.2686
11457,23,2,0,0,407,6731517,6731923,4.07,rest,0.2686
19134,6,3,0,0,384,11122843,11123226,3.84,rest,0.2661
10904,22,3,0,0,526,6377612,6378137,5.26,rest,0.2661
20321,8,2,0,0,478,11856385,11856862,4.78,rest,0.2661
6126,17,3,0,0,517,3568137,3568653,5.17,rest,0.2661
17380,4,3,0,0,403,10144270,10144672,4.03,rest,0.2661
5095,16,2,0,0,529,3005885,3006413,5.29,rest,0.2661
223,10,2,0,0,402,193818,194219,4.02,rest,0.2661
9725,21,2,0,0,520,5735748,5736267,5.2,rest,0.2661
8341,1,2,0,0,441,4885563,4886003,4.41,rest,0.2661
14948,27,3,0,0,262,8725745,8726006,2.62,rest,0.2661
14330,26,3,0,0,451,8345837,8346287,4.51,rest,0.2661
6178,17,3,0,0,351,3594529,3594879,3.51,rest,0.2661
8281,1,2,0,0,531,4860343,4860873,5.31,rest,0.2661
14352,26,3,0,0,485,8355510,8355994,4.85,rest,0.2661
14509,27,2,0,0,469,8535278,8535746,4.69,rest,0.2661
21103,9,2,0,0,411,12297967,12298377,4.11,rest,0.2661
291,10,2,0,0,352,222425,222776,3.52,rest,0.2661
18904,6,3,0,0,424,11021123,11021546,4.24,rest,0.2661
8095,1,2,0,0,567,4782240,4782806,5.67,rest,0.2661
14553,27,2,0,0,569,8553640,8554208,5.69,rest,0.2661
8087,1,2,0,0,511,4778968,4779478,5.11,rest,0.2661
2838,13,3,0,0,470,1676474,1676943,4.7,rest,0.2661
227,10,2,0,0,419,195475,195893,4.19,rest,0.2637
10605,22,2,0,0,405,6243345,6243749,4.05,rest,0.2637
19218,6,3,0,0,529,11160488,11161016,5.29,rest,0.2637
9584,20,3,0,0,5976,5564305,5570280,59.76,rest,0.2637
18848,6,3,0,0,1159,10996498,10997656,11.59,rest,0.2637
20935,9,2,0,0,510,12227479,12227988,5.1,rest,0.2637
21384,9,3,0,0,442,12427631,12428072,4.42,rest,0.2637
207,10,2,0,0,504,187048,187551,5.04,rest,0.2637
7112,18,3,0,0,428,4123916,4124343,4.28,rest,0.2637
13464,25,3,0,0,405,7850371,7850775,4.05,rest,0.2637
5015,16,2,0,0,513,2972393,2972905,5.13,rest,0.2637
21107,9,2,0,0,429,12299628,12300056,4.29,rest,0.2637
5992,17,3,0,0,557,3506118,3506674,5.57,rest,0.2637
8590,1,3,0,0,478,5004874,5005351,4.78,rest,0.2637
9697,21,2,0,0,423,5723925,5724347,4.23,rest,0.2637
21023,9,2,0,0,452,12264464,12264915,4.52,rest,0.2637
8562,1,3,0,0,1679,4991092,4992770,16.79,rest,0.2637
13488,25,3,0,0,456,7861056,7861511,4.56,rest,0.2637
6471,18,2,0,0,506,3841411,3841916,5.06,rest,0.2637
16095,3,2,0,0,513,9466035,9466547,5.13,rest,0.2637
8540,1,3,0,0,878,4980287,4981164,8.78,rest,0.2637
17414,4,3,0,0,306,10160393,10160698,3.06,rest,0.2637
14727,27,2,0,0,556,8626712,8627267,5.56,rest,0.2637
20394,8,3,0,0,524,11886864,11887387,5.24,rest,0.2637
21382,9,3,0,0,472,12426839,12427310,4.72,rest,0.2637
10535,22,2,0,0,548,6213655,6214202,5.48,rest,0.2637
14146,26,3,0,0,523,8262773,8263295,5.23,rest,0.2637
656,10,3,0,0,414,383779,384192,4.14,rest,0.2637
19543,7,2,0,0,499,11401362,11401860,4.99,rest,0.2637
3706,14,3,0,0,408,2162249,2162656,4.08,rest,0.2637
20424,8,3,0,0,546,11900197,11900742,5.46,rest,0.2637
3876,14,3,0,0,428,2241250,2241677,4.28,rest,0.2637
1743,12,2,0,0,426,1088541,1088966,4.26,rest,0.2637
17188,4,3,0,0,434,10056042,10056475,4.34,rest,0.2612
20991,9,2,0,0,544,12250910,12251453,5.44,rest,0.2612
7588,19,3,0,0,383,4439990,4440372,3.83,rest,0.2612
9021,20,2,0,0,367,5307210,5307576,3.67,rest,0.2612
9436,20,3,0,0,497,5491318,5491814,4.97,rest,0.2612
15032,27,3,0,0,301,8761926,8762226,3.01,rest,0.2612
8504,1,3,0,0,454,4964780,4965233,4.54,rest,0.2612
16079,3,2,0,0,496,9459337,9459832,4.96,rest,0.2612
6563,18,2,0,0,567,3880280,3880846,5.67,rest,0.2612
11116,22,3,0,0,444,6475059,6475502,4.44,rest,0.2612
3798,14,3,0,0,434,2205617,2206050,4.34,rest,0.2612
14605,27,2,0,0,421,8575770,8576190,4.21,rest,0.2612
4873,16,2,0,0,652,2912802,2913453,6.52,rest,0.2612
494,10,3,0,0,446,311841,312286,4.46,rest,0.2612
676,10,3,0,0,444,392916,393359,4.44,rest,0.2612
2234,12,3,0,0,455,1302580,1303034,4.55,rest,0.2612
20247,8,2,0,0,476,11825408,11825883,4.76,rest,0.2612
12993,25,2,0,0,577,7639599,7640175,5.77,rest,0.2612
8103,1,2,0,0,600,4785603,4786202,6.0,rest,0.2612
12891,25,2,0,0,508,7596514,7597021,5.08,rest,0.2612
2114,12,3,0,0,471,1249315,1249785,4.71,rest,0.2612
5087,16,2,0,0,403,3002625,3003027,4.03,rest,0.2612
14134,26,3,0,0,514,8257590,8258103,5.14,rest,0.2612
1905,12,2,0,0,564,1156248,1156811,5.64,rest,0.2612
15068,27,3,0,0,353,8779270,8779622,3.53,rest,0.2612
17244,4,3,0,0,1159,10081888,10083046,11.59,rest,0.2612
3463,14,2,0,0,475,2054155,2054629,4.75,rest,0.2612
3702,14,3,0,0,428,2160554,2160981,4.28,rest,0.2612
8359,1,2,0,0,446,4893115,4893560,4.46,rest,0.2612
193,10,2,0,0,470,181239,181708,4.7,rest,0.2612
4257,15,2,0,0,439,2513866,2514304,4.39,rest,0.2612
16594,3,3,0,0,390,9687497,9687886,3.9,rest,0.2612
6206,17,3,0,0,424,3606573,3606996,4.24,rest,0.2612
5845,17,2,0,0,452,3442584,3443035,4.52,rest,0.2588
3126,13,3,0,0,449,1806894,1807342,4.49,rest,0.2588
3946,14,3,0,0,382,2272529,2272910,3.82,rest,0.2588
20682,8,3,0,0,324,12013597,12013920,3.24,rest,0.2588
20582,8,3,0,0,437,11969620,11970056,4.37,rest,0.2588
17240,4,3,0,0,464,10080182,10080645,4.64,rest,0.2588
10637,22,2,0,0,385,6256815,6257199,3.85,rest,0.2588
9923,21,2,0,0,566,5819360,5819925,5.66,rest,0.2588
20313,8,2,0,0,565,11852948,11853512,5.65,rest,0.2588
18537,6,2,0,0,486,10862812,10863297,4.86,rest,0.2588
16889,4,2,0,0,457,9930622,9931078,4.57,rest,0.2588
945,11,2,0,0,472,618375,618846,4.72,rest,0.2588
20865,9,2,0,0,285,12198299,12198583,2.85,rest,0.2588
5883,17,2,0,0,481,3458668,3459148,4.81,rest,0.2588
2236,12,3,0,0,388,1303501,1303888,3.88,rest,0.2588
2320,12,3,0,0,362,1341145,1341506,3.62,rest,0.2588
19150,6,3,0,0,373,11129938,11130310,3.73,rest,0.2588
20666,8,3,0,0,386,12006381,12006766,3.86,rest,0.2588
7533,19,2,0,0,411,4416033,4416443,4.11,rest,0.2588
21029,9,2,0,0,479,12266963,12267441,4.79,rest,0.2588
3832,14,3,0,0,299,2221399,2221697,2.99,rest,0.2588
16644,3,3,0,0,384,9710773,9711156,3.84,rest,0.2588
8021,1,2,0,0,454,4751333,4751786,4.54,rest,0.2588
5727,17,2,0,0,551,3392600,3393150,5.51,rest,0.2588
5823,17,2,0,0,437,3433349,3433785,4.37,rest,0.2588
6549,18,2,0,0,461,3874431,3874891,4.61,rest,0.2588
18352,5,3,0,0,378,10676744,10677121,3.78,rest,0.2563
6410,17,3,0,0,374,3714631,3715004,3.74,rest,0.2563
16857,4,2,0,0,447,9917224,9917670,4.47,rest,0.2563
10643,22,2,0,0,394,6259321,6259714,3.94,rest,0.2563
1755,12,2,0,0,527,1093552,1094078,5.27,rest,0.2563
19541,7,2,0,0,484,11400526,11401009,4.84,rest,0.2563
1753,12,2,0,0,558,1092654,1093211,5.58,rest,0.2563
20574,8,3,0,0,442,11966269,11966710,4.42,rest,0.2563
13017,25,2,0,0,345,7649897,7650241,3.45,rest,0.2563
9059,20,2,0,0,421,5323205,5323625,4.21,rest,0.2563
13484,25,3,0,0,392,7859419,7859810,3.92,rest,0.2563
3838,14,3,0,0,331,2223882,2224212,3.31,rest,0.2563
13015,25,2,0,0,385,7649045,7649429,3.85,rest,0.2563
3042,13,3,0,0,372,1770310,1770681,3.72,rest,0.2563
8444,1,3,0,0,407,4934377,4934783,4.07,rest,0.2563
20678,8,3,0,0,378,12011880,12012257,3.78,rest,0.2563
16153,3,2,0,0,497,9490367,9490863,4.97,rest,0.2563
13045,25,2,0,0,379,7661690,7662068,3.79,rest,0.2563
20235,8,2,0,0,486,11820381,11820866,4.86,rest,0.2563
4983,16,2,0,0,609,2958958,2959566,6.09,rest,0.2539
3826,14,3,0,0,441,2218197,2218637,4.41,rest,0.2539
3882,14,3,0,0,342,2243809,2244150,3.42,rest,0.2539
1087,11,2,0,0,468,677884,678351,4.68,rest,0.2539
14449,27,2,0,0,242,8510233,8510474,2.42,rest,0.2539
14928,27,3,0,0,459,8716456,8716914,4.59,rest,0.2539
10509,22,2,0,0,349,6202808,6203156,3.49,rest,0.2539
5416,16,3,0,0,455,3148379,3148833,4.55,rest,0.2539
6006,17,3,0,0,551,3512052,3512602,5.51,rest,0.2539
17206,4,3,0,0,463,10065204,10065666,4.63,rest,0.2539
3174,13,3,0,0,490,1830981,1831470,4.9,rest,0.2539
6535,18,2,0,0,454,3868435,3868888,4.54,rest,0.2539
17053,4,2,0,0,439,9999474,9999912,4.39,rest,0.2539
5962,17,3,0,0,425,3491977,3492401,4.25,rest,0.2539
5903,17,2,0,0,580,3467038,3467617,5.8,rest,0.2539
16754,3,3,0,0,475,9762410,9762884,4.75,rest,0.2539
11124,22,3,0,0,487,6478413,6478899,4.87,rest,0.2539
19545,7,2,0,0,441,11402255,11402695,4.41,rest,0.2539
2268,12,3,0,0,423,1318030,1318452,4.23,rest,0.2539
11172,22,3,0,0,368,6504344,6504711,3.68,rest,0.2539
6222,17,3,0,0,346,3614283,3614628,3.46,rest,0.2515
14733,27,2,0,0,547,8629226,8629772,5.47,rest,0.2515
18936,6,3,0,0,467,11035805,11036271,4.67,rest,0.2515
10473,22,2,0,0,538,6187339,6187876,5.38,rest,0.2515
20580,8,3,0,0,421,11968812,11969232,4.21,rest,0.2515
19160,6,3,0,0,384,11134127,11134510,3.84,rest,0.2515
16863,4,2,0,0,567,9919681,9920247,5.67,rest,0.2515
12089,24,2,0,0,429,7127120,7127548,4.29,rest,0.2515
21526,9,3,0,0,452,12492844,12493295,4.52,rest,0.2515
17208,4,3,0,0,420,10065994,10066413,4.2,rest,0.2515
20400,8,3,0,0,439,11889458,11889896,4.39,rest,0.2515
3082,13,3,0,0,304,1787977,1788280,3.04,rest,0.2515
7776,19,3,0,0,398,4527309,4527706,3.98,rest,0.2515
20428,8,3,0,0,442,11901929,11902370,4.42,rest,0.2515
16832,3,3,0,0,405,9806116,9806520,4.05,rest,0.2515
6300,17,3,0,0,407,3651452,3651858,4.07,rest,0.2515
20987,9,2,0,0,500,12249293,12249792,5.0,rest,0.2515
9342,20,3,0,0,538,5448132,5448669,5.38,rest,0.2515
6214,17,3,0,0,453,3609926,3610378,4.53,rest,0.2515
7732,19,3,0,0,572,4507830,4508401,5.72,rest,0.2515
15104,27,3,0,0,245,8795760,8796004,2.45,rest,0.2515
2922,13,3,0,0,411,1716641,1717051,4.11,rest,0.2515
20093,8,2,0,0,529,11760820,11761348,5.29,rest,0.2515
17071,4,2,0,0,538,10006913,10007450,5.38,rest,0.2515
14380,26,3,0,0,444,8372785,8373228,4.44,rest,0.2515
19106,6,3,0,0,451,11109986,11110436,4.51,rest,0.2515
9358,20,3,0,0,417,5456694,5457110,4.17,rest,0.249
17342,4,3,0,0,472,10127567,10128038,4.72,rest,0.249
11222,22,3,0,0,360,6531415,6531774,3.6,rest,0.249
5715,17,2,0,0,559,3387531,3388089,5.59,rest,0.249
16596,3,3,0,0,403,9688322,9688724,4.03,rest,0.249
13071,25,2,0,0,477,7672528,7673004,4.77,rest,0.249
18838,6,3,0,0,376,10992323,10992698,3.76,rest,0.249
8239,1,2,0,0,523,4842645,4843167,5.23,rest,0.249
6090,17,3,0,0,501,3551833,3552333,5.01,rest,0.249
20752,8,3,0,0,889,12044194,12045082,8.89,rest,0.249
15283,2,2,0,0,500,8989321,8989820,5.0,rest,0.249
3369,14,2,0,0,414,2014887,2015300,4.14,rest,0.249
20690,8,3,0,0,383,12016854,12017236,3.83,rest,0.249
8738,1,3,0,0,406,5080050,5080455,4.06,rest,0.249
8698,1,3,0,0,395,5060108,5060502,3.95,rest,0.249
8085,1,2,0,0,562,4778110,4778671,5.62,rest,0.249
6114,17,3,0,0,475,3562647,3563121,4.75,rest,0.249
8123,1,2,0,0,449,4794107,4794555,4.49,rest,0.249
21612,9,3,0,0,488,12531975,12532462,4.88,rest,0.249
8628,1,3,0,0,436,5026430,5026865,4.36,rest,0.249
11002,22,3,0,0,393,6421761,6422153,3.93,rest,0.249
3393,14,2,0,0,320,2024981,2025300,3.2,rest,0.249
4953,16,2,0,0,462,2946454,2946915,4.62,rest,0.249
3299,14,2,0,0,518,1985356,1985873,5.18,rest,0.249
14970,27,3,0,0,561,8735373,8735933,5.61,rest,0.2466
8983,20,2,0,0,601,5290988,5291588,6.01,rest,0.2466
1737,12,2,0,0,369,1086063,1086431,3.69,rest,0.2466
17228,4,3,0,0,450,10075236,10075685,4.5,rest,0.2466
6134,17,3,0,0,503,3571575,3572077,5.03,rest,0.2466
7618,19,3,0,0,374,4454394,4454767,3.74,rest,0.2466
11220,22,3,0,0,337,6530593,6530929,3.37,rest,0.2466
9917,21,2,0,0,484,5816891,5817374,4.84,rest,0.2466
9438,20,3,0,0,460,5492169,5492628,4.6,rest,0.2466
21071,9,2,0,0,444,12284509,12284952,4.44,rest,0.2466
17408,4,3,0,0,317,10157850,10158166,3.17,rest,0.2466
17556,4,3,0,0,410,10223189,10223598,4.1,rest,0.2466
10685,22,2,0,0,433,6277031,6277463,4.33,rest,0.2466
16089,3,2,0,0,532,9463486,9464017,5.32,rest,0.2466
9556,20,3,0,0,433,5546414,5546846,4.33,rest,0.2466
8291,1,2,0,0,644,4864380,4865023,6.44,rest,0.2466
14904,27,3,0,0,445,8706232,8706676,4.45,rest,0.2441
6288,17,3,0,0,409,3645374,3645782,4.09,rest,0.2441
17113,4,2,0,0,547,10024554,10025100,5.47,rest,0.2441
14850,27,3,0,0,397,8681630,8682026,3.97,rest,0.2441
11214,22,3,0,0,360,6528055,6528414,3.6,rest,0.2441
20915,9,2,0,0,446,12219140,12219585,4.46,rest,0.2441
8364,1,3,0,0,542,4895027,4895568,5.42,rest,0.2441
10689,22,2,0,0,428,6278716,6279143,4.28,rest,0.2441
7515,19,2,0,0,349,4408628,4408976,3.49,rest,0.2441
18783,6,2,0,0,411,10966022,10966432,4.11,rest,0.2441
21522,9,3,0,0,423,12491171,12491593,4.23,rest,0.2441
9629,21,2,0,0,390,5695184,5695573,3.9,rest,0.2441
14567,27,2,0,0,411,8559776,8560186,4.11,rest,0.2441
313,10,2,0,0,354,231636,231989,3.54,rest,0.2441
9560,20,3,0,0,498,5548031,5548528,4.98,rest,0.2441
11086,22,3,0,0,444,6460511,6460954,4.44,rest,0.2441
19533,7,2,0,0,449,11397228,11397676,4.49,rest,0.2441
20490,8,3,0,0,411,11929445,11929855,4.11,rest,0.2441
1717,12,2,0,0,504,1077587,1078090,5.04,rest,0.2441
10804,22,3,0,0,411,6329066,6329476,4.11,rest,0.2441
15020,27,3,0,0,249,8756877,8757125,2.49,rest,0.2417
21338,9,3,0,0,407,12406670,12407076,4.07,rest,0.2417
6246,17,3,0,0,387,3625132,3625518,3.87,rest,0.2417
14463,27,2,0,0,528,8515903,8516430,5.28,rest,0.2417
20227,8,2,0,0,387,11817100,11817486,3.87,rest,0.2417
6764,18,3,0,0,430,3964746,3965175,4.3,rest,0.2417
9817,21,2,0,0,395,5774728,5775122,3.95,rest,0.2417
10026,21,3,0,0,2009,5864263,5866271,20.09,rest,0.2417
19002,6,3,0,0,372,11065101,11065472,3.72,rest,0.2417
20440,8,3,0,0,401,11907116,11907516,4.01,rest,0.2417
20907,9,2,0,0,440,12215756,12216195,4.4,rest,0.2417
11040,22,3,0,0,416,6438767,6439182,4.16,rest,0.2417
16899,4,2,0,0,520,9934809,9935328,5.2,rest,0.2417
14844,27,3,0,0,446,8679110,8679555,4.46,rest,0.2417
10936,22,3,0,0,429,6391861,6392289,4.29,rest,0.2417
7936,19,3,0,0,411,4604290,4604700,4.11,rest,0.2417
5663,17,2,0,0,433,3365355,3365787,4.33,rest,0.2417
8263,1,2,0,0,324,4852933,4853256,3.24,rest,0.2417
6050,17,3,0,0,530,3532947,3533476,5.3,rest,0.2417
690,10,3,0,0,422,399617,400038,4.22,rest,0.2417
10489,22,2,0,0,338,6194361,6194698,3.38,rest,0.2417
11415,23,2,0,0,381,6713877,6714257,3.81,rest,0.2417
21143,9,2,0,0,470,12314696,12315165,4.7,rest,0.2417
16041,3,2,0,0,384,9443547,9443930,3.84,rest,0.2417
11072,22,3,0,0,356,6454733,6455088,3.56,rest,0.2417
14938,27,3,0,0,1287,8720656,8721942,12.87,rest,0.2417
12879,25,2,0,0,564,7591380,7591943,5.64,rest,0.2417
1037,11,2,0,0,408,656927,657334,4.08,rest,0.2393
14461,27,2,0,0,509,8515106,8515614,5.09,rest,0.2393
17332,4,3,0,0,463,10123322,10123784,4.63,rest,0.2393
20626,8,3,0,0,360,11988684,11989043,3.6,rest,0.2393
8588,1,3,0,0,443,5004094,5004536,4.43,rest,0.2393
2102,12,3,0,0,456,1244056,1244511,4.56,rest,0.2393
11226,22,3,0,0,362,6533092,6533453,3.62,rest,0.2393
8586,1,3,0,0,393,5003229,5003621,3.93,rest,0.2393
10834,22,3,0,0,467,6343551,6344017,4.67,rest,0.2393
9061,20,2,0,0,502,5324018,5324519,5.02,rest,0.2393
14916,27,3,0,0,434,8711265,8711698,4.34,rest,0.2393
16999,4,2,0,0,474,9976829,9977302,4.74,rest,0.2393
5623,17,2,0,0,533,3348401,3348933,5.33,rest,0.2393
6806,18,3,0,0,568,3984797,3985364,5.68,rest,0.2393
13522,25,3,0,0,377,7876965,7877341,3.77,rest,0.2393
21009,9,2,0,0,413,12258579,12258991,4.13,rest,0.2393
18914,6,3,0,0,444,11026210,11026653,4.44,rest,0.2393
10124,21,3,0,0,465,5910354,5910818,4.65,rest,0.2393
3080,13,3,0,0,290,1787168,1787457,2.9,rest,0.2393
21216,9,3,0,0,476,12345880,12346355,4.76,rest,0.2393
3461,14,2,0,0,467,2053335,2053801,4.67,rest,0.2393
16826,3,3,0,0,502,9803517,9804018,5.02,rest,0.2393
3287,14,2,0,0,441,1980382,1980822,4.41,rest,0.2393
14138,26,3,0,0,415,8259532,8259946,4.15,rest,0.2393
11044,22,3,0,0,471,6440475,6440945,4.71,rest,0.2393
18944,6,3,0,0,389,11040081,11040469,3.89,rest,0.2393
16732,3,3,0,0,308,9751920,9752227,3.08,rest,0.2368
16740,3,3,0,0,350,9755198,9755547,3.5,rest,0.2368
8418,1,3,0,0,481,4920715,4921195,4.81,rest,0.2368
20700,8,3,0,0,381,12021497,12021877,3.81,rest,0.2368
5747,17,2,0,0,563,3401155,3401717,5.63,rest,0.2368
8181,1,2,0,0,613,4818342,4818954,6.13,rest,0.2368
17334,4,3,0,0,355,10124252,10124606,3.55,rest,0.2368
21556,9,3,0,0,469,12506532,12507000,4.69,rest,0.2368
18902,6,3,0,0,357,11020338,11020694,3.57,rest,0.2368
1576,11,3,0,0,473,914501,914973,4.73,rest,0.2368
185,10,2,0,0,489,177894,178382,4.89,rest,0.2368
6020,17,3,0,0,394,3519454,3519847,3.94,rest,0.2368
8203,1,2,0,0,537,4827554,4828090,5.37,rest,0.2368
20658,8,3,0,0,401,12003021,12003421,4.01,rest,0.2368
3124,13,3,0,0,474,1806059,1806532,4.74,rest,0.2368
21628,9,3,0,0,524,12540347,12540870,5.24,rest,0.2368
4905,16,2,0,0,501,2926287,2926787,5.01,rest,0.2368
113,10,2,0,0,458,147710,148167,4.58,rest,0.2368
125,10,2,0,0,456,152720,153175,4.56,rest,0.2368
10511,22,2,0,0,475,6203508,6203982,4.75,rest,0.2368
3423,14,2,0,0,443,2037426,2037868,4.43,rest,0.2368
14182,26,3,0,0,510,8280063,8280572,5.1,rest,0.2368
21356,9,3,0,0,480,12414359,12414838,4.8,rest,0.2368
5669,17,2,0,0,420,3367892,3368311,4.2,rest,0.2368
16073,3,2,0,0,525,9456816,9457340,5.25,rest,0.2368
14467,27,2,0,0,361,8517720,8518080,3.61,rest,0.2368
10872,22,3,0,0,353,6363524,6363876,3.53,rest,0.2368
14539,27,2,0,0,336,8548035,8548370,3.36,rest,0.2344
5705,17,2,0,0,559,3383244,3383802,5.59,rest,0.2344
19246,6,3,0,0,282,11173087,11173368,2.82,rest,0.2344
10894,22,3,0,0,408,6373487,6373894,4.08,rest,0.2344
14537,27,2,0,0,590,8546934,8547523,5.9,rest,0.2344
8171,1,2,0,0,474,4814225,4814698,4.74,rest,0.2344
17534,4,3,0,0,365,10213515,10213879,3.65,rest,0.2344
16418,3,3,0,0,359,9603869,9604227,3.59,rest,0.2344
10304,21,3,0,0,481,5994316,5994796,4.81,rest,0.2344
10890,22,3,0,0,315,6371938,6372252,3.15,rest,0.2344
752,10,3,0,0,430,431167,431596,4.3,rest,0.2344
8073,1,2,0,0,577,4772951,4773527,5.77,rest,0.2344
7772,19,3,0,0,422,4525601,4526022,4.22,rest,0.2344
5976,17,3,0,0,2062,3497786,3499847,20.62,rest,0.2344
8237,1,2,0,0,513,4841825,4842337,5.13,rest,0.2344
947,11,2,0,0,403,619291,619693,4.03,rest,0.2344
10655,22,2,0,0,414,6264390,6264803,4.14,rest,0.2344
17043,4,2,0,0,436,9995330,9995765,4.36,rest,0.2344
20742,8,3,0,0,363,12040009,12040371,3.63,rest,0.2344
16859,4,2,0,0,557,9917968,9918524,5.57,rest,0.2344
20442,8,3,0,0,455,11907905,11908359,4.55,rest,0.2344
17210,4,3,0,0,451,10066864,10067314,4.51,rest,0.2344
11206,22,3,0,0,477,6521669,6522145,4.77,rest,0.2344
10930,22,3,0,0,281,6389512,6389792,2.81,rest,0.2344
14912,27,3,0,0,456,8709593,8710048,4.56,rest,0.2344
17296,4,3,0,0,348,10106394,10106741,3.48,rest,0.2344
20911,9,2,0,0,475,12217401,12217875,4.75,rest,0.2344
8257,1,2,0,0,550,4850211,4850760,5.5,rest,0.2344
9380,20,3,0,0,428,5466765,5467192,4.28,rest,0.2344
16087,3,2,0,0,529,9462670,9463198,5.29,rest,0.2319
8598,1,3,0,0,418,5008232,5008649,4.18,rest,0.2319
4869,16,2,0,0,575,2911120,2911694,5.75,rest,0.2319
5833,17,2,0,0,441,3437537,3437977,4.41,rest,0.2319
17194,4,3,0,0,433,10058555,10058987,4.33,rest,0.2319
5847,17,2,0,0,441,3443454,3443894,4.41,rest,0.2319
10822,22,3,0,0,470,6337331,6337800,4.7,rest,0.2319
8301,1,2,0,0,667,4868612,4869278,6.67,rest,0.2319
8374,1,3,0,0,485,4899241,4899725,4.85,rest,0.2319
21322,9,3,0,0,512,12399112,12399623,5.12,rest,0.2319
17051,4,2,0,0,592,9998508,9999099,5.92,rest,0.2319
16133,3,2,0,0,416,9482076,9482491,4.16,rest,0.2319
19864,7,3,0,0,418,11548643,11549060,4.18,rest,0.2319
8117,1,2,0,0,745,4791472,4792216,7.45,rest,0.2319
8368,1,3,0,0,504,4896722,4897225,5.04,rest,0.2319
8486,1,3,0,0,505,4956135,4956639,5.05,rest,0.2319
5683,17,2,0,0,427,3373927,3374353,4.27,rest,0.2319
9378,20,3,0,0,446,5465917,5466362,4.46,rest,0.2319
8438,1,3,0,0,467,4930038,4930504,4.67,rest,0.2319
20548,8,3,0,0,418,11954849,11955266,4.18,rest,0.2319
69,10,2,0,0,475,129241,129715,4.75,rest,0.2319
21550,9,3,0,0,453,12503533,12503985,4.53,rest,0.2319
8287,1,2,0,0,597,4862778,4863374,5.97,rest,0.2319
6266,17,3,0,0,437,3634405,3634841,4.37,rest,0.2319
20430,8,3,0,0,449,11902790,11903238,4.49,rest,0.2319
11481,23,2,0,0,356,6741635,6741990,3.56,rest,0.2319
10946,22,3,0,0,348,6396210,6396557,3.48,rest,0.2319
8596,1,3,0,0,449,5007426,5007874,4.49,rest,0.2319
8576,1,3,0,0,419,4998211,4998629,4.19,rest,0.2319
21570,9,3,0,0,452,12512381,12512832,4.52,rest,0.2319
13839,26,2,0,0,468,8128264,8128731,4.68,rest,0.2319
18910,6,3,0,0,356,11024647,11025002,3.56,rest,0.2319
14507,27,2,0,0,513,8534377,8534889,5.13,rest,0.2295
6314,17,3,0,0,434,3657358,3657791,4.34,rest,0.2295
7559,19,2,0,0,392,4426936,4427327,3.92,rest,0.2295
6960,18,3,0,0,263,4055210,4055472,2.63,rest,0.2295
12145,24,2,0,0,541,7150686,7151226,5.41,rest,0.2295
6816,18,3,0,0,420,3989141,3989560,4.2,rest,0.2295
10842,22,3,0,0,513,6346892,6347404,5.13,rest,0.2295
18088,5,3,0,0,393,10558102,10558494,3.93,rest,0.2295
10120,21,3,0,0,487,5908630,5909116,4.87,rest,0.2295
10014,21,3,0,0,537,5859195,5859731,5.37,rest,0.2295
15100,27,3,0,0,362,8793964,8794325,3.62,rest,0.2295
14930,27,3,0,0,402,8717333,8717734,4.02,rest,0.2295
21111,9,2,0,0,473,12301266,12301738,4.73,rest,0.2295
14908,27,3,0,0,505,8707905,8708409,5.05,rest,0.2295
3503,14,2,0,0,488,2070969,2071456,4.88,rest,0.2295
8506,1,3,0,0,502,4965561,4966062,5.02,rest,0.2295
5075,16,2,0,0,526,2997476,2998001,5.26,rest,0.2295
14533,27,2,0,0,325,8545508,8545832,3.25,rest,0.2295
8822,1,3,0,0,318,5121484,5121801,3.18,rest,0.2295
10830,22,3,0,0,432,6341923,6342354,4.32,rest,0.2295
943,11,2,0,0,501,617525,618025,5.01,rest,0.2271
6780,18,3,0,0,429,3973144,3973572,4.29,rest,0.2271
2856,13,3,0,0,400,1686258,1686657,4.0,rest,0.2271
6026,17,3,0,0,442,3521900,3522341,4.42,rest,0.2271
13336,25,3,0,0,420,7791259,7791678,4.2,rest,0.2271
16508,3,3,0,0,358,9648301,9648658,3.58,rest,0.2271
16446,3,3,0,0,469,9619154,9619622,4.69,rest,0.2271
7024,18,3,0,0,338,4083322,4083659,3.38,rest,0.2271
8221,1,2,0,0,648,4835128,4835775,6.48,rest,0.2271
10521,22,2,0,0,562,6207681,6208242,5.62,rest,0.2271
16067,3,2,0,0,511,9454370,9454880,5.11,rest,0.2271
8051,1,2,0,0,472,4763827,4764298,4.72,rest,0.2271
20396,8,3,0,0,517,11887721,11888237,5.17,rest,0.2271
16057,3,2,0,0,502,9450124,9450625,5.02,rest,0.2271
7956,19,3,0,0,404,4613636,4614039,4.04,rest,0.2271
3467,14,2,0,0,374,2055935,2056308,3.74,rest,0.2271
15070,27,3,0,0,257,8780215,8780471,2.57,rest,0.2271
7878,19,3,0,0,457,4577275,4577731,4.57,rest,0.2271
20273,8,2,0,0,515,11836231,11836745,5.15,rest,0.2271
9344,20,3,0,0,2205,5448975,5451179,22.05,rest,0.2271
20556,8,3,0,0,501,11958181,11958681,5.01,rest,0.2271
21412,9,3,0,0,416,12439628,12440043,4.16,rest,0.2271
9129,20,2,0,0,453,5352856,5353308,4.53,rest,0.2271
1735,12,2,0,0,374,1085232,1085605,3.74,rest,0.2271
16097,3,2,0,0,492,9466892,9467383,4.92,rest,0.2246
8494,1,3,0,0,449,4959468,4959916,4.49,rest,0.2246
8031,1,2,0,0,573,4755458,4756030,5.73,rest,0.2246
8406,1,3,0,0,441,4915732,4916172,4.41,rest,0.2246
11210,22,3,0,0,379,6526399,6526777,3.79,rest,0.2246
13799,26,2,0,0,700,8111306,8112005,7.0,rest,0.2246
6948,18,3,0,0,367,4049522,4049888,3.67,rest,0.2246
6232,17,3,0,0,432,3618462,3618893,4.32,rest,0.2246
17196,4,3,0,0,425,10059378,10059802,4.25,rest,0.2246
2084,12,3,0,0,480,1236496,1236975,4.8,rest,0.2246
11042,22,3,0,0,420,6439629,6440048,4.2,rest,0.2246
18284,5,3,0,0,452,10645263,10645714,4.52,rest,0.2246
9819,21,2,0,0,432,5775552,5775983,4.32,rest,0.2246
8307,1,2,0,0,561,4871149,4871709,5.61,rest,0.2246
1811,12,2,0,0,384,1117040,1117423,3.84,rest,0.2246
1807,12,2,0,0,424,1115366,1115789,4.24,rest,0.2246
16893,4,2,0,0,491,9932321,9932811,4.91,rest,0.2246
16742,3,3,0,0,1824,9756025,9757848,18.24,rest,0.2246
17522,4,3,0,0,388,10207828,10208215,3.88,rest,0.2246
2128,12,3,0,0,362,1255942,1256303,3.62,rest,0.2246
14940,27,3,0,0,472,8722219,8722690,4.72,rest,0.2246
19050,6,3,0,0,350,11086292,11086641,3.5,rest,0.2246
20738,8,3,0,0,378,12038328,12038705,3.78,rest,0.2246
15449,2,2,0,0,385,9059005,9059389,3.85,rest,0.2246
2076,12,3,0,0,466,1233172,1233637,4.66,rest,0.2222
8059,1,2,0,0,493,4767223,4767715,4.93,rest,0.2222
17498,4,3,0,0,377,10197143,10197519,3.77,rest,0.2222
16195,3,2,0,0,500,9507970,9508469,5.0,rest,0.2222
10846,22,3,0,0,522,6348561,6349082,5.22,rest,0.2222
6404,17,3,0,0,395,3712109,3712503,3.95,rest,0.2222
16736,3,3,0,0,311,9753570,9753880,3.11,rest,0.2222
2282,12,3,0,0,421,1323886,1324306,4.21,rest,0.2222
21334,9,3,0,0,1260,12404160,12405419,12.6,rest,0.2222
14443,27,2,0,0,370,8507659,8508028,3.7,rest,0.2222
1607,12,2,0,0,425,1031576,1032000,4.25,rest,0.2222
6086,17,3,0,0,415,3550193,3550607,4.15,rest,0.2222
16784,3,3,0,0,478,9779121,9779598,4.78,rest,0.2222
199,10,2,0,0,415,183782,184196,4.15,rest,0.2222
17045,4,2,0,0,417,9996179,9996595,4.17,rest,0.2222
3225,14,2,0,0,378,1954359,1954736,3.78,rest,0.2222
6858,18,3,0,0,2840,4008154,4010993,28.4,rest,0.2222
750,10,3,0,0,444,430311,430754,4.44,rest,0.2222
3626,14,3,0,0,480,2124792,2125271,4.8,rest,0.2222
16588,3,3,0,0,397,9684989,9685385,3.97,rest,0.2222
16834,3,3,0,0,352,9806961,9807312,3.52,rest,0.2222
1073,11,2,0,0,350,672111,672460,3.5,rest,0.2222
1609,12,2,0,0,484,1032366,1032849,4.84,rest,0.2197
20873,9,2,0,0,539,12201461,12201999,5.39,rest,0.2197
14473,27,2,0,0,452,8520143,8520594,4.52,rest,0.2197
16155,3,2,0,0,574,9491163,9491736,5.74,rest,0.2197
18663,6,2,0,0,463,10915646,10916108,4.63,rest,0.2197
21476,9,3,0,0,470,12470090,12470559,4.7,rest,0.2197
13073,25,2,0,0,532,7673380,7673911,5.32,rest,0.2197
4987,16,2,0,0,609,2960640,2961248,6.09,rest,0.2197
14735,27,2,0,0,548,8630049,8630596,5.48,rest,0.2197
20069,8,2,0,0,529,11750742,11751270,5.29,rest,0.2197
12875,25,2,0,0,503,7589742,7590244,5.03,rest,0.2197
6100,17,3,0,0,412,3556849,3557260,4.12,rest,0.2197
21528,9,3,0,0,430,12493687,12494116,4.3,rest,0.2197
15062,27,3,0,0,340,8776778,8777117,3.4,rest,0.2197
10122,21,3,0,0,501,5909471,5909971,5.01,rest,0.2197
3664,14,3,0,0,322,2142339,2142660,3.22,rest,0.2197
15285,2,2,0,0,380,8990282,8990661,3.8,rest,0.2197
10938,22,3,0,0,347,6392801,6393147,3.47,rest,0.2197
3507,14,2,0,0,462,2072648,2073109,4.62,rest,0.2197
14497,27,2,0,0,539,8530186,8530724,5.39,rest,0.2197
12093,24,2,0,0,385,7128889,7129273,3.85,rest,0.2197
2202,12,3,0,0,476,1288218,1288693,4.76,rest,0.2197
3998,14,3,0,0,274,2303230,2303503,2.74,rest,0.2197
5817,17,2,0,0,435,3430832,3431266,4.35,rest,0.2197
8646,1,3,0,0,476,5034818,5035293,4.76,rest,0.2173
1514,11,3,0,0,407,871743,872149,4.07,rest,0.2173
8400,1,3,0,0,390,4912141,4912530,3.9,rest,0.2173
297,10,2,0,0,474,224827,225300,4.74,rest,0.2173
21360,9,3,0,0,522,12415995,12416516,5.22,rest,0.2173
8700,1,3,0,0,476,5060910,5061385,4.76,rest,0.2173
8366,1,3,0,0,469,4895880,4896348,4.69,rest,0.2173
9278,20,3,0,0,349,5418656,5419004,3.49,rest,0.2173
6046,17,3,0,0,450,3531306,3531755,4.5,rest,0.2173
20494,8,3,0,0,431,11931665,11932095,4.31,rest,0.2173
16746,3,3,0,0,423,9759080,9759502,4.23,rest,0.2173
6308,17,3,0,0,402,3654820,3655221,4.02,rest,0.2173
682,10,3,0,0,1188,395523,396710,11.88,rest,0.2173
12883,25,2,0,0,538,7593108,7593645,5.38,rest,0.2173
684,10,3,0,0,398,397137,397534,3.98,rest,0.2173
18617,6,2,0,0,482,10896436,10896917,4.82,rest,0.2173
14144,26,3,0,0,525,8261956,8262480,5.25,rest,0.2173
20279,8,2,0,0,517,11838753,11839269,5.17,rest,0.2173
13468,25,3,0,0,418,7852022,7852439,4.18,rest,0.2173
20949,9,2,0,0,481,12233344,12233824,4.81,rest,0.2173
21492,9,3,0,0,575,12476641,12477215,5.75,rest,0.2173
18661,6,2,0,0,389,10914921,10915309,3.89,rest,0.2173
6513,18,2,0,0,479,3859196,3859674,4.79,rest,0.2173
9057,20,2,0,0,475,5322311,5322785,4.75,rest,0.2173
17470,4,3,0,0,313,10184985,10185297,3.13,rest,0.2173
17322,4,3,0,0,447,10118668,10119114,4.47,rest,0.2173
2854,13,3,0,0,402,1685438,1685839,4.02,rest,0.2173
8512,1,3,0,0,515,4968088,4968602,5.15,rest,0.2148
16692,3,3,0,0,438,9732531,9732968,4.38,rest,0.2148
8127,1,2,0,0,589,4795646,4796234,5.89,rest,0.2148
17502,4,3,0,0,410,10198788,10199197,4.1,rest,0.2148
977,11,2,0,0,367,631880,632246,3.67,rest,0.2148
20261,8,2,0,0,474,11831260,11831733,4.74,rest,0.2148
20412,8,3,0,0,1238,11894446,11895683,12.38,rest,0.2148
129,10,2,0,0,409,154436,154844,4.09,rest,0.2148
14759,27,2,0,0,402,8640232,8640633,4.02,rest,0.2148
8261,1,2,0,0,538,4851893,4852430,5.38,rest,0.2148
20215,8,2,0,0,501,11812005,11812505,5.01,rest,0.2148
16624,3,3,0,0,382,9700713,9701094,3.82,rest,0.2148
8089,1,2,0,0,552,4779785,4780336,5.52,rest,0.2148
16608,3,3,0,0,423,9693624,9694046,4.23,rest,0.2148
8630,1,3,0,0,374,5027284,5027657,3.74,rest,0.2148
20085,8,2,0,0,531,11757444,11757974,5.31,rest,0.2148
17538,4,3,0,0,368,10215164,10215531,3.68,rest,0.2148
5166,16,3,0,0,508,3035513,3036020,5.08,rest,0.2148
8402,1,3,0,0,1655,4912914,4914568,16.55,rest,0.2148
111,10,2,0,0,493,146861,147353,4.93,rest,0.2148
10816,22,3,0,0,508,6334756,6335263,5.08,rest,0.2148
14531,27,2,0,0,504,8544478,8544981,5.04,rest,0.2148
15451,2,2,0,0,359,9059846,9060204,3.59,rest,0.2148
8035,1,2,0,0,406,4757205,4757610,4.06,rest,0.2148
6715,18,2,0,0,554,3944106,3944659,5.54,rest,0.2148
955,11,2,0,0,366,622635,623000,3.66,rest,0.2124
17324,4,3,0,0,920,10119529,10120448,9.2,rest,0.2124
6330,17,3,0,0,411,3665102,3665512,4.11,rest,0.2124
11423,23,2,0,0,393,6717232,6717624,3.93,rest,0.2124
21592,9,3,0,0,392,12522353,12522744,3.92,rest,0.2124
17410,4,3,0,0,378,10158609,10158986,3.78,rest,0.2124
6414,17,3,0,0,330,3716332,3716661,3.3,rest,0.2124
416,10,3,0,0,438,276800,277237,4.38,rest,0.2124
8636,1,3,0,0,394,5029788,5030181,3.94,rest,0.2124
17518,4,3,0,0,322,10206210,10206531,3.22,rest,0.2124
8309,1,2,0,0,579,4872023,4872601,5.79,rest,0.2124
2080,12,3,0,0,460,1234865,1235324,4.6,rest,0.2124
11176,22,3,0,0,462,6506004,6506465,4.62,rest,0.2124
9135,20,2,0,0,424,5355412,5355835,4.24,rest,0.2124
4225,15,2,0,0,444,2500335,2500778,4.44,rest,0.2124
18998,6,3,0,0,349,11063390,11063738,3.49,rest,0.2124
3541,14,2,0,0,301,2087057,2087357,3.01,rest,0.2124
10639,22,2,0,0,413,6257642,6258054,4.13,rest,0.2124
13775,26,2,0,0,630,8101093,8101722,6.3,rest,0.2124
8129,1,2,0,0,462,4796585,4797046,4.62,rest,0.2124
14142,26,3,0,0,516,8261103,8261618,5.16,rest,0.2124
5821,17,2,0,0,422,3432501,3432922,4.22,rest,0.2124
19066,6,3,0,0,441,11092838,11093278,4.41,rest,0.2124
16169,3,2,0,0,538,9497137,9497674,5.38,rest,0.2124
5701,17,2,0,0,523,3381581,3382103,5.23,rest,0.2124
1572,11,3,0,0,417,912839,913255,4.17,rest,0.2124
16951,4,2,0,0,505,9956649,9957153,5.05,rest,0.21
9382,20,3,0,0,454,5467584,5468037,4.54,rest,0.21
8343,1,2,0,0,395,4886453,4886847,3.95,rest,0.21
13853,26,2,0,0,459,8134143,8134601,4.59,rest,0.21
4979,16,2,0,0,576,2957305,2957880,5.76,rest,0.21
16706,3,3,0,0,433,9739234,9739666,4.33,rest,0.21
20337,8,2,0,0,515,11863049,11863563,5.15,rest,0.21
15571,2,2,0,0,397,9110049,9110445,3.97,rest,0.21
135,10,2,0,0,358,156995,157352,3.58,rest,0.21
8297,1,2,0,0,640,4866937,4867576,6.4,rest,0.21
20287,8,2,0,0,529,11842083,11842611,5.29,rest,0.21
8420,1,3,0,0,443,4921565,4922007,4.43,rest,0.21
16225,3,2,0,0,450,9520563,9521012,4.5,rest,0.21
16458,3,3,0,0,431,9624217,9624647,4.31,rest,0.21
16686,3,3,0,0,302,9730098,9730399,3.02,rest,0.21
8185,1,2,0,0,451,4820106,4820556,4.51,rest,0.21
13093,25,2,0,0,404,7681916,7682319,4.04,rest,0.21
11082,22,3,0,0,448,6458835,6459282,4.48,rest,0.21
20171,8,2,0,0,587,11793518,11794104,5.87,rest,0.21
1623,12,2,0,0,414,1038281,1038694,4.14,rest,0.2075
8372,1,3,0,0,469,4898411,4898879,4.69,rest,0.2075
20850,8,3,0,0,358,12091110,12091467,3.58,rest,0.2075
16083,3,2,0,0,474,9461044,9461517,4.74,rest,0.2075
17496,4,3,0,0,407,10196288,10196694,4.07,rest,0.2075
15112,27,3,0,0,241,8799125,8799365,2.41,rest,0.2075
45,10,2,0,0,438,119201,119638,4.38,rest,0.2075
20221,8,2,0,0,411,11814574,11814984,4.11,rest,0.2075
8315,1,2,0,0,689,4874505,4875193,6.89,rest,0.2075
14451,27,2,0,0,280,8511070,8511349,2.8,rest,0.2075
11505,23,2,0,0,515,6751601,6752115,5.15,rest,0.2075
15277,2,2,0,0,522,8986813,8987334,5.22,rest,0.2075
13873,26,2,0,0,472,8142574,8143045,4.72,rest,0.2075
7345,19,2,0,0,432,4337245,4337676,4.32,rest,0.2075
8612,1,3,0,0,442,5014957,5015398,4.42,rest,0.2075
14761,27,2,0,0,387,8641079,8641465,3.87,rest,0.2075
20504,8,3,0,0,455,11935754,11936208,4.55,rest,0.2075
13472,25,3,0,0,333,7853784,7854116,3.33,rest,0.2075
3194,13,3,0,0,476,1840588,1841063,4.76,rest,0.2075
8476,1,3,0,0,381,4949065,4949445,3.81,rest,0.2051
17238,4,3,0,0,524,10079302,10079825,5.24,rest,0.2051
17336,4,3,0,0,508,10124934,10125441,5.08,rest,0.2051
16440,3,3,0,0,454,9614250,9614703,4.54,rest,0.2051
16506,3,3,0,0,379,9647417,9647795,3.79,rest,0.2051
17520,4,3,0,0,352,10207018,10207369,3.52,rest,0.2051
20871,9,2,0,0,360,12200718,12201077,3.6,rest,0.2051
10900,22,3,0,0,253,6376159,6376411,2.53,rest,0.2051
10429,22,2,0,0,413,6168862,6169274,4.13,rest,0.2051
2110,12,3,0,0,453,1247643,1248095,4.53,rest,0.2051
15473,2,2,0,0,499,9068907,9069405,4.99,rest,0.2051
10477,22,2,0,0,499,6189073,6189571,4.99,rest,0.2051
115,10,2,0,0,433,148575,149007,4.33,rest,0.2051
17300,4,3,0,0,365,10108013,10108377,3.65,rest,0.2051
4871,16,2,0,0,531,2912006,2912536,5.31,rest,0.2051
20434,8,3,0,0,448,11904561,11905008,4.48,rest,0.2051
17456,4,3,0,0,412,10178573,10178984,4.12,rest,0.2051
8568,1,3,0,0,418,4994815,4995232,4.18,rest,0.2026
21482,9,3,0,0,395,12472598,12472992,3.95,rest,0.2026
3391,14,2,0,0,450,2024070,2024519,4.5,rest,0.2026
20488,8,3,0,0,426,11928567,11928992,4.26,rest,0.2026
6334,17,3,0,0,409,3666773,3667181,4.09,rest,0.2026
12380,24,3,0,0,455,7249886,7250340,4.55,rest,0.2026
339,10,2,0,0,385,242477,242861,3.85,rest,0.2026
3652,14,3,0,0,318,2137320,2137637,3.18,rest,0.2026
20564,8,3,0,0,447,11961559,11962005,4.47,rest,0.2026
16047,3,2,0,0,518,9445955,9446472,5.18,rest,0.2026
20265,8,2,0,0,466,11832930,11833395,4.66,rest,0.2026
16845,4,2,0,0,293,9912368,9912660,2.93,rest,0.2026
17236,4,3,0,0,533,10078465,10078997,5.33,rest,0.2026
16676,3,3,0,0,406,9724995,9725400,4.06,rest,0.2026
8345,1,2,0,0,371,4887281,4887651,3.71,rest,0.2026
20097,8,2,0,0,486,11762528,11763013,4.86,rest,0.2026
8370,1,3,0,0,482,4897562,4898043,4.82,rest,0.2026
20255,8,2,0,0,524,11828763,11829286,5.24,rest,0.2026
21324,9,3,0,0,491,12400027,12400517,4.91,rest,0.2026
780,10,3,0,0,471,446379,446849,4.71,rest,0.2026
3190,13,3,0,0,415,1838997,1839411,4.15,rest,0.2026
19136,6,3,0,0,388,11123655,11124042,3.88,rest,0.2026
17019,4,2,0,0,393,9985316,9985708,3.93,rest,0.2026
11066,22,3,0,0,261,6451235,6451495,2.61,rest,0.2026
12576,24,3,0,0,376,7340118,7340493,3.76,rest,0.2026
21059,9,2,0,0,466,12279500,12279965,4.66,rest,0.2026
5990,17,3,0,0,547,3505258,3505804,5.47,rest,0.2026
17115,4,2,0,0,581,10025371,10025951,5.81,rest,0.2002
15579,2,2,0,0,369,9113374,9113742,3.69,rest,0.2002
17005,4,2,0,0,309,9979528,9979836,3.09,rest,0.2002
20550,8,3,0,0,447,11955668,11956114,4.47,rest,0.2002
10671,22,2,0,0,361,6271176,6271536,3.61,rest,0.2002
17280,4,3,0,0,379,10098658,10099036,3.79,rest,0.2002
7335,19,2,0,0,439,4333003,4333441,4.39,rest,0.2002
8518,1,3,0,0,489,4970605,4971093,4.89,rest,0.2002
3465,14,2,0,0,409,2055086,2055494,4.09,rest,0.2002
5703,17,2,0,0,527,3382436,3382962,5.27,rest,0.2002
3122,13,3,0,0,322,1805327,1805648,3.22,rest,0.2002
6054,17,3,0,0,478,3534655,3535132,4.78,rest,0.2002
16684,3,3,0,0,433,9729220,9729652,4.33,rest,0.2002
17424,4,3,0,0,546,10164516,10165061,5.46,rest,0.2002
8081,1,2,0,0,598,4776364,4776961,5.98,rest,0.2002
17119,4,2,0,0,538,10027076,10027613,5.38,rest,0.2002
6270,17,3,0,0,432,3636108,3636539,4.32,rest,0.2002
21630,9,3,0,0,434,12541236,12541669,4.34,rest,0.2002
776,10,3,0,0,396,444758,445153,3.96,rest,0.2002
9825,21,2,0,0,467,5778073,5778539,4.67,rest,0.2002
20838,8,3,0,0,399,12086044,12086442,3.99,rest,0.1978
16720,3,3,0,0,436,9745081,9745516,4.36,rest,0.1978
6052,17,3,0,0,483,3533803,3534285,4.83,rest,0.1978
2140,12,3,0,0,402,1260927,1261328,4.02,rest,0.1978
16945,4,2,0,0,434,9954240,9954673,4.34,rest,0.1978
20836,8,3,0,0,363,12085280,12085642,3.63,rest,0.1978
155,10,2,0,0,429,165365,165793,4.29,rest,0.1978
17041,4,2,0,0,396,9994503,9994898,3.96,rest,0.1978
758,10,3,0,0,375,433631,434005,3.75,rest,0.1978
121,10,2,0,0,541,151007,151547,5.41,rest,0.1978
20558,8,3,0,0,427,11959073,11959499,4.27,rest,0.1978
20151,8,2,0,0,602,11785088,11785689,6.02,rest,0.1978
7634,19,3,0,0,359,4461872,4462230,3.59,rest,0.1978
8398,1,3,0,0,374,4911320,4911693,3.74,rest,0.1978
418,10,3,0,0,491,277579,278069,4.91,rest,0.1978
20099,8,2,0,0,473,11763387,11763859,4.73,rest,0.1978
8478,1,3,0,0,367,4949913,4950279,3.67,rest,0.1978
8524,1,3,0,0,371,4973801,4974171,3.71,rest,0.1978
3281,14,2,0,0,412,1977859,1978270,4.12,rest,0.1978
16101,3,2,0,0,524,9468541,9469064,5.24,rest,0.1978
14593,27,2,0,0,363,8570616,8570978,3.63,rest,0.1978
20654,8,3,0,0,425,12001309,12001733,4.25,rest,0.1953
20073,8,2,0,0,468,11752472,11752939,4.68,rest,0.1953
21484,9,3,0,0,414,12473445,12473858,4.14,rest,0.1953
21258,9,3,0,0,404,12368449,12368852,4.04,rest,0.1953
20402,8,3,0,0,549,11890198,11890746,5.49,rest,0.1953
8311,1,2,0,0,540,4872892,4873431,5.4,rest,0.1953
8357,1,2,0,0,391,4892307,4892697,3.91,rest,0.1953
10641,22,2,0,0,400,6258487,6258886,4.0,rest,0.1953
159,10,2,0,0,451,167048,167498,4.51,rest,0.1953
20119,8,2,0,0,463,11771773,11772235,4.63,rest,0.1953
20748,8,3,0,0,371,12042520,12042890,3.71,rest,0.1953
8227,1,2,0,0,592,4837633,4838224,5.92,rest,0.1953
8225,1,2,0,0,549,4836788,4837336,5.49,rest,0.1953
9131,20,2,0,0,392,5353711,5354102,3.92,rest,0.1953
8734,1,3,0,0,462,5078339,5078800,4.62,rest,0.1953
16099,3,2,0,0,506,9467717,9468222,5.06,rest,0.1953
18962,6,3,0,0,495,11047744,11048238,4.95,rest,0.1953
907,11,2,0,0,418,602462,602879,4.18,rest,0.1953
14964,27,3,0,0,436,8732886,8733321,4.36,rest,0.1953
16161,3,2,0,0,548,9493738,9494285,5.48,rest,0.1953
975,11,2,0,0,342,631058,631399,3.42,rest,0.1953
640,10,3,0,0,434,376640,377073,4.34,rest,0.1953
16139,3,2,0,0,483,9484536,9485018,4.83,rest,0.1953
15034,27,3,0,0,339,8762759,8763097,3.39,rest,0.1953
19148,6,3,0,0,798,11128731,11129528,7.98,rest,0.1953
17061,4,2,0,0,526,10002763,10003288,5.26,rest,0.1953
14687,27,2,0,0,276,8610116,8610391,2.76,rest,0.1953
6274,17,3,0,0,421,3637809,3638229,4.21,rest,0.1953
8295,1,2,0,0,581,4866097,4866677,5.81,rest,0.1929
13200,25,3,0,0,438,7728194,7728631,4.38,rest,0.1929
10812,22,3,0,0,465,6333108,6333572,4.65,rest,0.1929
8253,1,2,0,0,467,4848591,4849057,4.67,rest,0.1929
16997,4,2,0,0,456,9975961,9976416,4.56,rest,0.1929
10481,22,2,0,0,477,6190793,6191269,4.77,rest,0.1929
17057,4,2,0,0,396,10001182,10001577,3.96,rest,0.1929
16119,3,2,0,0,458,9476159,9476616,4.58,rest,0.1929
8355,1,2,0,0,417,4891463,4891879,4.17,rest,0.1929
8558,1,3,0,0,405,4989436,4989840,4.05,rest,0.1929
8201,1,2,0,0,578,4826756,4827333,5.78,rest,0.1929
1522,11,3,0,0,374,875132,875505,3.74,rest,0.1929
20662,8,3,0,0,331,12004738,12005068,3.31,rest,0.1929
8696,1,3,0,0,446,5059199,5059644,4.46,rest,0.1929
5960,17,3,0,0,426,3491146,3491571,4.26,rest,0.1929
20229,8,2,0,0,393,11817961,11818353,3.93,rest,0.1929
221,10,2,0,0,372,193063,193434,3.72,rest,0.1929
5827,17,2,0,0,409,3435043,3435451,4.09,rest,0.1929
2210,12,3,0,0,436,1292036,1292471,4.36,rest,0.1929
18898,6,3,0,0,368,11018668,11019035,3.68,rest,0.1929
678,10,3,0,0,366,393827,394192,3.66,rest,0.1929
8726,1,3,0,0,531,5074947,5075477,5.31,rest,0.1904
3247,14,2,0,0,416,1963581,1963996,4.16,rest,0.1904
6302,17,3,0,0,366,3652318,3652683,3.66,rest,0.1904
10755,22,2,0,0,411,6306551,6306961,4.11,rest,0.1904
1731,12,2,0,0,311,1083637,1083947,3.11,rest,0.1904
20542,8,3,0,0,417,11952329,11952745,4.17,rest,0.1904
17198,4,3,0,0,427,10060237,10060663,4.27,rest,0.1904
11888,23,3,0,0,323,6926022,6926344,3.23,rest,0.1904
16183,3,2,0,0,543,9502901,9503443,5.43,rest,0.1904
8390,1,3,0,0,486,4907932,4908417,4.86,rest,0.1904
14527,27,2,0,0,498,8542795,8543292,4.98,rest,0.1904
8380,1,3,0,0,421,4901795,4902215,4.21,rest,0.1904
5320,16,3,0,0,448,3106506,3106953,4.48,rest,0.1904
16748,3,3,0,0,416,9759933,9760348,4.16,rest,0.1904
2108,12,3,0,0,417,1246874,1247290,4.17,rest,0.1904
17268,4,3,0,0,428,10093636,10094063,4.28,rest,0.1904
16953,4,2,0,0,536,9957459,9957994,5.36,rest,0.1904
10022,21,3,0,0,447,5862596,5863042,4.47,rest,0.1904
9464,20,3,0,0,1190,5503955,5505144,11.9,rest,0.1904
21041,9,2,0,0,432,12271998,12272429,4.32,rest,0.1904
17508,4,3,0,0,304,10202065,10202368,3.04,rest,0.1904
341,10,2,0,0,393,243299,243691,3.93,rest,0.1904
973,11,2,0,0,383,630196,630578,3.83,rest,0.1904
8029,1,2,0,0,533,4754621,4755153,5.33,rest,0.1904
20710,8,3,0,0,407,12025648,12026054,4.07,rest,0.1904
20263,8,2,0,0,521,11832065,11832585,5.21,rest,0.1904
20243,8,2,0,0,505,11823713,11824217,5.05,rest,0.1904
1510,11,3,0,0,463,870046,870508,4.63,rest,0.1904
7838,19,3,0,0,348,4558288,4558635,3.48,rest,0.1904
16059,3,2,0,0,503,9450961,9451463,5.03,rest,0.1904
6551,18,2,0,0,505,3875224,3875728,5.05,rest,0.1904
1715,12,2,0,0,459,1076815,1077273,4.59,rest,0.1904
151,10,2,0,0,427,163692,164118,4.27,rest,0.1904
10663,22,2,0,0,445,6267726,6268170,4.45,rest,0.188
9456,20,3,0,0,430,5500584,5501013,4.3,rest,0.188
161,10,2,0,0,538,167818,168355,5.38,rest,0.188
20746,8,3,0,0,408,12041659,12042066,4.08,rest,0.188
20295,8,2,0,0,510,11845471,11845980,5.1,rest,0.188
8209,1,2,0,0,517,4830092,4830608,5.17,rest,0.188
21061,9,2,0,0,474,12280323,12280796,4.74,rest,0.188
15311,2,2,0,0,372,9001169,9001540,3.72,rest,0.188
13809,26,2,0,0,469,8115592,8116060,4.69,rest,0.188
8502,1,3,0,0,1637,4962796,4964432,16.37,rest,0.188
21372,9,3,0,0,545,12421014,12421558,5.45,rest,0.188
21424,9,3,0,0,461,12445652,12446112,4.61,rest,0.188
8446,1,3,0,0,432,4935157,4935588,4.32,rest,0.188
2228,12,3,0,0,376,1300202,1300577,3.76,rest,0.188
16065,3,2,0,0,414,9453544,9453957,4.14,rest,0.188
8414,1,3,0,0,469,4919079,4919547,4.69,rest,0.188
17386,4,3,0,0,336,10148418,10148753,3.36,rest,0.188
14517,27,2,0,0,476,8538641,8539116,4.76,rest,0.188
21566,9,3,0,0,458,12510695,12511152,4.58,rest,0.188
19164,6,3,0,0,422,11135785,11136206,4.22,rest,0.188
11062,22,3,0,0,300,6449500,6449799,3.0,rest,0.188
1232,11,3,0,0,400,741998,742397,4.0,rest,0.188
10451,22,2,0,0,479,6178097,6178575,4.79,rest,0.1855
12857,25,2,0,0,442,7582179,7582620,4.42,rest,0.1855
7892,19,3,0,0,409,4584300,4584708,4.09,rest,0.1855
63,10,2,0,0,505,126735,127239,5.05,rest,0.1855
10645,22,2,0,0,418,6260159,6260576,4.18,rest,0.1855
13087,25,2,0,0,396,7679377,7679772,3.96,rest,0.1855
2270,12,3,0,0,426,1318867,1319292,4.26,rest,0.1855
14511,27,2,0,0,494,8536084,8536577,4.94,rest,0.1855
16151,3,2,0,0,539,9489561,9490099,5.39,rest,0.1855
1719,12,2,0,0,478,1078444,1078921,4.78,rest,0.1855
13027,25,2,0,0,389,7654084,7654472,3.89,rest,0.1855
10713,22,2,0,0,530,6288737,6289266,5.3,rest,0.1855
6774,18,3,0,0,465,3968926,3969390,4.65,rest,0.1855
17089,4,2,0,0,397,10014629,10015025,3.97,rest,0.1855
2118,12,3,0,0,533,1250951,1251483,5.33,rest,0.1855
20937,9,2,0,0,436,12228400,12228835,4.36,rest,0.1855
10693,22,2,0,0,463,6280366,6280828,4.63,rest,0.1855
18996,6,3,0,0,392,11062532,11062923,3.92,rest,0.1855
20225,8,2,0,0,419,11816258,11816676,4.19,rest,0.1855
9338,20,3,0,0,531,5446477,5447007,5.31,rest,0.1855
16468,3,3,0,0,322,9629755,9630076,3.22,rest,0.1855
10683,22,2,0,0,399,6276213,6276611,3.99,rest,0.1855
19138,6,3,0,0,436,11124484,11124919,4.36,rest,0.1855
6778,18,3,0,0,2095,3970616,3972710,20.95,rest,0.1831
14597,27,2,0,0,506,8572214,8572719,5.06,rest,0.1831
21250,9,3,0,0,333,12360487,12360819,3.33,rest,0.1831
17562,4,3,0,0,469,10225688,10226156,4.69,rest,0.1831
12895,25,2,0,0,425,7598281,7598705,4.25,rest,0.1831
16546,3,3,0,0,465,9665441,9665905,4.65,rest,0.1831
8187,1,2,0,0,421,4820989,4821409,4.21,rest,0.1831
17550,4,3,0,0,378,10220733,10221110,3.78,rest,0.1831
11950,23,3,0,0,1475,6953854,6955328,14.75,rest,0.1831
8211,1,2,0,0,503,4830925,4831427,5.03,rest,0.1831
11186,22,3,0,0,472,6510262,6510733,4.72,rest,0.1831
14471,27,2,0,0,426,8519330,8519755,4.26,rest,0.1831
20051,8,2,0,0,372,11743380,11743751,3.72,rest,0.1831
11080,22,3,0,0,383,6458054,6458436,3.83,rest,0.1831
2204,12,3,0,0,448,1289061,1289508,4.48,rest,0.1807
12869,25,2,0,0,447,7587228,7587674,4.47,rest,0.1807
6794,18,3,0,0,478,3978962,3979439,4.78,rest,0.1807
16476,3,3,0,0,359,9633065,9633423,3.59,rest,0.1807
5819,17,2,0,0,384,3431698,3432081,3.84,rest,0.1807
6701,18,2,0,0,393,3938376,3938768,3.93,rest,0.1807
21069,9,2,0,0,439,12283690,12284128,4.39,rest,0.1807
17494,4,3,0,0,409,10195462,10195870,4.09,rest,0.1807
20301,8,2,0,0,519,11847958,11848476,5.19,rest,0.1807
12736,24,3,0,0,328,7414397,7414724,3.28,rest,0.1807
17242,4,3,0,0,512,10081000,10081511,5.12,rest,0.1807
8396,1,3,0,0,503,4910425,4910927,5.03,rest,0.1807
6408,17,3,0,0,393,3713765,3714157,3.93,rest,0.1807
6260,17,3,0,0,436,3631885,3632320,4.36,rest,0.1807
354,10,3,0,0,433,248663,249095,4.33,rest,0.1807
117,10,2,0,0,510,149354,149863,5.1,rest,0.1807
123,10,2,0,0,453,151911,152363,4.53,rest,0.1807
8319,1,2,0,0,559,4876228,4876786,5.59,rest,0.1807
1274,11,3,0,0,487,760845,761331,4.87,rest,0.1782
8041,1,2,0,0,530,4759609,4760138,5.3,rest,0.1782
16069,3,2,0,0,369,9455291,9455659,3.69,rest,0.1782
6264,17,3,0,0,401,3633595,3633995,4.01,rest,0.1782
3389,14,2,0,0,352,2023305,2023656,3.52,rest,0.1782
16758,3,3,0,0,432,9764129,9764560,4.32,rest,0.1782
8728,1,3,0,0,378,5075886,5076263,3.78,rest,0.1782
7337,19,2,0,0,433,4333831,4334263,4.33,rest,0.1782
10908,22,3,0,0,1055,6379369,6380423,10.55,rest,0.1782
8532,1,3,0,0,503,4976995,4977497,5.03,rest,0.1782
12159,24,2,0,0,385,7156748,7157132,3.85,rest,0.1782
11373,23,2,0,0,411,6696135,6696545,4.11,rest,0.1782
21031,9,2,0,0,441,12267824,12268264,4.41,rest,0.1782
21286,9,3,0,0,432,12381914,12382345,4.32,rest,0.1782
13091,25,2,0,0,388,7681059,7681446,3.88,rest,0.1782
19064,6,3,0,0,415,11092006,11092420,4.15,rest,0.1782
8213,1,2,0,0,587,4831765,4832351,5.87,rest,0.1782
16544,3,3,0,0,446,9664631,9665076,4.46,rest,0.1782
215,10,2,0,0,477,190440,190916,4.77,rest,0.1782
10455,22,2,0,0,476,6179784,6180259,4.76,rest,0.1782
10461,22,2,0,0,469,6182323,6182791,4.69,rest,0.1758
20275,8,2,0,0,532,11837064,11837595,5.32,rest,0.1758
3972,14,3,0,0,378,2289198,2289575,3.78,rest,0.1758
13911,26,2,0,0,491,8158618,8159108,4.91,rest,0.1758
11058,22,3,0,0,420,6447737,6448156,4.2,rest,0.1758
10573,22,2,0,0,541,6229790,6230330,5.41,rest,0.1758
12171,24,2,0,0,524,7161800,7162323,5.24,rest,0.1758
5835,17,2,0,0,440,3438398,3438837,4.4,rest,0.1758
7367,19,2,0,0,415,4346480,4346894,4.15,rest,0.1758
20077,8,2,0,0,506,11754137,11754642,5.06,rest,0.1758
8305,1,2,0,0,592,4870321,4870912,5.92,rest,0.1758
17312,4,3,0,0,404,10114520,10114923,4.04,rest,0.1758
20113,8,2,0,0,489,11769233,11769721,4.89,rest,0.1758
8470,1,3,0,0,420,4946562,4946981,4.2,rest,0.1758
21478,9,3,0,0,419,12470917,12471335,4.19,rest,0.1758
16724,3,3,0,0,269,9748590,9748858,2.69,rest,0.1758
6122,17,3,0,0,463,3566476,3566938,4.63,rest,0.1758
17510,4,3,0,0,393,10202798,10203190,3.93,rest,0.1758
8692,1,3,0,0,444,5057547,5057990,4.44,rest,0.1758
12845,25,2,0,0,438,7577109,7577546,4.38,rest,0.1758
2082,12,3,0,0,482,1235670,1236151,4.82,rest,0.1758
8626,1,3,0,0,408,5025626,5026033,4.08,rest,0.1758
8107,1,2,0,0,546,4787302,4787847,5.46,rest,0.1758
13851,26,2,0,0,445,8133314,8133758,4.45,rest,0.1733
9164,20,3,0,0,417,5367624,5368040,4.17,rest,0.1733
16855,4,2,0,0,493,9916345,9916837,4.93,rest,0.1733
17190,4,3,0,0,432,10056873,10057304,4.32,rest,0.1733
14587,27,2,0,0,475,8568002,8568476,4.75,rest,0.1733
21368,9,3,0,0,539,12419333,12419871,5.39,rest,0.1733
13470,25,3,0,0,361,7852926,7853286,3.61,rest,0.1733
7551,19,2,0,0,435,4423565,4423999,4.35,rest,0.1733
2014,12,3,0,0,474,1204980,1205453,4.74,rest,0.1733
5332,16,3,0,0,570,3111452,3112021,5.7,rest,0.1733
2272,12,3,0,0,341,1319825,1320165,3.41,rest,0.1733
17506,4,3,0,0,341,10201185,10201525,3.41,rest,0.1733
10932,22,3,0,0,404,6390200,6390603,4.04,rest,0.1733
10934,22,3,0,0,457,6391028,6391484,4.57,rest,0.1733
139,10,2,0,0,436,158609,159044,4.36,rest,0.1733
360,10,3,0,0,429,251155,251583,4.29,rest,0.1733
8229,1,2,0,0,566,4838465,4839030,5.66,rest,0.1733
8283,1,2,0,0,544,4861095,4861638,5.44,rest,0.1733
8077,1,2,0,0,546,4774681,4775226,5.46,rest,0.1733
6848,18,3,0,0,432,4003948,4004379,4.32,rest,0.1733
20686,8,3,0,0,314,12015256,12015569,3.14,rest,0.1733
15056,27,3,0,0,331,8773719,8774049,3.31,rest,0.1733
6078,17,3,0,0,497,3546763,3547259,4.97,rest,0.1733
20139,8,2,0,0,523,11780123,11780645,5.23,rest,0.1709
20458,8,3,0,0,420,11915089,11915508,4.2,rest,0.1709
9889,21,2,0,0,489,5805045,5805533,4.89,rest,0.1709
21067,9,2,0,0,448,12282835,12283282,4.48,rest,0.1709
8616,1,3,0,0,507,5016576,5017082,5.07,rest,0.1709
17344,4,3,0,0,604,10128437,10129040,6.04,rest,0.1709
6226,17,3,0,0,364,3615990,3616353,3.64,rest,0.1709
21003,9,2,0,0,415,12256082,12256496,4.15,rest,0.1709
8434,1,3,0,0,462,4928369,4928830,4.62,rest,0.1709
16600,3,3,0,0,469,9689921,9690389,4.69,rest,0.1709
5767,17,2,0,0,434,3409703,3410136,4.34,rest,0.1709
11178,22,3,0,0,358,6506890,6507247,3.58,rest,0.1709
14571,27,2,0,0,273,8561440,8561712,2.73,rest,0.1709
16630,3,3,0,0,384,9703232,9703615,3.84,rest,0.1709
11158,22,3,0,0,397,6494753,6495149,3.97,rest,0.1709
3441,14,2,0,0,474,2044929,2045402,4.74,rest,0.1709
21330,9,3,0,0,530,12402479,12403008,5.3,rest,0.1709
8321,1,2,0,0,521,4877145,4877665,5.21,rest,0.1709
21252,9,3,0,0,310,12361372,12361681,3.1,rest,0.1709
20804,8,3,0,0,411,12068372,12068782,4.11,rest,0.1709
181,10,2,0,0,385,176360,176744,3.85,rest,0.1709
20059,8,2,0,0,522,11746577,11747098,5.22,rest,0.1709
5901,17,2,0,0,515,3466223,3466737,5.15,rest,0.1709
217,10,2,0,0,444,191292,191735,4.44,rest,0.1685
8680,1,3,0,0,410,5051369,5051778,4.1,rest,0.1685
20736,8,3,0,0,376,12037481,12037856,3.76,rest,0.1685
20636,8,3,0,0,444,11993077,11993520,4.44,rest,0.1685
14495,27,2,0,0,348,8529495,8529842,3.48,rest,0.1685
21035,9,2,0,0,388,12269527,12269914,3.88,rest,0.1685
17466,4,3,0,0,332,10183318,10183649,3.32,rest,0.1685
5895,17,2,0,0,498,3463764,3464261,4.98,rest,0.1685
17302,4,3,0,0,354,10108879,10109232,3.54,rest,0.1685
17260,4,3,0,0,373,10089398,10089770,3.73,rest,0.1685
16632,3,3,0,0,399,9704029,9704427,3.99,rest,0.1685
1099,11,2,0,0,444,682950,683393,4.44,rest,0.1685
9460,20,3,0,0,419,5502261,5502679,4.19,rest,0.1685
17025,4,2,0,0,378,9987840,9988217,3.78,rest,0.1685
10699,22,2,0,0,415,6282932,6283346,4.15,rest,0.1685
141,10,2,0,0,436,159465,159900,4.36,rest,0.1685
3445,14,2,0,0,410,2046671,2047080,4.1,rest,0.1685
10471,22,2,0,0,438,6186575,6187012,4.38,rest,0.1685
7592,19,3,0,0,461,4441666,4442126,4.61,rest,0.1685
12422,24,3,0,0,432,7269388,7269819,4.32,rest,0.1685
20291,8,2,0,0,552,11843770,11844321,5.52,rest,0.1685
11501,23,2,0,0,389,6750026,6750414,3.89,rest,0.1685
7407,19,2,0,0,359,4363319,4363677,3.59,rest,0.1685
12851,25,2,0,0,448,7579622,7580069,4.48,rest,0.1685
8500,1,3,0,0,558,4961956,4962513,5.58,rest,0.166
16672,3,3,0,0,329,9723376,9723704,3.29,rest,0.166
909,11,2,0,0,412,603288,603699,4.12,rest,0.166
14453,27,2,0,0,279,8511870,8512148,2.79,rest,0.166
20339,8,2,0,0,504,11863911,11864414,5.04,rest,0.166
17542,4,3,0,0,351,10216881,10217231,3.51,rest,0.166
7896,19,3,0,0,496,4585907,4586402,4.96,rest,0.166
20448,8,3,0,0,454,11910406,11910859,4.54,rest,0.166
1540,11,3,0,0,372,883423,883794,3.72,rest,0.166
2068,12,3,0,0,390,1229890,1230279,3.9,rest,0.166
299,10,2,0,0,518,225631,226148,5.18,rest,0.166
8640,1,3,0,0,376,5031499,5031874,3.76,rest,0.166
16628,3,3,0,0,386,9702411,9702796,3.86,rest,0.166
16638,3,3,0,0,433,9706547,9706979,4.33,rest,0.166
14525,27,2,0,0,335,8542105,8542439,3.35,rest,0.166
5829,17,2,0,0,394,3435890,3436283,3.94,rest,0.166
7598,19,3,0,0,329,4444258,4444586,3.29,rest,0.166
8069,1,2,0,0,578,4771295,4771872,5.78,rest,0.166
21488,9,3,0,0,525,12474984,12475508,5.25,rest,0.1636
16173,3,2,0,0,590,9498718,9499307,5.9,rest,0.1636
16718,3,3,0,0,409,9744283,9744691,4.09,rest,0.1636
16189,3,2,0,0,371,9505607,9505977,3.71,rest,0.1636
10814,22,3,0,0,505,6333917,6334421,5.05,rest,0.1636
3385,14,2,0,0,364,2021574,2021937,3.64,rest,0.1636
20299,8,2,0,0,557,11847105,11847661,5.57,rest,0.1636
10701,22,2,0,0,472,6283724,6284195,4.72,rest,0.1636
16610,3,3,0,0,421,9694474,9694894,4.21,rest,0.1636
8243,1,2,0,0,487,4844339,4844825,4.87,rest,0.1636
16478,3,3,0,0,372,9633908,9634279,3.72,rest,0.1636
149,10,2,0,0,431,162852,163282,4.31,rest,0.1636
14701,27,2,0,0,535,8615759,8616293,5.35,rest,0.1636
21552,9,3,0,0,478,12504351,12504828,4.78,rest,0.1636
20660,8,3,0,0,434,12003791,12004224,4.34,rest,0.1636
18836,6,3,0,0,342,10991529,10991870,3.42,rest,0.1636
5671,17,2,0,0,466,3368690,3369155,4.66,rest,0.1636
20095,8,2,0,0,572,11761600,11762171,5.72,rest,0.1636
14529,27,2,0,0,519,8543617,8544135,5.19,rest,0.1636
8520,1,3,0,0,530,4971414,4971943,5.3,rest,0.1636
16129,3,2,0,0,564,9480263,9480826,5.64,rest,0.1636
21328,9,3,0,0,485,12401680,12402164,4.85,rest,0.1611
14914,27,3,0,0,492,8710420,8710911,4.92,rest,0.1611
8378,1,3,0,0,481,4900915,4901395,4.81,rest,0.1611
21624,9,3,0,0,512,12538640,12539151,5.12,rest,0.1611
7132,18,3,0,0,377,4132824,4133200,3.77,rest,0.1611
16626,3,3,0,0,466,9701547,9702012,4.66,rest,0.1611
8362,1,3,0,0,391,4894309,4894699,3.91,rest,0.1611
17085,4,2,0,0,307,10013031,10013337,3.07,rest,0.1611
20223,8,2,0,0,433,11815412,11815844,4.33,rest,0.1611
11471,23,2,0,0,343,6737461,6737803,3.43,rest,0.1611
760,10,3,0,0,584,434529,435112,5.84,rest,0.1611
10711,22,2,0,0,446,6287986,6288431,4.46,rest,0.1611
20159,8,2,0,0,481,11788545,11789025,4.81,rest,0.1611
6707,18,2,0,0,517,3940833,3941349,5.17,rest,0.1611
8536,1,3,0,0,542,4978724,4979265,5.42,rest,0.1611
145,10,2,0,0,342,161271,161612,3.42,rest,0.1611
20953,9,2,0,0,566,12234991,12235556,5.66,rest,0.1587
8247,1,2,0,0,507,4846028,4846534,5.07,rest,0.1587
8217,1,2,0,0,459,4833497,4833955,4.59,rest,0.1587
9643,21,2,0,0,351,5701130,5701480,3.51,rest,0.1587
18731,6,2,0,0,479,10944169,10944647,4.79,rest,0.1587
8091,1,2,0,0,448,4780660,4781107,4.48,rest,0.1587
8047,1,2,0,0,554,4762132,4762685,5.54,rest,0.1587
11146,22,3,0,0,471,6488592,6489062,4.71,rest,0.1587
14910,27,3,0,0,466,8708765,8709230,4.66,rest,0.1587
12989,25,2,0,0,437,7638003,7638439,4.37,rest,0.1587
15102,27,3,0,0,280,8794885,8795164,2.8,rest,0.1587
19014,6,3,0,0,406,11070411,11070816,4.06,rest,0.1587
143,10,2,0,0,485,160340,160824,4.85,rest,0.1587
20249,8,2,0,0,491,11826210,11826700,4.91,rest,0.1587
8516,1,3,0,0,512,4969760,4970271,5.12,rest,0.1587
6038,17,3,0,0,461,3527941,3528401,4.61,rest,0.1587
12442,24,3,0,0,470,7278300,7278769,4.7,rest,0.1587
21438,9,3,0,0,483,12452989,12453471,4.83,rest,0.1587
17083,4,2,0,0,475,10012057,10012531,4.75,rest,0.1587
6402,17,3,0,0,340,3711291,3711630,3.4,rest,0.1587
17123,4,2,0,0,599,10028721,10029319,5.99,rest,0.1587
21326,9,3,0,0,527,12400783,12401309,5.27,rest,0.1587
8534,1,3,0,0,508,4977853,4978360,5.08,rest,0.1587
8408,1,3,0,0,428,4916568,4916995,4.28,rest,0.1587
8510,1,3,0,0,551,4967264,4967814,5.51,rest,0.1587
2074,12,3,0,0,494,1232304,1232797,4.94,rest,0.1587
19162,6,3,0,0,483,11134922,11135404,4.83,rest,0.1563
11507,23,2,0,0,408,6752546,6752953,4.08,rest,0.1563
17388,4,3,0,0,343,10149251,10149593,3.43,rest,0.1563
5887,17,2,0,0,441,3460357,3460797,4.41,rest,0.1563
14699,27,2,0,0,541,8614916,8615456,5.41,rest,0.1563
15114,27,3,0,0,256,8799959,8800214,2.56,rest,0.1563
911,11,2,0,0,430,604098,604527,4.3,rest,0.1563
16049,3,2,0,0,453,9446854,9447306,4.53,rest,0.1563
5667,17,2,0,0,460,3367019,3367478,4.6,rest,0.1563
17286,4,3,0,0,327,10102209,10102535,3.27,rest,0.1563
2030,12,3,0,0,290,1212512,1212801,2.9,rest,0.1563
8259,1,2,0,0,504,4851060,4851563,5.04,rest,0.1563
16602,3,3,0,0,747,9690808,9691554,7.47,rest,0.1563
6517,18,2,0,0,360,3860984,3861343,3.6,rest,0.1563
8690,1,3,0,0,437,5056711,5057147,4.37,rest,0.1563
17055,4,2,0,0,558,10000200,10000757,5.58,rest,0.1563
9452,20,3,0,0,431,5498869,5499299,4.31,rest,0.1563
1278,11,3,0,0,419,762564,762982,4.19,rest,0.1538
754,10,3,0,0,478,431960,432437,4.78,rest,0.1538
2120,12,3,0,0,504,1251831,1252334,5.04,rest,0.1538
8526,1,3,0,0,434,4974543,4974976,4.34,rest,0.1538
10675,22,2,0,0,393,6272848,6273240,3.93,rest,0.1538
20546,8,3,0,0,378,11954051,11954428,3.78,rest,0.1538
2072,12,3,0,0,485,1231474,1231958,4.85,rest,0.1538
7576,19,3,0,0,359,4434020,4434378,3.59,rest,0.1538
8033,1,2,0,0,395,4756357,4756751,3.95,rest,0.1538
17516,4,3,0,0,296,10205406,10205701,2.96,rest,0.1538
20203,8,2,0,0,612,11806885,11807496,6.12,rest,0.1538
20067,8,2,0,0,472,11749996,11750467,4.72,rest,0.1538
17560,4,3,0,0,396,10224891,10225286,3.96,rest,0.1538
16664,3,3,0,0,391,9720020,9720410,3.91,rest,0.1538
20305,8,2,0,0,507,11849659,11850165,5.07,rest,0.1538
15110,27,3,0,0,246,8798281,8798526,2.46,rest,0.1538
12867,25,2,0,0,478,7586365,7586842,4.78,rest,0.1538
17306,4,3,0,0,398,10112008,10112405,3.98,rest,0.1538
10525,22,2,0,0,507,6209416,6209922,5.07,rest,0.1538
21027,9,2,0,0,559,12266100,12266658,5.59,rest,0.1538
10515,22,2,0,0,515,6205175,6205689,5.15,rest,0.1538
21366,9,3,0,0,437,12418596,12419032,4.37,rest,0.1538
11499,23,2,0,0,413,6749188,6749600,4.13,rest,0.1538
8468,1,3,0,0,417,4945708,4946124,4.17,rest,0.1538
95,10,2,0,0,480,140129,140608,4.8,rest,0.1538
20057,8,2,0,0,499,11745764,11746262,4.99,rest,0.1538
14441,27,2,0,0,344,8506881,8507224,3.44,rest,0.1538
6802,18,3,0,0,456,3983253,3983708,4.56,rest,0.1538
97,10,2,0,0,445,141001,141445,4.45,rest,0.1538
7768,19,3,0,0,385,4523959,4524343,3.85,rest,0.1538
21632,9,3,0,0,503,12541981,12542483,5.03,rest,0.1514
2038,12,3,0,0,369,1215771,1216139,3.69,rest,0.1514
20251,8,2,0,0,518,11827051,11827568,5.18,rest,0.1514
8061,1,2,0,0,446,4768051,4768496,4.46,rest,0.1514
8514,1,3,0,0,548,4968900,4969447,5.48,rest,0.1514
17440,4,3,0,0,438,10171277,10171714,4.38,rest,0.1514
21500,9,3,0,0,360,12481594,12481953,3.6,rest,0.1514
17418,4,3,0,0,383,10161987,10162369,3.83,rest,0.1514
21011,9,2,0,0,413,12259426,12259838,4.13,rest,0.1514
18631,6,2,0,0,406,10902387,10902792,4.06,rest,0.1514
21025,9,2,0,0,464,12265286,12265749,4.64,rest,0.1514
8454,1,3,0,0,442,4938533,4938974,4.42,rest,0.1514
16598,3,3,0,0,388,9689165,9689552,3.88,rest,0.1514
21344,9,3,0,0,450,12409150,12409599,4.5,rest,0.1514
20089,8,2,0,0,492,11759142,11759633,4.92,rest,0.1514
21001,9,2,0,0,486,12255185,12255670,4.86,rest,0.1514
18635,6,2,0,0,388,10903996,10904383,3.88,rest,0.1514
20309,8,2,0,0,540,11851309,11851848,5.4,rest,0.1514
14944,27,3,0,0,265,8724081,8724345,2.65,rest,0.1489
11162,22,3,0,0,379,6496431,6496809,3.79,rest,0.1489
6124,17,3,0,0,436,3567347,3567782,4.36,rest,0.1489
10513,22,2,0,0,574,6204318,6204891,5.74,rest,0.1489
20586,8,3,0,0,406,11971334,11971739,4.06,rest,0.1489
21290,9,3,0,0,455,12383561,12384015,4.55,rest,0.1489
7359,19,2,0,0,462,4343099,4343560,4.62,rest,0.1489
17554,4,3,0,0,400,10222375,10222774,4.0,rest,0.1489
17452,4,3,0,0,379,10176920,10177298,3.79,rest,0.1489
20913,9,2,0,0,491,12218278,12218768,4.91,rest,0.1489
8488,1,3,0,0,522,4956918,4957439,5.22,rest,0.1489
16159,3,2,0,0,529,9492880,9493408,5.29,rest,0.1489
7529,19,2,0,0,392,4414388,4414779,3.92,rest,0.1489
6768,18,3,0,0,511,3966361,3966871,5.11,rest,0.1489
7048,18,3,0,0,365,4093927,4094291,3.65,rest,0.1489
8740,1,3,0,0,457,5080914,5081370,4.57,rest,0.1489
14583,27,2,0,0,426,8566413,8566838,4.26,rest,0.1465
3271,14,2,0,0,387,1973702,1974088,3.87,rest,0.1465
20281,8,2,0,0,459,11839632,11840090,4.59,rest,0.1465
8508,1,3,0,0,526,4966389,4966914,5.26,rest,0.1465
6120,17,3,0,0,452,3565651,3566102,4.52,rest,0.1465
12734,24,3,0,0,378,7413507,7413884,3.78,rest,0.1465
13063,25,2,0,0,453,7669185,7669637,4.53,rest,0.1465
7898,19,3,0,0,470,4586801,4587270,4.7,rest,0.1465
1508,11,3,0,0,471,869226,869696,4.71,rest,0.1465
20404,8,3,0,0,440,11891124,11891563,4.4,rest,0.1465
17023,4,2,0,0,456,9986953,9987408,4.56,rest,0.144
8067,1,2,0,0,595,4770446,4771040,5.95,rest,0.144
11936,23,3,0,0,474,6947986,6948459,4.74,rest,0.144
21033,9,2,0,0,436,12268667,12269102,4.36,rest,0.144
20560,8,3,0,0,438,11959910,11960347,4.38,rest,0.144
18623,6,2,0,0,384,10899004,10899387,3.84,rest,0.144
18818,6,3,0,0,404,10983300,10983703,4.04,rest,0.144
8071,1,2,0,0,549,4772166,4772714,5.49,rest,0.144
16085,3,2,0,0,521,9461830,9462350,5.21,rest,0.144
14561,27,2,0,0,379,8557258,8557636,3.79,rest,0.144
14729,27,2,0,0,556,8627545,8628100,5.56,rest,0.144
14922,27,3,0,0,384,8714004,8714387,3.84,rest,0.144
21626,9,3,0,0,532,12539458,12539989,5.32,rest,0.144
15108,27,3,0,0,248,8797440,8797687,2.48,rest,0.144
17356,4,3,0,0,433,10133587,10134019,4.33,rest,0.144
905,11,2,0,0,374,601661,602034,3.74,rest,0.144
6545,18,2,0,0,464,3872727,3873190,4.64,rest,0.144
17077,4,2,0,0,484,10009548,10010031,4.84,rest,0.1416
17350,4,3,0,0,353,10131162,10131514,3.53,rest,0.1416
6048,17,3,0,0,479,3532098,3532576,4.79,rest,0.1416
6224,17,3,0,0,399,3615102,3615500,3.99,rest,0.1416
17552,4,3,0,0,403,10221531,10221933,4.03,rest,0.1416
20055,8,2,0,0,489,11744930,11745418,4.89,rest,0.1416
10695,22,2,0,0,516,6281161,6281676,5.16,rest,0.1416
16394,3,3,0,0,379,9591205,9591583,3.79,rest,0.1416
6400,17,3,0,0,455,3710332,3710786,4.55,rest,0.1416
3425,14,2,0,0,460,2038261,2038720,4.6,rest,0.1416
21370,9,3,0,0,516,12420225,12420740,5.16,rest,0.1416
21318,9,3,0,0,444,12397531,12397974,4.44,rest,0.1416
18633,6,2,0,0,393,10903206,10903598,3.93,rest,0.1392
1388,11,3,0,0,505,814867,815371,5.05,rest,0.1392
20414,8,3,0,0,438,11896061,11896498,4.38,rest,0.1392
10691,22,2,0,0,431,6279554,6279984,4.31,rest,0.1392
5699,17,2,0,0,521,3380744,3381264,5.21,rest,0.1392
17454,4,3,0,0,271,10177859,10178129,2.71,rest,0.1392
2078,12,3,0,0,445,1234042,1234486,4.45,rest,0.1392
16053,3,2,0,0,512,9448466,9448977,5.12,rest,0.1392
6475,18,2,0,0,492,3843159,3843650,4.92,rest,0.1392
20566,8,3,0,0,413,11962435,11962847,4.13,rest,0.1392
20329,8,2,0,0,522,11859727,11860248,5.22,rest,0.1392
5617,17,2,0,0,531,3345904,3346434,5.31,rest,0.1392
8490,1,3,0,0,527,4957745,4958271,5.27,rest,0.1392
7570,19,3,0,0,344,4431515,4431858,3.44,rest,0.1392
17354,4,3,0,0,465,10132746,10133210,4.65,rest,0.1392
21350,9,3,0,0,472,12411633,12412104,4.72,rest,0.1392
10860,22,3,0,0,421,6357748,6358168,4.21,rest,0.1392
17131,4,2,0,0,497,10032164,10032660,4.97,rest,0.1392
107,10,2,0,0,471,145176,145646,4.71,rest,0.1392
17029,4,2,0,0,364,9989538,9989901,3.64,rest,0.1392
17320,4,3,0,0,373,10117853,10118225,3.73,rest,0.1367
20187,8,2,0,0,461,11800280,11800740,4.61,rest,0.1367
20406,8,3,0,0,478,11891903,11892380,4.78,rest,0.1367
7357,19,2,0,0,459,4342244,4342702,4.59,rest,0.1367
21292,9,3,0,0,501,12384382,12384882,5.01,rest,0.1367
14493,27,2,0,0,463,8528529,8528991,4.63,rest,0.1367
6094,17,3,0,0,494,3553485,3553978,4.94,rest,0.1367
8235,1,2,0,0,532,4841016,4841547,5.32,rest,0.1367
10697,22,2,0,0,435,6282076,6282510,4.35,rest,0.1367
17558,4,3,0,0,409,10224077,10224485,4.09,rest,0.1367
1767,12,2,0,0,335,1098716,1099050,3.35,rest,0.1367
21450,9,3,0,0,472,12458049,12458520,4.72,rest,0.1367
187,10,2,0,0,441,178754,179194,4.41,rest,0.1367
17462,4,3,0,0,444,10181043,10181486,4.44,rest,0.1367
16538,3,3,0,0,430,9661518,9661947,4.3,rest,0.1367
18645,6,2,0,0,377,10908214,10908590,3.77,rest,0.1367
16666,3,3,0,0,361,9720897,9721257,3.61,rest,0.1367
12873,25,2,0,0,521,7588893,7589413,5.21,rest,0.1367
18916,6,3,0,0,460,11027047,11027506,4.6,rest,0.1367
18844,6,3,0,0,373,10994837,10995209,3.73,rest,0.1367
10569,22,2,0,0,328,6228270,6228597,3.28,rest,0.1367
20734,8,3,0,0,389,12036644,12037032,3.89,rest,0.1367
16075,3,2,0,0,505,9457677,9458181,5.05,rest,0.1367
21065,9,2,0,0,429,12282018,12282446,4.29,rest,0.1343
6463,18,2,0,0,487,3838133,3838619,4.87,rest,0.1343
21622,9,3,0,0,517,12537830,12538346,5.17,rest,0.1343
4867,16,2,0,0,557,2910305,2910861,5.57,rest,0.1343
20656,8,3,0,0,395,12002159,12002553,3.95,rest,0.1343
11184,22,3,0,0,422,6509465,6509886,4.22,rest,0.1343
16738,3,3,0,0,381,9754348,9754728,3.81,rest,0.1343
11940,23,3,0,0,438,6949686,6950123,4.38,rest,0.1343
17248,4,3,0,0,399,10084332,10084730,3.99,rest,0.1318
16949,4,2,0,0,426,9955881,9956306,4.26,rest,0.1318
8426,1,3,0,0,455,4924976,4925430,4.55,rest,0.1318
12971,25,2,0,0,429,7630395,7630823,4.29,rest,0.1318
20410,8,3,0,0,469,11893564,11894032,4.69,rest,0.1318
2276,12,3,0,0,252,1321523,1321774,2.52,rest,0.1318
20518,8,3,0,0,444,11941983,11942426,4.44,rest,0.1318
8115,1,2,0,0,610,4790646,4791255,6.1,rest,0.1318
20426,8,3,0,0,463,11901115,11901577,4.63,rest,0.1318
1093,11,2,0,0,453,680389,680841,4.53,rest,0.1318
2192,12,3,0,0,430,1284027,1284456,4.3,rest,0.1318
11140,22,3,0,0,398,6486098,6486495,3.98,rest,0.1318
20446,8,3,0,0,452,11909555,11910006,4.52,rest,0.1318
20369,8,2,0,0,423,11876559,11876981,4.23,rest,0.1318
12865,25,2,0,0,463,7585535,7585997,4.63,rest,0.1318
1085,11,2,0,0,481,677046,677526,4.81,rest,0.1318
14515,27,2,0,0,308,8537945,8538252,3.08,rest,0.1318
16648,3,3,0,0,403,9712449,9712851,4.03,rest,0.1294
17346,4,3,0,0,278,10129578,10129855,2.78,rest,0.1294
17362,4,3,0,0,441,10136125,10136565,4.41,rest,0.1294
12871,25,2,0,0,464,7588061,7588524,4.64,rest,0.1294
16426,3,3,0,0,516,9608335,9608850,5.16,rest,0.1294
11515,23,2,0,0,483,6755892,6756374,4.83,rest,0.1294
3874,14,3,0,0,394,2240380,2240773,3.94,rest,0.1294
17298,4,3,0,0,391,10107190,10107580,3.91,rest,0.1294
16536,3,3,0,0,339,9660758,9661096,3.39,rest,0.1294
19000,6,3,0,0,383,11064205,11064587,3.83,rest,0.1294
14477,27,2,0,0,519,8521770,8522288,5.19,rest,0.1294
20065,8,2,0,0,491,11749107,11749597,4.91,rest,0.1294
17570,4,3,0,0,331,10229603,10229933,3.31,rest,0.1294
20189,8,2,0,0,426,11801151,11801576,4.26,rest,0.1294
20408,8,3,0,0,422,11892761,11893182,4.22,rest,0.1294
16171,3,2,0,0,552,9497926,9498477,5.52,rest,0.1294
21288,9,3,0,0,463,12382738,12383200,4.63,rest,0.1294
16071,3,2,0,0,516,9456002,9456517,5.16,rest,0.1294
5765,17,2,0,0,485,3408829,3409313,4.85,rest,0.1294
21348,9,3,0,0,456,12410798,12411253,4.56,rest,0.127
8530,1,3,0,0,526,4976157,4976682,5.26,rest,0.127
8492,1,3,0,0,560,4958549,4959108,5.6,rest,0.127
17294,4,3,0,0,274,10105595,10105868,2.74,rest,0.127
5753,17,2,0,0,489,3403744,3404232,4.89,rest,0.127
16580,3,3,0,0,427,9680926,9681352,4.27,rest,0.127
109,10,2,0,0,455,146002,146456,4.55,rest,0.127
12847,25,2,0,0,396,7577977,7578372,3.96,rest,0.127
10703,22,2,0,0,407,6284631,6285037,4.07,rest,0.127
8175,1,2,0,0,527,4815860,4816386,5.27,rest,0.127
10549,22,2,0,0,308,6219822,6220129,3.08,rest,0.127
20289,8,2,0,0,460,11842971,11843430,4.6,rest,0.127
21055,9,2,0,0,413,12277896,12278308,4.13,rest,0.127
20199,8,2,0,0,510,11805318,11805827,5.1,rest,0.127
14950,27,3,0,0,245,8726602,8726846,2.45,rest,0.127
20303,8,2,0,0,523,11848811,11849333,5.23,rest,0.1245
17442,4,3,0,0,475,10172090,10172564,4.75,rest,0.1245
21063,9,2,0,0,444,12281185,12281628,4.44,rest,0.1245
7104,18,3,0,0,380,4120605,4120984,3.8,rest,0.1245
8055,1,2,0,0,433,4765545,4765977,4.33,rest,0.1245
20480,8,3,0,0,375,11925254,11925628,3.75,rest,0.1245
21554,9,3,0,0,1013,12505182,12506194,10.13,rest,0.1245
14581,27,2,0,0,436,8565545,8565980,4.36,rest,0.1245
8241,1,2,0,0,481,4843526,4844006,4.81,rest,0.1245
8392,1,3,0,0,502,4908738,4909239,5.02,rest,0.1245
16622,3,3,0,0,830,9699505,9700334,8.3,rest,0.1245
8053,1,2,0,0,521,4764665,4765185,5.21,rest,0.1245
16678,3,3,0,0,355,9725856,9726210,3.55,rest,0.1245
1272,11,3,0,0,501,760023,760523,5.01,rest,0.1245
17254,4,3,0,0,322,10086919,10087240,3.22,rest,0.1245
5661,17,2,0,0,428,3364501,3364928,4.28,rest,0.1245
10571,22,2,0,0,442,6229008,6229449,4.42,rest,0.1245
20315,8,2,0,0,563,11853796,11854358,5.63,rest,0.1245
15439,2,2,0,0,463,9054766,9055228,4.63,rest,0.1245
12863,25,2,0,0,452,7584692,7585143,4.52,rest,0.1221
19166,6,3,0,0,467,11136600,11137066,4.67,rest,0.1221
7932,19,3,0,0,318,4602723,4603040,3.18,rest,0.1221
21346,9,3,0,0,463,12409987,12410449,4.63,rest,0.1221
20664,8,3,0,0,429,12005488,12005916,4.29,rest,0.1221
20848,8,3,0,0,338,12090293,12090630,3.38,rest,0.1221
20213,8,2,0,0,438,11811231,11811668,4.38,rest,0.1221
4955,16,2,0,0,521,2947318,2947838,5.21,rest,0.1221
16460,3,3,0,0,432,9625076,9625507,4.32,rest,0.1196
3429,14,2,0,0,513,2039877,2040389,5.13,rest,0.1196
21280,9,3,0,0,407,12379459,12379865,4.07,rest,0.1196
1101,11,2,0,0,422,683779,684200,4.22,rest,0.1196
7557,19,2,0,0,387,4426118,4426504,3.87,rest,0.1196
20157,8,2,0,0,491,11787667,11788157,4.91,rest,0.1196
8460,1,3,0,0,451,4941039,4941489,4.51,rest,0.1196
6705,18,2,0,0,444,3940021,3940464,4.44,rest,0.1196
756,10,3,0,0,293,432867,433159,2.93,rest,0.1196
10705,22,2,0,0,404,6285466,6285869,4.04,rest,0.1196
17059,4,2,0,0,402,10002029,10002430,4.02,rest,0.1196
21448,9,3,0,0,446,12457229,12457674,4.46,rest,0.1196
20149,8,2,0,0,553,11784285,11784837,5.53,rest,0.1196
7527,19,2,0,0,435,4413530,4413964,4.35,rest,0.1196
14565,27,2,0,0,442,8558774,8559215,4.42,rest,0.1196
14350,26,3,0,0,273,8354848,8355120,2.73,rest,0.1172
20237,8,2,0,0,465,11821221,11821685,4.65,rest,0.1172
8456,1,3,0,0,470,4939384,4939853,4.7,rest,0.1172
20875,9,2,0,0,315,12202466,12202780,3.15,rest,0.1172
16726,3,3,0,0,281,9749414,9749694,2.81,rest,0.1172
16127,3,2,0,0,561,9479420,9479980,5.61,rest,0.1172
20091,8,2,0,0,529,11759989,11760517,5.29,rest,0.1172
20123,8,2,0,0,446,11773474,11773919,4.46,rest,0.1172
8251,1,2,0,0,394,4847821,4848214,3.94,rest,0.1172
20071,8,2,0,0,570,11751589,11752158,5.7,rest,0.1172
6412,17,3,0,0,361,3715490,3715850,3.61,rest,0.1172
5326,16,3,0,0,249,3109225,3109473,2.49,rest,0.1172
20359,8,2,0,0,427,11872426,11872852,4.27,rest,0.1172
14346,26,3,0,0,434,8352995,8353428,4.34,rest,0.1172
15106,27,3,0,0,248,8796598,8796845,2.48,rest,0.1172
17360,4,3,0,0,373,10135327,10135699,3.73,rest,0.1172
6856,18,3,0,0,415,4007323,4007737,4.15,rest,0.1147
20466,8,3,0,0,392,11918443,11918834,3.92,rest,0.1147
20943,9,2,0,0,532,12230815,12231346,5.32,rest,0.1147
8065,1,2,0,0,520,4769672,4770191,5.2,rest,0.1147
6132,17,3,0,0,525,3570688,3571212,5.25,rest,0.1147
6709,18,2,0,0,398,3941753,3942150,3.98,rest,0.1147
21480,9,3,0,0,429,12471751,12472179,4.29,rest,0.1147
20460,8,3,0,0,381,11915959,11916339,3.81,rest,0.1147
21352,9,3,0,0,451,12412491,12412941,4.51,rest,0.1147
16424,3,3,0,0,382,9607650,9608031,3.82,rest,0.1147
10463,22,2,0,0,484,6183149,6183632,4.84,rest,0.1147
20482,8,3,0,0,423,11926090,11926512,4.23,rest,0.1147
14563,27,2,0,0,434,8557972,8558405,4.34,rest,0.1147
20450,8,3,0,0,464,11911245,11911708,4.64,rest,0.1147
20083,8,2,0,0,505,11756623,11757127,5.05,rest,0.1123
7724,19,3,0,0,457,4504581,4505037,4.57,rest,0.1123
6547,18,2,0,0,453,3873626,3874078,4.53,rest,0.1123
16688,3,3,0,0,399,9730878,9731276,3.99,rest,0.1123
7730,19,3,0,0,438,4507097,4507534,4.38,rest,0.1123
20197,8,2,0,0,542,11804448,11804989,5.42,rest,0.1123
19168,6,3,0,0,894,11137431,11138324,8.94,rest,0.1123
11521,23,2,0,0,382,6758460,6758841,3.82,rest,0.1123
21097,9,2,0,0,431,12295438,12295868,4.31,rest,0.1123
18814,6,3,0,0,346,10981640,10981985,3.46,rest,0.1123
20506,8,3,0,0,381,11936642,11937022,3.81,rest,0.1099
20941,9,2,0,0,460,12230028,12230487,4.6,rest,0.1099
8037,1,2,0,0,626,4757969,4758594,6.26,rest,0.1099
8452,1,3,0,0,484,4937675,4938158,4.84,rest,0.1099
17434,4,3,0,0,354,10168823,10169176,3.54,rest,0.1099
20846,8,3,0,0,301,12089476,12089776,3.01,rest,0.1099
7555,19,2,0,0,375,4425306,4425680,3.75,rest,0.1099
14575,27,2,0,0,246,8563149,8563394,2.46,rest,0.1099
2280,12,3,0,0,276,1323199,1323474,2.76,rest,0.1099
17318,4,3,0,0,409,10117003,10117411,4.09,rest,0.1099
17027,4,2,0,0,349,9988695,9989043,3.49,rest,0.1099
16436,3,3,0,0,402,9612594,9612995,4.02,rest,0.1099
20061,8,2,0,0,452,11747466,11747917,4.52,rest,0.1099
16450,3,3,0,0,448,9620861,9621308,4.48,rest,0.1099
17316,4,3,0,0,394,10116160,10116553,3.94,rest,0.1099
11944,23,3,0,0,427,6951378,6951804,4.27,rest,0.1099
16145,3,2,0,0,528,9487011,9487538,5.28,rest,0.1099
8394,1,3,0,0,465,4909600,4910064,4.65,rest,0.1099
20209,8,2,0,0,447,11809545,11809991,4.47,rest,0.1074
20165,8,2,0,0,472,11791058,11791529,4.72,rest,0.1074
17035,4,2,0,0,433,9991965,9992397,4.33,rest,0.1074
17358,4,3,0,0,392,10134482,10134873,3.92,rest,0.1074
16165,3,2,0,0,491,9495469,9495959,4.91,rest,0.1074
15142,27,3,0,0,374,8812892,8813265,3.74,rest,0.1074
5023,16,2,0,0,540,2975696,2976235,5.4,rest,0.1074
11519,23,2,0,0,444,6757577,6758020,4.44,rest,0.1074
16680,3,3,0,0,344,9726705,9727048,3.44,rest,0.1074
10581,22,2,0,0,450,6233178,6233627,4.5,rest,0.1074
16428,3,3,0,0,408,9609262,9609669,4.08,rest,0.105
17438,4,3,0,0,403,10170449,10170851,4.03,rest,0.105
20744,8,3,0,0,390,12040825,12041214,3.9,rest,0.105
20568,8,3,0,0,374,11963314,11963687,3.74,rest,0.105
8448,1,3,0,0,454,4936001,4936454,4.54,rest,0.105
1091,11,2,0,0,442,679570,680011,4.42,rest,0.105
10457,22,2,0,0,483,6180617,6181099,4.83,rest,0.105
16430,3,3,0,0,472,9610059,9610530,4.72,rest,0.1025
4865,16,2,0,0,542,2909477,2910018,5.42,rest,0.1025
14569,27,2,0,0,420,8560461,8560880,4.2,rest,0.1025
16163,3,2,0,0,569,9494586,9495154,5.69,rest,0.1025
10677,22,2,0,0,370,6273690,6274059,3.7,rest,0.1025
15561,2,2,0,0,431,9105850,9106280,4.31,rest,0.1025
20185,8,2,0,0,522,11799420,11799941,5.22,rest,0.1025
20127,8,2,0,0,475,11775133,11775607,4.75,rest,0.1025
12849,25,2,0,0,408,7578798,7579205,4.08,rest,0.1025
8432,1,3,0,0,481,4927505,4927985,4.81,rest,0.1025
16670,3,3,0,0,320,9722568,9722887,3.2,rest,0.1025
5278,16,3,0,0,314,3088527,3088840,3.14,rest,0.1025
20121,8,2,0,0,449,11772651,11773099,4.49,rest,0.1025
11948,23,3,0,0,447,6953050,6953496,4.47,rest,0.1001
7824,19,3,0,0,423,4552338,4552760,4.23,rest,0.1001
16229,3,2,0,0,402,9522299,9522700,4.02,rest,0.1001
20079,8,2,0,0,462,11754996,11755457,4.62,rest,0.1001
17348,4,3,0,0,395,10130285,10130679,3.95,rest,0.1001
14340,26,3,0,0,455,8350460,8350914,4.55,rest,0.1001
20143,8,2,0,0,500,11781820,11782319,5.0,rest,0.1001
17468,4,3,0,0,287,10184172,10184458,2.87,rest,0.1001
17432,4,3,0,0,369,10167969,10168337,3.69,rest,0.0977
16652,3,3,0,0,362,9714183,9714544,3.62,rest,0.0977
16061,3,2,0,0,436,9451917,9452352,4.36,rest,0.0977
20740,8,3,0,0,365,12039173,12039537,3.65,rest,0.0977
13346,25,3,0,0,332,7795577,7795908,3.32,rest,0.0977
8450,1,3,0,0,498,4936847,4937344,4.98,rest,0.0977
7614,19,3,0,0,352,4452714,4453065,3.52,rest,0.0977
19122,6,3,0,0,273,11116995,11117267,2.73,rest,0.0977
8245,1,2,0,0,439,4845244,4845682,4.39,rest,0.0977
20297,8,2,0,0,530,11846287,11846816,5.3,rest,0.0952
14577,27,2,0,0,345,8563989,8564333,3.45,rest,0.0952
6537,18,2,0,0,484,3869371,3869854,4.84,rest,0.0952
16590,3,3,0,0,304,9685865,9686168,3.04,rest,0.0952
16147,3,2,0,0,483,9487863,9488345,4.83,rest,0.0952
10826,22,3,0,0,457,6339013,6339469,4.57,rest,0.0952
20293,8,2,0,0,557,11844656,11845212,5.57,rest,0.0952
20107,8,2,0,0,516,11766687,11767202,5.16,rest,0.0952
17073,4,2,0,0,447,10007848,10008294,4.47,rest,0.0952
20470,8,3,0,0,414,11920125,11920538,4.14,rest,0.0952
11523,23,2,0,0,436,6759271,6759706,4.36,rest,0.0952
17460,4,3,0,0,371,10180259,10180629,3.71,rest,0.0952
20544,8,3,0,0,444,11953161,11953604,4.44,rest,0.0952
7766,19,3,0,0,350,4523137,4523486,3.5,rest,0.0952
17129,4,2,0,0,490,10031311,10031800,4.9,rest,0.0928
16955,4,2,0,0,503,9958332,9958834,5.03,rest,0.0928
20217,8,2,0,0,453,11812892,11813344,4.53,rest,0.0928
20333,8,2,0,0,526,11861400,11861925,5.26,rest,0.0928
18994,6,3,0,0,417,11061693,11062109,4.17,rest,0.0928
16592,3,3,0,0,368,9686663,9687030,3.68,rest,0.0928
21095,9,2,0,0,389,12294630,12295018,3.89,rest,0.0928
7572,19,3,0,0,407,4432305,4432711,4.07,rest,0.0928
11946,23,3,0,0,278,6952356,6952633,2.78,rest,0.0903
8528,1,3,0,0,499,4975321,4975819,4.99,rest,0.0903
10583,22,2,0,0,447,6234026,6234472,4.47,rest,0.0903
20323,8,2,0,0,511,11857202,11857712,5.11,rest,0.0903
8039,1,2,0,0,413,4758881,4759293,4.13,rest,0.0903
20155,8,2,0,0,470,11786874,11787343,4.7,rest,0.0903
20307,8,2,0,0,495,11850496,11850990,4.95,rest,0.0903
17450,4,3,0,0,326,10176118,10176443,3.26,rest,0.0879
16646,3,3,0,0,402,9711605,9712006,4.02,rest,0.0879
6284,17,3,0,0,395,3643699,3644093,3.95,rest,0.0879
5897,17,2,0,0,553,3464531,3465083,5.53,rest,0.0879
10673,22,2,0,0,385,6272011,6272395,3.85,rest,0.0879
16710,3,3,0,0,465,9740883,9741347,4.65,rest,0.0879
16716,3,3,0,0,430,9743448,9743877,4.3,rest,0.0879
9558,20,3,0,0,416,5547260,5547675,4.16,rest,0.0854
16618,3,3,0,0,438,9697799,9698236,4.38,rest,0.0854
1516,11,3,0,0,446,872561,873006,4.46,rest,0.0854
16339,3,2,0,0,456,9568247,9568702,4.56,rest,0.0854
20844,8,3,0,0,318,12088638,12088955,3.18,rest,0.0854
16199,3,2,0,0,391,9509746,9510136,3.91,rest,0.0854
20317,8,2,0,0,535,11854668,11855202,5.35,rest,0.0854
14559,27,2,0,0,243,8556426,8556668,2.43,rest,0.0854
1280,11,3,0,0,384,763460,763843,3.84,rest,0.0854
17133,4,2,0,0,523,10032997,10033519,5.23,rest,0.0854
6254,17,3,0,0,418,3628480,3628897,4.18,rest,0.083
8119,1,2,0,0,484,4792403,4792886,4.84,rest,0.083
17192,4,3,0,0,409,10057717,10058125,4.09,rest,0.083
7343,19,2,0,0,500,4336379,4336878,5.0,rest,0.083
17458,4,3,0,0,406,10179418,10179823,4.06,rest,0.083
8063,1,2,0,0,488,4768845,4769332,4.88,rest,0.083
20193,8,2,0,0,447,11802825,11803271,4.47,rest,0.083
6553,18,2,0,0,494,3876045,3876538,4.94,rest,0.083
8440,1,3,0,0,456,4930857,4931312,4.56,rest,0.083
8458,1,3,0,0,501,4940180,4940680,5.01,rest,0.0806
18816,6,3,0,0,391,10982463,10982853,3.91,rest,0.0806
20508,8,3,0,0,385,11937479,11937863,3.85,rest,0.0806
18535,6,2,0,0,473,10861990,10862462,4.73,rest,0.0806
20117,8,2,0,0,468,11770954,11771421,4.68,rest,0.0806
7918,19,3,0,0,353,4596144,4596496,3.53,rest,0.0806
356,10,3,0,0,389,249528,249916,3.89,rest,0.0806
6010,17,3,0,0,427,3513852,3514278,4.27,rest,0.0806
17448,4,3,0,0,291,10175295,10175585,2.91,rest,0.0806
10679,22,2,0,0,408,6274507,6274914,4.08,rest,0.0806
7638,19,3,0,0,334,4463574,4463907,3.34,rest,0.0806
6002,17,3,0,0,520,3510393,3510912,5.2,rest,0.0781
20115,8,2,0,0,475,11770105,11770579,4.75,rest,0.0781
14573,27,2,0,0,264,8562293,8562556,2.64,rest,0.0781
11413,23,2,0,0,345,6713063,6713407,3.45,rest,0.0781
21354,9,3,0,0,681,12413323,12414003,6.81,rest,0.0781
17037,4,2,0,0,384,9992852,9993235,3.84,rest,0.0781
17352,4,3,0,0,383,10131984,10132366,3.83,rest,0.0757
20570,8,3,0,0,452,11964077,11964528,4.52,rest,0.0757
5615,17,2,0,0,401,3345184,3345584,4.01,rest,0.0757
17390,4,3,0,0,364,10150107,10150470,3.64,rest,0.0757
20137,8,2,0,0,528,11779274,11779801,5.28,rest,0.0757
10717,22,2,0,0,479,6290462,6290940,4.79,rest,0.0757
20327,8,2,0,0,526,11858866,11859391,5.26,rest,0.0757
18615,6,2,0,0,463,10895579,10896041,4.63,rest,0.0757
17039,4,2,0,0,434,9993607,9994040,4.34,rest,0.0757
6268,17,3,0,0,379,3635330,3635708,3.79,rest,0.0757
19120,6,3,0,0,415,11116009,11116423,4.15,rest,0.0757
10551,22,2,0,0,485,6220512,6220996,4.85,rest,0.0757
16400,3,3,0,0,409,9593685,9594093,4.09,rest,0.0757
20141,8,2,0,0,508,11780972,11781479,5.08,rest,0.0757
7888,19,3,0,0,386,4582615,4583000,3.86,rest,0.0757
8436,1,3,0,0,492,4929229,4929720,4.92,rest,0.0757
7890,19,3,0,0,434,4583447,4583880,4.34,rest,0.0757
16708,3,3,0,0,398,9740081,9740478,3.98,rest,0.0757
1284,11,3,0,0,540,765110,765649,5.4,rest,0.0732
20191,8,2,0,0,510,11801952,11802461,5.1,rest,0.0732
16167,3,2,0,0,557,9496169,9496725,5.57,rest,0.0732
17256,4,3,0,0,418,10087686,10088103,4.18,rest,0.0732
16051,3,2,0,0,486,9447631,9448116,4.86,rest,0.0732
17079,4,2,0,0,394,10010419,10010812,3.94,rest,0.0708
16620,3,3,0,0,372,9698701,9699072,3.72,rest,0.0708
20219,8,2,0,0,438,11813766,11814203,4.38,rest,0.0708
16239,3,2,0,0,403,9526451,9526853,4.03,rest,0.0708
17021,4,2,0,0,507,9986015,9986521,5.07,rest,0.0708
20129,8,2,0,0,457,11775978,11776434,4.57,rest,0.0684
7353,19,2,0,0,547,4340594,4341140,5.47,rest,0.0684
5625,17,2,0,0,514,3349258,3349771,5.14,rest,0.0684
20211,8,2,0,0,479,11810360,11810838,4.79,rest,0.0684
10723,22,2,0,0,440,6293031,6293470,4.4,rest,0.0684
20271,8,2,0,0,547,11835382,11835928,5.47,rest,0.0684
7726,19,3,0,0,429,4505433,4505861,4.29,rest,0.0684
20081,8,2,0,0,459,11755859,11756317,4.59,rest,0.0684
20335,8,2,0,0,559,11862217,11862775,5.59,rest,0.0684
20341,8,2,0,0,526,11864756,11865281,5.26,rest,0.0684
11511,23,2,0,0,445,6754236,6754680,4.45,rest,0.0659
6543,18,2,0,0,418,3871837,3872254,4.18,rest,0.0659
10725,22,2,0,0,444,6293881,6294324,4.44,rest,0.0659
20319,8,2,0,0,566,11855476,11856041,5.66,rest,0.0635
6012,17,3,0,0,438,3514641,3515078,4.38,rest,0.0635
20105,8,2,0,0,434,11765937,11766370,4.34,rest,0.0635
20195,8,2,0,0,449,11803665,11804113,4.49,rest,0.0635
10559,22,2,0,0,421,6223932,6224352,4.21,rest,0.061
20103,8,2,0,0,457,11765057,11765513,4.57,rest,0.061
7491,19,2,0,0,396,4398443,4398838,3.96,rest,0.061
20075,8,2,0,0,468,11753338,11753805,4.68,rest,0.061
10553,22,2,0,0,392,6221398,6221789,3.92,rest,0.061
17033,4,2,0,0,362,9991194,9991555,3.62,rest,0.061
10818,22,3,0,0,455,6335648,6336102,4.55,rest,0.061
10820,22,3,0,0,465,6336487,6336951,4.65,rest,0.0586
10719,22,2,0,0,452,6291334,6291785,4.52,rest,0.0586
7341,19,2,0,0,377,4335679,4336055,3.77,rest,0.0586
10567,22,2,0,0,548,6227308,6227855,5.48,rest,0.0586
10557,22,2,0,0,490,6223050,6223539,4.9,rest,0.0562
10565,22,2,0,0,412,6226460,6226871,4.12,rest,0.0562
16143,3,2,0,0,512,9486182,9486693,5.12,rest,0.0562
20945,9,2,0,0,418,12231714,12232131,4.18,rest,0.0562
16179,3,2,0,0,404,9501373,9501776,4.04,rest,0.0562
11942,23,3,0,0,343,6950594,6950936,3.43,rest,0.0562
17013,4,2,0,0,372,9982792,9983163,3.72,rest,0.0562
11503,23,2,0,0,422,6750852,6751273,4.22,rest,0.0562
16526,3,3,0,0,370,9656530,9656899,3.7,rest,0.0537
10465,22,2,0,0,378,6184104,6184481,3.78,rest,0.0537
12696,24,3,0,0,389,7395762,7396150,3.89,rest,0.0537
20516,8,3,0,0,418,11941154,11941571,4.18,rest,0.0537
20951,9,2,0,0,460,12234207,12234666,4.6,rest,0.0513
8075,1,2,0,0,500,4773890,4774389,5.0,rest,0.0488
17075,4,2,0,0,384,10008742,10009125,3.84,rest,0.0488
16237,3,2,0,0,387,9525630,9526016,3.87,rest,0.0488
20939,9,2,0,0,345,12229302,12229646,3.45,rest,0.0488
16943,4,2,0,0,340,9953466,9953805,3.4,rest,0.0488
16466,3,3,0,0,400,9628888,9629287,4.0,rest,0.0488
20201,8,2,0,0,416,11806204,11806619,4.16,rest,0.0464
6282,17,3,0,0,365,3642895,3643259,3.65,rest,0.0464
17392,4,3,0,0,298,10150981,10151278,2.98,rest,0.0464
10585,22,2,0,0,402,6234893,6235294,4.02,rest,0.0439
20177,8,2,0,0,436,11796120,11796555,4.36,rest,0.0439
10715,22,2,0,0,491,6289616,6290106,4.91,rest,0.0439
7712,19,3,0,0,397,4498228,4498624,3.97,rest,0.0415
16616,3,3,0,0,363,9697041,9697403,3.63,rest,0.0415
10721,22,2,0,0,430,6292202,6292631,4.3,rest,0.0415
20343,8,2,0,0,598,11865522,11866119,5.98,rest,0.0391
20131,8,2,0,0,478,11776842,11777319,4.78,rest,0.0391
20135,8,2,0,0,588,11778431,11779018,5.88,rest,0.0391
20153,8,2,0,0,484,11786038,11786521,4.84,rest,0.0366
20063,8,2,0,0,465,11748294,11748758,4.65,rest,0.0366
20259,8,2,0,0,409,11830497,11830905,4.09,rest,0.0342
17137,4,2,0,0,518,10034654,10035171,5.18,rest,0.0342
20125,8,2,0,0,463,11774305,11774767,4.63,rest,0.0317
20207,8,2,0,0,443,11808703,11809145,4.43,rest,0.0317
17135,4,2,0,0,436,10033882,10034317,4.36,rest,0.0244
9625,21,2,0,0,411,5693517,5693927,4.11,rest,0.0244
20347,8,2,0,0,508,11867271,11867778,5.08,rest,0.0244
20181,8,2,0,0,391,11797821,11798211,3.91,rest,0.0244
16177,3,2,0,0,586,9500393,9500978,5.86,rest,0.022
7728,19,3,0,0,396,4506313,4506708,3.96,rest,0.022
7930,19,3,0,0,369,4601815,4602183,3.69,rest,0.022
20183,8,2,0,0,381,11798670,11799050,3.81,rest,0.0195
7714,19,3,0,0,443,4499053,4499495,4.43,rest,0.0195
16432,3,3,0,0,365,9610949,9611313,3.65,rest,0.0195
20179,8,2,0,0,399,11797019,11797417,3.99,rest,0.0171
20257,8,2,0,0,433,11829629,11830061,4.33,rest,0.0171
20349,8,2,0,0,569,11868034,11868602,5.69,rest,0.0171
20175,8,2,0,0,453,11795289,11795741,4.53,rest,0.0146
20345,8,2,0,0,553,11866395,11866947,5.53,rest,0.0122
20173,8,2,0,0,513,11794371,11794883,5.13,rest,0.0122
6711,18,2,0,0,386,3942589,3942974,3.86,rest,0.0098
6713,18,2,0,0,373,3943469,3943841,3.73,rest,0.0049
5831,17,2,0,0,416,3436703,3437118,4.16,rest,0.0049
